province,Amnat Charoen,Ang Thong,Bangkok,Bueng Kan,Buri Ram,Chachoengsao,Chai Nat,Chaiyaphum,Chanthaburi,Chiang Mai,Chiang Rai,Chon Buri,Chumphon,Kalasin,Kamphaeng Phet,Kanchanaburi,Khon Kaen,Krabi,Lampang,Lamphun,Loei,Lop Buri,Mae Hong Son,Maha Sarakham,Mukdahan,Nakhon Nayok,Nakhon Pathom,Nakhon Phanom,Nakhon Ratchasima,Nakhon Sawan,Nakhon Si Thammarat,Nan,Narathiwat,Nong Bua Lam Phu,Nong Khai,Nonthaburi,Pathum Thani,Pattani,Phang-nga,Phatthalung,Phayao,Phetchabun,Phetchaburi,Phichit,Phitsanulok,Phra Nakhon Si Ayutthaya,Phrae,Phuket,Prachin Buri,Prachuap Khiri Khan,Ranong,Ratchaburi,Rayong,Roi Et,Sa kaeo,Sakon Nakhon,Samut Prakarn,Samut Sakhon,Samut Songkhram,Saraburi,Satun,Si Sa Ket,Sing Buri,Songkhla,Sukhothai,Suphan Buri,Surat Thani,Surin,Tak,Trang,Trat,Ubon Ratchathani,Udon Thani,Uthai Thani,Uttaradit,Yala,Yasothon
Amnat Charoen,1.0,0.09453185255401325,0.07935035670401451,0.6113797712602693,0.6973369061669767,0.46546600588929976,0.09779265356770522,0.6702322590215977,0.5317086882604187,0.5021899323956349,0.43640946969424144,0.41282921080159396,0.09486507298902722,0.6456450475310814,0.48360386062592464,0.10633013931601829,0.8044277260092416,0.08252221427741566,0.5283766540293376,0.5197243511113936,0.5556296335229653,0.08434767239616162,0.5244067985060992,0.6710257852482922,0.5378641031560885,0.5555752415818008,0.07310094768255432,0.7094716872352416,0.6880135525480786,0.32430110593899225,0.16244344245069248,0.5036807349591905,0.11793082374721765,0.666449609690376,0.6535880947584422,0.07752524714483985,0.08620832309914472,0.1423964263498092,0.10397267047575309,0.16832028542531205,0.4658854232130301,0.33277495054612455,0.08927389868842307,0.3336177057696051,0.31605994562902834,0.07955538365911438,0.38911750783139254,0.09455582695101877,0.5340619831102855,0.07691210304212713,0.09275274558668167,0.09029225109086733,0.5448000019263707,0.7292811964731731,0.5173304262837721,0.6728551809567243,0.08273384020843957,0.08034005690909049,0.07692191401445321,0.08871516007647182,0.12915945694244288,0.7848999143172541,0.09452692348326772,0.09479143561714368,0.47030387792509076,0.0847494442838092,0.10135814485321734,0.8045026993716062,0.327876016023618,0.18901783883287854,0.5377899554564044,0.7920863342980424,0.8145545615516195,0.29424316463683164,0.45263116456107183,0.128644400092698,0.7440491559226481
Ang Thong,0.09453185255401325,1.0,0.6700746745826254,0.1123691938874033,0.10269871003910988,0.17105333732656325,0.778167910075704,0.10505874033054646,0.1390527910913913,0.19029222415239316,0.20609356996161643,0.20615869357836383,0.5008177822556928,0.10324884716568775,0.1822258713280338,0.681286714177578,0.09180897392120749,0.5292918356343584,0.17396120754872796,0.18382982795706548,0.1315623727054913,0.7517606258875058,0.18708011167899136,0.10315238606686811,0.14295251176131,0.14142026557965112,0.6979248590057079,0.0916814418360965,0.10201062268260014,0.2762308574870312,0.44853618929778344,0.19822351817694975,0.5073821638197802,0.09095306295945452,0.10198583892888027,0.6785100983587917,0.6789464587231402,0.47927266354299985,0.4946625045403921,0.46600338857229795,0.2010718685683096,0.2858204744032897,0.6897492231704105,0.29482733750965107,0.29581848583786047,0.7121796326692535,0.25907590469770697,0.5086970062916634,0.13677245617823042,0.6027893710776235,0.49044912711051336,0.643913189952865,0.14092326979069497,0.09144460568603432,0.15948739023969252,0.09793271294597253,0.7325973589286716,0.7520683529926038,0.694215057378867,0.7237236130073559,0.4924442454701554,0.0946539932087825,0.8105016932771552,0.5021918325812523,0.20596721624280204,0.7205622611205021,0.49066166359013524,0.09933351650688753,0.26720129405997395,0.4353864893487772,0.14849092756657611,0.08920158291415059,0.0885747567172887,0.3138198341738579,0.2280561384530249,0.49511641389525984,0.10468226010952948
Bangkok,0.07935035670401451,0.6700746745826254,1.0,0.13105577467253954,0.06847223857691502,0.2198582791157569,0.6228619046653088,0.06993988415341672,0.17506573469729297,0.13918754754806772,0.1494893119587751,0.2723929854122229,0.5435702964209694,0.07464967928526481,0.1659433642291926,0.6382393177546603,0.07394832171149923,0.528778819121741,0.14646858535722362,0.1430378502393486,0.17001933070244996,0.7553560711561487,0.13664109438778038,0.11068844958449384,0.16839957623782253,0.18014485591321933,0.7282517962192565,0.07453378553985884,0.06567719511234826,0.3241588566648369,0.39807882062145933,0.12906916994852052,0.4778163201596686,0.09875373161857605,0.07553399518111245,0.8960603472531918,0.6589523941813764,0.4328555924553871,0.4780234324017579,0.41679071920213456,0.1442652260352688,0.34674643117179593,0.6538446497243526,0.3414204260113846,0.3612890856842047,0.8121596112112635,0.30892604948581504,0.5145108155560112,0.16381908339746232,0.6648883243455458,0.49760315070846844,0.7249464134516728,0.13271668360965413,0.0921855259350361,0.20221280743356168,0.09677984914154272,0.7483380808029687,0.713906442212062,0.7937839954332369,0.7741276571206905,0.46089833240470773,0.07446544177206899,0.6395059479986185,0.5450863497710411,0.22246536355312344,0.7692607159198848,0.5227380945385296,0.08211298104034617,0.3164102375008416,0.3785280543203536,0.16741160768282842,0.07867445233156238,0.07524983036202333,0.3769692063122171,0.23782749924602942,0.45565570633886227,0.09475137815669771
Bueng Kan,0.6113797712602693,0.1123691938874033,0.13105577467253954,1.0,0.5369556720027533,0.48395648261190183,0.09941578658907047,0.5312756930646647,0.5107143244421206,0.36987189063858106,0.307018117945396,0.4481381898024488,0.17019910416130773,0.5065405913614571,0.3867008393332343,0.13871984744165167,0.5847781663362438,0.12155995367317791,0.4564038955176961,0.40815249411575216,0.7300503475235189,0.12931360923479915,0.3997567277583843,0.765537396105208,0.6742091908089389,0.5793678912716876,0.12750798337039632,0.5647390228216829,0.5340513189409216,0.4352493703794109,0.13845249522829423,0.3624758791633642,0.11386053897234769,0.7016519224492194,0.5212702980197118,0.12514236294518397,0.0970098416423564,0.1120941762956978,0.12850610863113593,0.1409663982680298,0.32922027302115486,0.4554941928430415,0.11813682616392969,0.4639920257962286,0.4422143450738347,0.1299814961291107,0.4589926664842646,0.15557183884160009,0.5376313444287018,0.14188445030700883,0.1351891649226123,0.147906332064594,0.4309893174421967,0.6648729702158018,0.5300233909048383,0.6743041560261092,0.10888243128520653,0.12186989481078955,0.12058794384835145,0.13591150969864396,0.13622966764810235,0.6080260071691979,0.09693576203338797,0.1892537446815198,0.45127193389050424,0.13479046787576213,0.1764211310564756,0.6298873436270996,0.3907925703784868,0.13921340240037983,0.47821761533976365,0.6381496179987356,0.6074019063832905,0.43950600447516747,0.4266331771042695,0.11575744379460716,0.6809918183886794
Buri Ram,0.6973369061669767,0.10269871003910988,0.06847223857691503,0.5369556720027533,1.0,0.41621251070485343,0.11528622906499793,0.8001585365676733,0.4923249169565588,0.532321048447639,0.482146745537294,0.3594058418263468,0.08282638082721791,0.6767687956633304,0.4834042878796315,0.11032013750283523,0.7300904697492846,0.09298184987614808,0.5234450722353533,0.5371612430440205,0.48336461070522097,0.08034907212856185,0.5477967006410597,0.5873926103774453,0.47223538116791247,0.49545384179303054,0.06874946816785266,0.6726374967880249,0.8368521968907852,0.27430532148665276,0.20017900602747296,0.5586439777850546,0.14403081473988857,0.5893814488463701,0.7277478369106999,0.06876853429572544,0.09170223382131029,0.17836247035303038,0.12280315300343465,0.2043892474834529,0.5084788822021675,0.27391616751151104,0.09491101334963623,0.27518654995543235,0.25375048418465873,0.07244746669901317,0.3394162410643888,0.09914036383797885,0.4879910165644471,0.06556006295363244,0.10320749206833384,0.0767686094568156,0.5456245377862997,0.6188042899011704,0.46834098011119185,0.5955858352843231,0.08230989753716345,0.08140236279827881,0.07239666986492974,0.08148128030423292,0.15503539725904525,0.6914860577263989,0.10907076541792061,0.077019492441188,0.43844037013778564,0.07799192806738729,0.09268184975038402,0.686930151182645,0.2841183915110375,0.23244706873544238,0.514327258849884,0.6678835478232152,0.702556670102598,0.2327983784385806,0.4326767050101372,0.15935581861733933,0.6338695638714257
Chachoengsao,0.46546600588929976,0.17105333732656328,0.2198582791157569,0.48395648261190183,0.41621251070485343,1.0,0.1741513439801276,0.4245910991802352,0.6196377198599475,0.40975686090366464,0.3727642999717634,0.7483446752634888,0.22224250908854054,0.465491467217824,0.4854169344508266,0.17462181560411988,0.4724481745129937,0.22406385799223516,0.4279641122618484,0.4042303559009317,0.4943667738038975,0.18633168196571592,0.3954992508673722,0.48374754510824525,0.5185985094834401,0.6021077269416044,0.19928843565194732,0.5049231855265569,0.4202777608610048,0.4965953422784939,0.1774604049466138,0.3130776895373903,0.17742706216758714,0.5328019505973542,0.4294128983137119,0.22357825454887964,0.24210669124659323,0.18916280024656495,0.22414696308610169,0.1404878331879828,0.3767116304212105,0.46903364911369316,0.22137072026993831,0.443561251823483,0.4765350379706385,0.20425372524294927,0.41332017811693184,0.19887541178156543,0.7585820819539428,0.23905071087507476,0.22891250019589587,0.23626085679866793,0.5646940755395298,0.5241666233711508,0.5564118192607737,0.5171901448528562,0.2150741019395025,0.1713374009180457,0.19807585278883114,0.18930212659439877,0.15912374758084016,0.4680361113038342,0.17926819354166118,0.22631277680156875,0.43893955334582857,0.1872409476257705,0.2067537086730783,0.4396055795828765,0.5712402367222007,0.1579966124682603,0.5469629659361593,0.4928536481206687,0.47735785918390894,0.4180831911197783,0.36016088784762385,0.1777313868223592,0.45476507818928846
Chai Nat,0.09779265356770522,0.778167910075704,0.6228619046653088,0.09941578658907047,0.11528622906499793,0.1741513439801276,1.0,0.12045103059080922,0.12895408093706626,0.22215039967379668,0.24844219163756126,0.19710947345803503,0.4789537411021923,0.12462781451335783,0.19800564824695588,0.645048691688952,0.09976726716490786,0.5358021399187884,0.18292928926560337,0.19953194052916456,0.10887306980274694,0.6754550402727647,0.20996743752592895,0.09506010885594329,0.1358358132885882,0.1204620489513754,0.6602928058567115,0.10676092572460177,0.11798166550472644,0.2692303077640224,0.47562440369358544,0.22796637515679377,0.5165715638529507,0.09267894657349575,0.11411744109529706,0.6334269553033384,0.6869904183451578,0.505581806739597,0.5151797493598146,0.4766024656805388,0.24079226648503219,0.2583001511768861,0.6778984837768693,0.27474531741042796,0.2692208295152384,0.6559793314933349,0.22175671339902475,0.5048406636554786,0.14710219031182165,0.578133093266106,0.4958147809031022,0.6050004994000062,0.1607885399638807,0.09277170193702693,0.13555923328376351,0.10303614428641167,0.6815305954008295,0.6825809488395994,0.6399956653696917,0.6530480419204961,0.49836359806821934,0.10433462119268022,0.8710822829015132,0.4824213453405046,0.18550073539273704,0.6537920211010517,0.47205577778549435,0.10068685178040608,0.26977816795412074,0.4572829631188074,0.1410870613661061,0.09457248868376983,0.09400731303655094,0.2838428616419756,0.20234880908383646,0.5129489748765481,0.1020303639846453
Chaiyaphum,0.6702322590215977,0.10505874033054646,0.06993988415341672,0.5312756930646647,0.8001585365676733,0.4245910991802352,0.12045103059080922,1.0,0.4869341640291438,0.5370549691614861,0.4927631302389934,0.3659500907793045,0.07594030505911226,0.6785126161546482,0.4836163328648034,0.10825181153907676,0.7132361934504289,0.09557081099246771,0.5213862792397491,0.5384519225929121,0.4756485771843731,0.08132464585531395,0.5495871963289487,0.5800052160460892,0.475863064175475,0.48678113100499537,0.07217343336078094,0.6770351621665485,0.7876963776517808,0.284444494119077,0.19860881822219742,0.5567290255522535,0.13992827444775513,0.5895717362770501,0.7261452881172028,0.07153333561798406,0.09986452220190412,0.1767152437872492,0.12692104662378267,0.19575256589981163,0.5131021645688794,0.27826697312890564,0.10128004981933061,0.2798853683812301,0.2570665410746492,0.07476538773387213,0.329488211426271,0.09782459243893095,0.49556196837642885,0.06655116945502466,0.10464457303816968,0.07758572149812715,0.547667334159439,0.6130010136076749,0.4573724571655845,0.5955325807618921,0.085838503635354,0.08139291203887962,0.07203810550734877,0.08123843958404038,0.15026752638024238,0.6786476510980841,0.11321602833420477,0.0729910848316373,0.42805002579161183,0.07784945654422129,0.08518357538438955,0.6609245850298127,0.29729132823348897,0.22541979807599005,0.5072520706782969,0.6620462555185223,0.6873321429636117,0.2323024755496115,0.4160618255268307,0.15650365538130745,0.6196325717828743
Chanthaburi,0.5317086882604187,0.13905279109139132,0.17506573469729297,0.5107143244421206,0.4923249169565588,0.6196377198599475,0.12895408093706626,0.4869341640291438,1.0,0.43692782925095114,0.35458565415708976,0.609183886175314,0.21655596539838362,0.49023512014239556,0.513628712408741,0.17653136275048914,0.5378978645763477,0.17821048035473078,0.4906446875056686,0.4907145774994654,0.5357910594747196,0.14806178785590576,0.4583101779440054,0.5377452001787977,0.4574830486668759,0.7471497673034859,0.13853516724466552,0.5222211909392079,0.4798443263086209,0.3650223071571812,0.17205648096125697,0.38508345888541146,0.1932199135675814,0.5420547337038513,0.5214575172464103,0.17412801400792527,0.1673233231009657,0.18238926083199508,0.16337693601117392,0.20006723966040507,0.378761942825586,0.4129213648211326,0.17394759466944304,0.34886544586358875,0.3977561967606945,0.15452872293825087,0.4998080157440734,0.17349699325292484,0.6209277219194915,0.18926182157502686,0.19252062334886583,0.1928106181774703,0.6205505961116844,0.5450174133476249,0.7752158514724516,0.5075503691218575,0.17175999707343134,0.1454412280185119,0.17394910272649144,0.15651933492527162,0.18500992398686184,0.5042228970472508,0.13735189581624097,0.18460085480388017,0.5458074992188069,0.15210486815767454,0.20434161650948757,0.5148882581158523,0.4074159056631609,0.20439693710907975,0.7758175026201111,0.5363316100499587,0.5482081922719609,0.35450837832566395,0.53467417376985,0.18000847954342325,0.5072838313464489
Chiang Mai,0.5021899323956349,0.19029222415239316,0.13918754754806772,0.36987189063858106,0.532321048447639,0.40975686090366464,0.22215039967379668,0.5370549691614861,0.43692782925095114,1.0,0.6091337703447994,0.35295124177712867,0.12820712278018892,0.5598073189378506,0.6757209460429882,0.14893573478765745,0.5238417076565375,0.2007832306432098,0.6458958112027446,0.7089466528468465,0.3174443767532203,0.14860125709935726,0.7799224594461971,0.41460019726933217,0.3415784369901355,0.38974652482971306,0.14025421439694413,0.5402261044690341,0.5374832321818404,0.31862479142462463,0.30730024767090675,0.6539865301242898,0.25456763205397454,0.44484149387573363,0.530733167806549,0.14665597458270802,0.2136923796929135,0.31090057764836965,0.2351162342282933,0.290986717817112,0.6670041208930093,0.28379564348506214,0.16724128961245704,0.2766170485781876,0.2675078343348649,0.14345431662530428,0.3336799768131608,0.16358500679378146,0.4592397060844433,0.11075005136003839,0.19418822715748885,0.1219144058700701,0.5859889596387493,0.47455707250477974,0.373794003875767,0.45734568692309874,0.17733408866753325,0.14886466353651262,0.1432458100600258,0.14426232025150793,0.23909789207582566,0.5082871328127861,0.2165646053877933,0.11225737388024339,0.4986913533668801,0.13984490243349357,0.13006504268935465,0.4795943010788344,0.38488036296963457,0.3357219379068894,0.4720805380720734,0.49617112091104976,0.5087538202341045,0.21366164233060858,0.44762208278955323,0.2765231265500695,0.4525035457480424
Chiang Rai,0.43640946969424144,0.20609356996161643,0.1494893119587751,0.307018117945396,0.482146745537294,0.3727642999717634,0.24844219163756126,0.4927631302389934,0.35458565415708976,0.6091337703447994,1.0,0.31333713559373705,0.12593247225933477,0.531910431909708,0.5324226461883793,0.16056651238071,0.46100437033971764,0.22057830343503004,0.49669642316965845,0.534707925141306,0.2493298521285489,0.1610184243507047,0.5675124781389802,0.3459962133965839,0.3041437065752007,0.30216913861006567,0.16228248046021787,0.49334170093445784,0.4952768800705034,0.26971079035942647,0.3328608436565092,0.5945612939092109,0.26202126393979464,0.3884212525503092,0.47617529413167026,0.1594066408775736,0.241663400948295,0.33196425658606327,0.26769301369829573,0.2897178691651881,0.7007211913702343,0.20464872012087926,0.19460862060826925,0.21645676260933855,0.19900555245128024,0.1578686704813369,0.21489696387510882,0.1770154468943312,0.4144897252317424,0.13354129814361054,0.21522107420298045,0.13704756420262892,0.5191024282363562,0.4132976551226313,0.2839878527977323,0.4084509054419963,0.191479692202074,0.16195968645278233,0.15179458517251715,0.1523996381536611,0.24494734990901293,0.4549237123919022,0.23981735932400858,0.11904910645169714,0.35957763560782613,0.15007539211559995,0.13042177273228808,0.4137910405083898,0.34195794756317066,0.34446565876837365,0.38403109730554097,0.43434175482408477,0.44234542782047903,0.15518488751334128,0.31645201196479505,0.29183447477826874,0.38805274691976777
Chon Buri,0.41282921080159396,0.20615869357836383,0.2723929854122229,0.4481381898024488,0.3594058418263468,0.7483446752634888,0.19710947345803503,0.3659500907793045,0.609183886175314,0.35295124177712867,0.31333713559373705,1.0,0.27112038973917296,0.40050540667311035,0.45081819638632104,0.21411442691103272,0.41774573342875665,0.2511059495209399,0.387189448897724,0.36659376741780636,0.4796202460060177,0.23026678531080025,0.3463981823619127,0.44119939820173737,0.47567541060632956,0.5893779981214402,0.2383948840035982,0.43972841843204713,0.35757805557020184,0.48564763674595224,0.16734803275801027,0.25834733535335264,0.1991591976399833,0.47408746169705085,0.3804825297937112,0.2748242099578446,0.27722537084069354,0.18947405342782683,0.23078763265191077,0.15033833159117554,0.3155487335572637,0.49195863964903774,0.2572523909428623,0.44496955833061286,0.5002082811914518,0.250074855831135,0.4519227319351111,0.22652706767748884,0.6374350053539074,0.2850523267484163,0.2537212983363162,0.2859036264034851,0.5151816680896679,0.4681169526136587,0.5687038234058631,0.4527312177189303,0.2624280446027032,0.2136975922239563,0.2502459676534189,0.23662268513923962,0.17746290502895565,0.4040529480620358,0.20782091179741957,0.2660363132331205,0.45055081250892115,0.23331543112763833,0.24842601498732253,0.38766260456483925,0.5591553170486716,0.1537860381432892,0.5422350776309461,0.43435706933762486,0.423934805018977,0.4418029465501651,0.3847274317184176,0.1874216682088896,0.4040735298588798
Chumphon,0.09486507298902722,0.5008177822556928,0.5435702964209694,0.17019910416130773,0.08282638082721791,0.22224250908854054,0.4789537411021923,0.07594030505911226,0.21655596539838362,0.12820712278018892,0.12593247225933474,0.27112038973917296,1.0,0.07266873410980212,0.17555344335622022,0.5354697613577384,0.08654126799658787,0.6389684294701452,0.15589399364092002,0.14437826186126723,0.2215800003821533,0.5356781089500586,0.12713479702156388,0.14284628042221925,0.18581790564945697,0.21511002710206598,0.5505947236133297,0.07909650797220345,0.08011555186210115,0.36605518789578884,0.49897137239801137,0.12586738910328985,0.587687469757083,0.12893836813706383,0.09334755286092228,0.53863785798221,0.4815618422651054,0.5202542310771322,0.5786201153047287,0.524998322583965,0.1293297510312776,0.3846107717306977,0.5179350084923482,0.3721313683157035,0.3984723699922237,0.5387901388228178,0.3629925891154066,0.6831364894080847,0.16979682374472624,0.5889521049224549,0.6467826182995542,0.548265095177808,0.13684377587099122,0.10695547653195023,0.2529795739002247,0.11448765566894446,0.5160596226833665,0.5534220232221861,0.5614362707499659,0.5336263358812764,0.5870412373233608,0.08923912098163796,0.48639344283600094,0.7280251852724211,0.25258586125313015,0.5431085681372464,0.8184355273477135,0.10588769796172204,0.3253342753415118,0.47754771910984223,0.1978948300597376,0.09666702758467181,0.09647788820092743,0.43827479846500034,0.28656278908174254,0.5571579657523962,0.11363424332121222
Kalasin,0.6456450475310814,0.10324884716568775,0.07464967928526481,0.5065405913614571,0.6767687956633304,0.465491467217824,0.12462781451335783,0.6785126161546482,0.49023512014239556,0.5598073189378506,0.531910431909708,0.40050540667311035,0.07266873410980211,1.0,0.5088105371138048,0.09678959029402084,0.6768942582141393,0.10030772808191152,0.5194947550820762,0.5303668460510211,0.452495341430979,0.07949276966212512,0.5517524418784253,0.5505795155167803,0.47280795951753274,0.4771245192724556,0.07392560732400275,0.7233630010914103,0.7008486975078592,0.2978666744519958,0.19756267151976503,0.5544804281446373,0.13484871243149518,0.5832531820053621,0.6507915070032361,0.07749427047069263,0.11913525990785528,0.18316732127305574,0.13642249689435623,0.17828947840404422,0.5565005958432607,0.270141855263357,0.10116850583660296,0.27706911880090146,0.258847655804771,0.07677461826122137,0.30710367057950905,0.08979183785726465,0.5302994269090041,0.07035780954066569,0.10689411643444001,0.08059341479542698,0.5830367357218452,0.6127768745741814,0.44329568204296826,0.5970617598880651,0.09249053887458418,0.07616220266406519,0.07199244340334271,0.07941210203140073,0.134166349871999,0.6656265962947464,0.11789732854887866,0.0712465615300863,0.41736378533380897,0.07569819576769896,0.07811398022462337,0.6155353676280085,0.3362830766456672,0.21782067767631957,0.5027994142201746,0.6402058895676525,0.6512095832212268,0.22518712794344847,0.3870877900854339,0.15532889628173124,0.5874557307616554
Kamphaeng Phet,0.48360386062592464,0.1822258713280338,0.1659433642291926,0.3867008393332343,0.4834042878796315,0.4854169344508266,0.19800564824695588,0.4836163328648034,0.513628712408741,0.6757209460429882,0.5324226461883793,0.45081819638632104,0.17555344335622022,0.5088105371138048,1.0,0.14185272750844674,0.496329819006479,0.22242652071638908,0.7235771741782355,0.7277099622452876,0.35720051805347397,0.15798343634087758,0.6998842881044596,0.41784474611122546,0.3602746827269371,0.47058771750079875,0.14945946404654809,0.509873193617253,0.483167453527163,0.40254609158176846,0.27827936858563423,0.546820897061555,0.2624223359807673,0.443307398360754,0.48603935526930975,0.1719737436668466,0.22032166301957373,0.29561646726666496,0.23459560454649508,0.27556521571178794,0.5650995795195669,0.3934120776001956,0.166040246011664,0.3580681488992107,0.37796942808358985,0.15915228737025885,0.44962232561078563,0.1827793088817688,0.5037613198079541,0.13581578698006885,0.21571571076431367,0.14547010452950648,0.5883832942552131,0.4761796951105861,0.45645646735391254,0.44742303830724517,0.1938081761498328,0.1527462696532766,0.16375079887614674,0.15826101713702695,0.23974832686610031,0.4757182458290192,0.20195075331775347,0.15227088848671327,0.6340810302195069,0.15276257872735766,0.1675686205570963,0.4549526306140149,0.48346156307360877,0.3066772242640779,0.5298357138983242,0.4781748925815261,0.4870135753839826,0.3055702178360128,0.5357388183309164,0.27101092921285663,0.44027233993263054
Kanchanaburi,0.10633013931601829,0.681286714177578,0.6382393177546603,0.13871984744165167,0.11032013750283523,0.17462181560411988,0.645048691688952,0.10825181153907676,0.17653136275048914,0.14893573478765745,0.16056651238071,0.21411442691103272,0.5354697613577384,0.09678959029402084,0.14185272750844674,1.0,0.10128161263069035,0.5295915838806033,0.14210699598359228,0.15381855335349903,0.1723291472006474,0.6804516610512337,0.15109728869980152,0.13039941008129052,0.15425868595203554,0.18174888203972472,0.6511554828909446,0.08956702592082638,0.10612238911236105,0.25628528345141866,0.4461793471835933,0.1732118729471659,0.5144215432073016,0.10874798828826757,0.11583741023983712,0.6365801755750535,0.5953756194042079,0.47063274133007676,0.4887248228426928,0.48106423087183203,0.1602306552812825,0.282075005869056,0.703948878976333,0.28330811177672055,0.2901533255732349,0.6571213204610827,0.2776415398525805,0.5294269223942577,0.14220494201390266,0.644212374471838,0.502802387137848,0.6804809363582977,0.14204038017356813,0.10074638472919001,0.20962035272673682,0.1058488987081681,0.647202054083151,0.7087850360198414,0.6762978278974496,0.6729752711861283,0.5087927977496357,0.10128637630010098,0.651660151176995,0.5270563431191316,0.19655675993226857,0.676863694329418,0.5280577190613697,0.11768284039219111,0.22918139711452923,0.440693157476878,0.18176559770082262,0.10052108976472254,0.10343481000300009,0.32333736020841625,0.24528696254890664,0.4949135529444668,0.12082774451558664
Khon Kaen,0.8044277260092416,0.09180897392120749,0.07394832171149923,0.5847781663362438,0.7300904697492846,0.4724481745129937,0.09976726716490786,0.7132361934504289,0.5378978645763477,0.5238417076565375,0.46100437033971764,0.41774573342875665,0.08654126799658787,0.6768942582141393,0.496329819006479,0.10128161263069035,1.0,0.08498102272502192,0.5332526633349888,0.5356254984467925,0.5328507772282534,0.07766670603428417,0.5413502007942341,0.6434651880860979,0.5188559115809128,0.5456589378248821,0.06742983629182339,0.7442292640184358,0.7160323185248999,0.3159516954341305,0.16755967735938482,0.5223717916633712,0.12084467999377894,0.6537954906596007,0.7000033399063312,0.07367639190204092,0.09085439120744679,0.1494439643290028,0.10850364966760609,0.16980756572837008,0.48848384175396065,0.3196421984925169,0.0905576661683529,0.3155627045714719,0.3011389561025972,0.073714437800697,0.37569363398740624,0.09054710114627548,0.539848268172804,0.07133123367082952,0.09516835612471326,0.0837810441830831,0.5707279566413925,0.6977852849811716,0.5126578531934176,0.6532956271609298,0.08184270291223095,0.07460046682100538,0.07238294232297904,0.08089119486073178,0.12925803616923326,0.7623722007818166,0.09550092469136681,0.08308982313665887,0.46398735654395024,0.07682768305193435,0.09208503785044761,0.743003445555725,0.32960189648568655,0.19458070702603558,0.5490292887604157,0.7732110996762043,0.8606923132989541,0.2738944308775635,0.4466350552719699,0.13260559637717195,0.6867681637299059
Krabi,0.08252221427741566,0.5292918356343584,0.528778819121741,0.12155995367317791,0.09298184987614808,0.22406385799223516,0.5358021399187884,0.09557081099246771,0.17821048035473078,0.2007832306432098,0.22057830343503004,0.2511059495209399,0.6389684294701452,0.10030772808191152,0.22242652071638908,0.5295915838806033,0.08498102272502192,1.0,0.17852049764617367,0.18640543236790502,0.1485914107910153,0.5351875628342809,0.1818774838517187,0.10210462989749573,0.15780575913827394,0.1557883424641951,0.561164264111744,0.09594955020414647,0.0977219308257837,0.3647250377606843,0.6097177670603761,0.18561101293753138,0.697639573623165,0.11010622253295284,0.09862652234775188,0.5331482866537911,0.5305420306814373,0.646999786673065,0.7523617223929521,0.5892121753261028,0.21193464632939144,0.3368464555992383,0.5530932885070476,0.34045105562468797,0.352285488498271,0.5369469927191315,0.2788222374575686,0.7381535705365606,0.18005951451079016,0.5688868257063439,0.7805880763714426,0.5284482803698847,0.16864142080534641,0.09256570042780582,0.18396045800652505,0.10713965888443236,0.5318446283468412,0.5547256319891687,0.5462010039154381,0.5218554238163902,0.6703064171670983,0.091016985382113,0.5375327802783554,0.624484168879774,0.2154479251846993,0.5322407003847037,0.638448959929758,0.08694431092653154,0.3488519710432,0.5602143434415388,0.1673187223874492,0.08955030428433158,0.08744064711165311,0.3776428589234008,0.22758320671642635,0.6806233144248175,0.08934838014786395
Lampang,0.5283766540293376,0.17396120754872796,0.14646858535722362,0.4564038955176961,0.5234450722353533,0.4279641122618484,0.18292928926560337,0.5213862792397491,0.4906446875056686,0.6458958112027446,0.49669642316965845,0.387189448897724,0.15589399364092005,0.5194947550820762,0.7235771741782355,0.14210699598359228,0.5332526633349888,0.17852049764617367,1.0,0.7526848270406994,0.42211134196972977,0.15150288438865156,0.7120089032546639,0.48815226121865446,0.41131830984227175,0.48605951855383966,0.13575150803242264,0.5266216283904408,0.5201109425770544,0.4276051034792873,0.24479975640728913,0.566062307240342,0.22247994300923343,0.4929763016324364,0.5211365858673688,0.14823350816229192,0.17537467798661066,0.2470159401152645,0.19024443703986044,0.2583070339203758,0.5377558597201133,0.44046899432248876,0.13710710035516155,0.4153599863106878,0.4112015260319829,0.14617644690596182,0.5176622522093812,0.16394422142678855,0.4779109309005469,0.10615248112150011,0.17177143165948083,0.12477829730178962,0.5265729184839772,0.5144815562669712,0.4627956647322261,0.4938417380301668,0.16508309184940295,0.14775812653282938,0.1470343747187373,0.15397329573102397,0.21711192035531296,0.5208065498620501,0.18140654202766004,0.1426927139748278,0.6876081075235746,0.14831194633149652,0.1551587359566015,0.5171735147469934,0.4524401924341849,0.2772811192049266,0.5079800202234728,0.5235875309892327,0.530084480570967,0.35334747095933383,0.5907634833090255,0.23043307769661592,0.5056712373963951
Lamphun,0.5197243511113936,0.18382982795706548,0.1430378502393486,0.40815249411575216,0.5371612430440205,0.4042303559009317,0.19953194052916456,0.5384519225929121,0.4907145774994654,0.7089466528468465,0.534707925141306,0.36659376741780636,0.14437826186126723,0.5303668460510211,0.7277099622452876,0.15381855335349903,0.5356254984467925,0.18640543236790502,0.7526848270406994,1.0,0.36963043584646055,0.1498233793189557,0.8218916053172367,0.45228160847613436,0.35312968224318153,0.4568917227130064,0.13214376287669377,0.5265376394497456,0.5314285971744339,0.33707261813281286,0.2742887045176844,0.6122625050653974,0.24918996697537332,0.45889053132395063,0.5426134992195562,0.14756330012855196,0.18945436962456924,0.27972003874762863,0.20123687028202225,0.29196653436976006,0.5742108056959774,0.3487864023143298,0.15512872296453972,0.31646779274497805,0.3197585299447284,0.1427361922197009,0.4414197440815407,0.16186918180855908,0.44817061831186616,0.106456068317589,0.18099732818308384,0.12356112769071764,0.5689128316134311,0.48858308764944125,0.4501113086026952,0.4596904737583515,0.17412715783140664,0.1503363033682738,0.14978930705473148,0.14989596097025903,0.24011066583784474,0.5090031376584476,0.1984616968304313,0.11871214088552179,0.6159178209072231,0.14386935474564405,0.14358208068673103,0.503830560943329,0.38326918125489684,0.31814631830598067,0.5313524521436549,0.5098692968415917,0.5271532779738182,0.2635954846914555,0.5676195631629497,0.25819323183611614,0.4790910276605835
Loei,0.5556296335229653,0.1315623727054913,0.17001933070244996,0.7300503475235189,0.48336461070522097,0.4943667738038975,0.10887306980274694,0.4756485771843731,0.5357910594747196,0.3174443767532203,0.2493298521285489,0.4796202460060177,0.2215800003821533,0.452495341430979,0.35720051805347397,0.1723291472006474,0.5328507772282534,0.1485914107910153,0.42211134196972977,0.36963043584646055,1.0,0.1596868791633489,0.3511120179520796,0.6797693057661469,0.6346314985727561,0.6075259638101443,0.1565281536856156,0.5080356600751491,0.4759917539602529,0.4480775167435298,0.13136379719116886,0.3071022344515063,0.1318606204386022,0.6337913312943977,0.48097017799843156,0.16220794493966875,0.11669983253832762,0.11182538239856149,0.1401267422585769,0.14772755989479086,0.2731637666215739,0.491484855166908,0.14546196855634316,0.48311124293095276,0.47915045682750146,0.16277543986626763,0.5060395748702272,0.18698878983193662,0.5272447605699239,0.18559092229728447,0.1638411716433848,0.1902975793443409,0.40944299375553433,0.6000334043917817,0.572319621465633,0.5977889203167149,0.13911168998351703,0.15261267112810262,0.16003884189873036,0.1692190988828266,0.15272641705225798,0.5422800797882237,0.1098822754727336,0.2337644204683364,0.4613937826601009,0.16809651857497873,0.2230384852895656,0.5706634289641658,0.3981577565239719,0.13408455564809602,0.4942456802205981,0.5745620685606856,0.5562156801964848,0.48125925434113,0.4493258057704896,0.12381678269724623,0.6040765884362959
Lop Buri,0.08434767239616162,0.7517606258875058,0.7553560711561487,0.12931360923479912,0.08034907212856185,0.18633168196571592,0.6754550402727646,0.08132464585531395,0.14806178785590574,0.14860125709935726,0.1610184243507047,0.23026678531080025,0.5356781089500586,0.07949276966212512,0.15798343634087758,0.6804516610512337,0.07766670603428416,0.5351875628342809,0.15150288438865156,0.1498233793189557,0.1596868791633489,1.0,0.147902506451436,0.11110038124106393,0.16400835042613715,0.1594732453251767,0.7789025675027255,0.0762159148960296,0.07875474690996469,0.308208175831212,0.4258216667851991,0.1518360269351747,0.4952565355557324,0.09610811296597835,0.08100138863327486,0.7541712667649978,0.6579147408938866,0.4549135995890255,0.4914037603498278,0.4448016534440798,0.15654523675486107,0.3256573597274916,0.6788995740500983,0.33159578049441396,0.3382337351195922,0.846664512760093,0.289240488592841,0.5255165466319788,0.14318871705143427,0.6481023352373634,0.5010755217718967,0.7006562848560522,0.11900842963977101,0.09073223906562689,0.17775958735428826,0.09868555019100883,0.7469260437108125,0.8268216980613197,0.7745576539878227,0.8748556398420706,0.4836481866430013,0.08253465828688189,0.6921392971844117,0.5419782521329901,0.20920940324300785,0.8944232759228625,0.5222655064835119,0.09094113668426693,0.2888682931817141,0.40672756920987524,0.14628147461911126,0.08190890268533732,0.0781189934143254,0.3612129685903921,0.229933379386122,0.4774284374720711,0.10240826786120878
Mae Hong Son,0.5244067985060992,0.18708011167899136,0.13664109438778038,0.3997567277583843,0.5477967006410597,0.3954992508673722,0.20996743752592895,0.5495871963289487,0.4583101779440054,0.7799224594461971,0.5675124781389802,0.3463981823619127,0.12713479702156388,0.5517524418784253,0.6998842881044596,0.15109728869980152,0.5413502007942341,0.1818774838517187,0.7120089032546639,0.8218916053172367,0.3511120179520796,0.147902506451436,1.0,0.4455452572322922,0.35427023075624625,0.42447804857486965,0.13267317897745562,0.541189603899415,0.5468427008821276,0.32327719971869506,0.2849129577662949,0.6454859763419917,0.24371540381055262,0.46026338057932664,0.5464301413319312,0.14205906276987387,0.1947014112071376,0.28711921472215396,0.2070383618449872,0.2888995111543183,0.6137628699084787,0.3145999083664106,0.15606148618012403,0.29827374811826163,0.29051770804534083,0.14011621235794883,0.3900026915516335,0.15437155336566843,0.44838982956398366,0.1008591210956479,0.17510823841112003,0.11786472284638631,0.5708307289693337,0.4916963518001732,0.4103689207723229,0.4684570113992219,0.1712286575064322,0.14813010286811432,0.14247606305577326,0.1461262353943474,0.23392510135525368,0.5214690599085279,0.20603188609224693,0.10793280163156158,0.5600409085244081,0.14056746506920045,0.1289470267507006,0.5068536779871284,0.37322035148911037,0.32331078458381335,0.4985691875571485,0.5146810159049501,0.5295782562625085,0.23773797484531667,0.5131936505561518,0.2597212539903467,0.4809345479443454
Maha Sarakham,0.6710257852482922,0.10315238606686811,0.11068844958449384,0.765537396105208,0.5873926103774453,0.48374754510824525,0.0950601088559433,0.5800052160460892,0.5377452001787977,0.41460019726933217,0.3459962133965839,0.44119939820173737,0.14284628042221928,0.5505795155167803,0.41784474611122546,0.13039941008129052,0.6434651880860979,0.10210462989749573,0.48815226121865446,0.45228160847613436,0.6797693057661469,0.11110038124106394,0.4455452572322922,1.0,0.6232681309746794,0.5924051510148,0.10459850905699002,0.608646171761505,0.5813991963015375,0.3962264973345434,0.13908113857963678,0.41236655709594705,0.10967757984042839,0.7480965026474043,0.575876875947463,0.10575545669759276,0.08753344154101675,0.11437571622630609,0.11236660051551925,0.1470842446443525,0.372207118125647,0.41832052936624614,0.10694475896393801,0.41978994956008214,0.4006465341943178,0.10951963698730025,0.44893844441500497,0.13080935996355408,0.5473173632905258,0.1176721466537598,0.11540415542866242,0.12735050460133188,0.47709492873198195,0.7133896979398104,0.5480741456942377,0.7008808507852492,0.0963110354684839,0.10576636427678199,0.10423961618271635,0.11750280307315705,0.12955823313543308,0.658920416225785,0.09154847686241002,0.15331711897732375,0.46546654877795957,0.11522837973980782,0.14910281456538105,0.69646003774474,0.36470336504867734,0.1511835412699604,0.5177492917504692,0.7028835015007774,0.6733867166266257,0.3915305680057588,0.44969623697100736,0.11314357987212458,0.7443826679492507
Mukdahan,0.5378641031560885,0.14295251176131,0.16839957623782253,0.6742091908089389,0.47223538116791247,0.5185985094834401,0.1358358132885882,0.475863064175475,0.4574830486668759,0.3415784369901355,0.3041437065752007,0.47567541060632956,0.18581790564945697,0.47280795951753274,0.3602746827269371,0.15425868595203554,0.5188559115809128,0.15780575913827394,0.41131830984227175,0.35312968224318153,0.6346314985727561,0.16400835042613715,0.35427023075624625,0.6232681309746794,1.0,0.5288939303759274,0.17455534948252477,0.5314006452856037,0.47909479967741697,0.5012691170812246,0.1497263435743387,0.3111747765016289,0.11686405342701486,0.6464109411979517,0.45041838146358654,0.16485844193932675,0.14760932067595417,0.124133676605611,0.1710520710270193,0.11924240703683212,0.31388774034528555,0.48384078518640705,0.15949590020215657,0.5161062682903671,0.4828082480544026,0.17051104844415682,0.4129445595256829,0.18237571716628093,0.5632367145143719,0.18464440179425923,0.16628794811183445,0.18668429747435158,0.3962274789307041,0.6100551455498953,0.4622157650013765,0.6489945202055291,0.14484975544382722,0.15047518210361122,0.14752380213369412,0.16738025697611497,0.1346528236891627,0.5551000604606915,0.13189118609673464,0.2245364781709504,0.392249603996518,0.16783723273931597,0.19049679272697362,0.5436741464752424,0.46158781977242547,0.12203723820155754,0.40659555916541745,0.5732967533065854,0.5333508475721526,0.47744121171207327,0.3357259253851671,0.12485220274446637,0.5902217764053832
Nakhon Nayok,0.5555752415818008,0.14142026557965112,0.18014485591321933,0.5793678912716876,0.49545384179303054,0.6021077269416044,0.1204620489513754,0.48678113100499537,0.7471497673034859,0.38974652482971306,0.30216913861006567,0.5893779981214402,0.21511002710206598,0.4771245192724556,0.47058771750079875,0.18174888203972472,0.5456589378248821,0.1557883424641951,0.48605951855383966,0.4568917227130064,0.6075259638101443,0.1594732453251767,0.42447804857486965,0.5924051510148,0.5288939303759274,1.0,0.14909390745672785,0.5250208975778129,0.48361780924673325,0.4096289262050549,0.1419733876705086,0.3498886604875776,0.16167883063627253,0.5812421591787065,0.5056012599233491,0.17595115117124993,0.1488883450056504,0.14176836003550014,0.13822928492375053,0.17279372713204358,0.3271166372723189,0.47074913391632467,0.16847802747098453,0.42195590968134467,0.4548982818760615,0.16394912525467648,0.540270239098444,0.16985757926812134,0.6220582959984544,0.1933516365368098,0.1690798702747462,0.20163630215707962,0.5426347087065337,0.5828416198779873,0.78263997230886,0.551121344145439,0.1656683946471877,0.1526448430019329,0.1740517570003219,0.1696972589371355,0.16551780057257537,0.5285297620602855,0.1292161904534725,0.20009502461757175,0.5591534764904544,0.16557657465954825,0.20674603525081575,0.547039275463348,0.4145274010967839,0.16623065456271563,0.6688312711097145,0.5622963222134226,0.5607734917196937,0.4228129924904214,0.5357697145772906,0.14781244050881034,0.5579740109427616
Nakhon Pathom,0.07310094768255432,0.6979248590057079,0.7282517962192565,0.12750798337039632,0.06874946816785266,0.19928843565194732,0.6602928058567115,0.07217343336078094,0.13853516724466552,0.14025421439694413,0.16228248046021787,0.2383948840035982,0.5505947236133297,0.07392560732400275,0.14945946404654809,0.6511554828909446,0.06742983629182339,0.561164264111744,0.13575150803242264,0.13214376287669377,0.1565281536856156,0.7789025675027255,0.13267317897745562,0.10459850905699002,0.17455534948252477,0.14909390745672785,1.0,0.07303778799782026,0.07031438672105395,0.3323093080006907,0.4447919542796962,0.1370956494038809,0.5054691480507805,0.09750255193466209,0.0679243800697317,0.7337823348736546,0.6582643837004256,0.47013837600379493,0.5230293867133337,0.4467381669966575,0.15316315569302907,0.33311332848782216,0.680865424702882,0.34623644411893817,0.3492030266152255,0.801317499942704,0.2714151946939413,0.551012884807581,0.15532063602079155,0.6768158225784081,0.5296504408552671,0.6957720684056872,0.11314995047383634,0.08691187494725593,0.1628192931838735,0.10098389738373786,0.7051045916101503,0.7586299236487737,0.7233265072222469,0.7430794421472624,0.4949151069173947,0.07712850599424821,0.6694616779378815,0.5676862108144104,0.18594607287099002,0.7686319432973865,0.5393194432058215,0.07953712231115881,0.3112945897029422,0.4124364466106919,0.12902741955191627,0.07615953172334382,0.0684344726859783,0.3743205035141385,0.19838623035842834,0.4915719992324228,0.09365379290276712
Nakhon Phanom,0.7094716872352416,0.0916814418360965,0.07453378553985884,0.5647390228216829,0.6726374967880249,0.5049231855265569,0.10676092572460177,0.6770351621665485,0.5222211909392079,0.5402261044690341,0.49334170093445784,0.43972841843204713,0.07909650797220345,0.7233630010914103,0.509873193617253,0.08956702592082638,0.7442292640184358,0.09594955020414647,0.5266216283904408,0.5265376394497456,0.5080356600751491,0.0762159148960296,0.541189603899415,0.608646171761505,0.5314006452856037,0.5250208975778129,0.07303778799782026,1.0,0.6884077726344112,0.3408911930839271,0.17707733585925683,0.5176814399612463,0.11949616517111404,0.6531305338267118,0.6427892859557447,0.07639624398404396,0.10738829719291672,0.1600528278911567,0.1275861122497261,0.15743848374149627,0.5155843374110842,0.3188576965825066,0.0959132016562232,0.3253101670267271,0.3070342890008473,0.07554369710924137,0.3416328144804238,0.09165818719180319,0.571820953725231,0.07491889650135439,0.10426182544403083,0.08390971235275878,0.5854409738012989,0.6989433198343173,0.48102727693253267,0.6719254828878631,0.08534050681960342,0.07029514902127876,0.06786589289951264,0.07716039698275345,0.1226988829079339,0.7476185605449734,0.10159261306550349,0.08339142094230828,0.4392669759431084,0.07378789218659695,0.08394421620671526,0.6632285270772338,0.3692967150303922,0.19099701851847128,0.5229887854293884,0.7312310510006717,0.7188945706167622,0.27325243600619625,0.3996459502629675,0.1372100055232126,0.6461408741745238
Nakhon Ratchasima,0.6880135525480786,0.10201062268260014,0.06567719511234826,0.5340513189409216,0.8368521968907852,0.4202777608610048,0.11798166550472644,0.7876963776517808,0.4798443263086209,0.5374832321818404,0.4952768800705034,0.35757805557020184,0.08011555186210115,0.7008486975078592,0.483167453527163,0.10612238911236105,0.7160323185248999,0.0977219308257837,0.5201109425770544,0.5314285971744339,0.4759917539602529,0.07875474690996469,0.5468427008821276,0.5813991963015375,0.47909479967741697,0.48361780924673325,0.07031438672105395,0.6884077726344112,1.0,0.2828016982800362,0.20904225861942452,0.560913308379753,0.14528163091558946,0.5924075792331099,0.6935367556705012,0.06654688281931775,0.09422158134179828,0.1854173358610665,0.13271930625243872,0.20387993706223248,0.5203046815773548,0.2706135322973785,0.09515030082636813,0.2792468317995212,0.25296284792363366,0.07137025249751491,0.3227454957785398,0.10222021235724357,0.4950976258680505,0.06535873525279118,0.10779545704085294,0.07436316517561445,0.543983821490417,0.6210613717498283,0.4512227240516538,0.604682187841594,0.08018288327096337,0.07950305507300133,0.06836809357626158,0.0786472046184991,0.1559531793985176,0.7044971751560989,0.11059434185582775,0.07870220779145398,0.42407975577031654,0.07580653873208973,0.09125676515571127,0.6753006181078787,0.29372064354686084,0.23565412743874284,0.4978720972820845,0.667981760216739,0.6894207967647796,0.2323979843399195,0.4112371295983089,0.16404077630215724,0.6305330219907845
Nakhon Sawan,0.32430110593899225,0.2762308574870312,0.3241588566648369,0.4352493703794109,0.27430532148665276,0.4965953422784939,0.2692303077640224,0.284444494119077,0.3650223071571812,0.31862479142462463,0.26971079035942647,0.48564763674595224,0.36605518789578884,0.2978666744519958,0.40254609158176846,0.25628528345141866,0.3159516954341305,0.3647250377606843,0.4276051034792873,0.33707261813281286,0.4480775167435298,0.308208175831212,0.3232771997186951,0.3962264973345434,0.5012691170812246,0.4096289262050549,0.3323093080006907,0.3408911930839271,0.2828016982800362,1.0,0.2723411321969891,0.23429294417171975,0.2809594323388832,0.42115536518115804,0.2684728447450715,0.32363065385584644,0.3069291909326076,0.2715151125481951,0.3579953290087777,0.2275817072944734,0.27521094081941233,0.7294568656315474,0.2890431837223092,0.7762627860995663,0.747432883558334,0.3231883350113944,0.5220711617207591,0.36539832735094036,0.4840722670954374,0.33018608396361643,0.35819155843355943,0.31891214766372955,0.29410075624060567,0.38910660914095646,0.3655890846737001,0.4156214423803619,0.29814642140910996,0.2947124721616219,0.30033807035524673,0.30788414040938566,0.2812624955352936,0.34136347692285374,0.2684490235652732,0.4047585594373465,0.4503976083301825,0.31136413356549103,0.36041115787544437,0.3249103445018315,0.7257111694862303,0.21650056260603595,0.3001162569925028,0.3575964958740562,0.3269191463775417,0.6856544121565649,0.34776971637285004,0.28061597738185906,0.3602184605072756
Nakhon Si Thammarat,0.16244344245069248,0.44853618929778344,0.39807882062145933,0.13845249522829423,0.20017900602747296,0.1774604049466138,0.47562440369358544,0.19860881822219742,0.17205648096125697,0.30730024767090675,0.3328608436565092,0.16734803275801027,0.49897137239801137,0.19756267151976503,0.27827936858563423,0.4461793471835933,0.16755967735938482,0.6097177670603761,0.24479975640728913,0.2742887045176844,0.13136379719116886,0.4258216667851991,0.2849129577662949,0.13908113857963678,0.1497263435743387,0.1419733876705086,0.4447919542796962,0.17707733585925683,0.20904225861942452,0.2723411321969891,1.0,0.32295452384473655,0.6812850161251153,0.14986985863707417,0.19134853442764033,0.403089759367822,0.42821644043766394,0.7664816511816859,0.6635924520338317,0.6889793677078204,0.32930071181036574,0.2208856413939259,0.45207367130792875,0.24459580669230624,0.22948126406893438,0.4161989073621581,0.2000425934743896,0.5918436452120068,0.17728419799963951,0.4378208050610625,0.611164281604457,0.3990435099595545,0.23028481595826655,0.14549190825905017,0.16252719557229775,0.15910269486454803,0.4180084786658134,0.4523489461371452,0.4247580925298437,0.40923124915834663,0.6892407060363253,0.17726462297346995,0.4690731014016379,0.4873914788622783,0.20860157317246436,0.4191992190637633,0.5193648980230247,0.16799186519713105,0.25804289081874265,0.7274436651893295,0.1854183219778438,0.16035536203767484,0.16445645362501626,0.2593397999986626,0.23240957899022696,0.7390566491624462,0.15539093303717197
Nan,0.5036807349591905,0.19822351817694975,0.12906916994852052,0.3624758791633642,0.5586439777850546,0.3130776895373903,0.22796637515679377,0.5567290255522535,0.38508345888541146,0.6539865301242898,0.5945612939092109,0.25834733535335264,0.12586738910328985,0.5544804281446373,0.546820897061555,0.1732118729471659,0.5223717916633712,0.18561101293753138,0.566062307240342,0.6122625050653974,0.3071022344515063,0.1518360269351747,0.6454859763419916,0.41236655709594705,0.3111747765016289,0.3498886604875776,0.1370956494038809,0.5176814399612463,0.560913308379753,0.23429294417171975,0.32295452384473655,1.0,0.26199608784535444,0.4227966413047783,0.5512174114682592,0.13388124600091028,0.18894659998799385,0.3143109739390808,0.2230118897369426,0.3249054498457662,0.6524928851773564,0.21417002402157376,0.1649970172718169,0.21562418253284857,0.1939183547625294,0.13881751953239452,0.29430465232849823,0.16659252695940352,0.37607462361151595,0.10423711756930415,0.1833470516099202,0.11647171846245688,0.5166494187306201,0.4511118967886658,0.34326378942992647,0.43563732520827575,0.1660087049397914,0.159280264115929,0.1429947975439479,0.14746759645090396,0.25929590863623,0.5072090735906237,0.21917135392867626,0.1073357406229975,0.43686060520480774,0.14383846461909217,0.13594467787024667,0.4943381815448781,0.26913744091633796,0.3650582608753364,0.43408648291214735,0.486545180298672,0.5072179765059148,0.16486931073604444,0.4317085656992225,0.28427377692524947,0.45779505485629385
Narathiwat,0.11793082374721765,0.5073821638197802,0.4778163201596686,0.11386053897234769,0.14403081473988857,0.17742706216758714,0.5165715638529507,0.13992827444775513,0.1932199135675814,0.25456763205397454,0.26202126393979464,0.1991591976399833,0.587687469757083,0.13484871243149518,0.2624223359807673,0.5144215432073016,0.12084467999377894,0.697639573623165,0.22247994300923343,0.24918996697537332,0.1318606204386022,0.4952565355557324,0.24371540381055262,0.10967757984042839,0.11686405342701486,0.16167883063627253,0.5054691480507805,0.11949616517111404,0.14528163091558946,0.2809594323388832,0.6812850161251153,0.26199608784535444,1.0,0.10686397465228217,0.14723555292607254,0.4812155336049621,0.48437360161988063,0.746335927967697,0.6752339214721328,0.723653003023869,0.2616399343516714,0.2681448572041123,0.5122174945006348,0.26465139342181937,0.27569596053869794,0.48708789279713416,0.2704010528409263,0.659467164695416,0.14831096285939238,0.5082888369078031,0.6751392430796973,0.4755897074088661,0.20369623139398274,0.10294876619564132,0.2007420242448138,0.10588466785245049,0.49296884398234636,0.5219561078193274,0.5076164872374713,0.4829966979524159,0.8041827788802729,0.11876198508213512,0.5187351427729359,0.5521906558812935,0.24834465198725,0.49128580453633325,0.5957726264290455,0.12277307873328651,0.268573753786711,0.6729889338403313,0.20552499984879385,0.11176480961323507,0.12058977020975786,0.3027497456649527,0.2841869058720593,0.8313456559992689,0.11231854115062304
Nong Bua Lam Phu,0.666449609690376,0.09095306295945452,0.09875373161857606,0.7016519224492194,0.5893814488463701,0.5328019505973542,0.09267894657349575,0.5895717362770501,0.5420547337038513,0.44484149387573363,0.3884212525503092,0.47408746169705085,0.12893836813706383,0.5832531820053621,0.443307398360754,0.10874798828826757,0.6537954906596007,0.11010622253295284,0.4929763016324364,0.45889053132395063,0.6337913312943977,0.09610811296597835,0.46026338057932664,0.7480965026474043,0.6464109411979517,0.5812421591787065,0.09750255193466209,0.6531305338267118,0.5924075792331099,0.42115536518115804,0.14986985863707417,0.4227966413047783,0.10686397465228217,1.0,0.5779264121178538,0.09646662576760529,0.09543083190842203,0.1260492530783873,0.13061834738185424,0.13456431094424898,0.41000077059537876,0.41346685298596,0.10360106315733397,0.42261531672652286,0.40117543668185063,0.09822414110947868,0.4129529497105242,0.12711045635453433,0.6020153890355687,0.1113344700473464,0.12325934259337995,0.11566070101159862,0.5133562909402405,0.7635435838864331,0.5273661722935458,0.7958717095502084,0.08862176906290481,0.0892581686280843,0.08837608779687994,0.09978680064281235,0.12084659156856359,0.6832865581861469,0.08735713237099836,0.14451571673575103,0.4439516373839767,0.09837396548265614,0.13466044184706072,0.6676982587792412,0.4082906463414423,0.15019760903951349,0.5133709024304514,0.7304372946763106,0.6782023962417882,0.382580616539773,0.40713912824607335,0.11700885194957952,0.7002034363828447
Nong Khai,0.6535880947584422,0.10198583892888027,0.07553399518111245,0.5212702980197118,0.7277478369106999,0.4294128983137119,0.11411744109529706,0.7261452881172028,0.5214575172464103,0.530733167806549,0.47617529413167026,0.3804825297937112,0.09334755286092228,0.6507915070032361,0.48603935526930975,0.11583741023983712,0.7000033399063312,0.09862652234775188,0.5211365858673688,0.5426134992195562,0.48097017799843156,0.08100138863327486,0.5464301413319312,0.575876875947463,0.45041838146358654,0.5056012599233491,0.0679243800697317,0.6427892859557447,0.6935367556705012,0.2684728447450715,0.19134853442764033,0.5512174114682592,0.14723555292607254,0.5779264121178538,1.0,0.07615216215406848,0.09807786471820774,0.17553394100844577,0.12162473332286007,0.20273425077462295,0.5029418517550004,0.2779573905219806,0.10046743249719292,0.2629037945279463,0.2544364291607525,0.07496770073788084,0.357546557921243,0.10092760850035973,0.4919909464222978,0.07202198147148468,0.11000575951820016,0.08320659923607004,0.5691474076827616,0.5938494164531716,0.49321101262395756,0.5680171934822095,0.08935302742264944,0.08351463668110079,0.08130959144764188,0.08322305371140787,0.15451349391375388,0.6387160352669824,0.10828267975980851,0.07820703750412177,0.4468141550565542,0.07918003540317328,0.09932501145857778,0.646454100363717,0.2863026295200636,0.22847722617502503,0.5483387453456866,0.6398731763826815,0.6857877346072746,0.2286236425203485,0.4516729160833737,0.15756894982530076,0.5969524914566694
Nonthaburi,0.07752524714483985,0.6785100983587917,0.8960603472531918,0.12514236294518397,0.06876853429572544,0.22357825454887964,0.6334269553033384,0.07153333561798406,0.17412801400792527,0.14665597458270802,0.1594066408775736,0.2748242099578446,0.53863785798221,0.07749427047069263,0.1719737436668466,0.6365801755750535,0.07367639190204092,0.5331482866537911,0.14823350816229192,0.14756330012855196,0.16220794493966875,0.7541712667649978,0.14205906276987387,0.10575545669759276,0.16485844193932675,0.17595115117124993,0.7337823348736546,0.07639624398404396,0.06654688281931775,0.32363065385584644,0.403089759367822,0.13388124600091028,0.4812155336049621,0.09646662576760529,0.07615216215406848,1.0,0.6803464518454174,0.43898283695544676,0.48363644935168176,0.41832099796869804,0.15247487967713416,0.34223247471080004,0.6651985238529425,0.3370931944985782,0.3569703642051199,0.8147627216744389,0.300784862182263,0.5142410601831807,0.1669937807749831,0.6632179329647503,0.500631005892819,0.7205027948565599,0.13855916283914574,0.09054444789444382,0.19747108451259643,0.09529549181983066,0.7774671768669776,0.7127448198733355,0.7839167995870229,0.7612389295036831,0.46250643783761125,0.07373138836039653,0.6512806592858646,0.5399925138766623,0.2194580521732321,0.7568288211480417,0.5176983597260697,0.07903694583631624,0.3205130414448251,0.38224346289703354,0.16715791695982718,0.07753551078627934,0.07410412288946788,0.3700236905385182,0.23213221298660391,0.46017221109769935,0.09105568363593311
Pathum Thani,0.08620832309914472,0.6789464587231402,0.6589523941813764,0.0970098416423564,0.09170223382131029,0.24210669124659323,0.6869904183451578,0.09986452220190412,0.1673233231009657,0.2136923796929135,0.241663400948295,0.27722537084069354,0.4815618422651054,0.11913525990785528,0.22032166301957373,0.5953756194042079,0.09085439120744679,0.5305420306814373,0.17537467798661066,0.18945436962456924,0.11669983253832762,0.6579147408938866,0.1947014112071376,0.08753344154101675,0.14760932067595417,0.1488883450056504,0.6582643837004256,0.10738829719291672,0.09422158134179828,0.3069291909326076,0.42821644043766394,0.18894659998799385,0.48437360161988063,0.09543083190842203,0.09807786471820773,0.6803464518454174,1.0,0.4690667452478037,0.49906406415401167,0.42013305014922175,0.22863448672114967,0.2958344724228605,0.6701070269322907,0.297812960591653,0.312213314455273,0.6692544747262069,0.2414876620165468,0.4851957312877822,0.19136934478163958,0.5973824384625213,0.4913265130750587,0.627210698034446,0.18708086738913504,0.09612751646124455,0.16430058350439478,0.10199549431099295,0.7357509768457836,0.6416996089135871,0.649270739459439,0.6447643208739575,0.4547446707495227,0.09023201685604279,0.7047112967389942,0.48292136617170184,0.20269116753839655,0.6419438223104249,0.46309892059729585,0.07966201657262384,0.33450373021541285,0.40330280811693486,0.1677300678954638,0.08762878820062482,0.08485784612555403,0.30969509042145915,0.19926150563064182,0.47506255593505586,0.08556125477182455
Pattani,0.1423964263498092,0.47927266354299985,0.4328555924553871,0.1120941762956978,0.17836247035303038,0.18916280024656495,0.505581806739597,0.1767152437872492,0.18238926083199508,0.31090057764836965,0.33196425658606327,0.18947405342782683,0.5202542310771322,0.18316732127305574,0.29561646726666496,0.47063274133007676,0.1494439643290028,0.646999786673065,0.2470159401152645,0.27972003874762863,0.11182538239856149,0.4549135995890255,0.28711921472215396,0.11437571622630609,0.124133676605611,0.14176836003550014,0.47013837600379493,0.1600528278911567,0.1854173358610665,0.2715151125481951,0.7664816511816859,0.3143109739390808,0.746335927967697,0.1260492530783873,0.17553394100844577,0.43898283695544676,0.4690667452478037,1.0,0.6819554578080518,0.6988354954034026,0.3293514729095144,0.22741520775665128,0.4824580447163465,0.23949966170715842,0.2374717143420863,0.4468657570485807,0.21458978869346404,0.6020118193970223,0.17489200055475307,0.46323955575651343,0.6316082373445921,0.4295490735630039,0.23995946214967365,0.12559168501951323,0.16976326725392288,0.1333640550819689,0.45749876200618556,0.4798029741896654,0.4593818162141558,0.43936511398457684,0.7067301086250457,0.15268421224852963,0.5024335442368384,0.4985560403368474,0.2259901751394522,0.44777022819524076,0.5322144715846023,0.14303177114958562,0.27423229296836604,0.7165947981096102,0.19776801043321512,0.1379566982756637,0.14494292984884513,0.2582620982548466,0.24764688251891892,0.8288978853880128,0.12894409898137343
Phang-nga,0.10397267047575309,0.4946625045403921,0.4780234324017579,0.12850610863113593,0.12280315300343465,0.22414696308610169,0.5151797493598146,0.12692104662378267,0.16337693601117392,0.2351162342282933,0.26769301369829573,0.23078763265191077,0.5786201153047287,0.13642249689435623,0.23459560454649508,0.4887248228426928,0.10850364966760609,0.7523617223929521,0.19024443703986044,0.20123687028202225,0.1401267422585769,0.4914037603498278,0.2070383618449872,0.11236660051551925,0.1710520710270193,0.13822928492375053,0.5230293867133337,0.1275861122497261,0.13271930625243872,0.3579953290087777,0.6635924520338317,0.2230118897369426,0.6752339214721328,0.13061834738185424,0.12162473332286007,0.48363644935168176,0.49906406415401167,0.6819554578080518,1.0,0.5932760844236636,0.25675108479593767,0.3022915808865842,0.5173602065723136,0.3230988651694145,0.31913130420167035,0.49186089303517005,0.22991863198045276,0.6883548530269041,0.1969384080152177,0.5243663935945246,0.7400753764258613,0.479553783607598,0.18684578441723113,0.11266655882535052,0.15637010575324922,0.13404973424602262,0.48583694794167764,0.5115965384739896,0.4940447624844434,0.47500510383474037,0.6607670279699737,0.12166768303723707,0.5109656995109674,0.5806475499552363,0.1875646823748615,0.48645497868036913,0.5898387879370868,0.10812751962384584,0.343636681030667,0.5854843795071041,0.15331785404656784,0.11355878084515021,0.10891535240746977,0.34592061829499526,0.1925365201228179,0.695133341110934,0.1083349553042128
Phatthalung,0.16832028542531205,0.46600338857229795,0.41679071920213456,0.1409663982680298,0.2043892474834529,0.1404878331879828,0.4766024656805388,0.19575256589981163,0.20006723966040507,0.290986717817112,0.2897178691651881,0.15033833159117554,0.524998322583965,0.17828947840404422,0.27556521571178794,0.48106423087183203,0.16980756572837008,0.5892121753261028,0.2583070339203758,0.29196653436976006,0.14772755989479086,0.4448016534440798,0.2888995111543183,0.1470842446443525,0.11924240703683212,0.17279372713204358,0.4467381669966575,0.15743848374149627,0.20387993706223248,0.2275817072944734,0.6889793677078204,0.3249054498457662,0.723653003023869,0.13456431094424898,0.20273425077462295,0.41832099796869804,0.42013305014922175,0.6988354954034026,0.5932760844236636,1.0,0.2968001670315765,0.22280165767035764,0.4560969741715526,0.22335319893494548,0.22297503280089986,0.4296186515759887,0.26233073117462746,0.5873666591753945,0.13457285363665594,0.44368220443062734,0.5867867167813006,0.4156394388583184,0.22275876888397877,0.1360199851221992,0.21232648171691504,0.1354708290872927,0.434387753832331,0.47515591967393445,0.45254637178400237,0.43357232619772035,0.7491414685269415,0.16671431174701817,0.4754879731602446,0.4898948890955032,0.26297060538601325,0.4409845849273022,0.5421136749414578,0.17802468802755123,0.20371824081306927,0.7672237791273997,0.22696779210136123,0.1548595656841755,0.1690623455838806,0.2570402178307548,0.31731307421257376,0.7264179542693864,0.16005253002230918
Phayao,0.4658854232130301,0.2010718685683096,0.1442652260352688,0.32922027302115486,0.5084788822021675,0.3767116304212105,0.24079226648503219,0.5131021645688794,0.378761942825586,0.6670041208930093,0.7007211913702343,0.3155487335572637,0.1293297510312776,0.5565005958432607,0.5650995795195669,0.1602306552812825,0.48848384175396065,0.21193464632939144,0.5377558597201133,0.5742108056959774,0.2731637666215739,0.15654523675486107,0.6137628699084787,0.372207118125647,0.31388774034528555,0.3271166372723189,0.15316315569302907,0.5155843374110842,0.5203046815773548,0.27521094081941233,0.32930071181036574,0.6524928851773564,0.2616399343516714,0.41000077059537876,0.5029418517550004,0.15247487967713416,0.22863448672114964,0.3293514729095144,0.25675108479593767,0.2968001670315765,1.0,0.21874275245710934,0.18161705202146,0.2275716690359097,0.21115479255913017,0.15148993376503417,0.25102084199148256,0.1727121158556131,0.42500166710122755,0.12443443207602672,0.20676603620920037,0.13076344274928034,0.5441256431865472,0.43654074853788816,0.3116925879134344,0.42816697560179695,0.18400603161316886,0.15862798802383368,0.1490201110532337,0.14990619799081226,0.24503855422743903,0.4809398937924242,0.2321924588695136,0.11823049500052596,0.3985840284056964,0.14696965182895552,0.1340940070204524,0.44387053248301,0.3434498236032235,0.3497748811305438,0.41142271898113103,0.4591971845484504,0.4705400916904304,0.16835527585693794,0.36032380687786075,0.2898646826031265,0.41466800145738625
Phetchabun,0.33277495054612455,0.2858204744032897,0.34674643117179593,0.4554941928430415,0.27391616751151104,0.46903364911369316,0.2583001511768861,0.27826697312890564,0.4129213648211326,0.28379564348506214,0.20464872012087928,0.49195863964903774,0.3846107717306977,0.270141855263357,0.3934120776001956,0.282075005869056,0.3196421984925169,0.3368464555992383,0.44046899432248876,0.3487864023143298,0.491484855166908,0.3256573597274916,0.3145999083664106,0.41832052936624614,0.48384078518640705,0.47074913391632467,0.33311332848782216,0.3188576965825066,0.2706135322973785,0.7294568656315474,0.2208856413939259,0.21417002402157376,0.2681448572041123,0.41346685298596,0.2779573905219806,0.34223247471080004,0.2958344724228605,0.22741520775665128,0.3022915808865842,0.22280165767035764,0.21874275245710934,1.0,0.2895126251645213,0.7725341062241842,0.867518123918895,0.3377545124437765,0.6553887226104653,0.3505115146635386,0.4425736220285357,0.33728481405601296,0.3300747773639728,0.3393749943015711,0.2810743080425541,0.38664667267644826,0.4450567013907486,0.3954638166640068,0.3138000512610408,0.3116880985089443,0.3269862687815163,0.33251081823709683,0.27175286582706104,0.3292350747523593,0.2640656410614329,0.40542202598855925,0.5360188711879472,0.3326086501763675,0.37240815743643274,0.3379072644887011,0.6337014250302272,0.19078298698519452,0.35597046623886486,0.3559545914432009,0.3346626506768118,0.7430309357950914,0.45483460954911137,0.25018284064461205,0.3718291089942245
Phetchaburi,0.08927389868842307,0.6897492231704105,0.6538446497243526,0.11813682616392969,0.0949110133496362,0.22137072026993831,0.6778984837768693,0.10128004981933061,0.17394759466944304,0.16724128961245704,0.19460862060826925,0.2572523909428623,0.5179350084923482,0.10116850583660296,0.166040246011664,0.703948878976333,0.0905576661683529,0.5530932885070476,0.13710710035516155,0.15512872296453972,0.14546196855634316,0.6788995740500983,0.156061486180124,0.10694475896393801,0.15949590020215657,0.1684780274709845,0.680865424702882,0.0959132016562232,0.09515030082636813,0.2890431837223092,0.45207367130792875,0.1649970172718169,0.5122174945006348,0.10360106315733397,0.10046743249719292,0.6651985238529424,0.6701070269322907,0.4824580447163465,0.5173602065723136,0.4560969741715526,0.18161705202146,0.2895126251645213,1.0,0.29368697241360087,0.3027088300610352,0.6757537160076175,0.24194596600313556,0.5277090310775931,0.1783112678149289,0.667140666619654,0.5202118499003633,0.697912861541881,0.16344795549055605,0.09654076949352458,0.18695214629421086,0.10517928930775575,0.6899424305072203,0.684132936004834,0.668372002422766,0.6604235929673732,0.4958693336612809,0.09175146053435007,0.6886929532881867,0.5190321953314747,0.17692271917304547,0.6646392702605632,0.5059346413648267,0.0920929683970351,0.28669787921366435,0.42797438425966294,0.1718318838220732,0.09168393905519875,0.08921388954605804,0.3201760812639818,0.19776107159606926,0.4988882164839072,0.09897239821463819
Phichit,0.3336177057696051,0.29482733750965107,0.3414204260113846,0.4639920257962286,0.27518654995543235,0.443561251823483,0.27474531741042796,0.2798853683812301,0.34886544586358875,0.2766170485781876,0.21645676260933855,0.44496955833061286,0.3721313683157035,0.27706911880090146,0.3580681488992107,0.28330811177672055,0.3155627045714719,0.34045105562468797,0.4153599863106878,0.31646779274497805,0.48311124293095276,0.33159578049441396,0.29827374811826163,0.41978994956008214,0.5161062682903671,0.42195590968134467,0.34623644411893817,0.3253101670267271,0.2792468317995212,0.7762627860995663,0.24459580669230624,0.21562418253284857,0.26465139342181937,0.42261531672652286,0.2629037945279463,0.3370931944985782,0.297812960591653,0.23949966170715842,0.3230988651694145,0.22335319893494548,0.2275716690359097,0.7725341062241842,0.29368697241360087,1.0,0.7880799729712533,0.34187048202218806,0.5646681161961021,0.35933358798500015,0.43718816358219686,0.33814501962140386,0.3324978639582805,0.3369698053444443,0.2469372410887596,0.39325914882958457,0.37710915619462165,0.417098058924485,0.3080492459499944,0.31701010722513273,0.3189156934753719,0.33487796256620733,0.2743460100182329,0.343184858925335,0.27549146066097147,0.41332858557081903,0.4649081672236347,0.3371276272556438,0.3679685634899249,0.3420970928346016,0.6288228988020288,0.19818391698635657,0.2885920486707634,0.3605403550657502,0.32947935697711694,0.7593693643371782,0.3793539078780809,0.25812530796809635,0.38298528345013305
Phitsanulok,0.31605994562902834,0.29581848583786047,0.3612890856842047,0.4422143450738347,0.25375048418465873,0.4765350379706385,0.2692208295152384,0.2570665410746492,0.3977561967606945,0.2675078343348649,0.19900555245128024,0.5002082811914518,0.3984723699922237,0.258847655804771,0.37796942808358985,0.2901533255732349,0.3011389561025972,0.352285488498271,0.4112015260319829,0.3197585299447284,0.47915045682750146,0.3382337351195922,0.29051770804534083,0.4006465341943178,0.4828082480544026,0.4548982818760615,0.3492030266152255,0.3070342890008473,0.25296284792363366,0.747432883558334,0.22948126406893438,0.1939183547625294,0.27569596053869794,0.40117543668185063,0.2544364291607525,0.3569703642051199,0.312213314455273,0.2374717143420863,0.31913130420167035,0.22297503280089986,0.21115479255913017,0.867518123918895,0.3027088300610352,0.7880799729712533,1.0,0.35210425424438707,0.6195040446611195,0.3634713939349668,0.44395833144901997,0.35593576721241915,0.3449313253370915,0.3554576791644404,0.27126743635925976,0.37505488203946546,0.4266206648317318,0.38646080074412553,0.3267850202027264,0.32294055338009453,0.33908187099012743,0.344643026638636,0.27660121522821074,0.31508797858004983,0.27552827783759737,0.4233913486523183,0.504903873506422,0.3453607888125304,0.3855063449391843,0.3187588753602586,0.6517147900374766,0.19283182073117966,0.3360325385126998,0.3397092793164053,0.3155438296989422,0.7713185570921566,0.42186962683762086,0.2591974817666879,0.3554684842031641
Phra Nakhon Si Ayutthaya,0.07955538365911438,0.7121796326692535,0.8121596112112635,0.1299814961291107,0.07244746669901317,0.20425372524294927,0.6559793314933349,0.07476538773387213,0.15452872293825087,0.14345431662530428,0.1578686704813369,0.250074855831135,0.5387901388228178,0.07677461826122137,0.15915228737025885,0.6571213204610827,0.073714437800697,0.5369469927191315,0.14617644690596182,0.1427361922197009,0.16277543986626763,0.846664512760093,0.14011621235794883,0.10951963698730025,0.17051104844415682,0.16394912525467648,0.801317499942704,0.07554369710924137,0.07137025249751491,0.3231883350113944,0.4161989073621581,0.13881751953239452,0.48708789279713416,0.09822414110947868,0.07496770073788084,0.8147627216744389,0.6692544747262069,0.4468657570485807,0.49186089303517005,0.4296186515759887,0.15148993376503417,0.3377545124437766,0.6757537160076176,0.34187048202218806,0.35210425424438707,1.0,0.2917161492788567,0.5242380049337464,0.1558559202118574,0.6627264212700544,0.5036127312631613,0.7178349416695784,0.12232434761237321,0.09112086993574442,0.18137407886346302,0.09972003839746113,0.756855654847764,0.7671909603233278,0.7796869124571525,0.830307572618886,0.4732373785026273,0.07846416024027936,0.6716012827455369,0.5472348560861869,0.20788810120876358,0.8430624779246746,0.5226902867035808,0.08439773060041056,0.30855866103054486,0.3927108685076438,0.14817961427938156,0.07961869554754764,0.07443612356737897,0.3718936285730515,0.22262250155293958,0.4688473052053631,0.09756184873682011
Phrae,0.38911750783139254,0.25907590469770697,0.30892604948581504,0.4589926664842646,0.3394162410643888,0.41332017811693184,0.22175671339902475,0.329488211426271,0.4998080157440734,0.3336799768131608,0.21489696387510882,0.4519227319351111,0.3629925891154066,0.30710367057950905,0.44962232561078563,0.2776415398525805,0.37569363398740624,0.2788222374575686,0.5176622522093812,0.4414197440815407,0.5060395748702272,0.289240488592841,0.3900026915516335,0.44893844441500497,0.4129445595256829,0.540270239098444,0.2714151946939414,0.3416328144804238,0.3227454957785398,0.5220711617207591,0.2000425934743896,0.29430465232849823,0.2704010528409263,0.4129529497105242,0.357546557921243,0.300784862182263,0.2414876620165468,0.21458978869346404,0.22991863198045276,0.26233073117462746,0.25102084199148256,0.6553887226104653,0.24194596600313556,0.5646681161961021,0.6195040446611195,0.2917161492788567,1.0,0.30023905557444786,0.39393760350296875,0.28307640124367217,0.2767993067215512,0.2978107460776402,0.34262096918828716,0.40337708430113484,0.5554614617921703,0.38279540891448005,0.28227507544498043,0.2837576110681005,0.306473590038131,0.3029611871877841,0.27344196573516333,0.35929287429201967,0.23203191834152836,0.34402291534372087,0.6816596553536076,0.2987498493764789,0.3488980272205126,0.3958434496782393,0.4771276656716259,0.2233295870294946,0.47581883508342526,0.38813167326970843,0.39119101232763154,0.5852257311830188,0.6550216536392937,0.2400581047807072,0.4075190279841477
Phuket,0.09455582695101877,0.5086970062916634,0.5145108155560112,0.15557183884160009,0.09914036383797885,0.19887541178156543,0.5048406636554786,0.09782459243893095,0.17349699325292484,0.16358500679378146,0.1770154468943312,0.22652706767748884,0.6831364894080847,0.08979183785726465,0.1827793088817688,0.5294269223942577,0.09054710114627548,0.7381535705365606,0.16394422142678855,0.16186918180855908,0.18698878983193662,0.5255165466319788,0.15437155336566843,0.13080935996355408,0.18237571716628093,0.16985757926812134,0.551012884807581,0.09165818719180319,0.10222021235724357,0.36539832735094036,0.5918436452120068,0.16659252695940352,0.659467164695416,0.12711045635453433,0.10092760850035973,0.5142410601831807,0.4851957312877822,0.6020118193970223,0.6883548530269041,0.5873666591753945,0.1727121158556131,0.3505115146635386,0.5277090310775931,0.35933358798500015,0.3634713939349668,0.5242380049337464,0.30023905557444786,1.0,0.1639242445179865,0.5664373895974546,0.761041800566066,0.5201917184342465,0.13553137234839568,0.10381968209635374,0.1969910204012148,0.1213828560954234,0.5028304714074937,0.5486009989910575,0.5346319016922157,0.5143635704667379,0.6730293118812498,0.10132154050343813,0.5053424540013695,0.6772585353715903,0.21268374120699202,0.52655332413616,0.7079743136636474,0.10746498311669375,0.31916495244681903,0.5466909426110014,0.15918276396384548,0.10104960035673112,0.09743754154997708,0.4062996936019201,0.23871022284090065,0.641778262176289,0.11326384219640354
Prachin Buri,0.5340619831102855,0.13677245617823042,0.16381908339746232,0.5376313444287018,0.4879910165644471,0.7585820819539428,0.14710219031182165,0.49556196837642885,0.6209277219194915,0.4592397060844433,0.4144897252317424,0.6374350053539074,0.16979682374472624,0.5302994269090041,0.5037613198079541,0.14220494201390266,0.539848268172804,0.18005951451079016,0.4779109309005469,0.44817061831186616,0.5272447605699239,0.14318871705143427,0.44838982956398366,0.5473173632905258,0.5632367145143719,0.6220582959984544,0.15532063602079155,0.571820953725231,0.4950976258680505,0.4840722670954374,0.17728419799963951,0.37607462361151595,0.14831096285939238,0.6020153890355687,0.4919909464222978,0.16699378077498309,0.19136934478163958,0.17489200055475307,0.1969384080152177,0.13457285363665594,0.42500166710122755,0.4425736220285357,0.1783112678149289,0.43718816358219686,0.44395833144901997,0.1558559202118574,0.39393760350296875,0.1639242445179865,1.0,0.18509541702542814,0.1876821087244538,0.18309817143029675,0.5931433757098781,0.5899167066730152,0.5545712157737256,0.5900711122486169,0.16194294228419095,0.13117037440992907,0.14543135455490389,0.14432252980705784,0.13927809712383132,0.5445214136115933,0.14636559628612664,0.1811063274672542,0.4395841061378772,0.14293365152317627,0.163340342523607,0.5129323535731091,0.5348885958170284,0.16022057250199268,0.5535812229293566,0.5647146688368128,0.5455537447491661,0.39393944599647046,0.36200165933621625,0.15809791500225823,0.5262404499316017
Prachuap Khiri Khan,0.07691210304212713,0.6027893710776235,0.6648883243455458,0.14188445030700883,0.06556006295363244,0.23905071087507476,0.578133093266106,0.06655116945502466,0.18926182157502686,0.11075005136003839,0.13354129814361054,0.2850523267484163,0.5889521049224549,0.07035780954066569,0.13581578698006885,0.644212374471838,0.07133123367082952,0.5688868257063439,0.10615248112150011,0.106456068317589,0.18559092229728447,0.6481023352373634,0.1008591210956479,0.1176721466537598,0.18464440179425923,0.1933516365368098,0.6768158225784081,0.07491889650135439,0.06535873525279118,0.33018608396361643,0.4378208050610625,0.10423711756930415,0.5082888369078031,0.1113344700473464,0.07202198147148468,0.6632179329647503,0.5973824384625213,0.46323955575651343,0.5243663935945246,0.44368220443062734,0.12443443207602672,0.3372848140560129,0.667140666619654,0.33814501962140386,0.35593576721241915,0.6627264212700544,0.28307640124367217,0.5664373895974546,0.18509541702542814,1.0,0.5515764216242434,0.7374783582004267,0.13549596946056483,0.09563305661448315,0.21496517932370146,0.10625386332153819,0.6311584970142987,0.6529666160304554,0.6687305261694584,0.6424411106792014,0.49813142224842344,0.07666026197868119,0.587615885800717,0.5956528642998722,0.18227785116215983,0.6536043562879934,0.5734552333448576,0.0824024391765141,0.31162487153415547,0.40718507386009617,0.1705439325827741,0.08172595322183496,0.07590758445356457,0.3847781021542538,0.20444811251420586,0.4884000524581187,0.0958899822827006
Ranong,0.09275274558668167,0.49044912711051336,0.49760315070846844,0.1351891649226123,0.10320749206833384,0.22891250019589585,0.4958147809031022,0.10464457303816968,0.19252062334886583,0.19418822715748885,0.21522107420298045,0.2537212983363162,0.6467826182995542,0.10689411643444,0.21571571076431367,0.502802387137848,0.09516835612471326,0.7805880763714426,0.17177143165948083,0.18099732818308384,0.1638411716433848,0.5010755217718967,0.17510823841112,0.11540415542866242,0.16628794811183445,0.1690798702747462,0.5296504408552671,0.10426182544403083,0.10779545704085294,0.35819155843355943,0.611164281604457,0.1833470516099202,0.6751392430796973,0.12325934259337995,0.11000575951820016,0.500631005892819,0.4913265130750587,0.6316082373445921,0.7400753764258613,0.5867867167813006,0.20676603620920037,0.3300747773639728,0.5202118499003633,0.3324978639582805,0.3449313253370915,0.5036127312631613,0.2767993067215512,0.761041800566066,0.1876821087244538,0.5515764216242434,1.0,0.5017750813324396,0.17556255762634454,0.10258623458962188,0.19905771258698124,0.11746740263662367,0.4945676403556902,0.5225924777501786,0.5159203024699374,0.4886574612719018,0.6670170571074785,0.10109674894566381,0.496993721218836,0.6287208807724046,0.21044057319728793,0.5000170017834782,0.6554947585442182,0.09874910726588665,0.3374020858046122,0.5608558740978289,0.17940359946573722,0.10069597848057554,0.09933517394254333,0.3750465599550785,0.22835109511470245,0.6623877225817998,0.09991423759079641
Ratchaburi,0.09029225109086733,0.643913189952865,0.7249464134516728,0.147906332064594,0.0767686094568156,0.23626085679866793,0.6050004994000062,0.07758572149812715,0.1928106181774703,0.1219144058700701,0.13704756420262892,0.2859036264034851,0.548265095177808,0.08059341479542698,0.14547010452950648,0.6804809363582977,0.0837810441830831,0.5284482803698847,0.12477829730178962,0.12356112769071764,0.1902975793443409,0.7006562848560522,0.1178647228463863,0.12735050460133188,0.18668429747435158,0.20163630215707962,0.6957720684056872,0.08390971235275878,0.07436316517561445,0.31891214766372955,0.3990435099595545,0.11647171846245688,0.4755897074088661,0.11566070101159862,0.08320659923607004,0.7205027948565599,0.627210698034446,0.4295490735630039,0.479553783607598,0.4156394388583184,0.13076344274928034,0.3393749943015711,0.6979128615418811,0.3369698053444443,0.3554576791644404,0.7178349416695784,0.2978107460776402,0.5201917184342465,0.18309817143029675,0.7374783582004267,0.5017750813324396,1.0,0.14023863837594577,0.1057445766167554,0.22159829188486818,0.11206824492648751,0.6836095481054717,0.6866252372977247,0.7168456138507919,0.7034698782072891,0.4622562073760609,0.08621171188418195,0.6184248062356927,0.5515663316702477,0.20289674288095216,0.7075974071244668,0.529761021740688,0.09462498092760471,0.30555275805010607,0.37699835441049856,0.1798389237799083,0.09150685915504342,0.08683809052535593,0.377669117146779,0.22430817034140893,0.4537446436867291,0.10848074686736908
Rayong,0.5448000019263707,0.14092326979069497,0.13271668360965413,0.4309893174421967,0.5456245377862997,0.5646940755395298,0.1607885399638807,0.547667334159439,0.6205505961116844,0.5859889596387493,0.5191024282363562,0.5151816680896679,0.13684377587099122,0.5830367357218452,0.5883832942552131,0.14204038017356813,0.5707279566413925,0.16864142080534641,0.5265729184839772,0.5689128316134311,0.40944299375553433,0.11900842963977101,0.5708307289693337,0.47709492873198195,0.3962274789307041,0.5426347087065337,0.11314995047383634,0.5854409738012989,0.543983821490417,0.29410075624060567,0.23028481595826655,0.5166494187306201,0.20369623139398274,0.5133562909402405,0.5691474076827616,0.13855916283914574,0.18708086738913504,0.23995946214967365,0.18684578441723113,0.22275876888397877,0.5441256431865472,0.2810743080425541,0.16344795549055605,0.2469372410887596,0.27126743635925976,0.12232434761237321,0.34262096918828716,0.13553137234839568,0.5931433757098781,0.13549596946056483,0.17556255762634454,0.14023863837594577,1.0,0.5360863673579137,0.5364447898156864,0.5035738411943371,0.15744785087663146,0.1176601780989218,0.13330888796133628,0.11966514643936743,0.18458726759567237,0.5361283233187022,0.16190841105483122,0.10872300918103678,0.46706669307110704,0.11497535256619806,0.12990918963859355,0.5127138427257903,0.37898355954821816,0.2607126093021591,0.6433639028800198,0.5456045831924214,0.5631847471062873,0.2171425569502588,0.4388230668160039,0.21249883235484807,0.4869070936688935
Roi Et,0.7292811964731731,0.09144460568603432,0.0921855259350361,0.6648729702158018,0.6188042899011704,0.5241666233711508,0.09277170193702694,0.6130010136076749,0.5450174133476249,0.47455707250477974,0.4132976551226313,0.4681169526136587,0.10695547653195023,0.6127768745741814,0.4761796951105861,0.10074638472919001,0.6977852849811716,0.09256570042780582,0.5144815562669712,0.48858308764944125,0.6000334043917817,0.09073223906562689,0.4916963518001732,0.7133896979398104,0.6100551455498953,0.5828416198779873,0.08691187494725593,0.6989433198343173,0.6210613717498283,0.38910660914095646,0.14549190825905017,0.4511118967886658,0.10294876619564133,0.7635435838864331,0.5938494164531716,0.09054444789444382,0.09612751646124455,0.12559168501951323,0.11266655882535052,0.1360199851221992,0.43654074853788816,0.3866466726764482,0.09654076949352458,0.39325914882958457,0.37505488203946546,0.09112086993574442,0.40337708430113484,0.10381968209635374,0.5899167066730152,0.09563305661448315,0.10258623458962188,0.1057445766167554,0.5360863673579137,1.0,0.5279494372378262,0.7824751671478424,0.08862513525435098,0.0819899104283936,0.08182274896660471,0.09507217765810669,0.1131400466583977,0.732533165441205,0.09016614376633841,0.11790199034244206,0.4656735313303945,0.09193943095074286,0.11109255112004397,0.6999944131908464,0.39152718267898917,0.15506614982914033,0.5277941225183367,0.7913391761678266,0.7167851170450631,0.3496107020604383,0.4249652140029951,0.1135946211152972,0.7397108762596478
Sa kaeo,0.5173304262837721,0.15948739023969252,0.20221280743356168,0.5300233909048383,0.46834098011119185,0.5564118192607737,0.13555923328376351,0.4573724571655845,0.7752158514724516,0.373794003875767,0.2839878527977323,0.5687038234058631,0.2529795739002247,0.44329568204296826,0.45645646735391254,0.20962035272673682,0.5126578531934176,0.18396045800652505,0.4627956647322261,0.4501113086026952,0.572319621465633,0.17775958735428826,0.4103689207723229,0.5480741456942377,0.4622157650013765,0.78263997230886,0.1628192931838735,0.48102727693253267,0.4512227240516538,0.3655890846737001,0.16252719557229775,0.34326378942992647,0.2007420242448138,0.5273661722935458,0.49321101262395756,0.19747108451259643,0.16430058350439478,0.16976326725392288,0.15637010575324922,0.21232648171691504,0.3116925879134344,0.4450567013907486,0.18695214629421086,0.37710915619462165,0.4266206648317318,0.18137407886346302,0.5554614617921703,0.1969910204012148,0.5545712157737256,0.21496517932370146,0.19905771258698124,0.22159829188486818,0.5364447898156864,0.5279494372378262,1.0,0.48970828334594446,0.18838606735003507,0.1759333755960557,0.20327563377486724,0.18930694648639793,0.20142864845392766,0.48180821222879644,0.14616440675302872,0.22121154243108637,0.5607638613178431,0.18491209581546494,0.24182314281479678,0.5106084542462073,0.37545359107284526,0.19987064407469496,0.7155229646716709,0.5166691708935208,0.5278615524456737,0.3987486767364899,0.5742195894689267,0.17939964796226238,0.5096268099512362
Sakon Nakhon,0.6728551809567243,0.09793271294597253,0.09677984914154272,0.6743041560261092,0.5955858352843231,0.5171901448528562,0.10303614428641167,0.5955325807618921,0.5075503691218575,0.45734568692309874,0.4084509054419963,0.4527312177189303,0.11448765566894446,0.5970617598880651,0.44742303830724517,0.1058488987081681,0.6532956271609298,0.10713965888443236,0.4938417380301668,0.4596904737583515,0.5977889203167149,0.09868555019100883,0.4684570113992219,0.7008808507852492,0.6489945202055291,0.551121344145439,0.10098389738373786,0.6719254828878631,0.604682187841594,0.41562144238036186,0.15910269486454803,0.43563732520827575,0.10588466785245049,0.7958717095502084,0.5680171934822095,0.09529549181983066,0.10199549431099295,0.1333640550819689,0.13404973424602262,0.1354708290872927,0.42816697560179695,0.3954638166640068,0.10517928930775575,0.417098058924485,0.38646080074412553,0.09972003839746113,0.38279540891448005,0.1213828560954234,0.5900711122486169,0.10625386332153819,0.11746740263662367,0.11206824492648751,0.5035738411943371,0.7824751671478424,0.48970828334594446,1.0,0.09044514874813159,0.09024412077053998,0.0847141453062246,0.10097380914185736,0.11948439491312207,0.7111518847605146,0.09710202104602797,0.1360118329932921,0.42913359219370917,0.09955160821536699,0.12197920718361982,0.6673952675378507,0.40582284100229205,0.1558385787343306,0.48191639801084174,0.7343616453318901,0.6681510760541264,0.36781441668270914,0.38287746839261877,0.12092109689396269,0.7117048881731757
Samut Prakarn,0.08273384020843957,0.7325973589286716,0.7483380808029687,0.10888243128520653,0.08230989753716345,0.2150741019395025,0.6815305954008295,0.085838503635354,0.17175999707343134,0.17733408866753325,0.191479692202074,0.2624280446027032,0.5160596226833665,0.09249053887458418,0.1938081761498328,0.647202054083151,0.08184270291223095,0.5318446283468412,0.16508309184940295,0.17412715783140664,0.13911168998351703,0.7469260437108125,0.1712286575064322,0.0963110354684839,0.14484975544382722,0.1656683946471877,0.7051045916101503,0.08534050681960342,0.08018288327096337,0.29814642140910996,0.4180084786658134,0.1660087049397914,0.49296884398234636,0.08862176906290481,0.08935302742264944,0.7774671768669776,0.7357509768457836,0.45749876200618556,0.48583694794167764,0.434387753832331,0.18400603161316886,0.3138000512610408,0.6899424305072204,0.3080492459499944,0.3267850202027264,0.756855654847764,0.28227507544498043,0.5028304714074937,0.16194294228419095,0.6311584970142987,0.4945676403556902,0.6836095481054717,0.15744785087663143,0.08862513525435098,0.18838606735003507,0.09044514874813159,1.0,0.7164726750790015,0.7489766633939903,0.7376146901009073,0.4700099447310001,0.07889631305639286,0.7102719790812808,0.5114661120781359,0.2223893507953819,0.7272871148092743,0.4963653334906962,0.08178744541382851,0.3059531280820825,0.403050731511587,0.1736344257569395,0.0797738471036745,0.07928945305679612,0.334373744378895,0.23584358550419635,0.47428162313404454,0.08921498848415833
Samut Sakhon,0.08034005690909049,0.7520683529926038,0.713906442212062,0.12186989481078955,0.08140236279827881,0.17133740091804572,0.6825809488395994,0.08139291203887962,0.1454412280185119,0.14886466353651262,0.16195968645278236,0.2136975922239563,0.5534220232221861,0.07616220266406519,0.1527462696532766,0.7087850360198414,0.07460046682100538,0.5547256319891687,0.14775812653282938,0.1503363033682738,0.15261267112810262,0.8268216980613197,0.14813010286811432,0.10576636427678199,0.15047518210361122,0.1526448430019329,0.7586299236487737,0.07029514902127876,0.07950305507300133,0.2947124721616219,0.4523489461371452,0.159280264115929,0.5219561078193274,0.0892581686280843,0.08351463668110079,0.7127448198733355,0.6416996089135871,0.4798029741896654,0.5115965384739896,0.47515591967393445,0.15862798802383368,0.3116880985089443,0.684132936004834,0.31701010722513273,0.32294055338009453,0.7671909603233278,0.2837576110681005,0.5486009989910575,0.13117037440992907,0.6529666160304554,0.5225924777501786,0.6866252372977247,0.1176601780989218,0.0819899104283936,0.1759333755960557,0.09024412077053998,0.7164726750790015,1.0,0.7708842416155852,0.7858667623059608,0.5126060158399179,0.07853637488182726,0.6959681909495647,0.554570684760757,0.2027085645176751,0.810194781726137,0.5428884708916485,0.08915814440814124,0.2706366935934947,0.4357887612787612,0.14659533308589937,0.07695187439617111,0.07559618419699896,0.35097891996257985,0.23281294632458566,0.5037344578201002,0.0971317871160339
Samut Songkhram,0.07692191401445321,0.694215057378867,0.7937839954332369,0.12058794384835145,0.07239666986492974,0.1980758527888311,0.6399956653696917,0.07203810550734877,0.17394910272649144,0.1432458100600258,0.15179458517251715,0.2502459676534189,0.5614362707499659,0.07199244340334271,0.16375079887614674,0.6762978278974496,0.07238294232297904,0.5462010039154381,0.1470343747187373,0.14978930705473145,0.16003884189873036,0.7745576539878227,0.14247606305577326,0.10423961618271635,0.14752380213369412,0.1740517570003219,0.7233265072222469,0.06786589289951264,0.06836809357626158,0.30033807035524673,0.4247580925298437,0.1429947975439479,0.5076164872374713,0.08837608779687994,0.08130959144764188,0.7839167995870229,0.649270739459439,0.4593818162141558,0.4940447624844434,0.45254637178400237,0.1490201110532337,0.3269862687815163,0.668372002422766,0.3189156934753719,0.33908187099012743,0.7796869124571525,0.306473590038131,0.5346319016922157,0.14543135455490389,0.6687305261694584,0.5159203024699374,0.7168456138507919,0.13330888796133628,0.08182274896660471,0.20327563377486724,0.0847141453062246,0.7489766633939903,0.7708842416155852,1.0,0.7840072730216532,0.4920963287197572,0.07029238754248965,0.657762398843251,0.5531530520660942,0.22187207464026398,0.7870520849524496,0.5424549992944377,0.08196890627515357,0.28850864041526936,0.41214674757247227,0.17245166871720305,0.07326950331872946,0.07388647984496104,0.3596048259842243,0.2502515201134956,0.4837886049702864,0.08970811770392079
Saraburi,0.08871516007647182,0.7237236130073559,0.7741276571206905,0.13591150969864396,0.08148128030423292,0.18930212659439877,0.6530480419204961,0.08123843958404038,0.15651933492527162,0.14426232025150793,0.1523996381536611,0.23662268513923962,0.5336263358812764,0.07941210203140073,0.15826101713702695,0.6729752711861283,0.08089119486073178,0.5218554238163902,0.15397329573102397,0.14989596097025903,0.1692190988828266,0.8748556398420706,0.1461262353943474,0.11750280307315705,0.16738025697611497,0.1696972589371355,0.7430794421472624,0.07716039698275345,0.0786472046184991,0.30788414040938566,0.40923124915834663,0.14746759645090396,0.4829966979524159,0.09978680064281235,0.08322305371140787,0.7612389295036831,0.6447643208739575,0.43936511398457684,0.47500510383474037,0.43357232619772035,0.14990619799081226,0.33251081823709683,0.6604235929673732,0.33487796256620733,0.344643026638636,0.830307572618886,0.3029611871877841,0.5143635704667379,0.14432252980705784,0.6424411106792014,0.4886574612719018,0.7034698782072891,0.11966514643936743,0.09507217765810669,0.18930694648639793,0.10097380914185736,0.7376146901009073,0.7858667623059608,0.7840072730216532,1.0,0.47127725163768197,0.08437707926959383,0.6693996619148057,0.5377928516232636,0.21979087900315358,0.9083020610610848,0.5184345407835206,0.09525067713762836,0.28843521219678475,0.39352228793206473,0.15453461527001053,0.08507346584704933,0.08191736478714012,0.3669612481419595,0.24200756483246727,0.4629513015578647,0.10714834840329132
Satun,0.1291594569424429,0.4924442454701554,0.46089833240470773,0.13622966764810235,0.15503539725904525,0.15912374758084016,0.49836359806821934,0.15026752638024238,0.18500992398686184,0.23909789207582566,0.24494734990901293,0.17746290502895565,0.5870412373233608,0.134166349871999,0.23974832686610031,0.5087927977496357,0.12925803616923326,0.6703064171670983,0.21711192035531296,0.24011066583784474,0.15272641705225798,0.4836481866430013,0.23392510135525368,0.12955823313543308,0.1346528236891627,0.16551780057257537,0.4949151069173947,0.12269888290793393,0.1559531793985176,0.2812624955352936,0.6892407060363253,0.25929590863623,0.8041827788802729,0.12084659156856359,0.15451349391375388,0.46250643783761125,0.4547446707495227,0.7067301086250457,0.6607670279699737,0.7491414685269415,0.24503855422743903,0.27175286582706104,0.4958693336612809,0.2743460100182329,0.27660121522821074,0.4732373785026273,0.27344196573516333,0.6730293118812498,0.13927809712383132,0.49813142224842344,0.6670170571074785,0.4622562073760609,0.18458726759567237,0.1131400466583977,0.20142864845392766,0.11948439491312207,0.4700099447310001,0.5126060158399179,0.4920963287197572,0.47127725163768197,1.0,0.13099266800002352,0.49847394873739054,0.5575151199909012,0.24110843925410835,0.48081637400561633,0.6043938244074605,0.139830154330861,0.24909938904092838,0.6768373141336796,0.1963344639501175,0.12394326566342172,0.13121213870401613,0.3137215415738794,0.28396704984261156,0.7777424975906981,0.13122913089272575
Si Sa Ket,0.7848999143172541,0.0946539932087825,0.07446544177206899,0.6080260071691979,0.6914860577263989,0.4680361113038342,0.10433462119268022,0.6786476510980841,0.5042228970472508,0.5082871328127861,0.4549237123919022,0.4040529480620358,0.08923912098163796,0.6656265962947464,0.4757182458290192,0.10128637630010098,0.7623722007818166,0.091016985382113,0.5208065498620501,0.5090031376584476,0.5422800797882237,0.08253465828688189,0.5214690599085279,0.658920416225785,0.5551000604606915,0.5285297620602855,0.07712850599424821,0.7476185605449734,0.7044971751560989,0.34136347692285374,0.17726462297346995,0.5072090735906237,0.11876198508213512,0.6832865581861469,0.6387160352669824,0.07373138836039653,0.09023201685604279,0.15268421224852963,0.12166768303723707,0.16671431174701817,0.4809398937924242,0.3292350747523593,0.09175146053435007,0.343184858925335,0.31508797858004983,0.07846416024027936,0.35929287429201967,0.10132154050343813,0.5445214136115933,0.07666026197868119,0.10109674894566381,0.08621171188418195,0.5361283233187022,0.732533165441205,0.48180821222879644,0.7111518847605146,0.07889631305639286,0.07853637488182726,0.07029238754248965,0.08437707926959383,0.13099266800002352,1.0,0.09798823220702846,0.09774106997647403,0.43929189995582085,0.08171765309005186,0.0985646078344863,0.7541269103270857,0.3427795448524623,0.1929289399459657,0.5036298959388815,0.8062433432309632,0.7603081586420661,0.29499935432634994,0.41147662772568266,0.135441091226635,0.7296606953922772
Sing Buri,0.0945269234832677,0.8105016932771552,0.6395059479986185,0.09693576203338797,0.10907076541792061,0.17926819354166118,0.8710822829015132,0.11321602833420477,0.13735189581624097,0.2165646053877933,0.23981735932400858,0.20782091179741957,0.48639344283600094,0.11789732854887866,0.20195075331775347,0.651660151176995,0.09550092469136681,0.5375327802783554,0.18140654202766004,0.1984616968304313,0.1098822754727336,0.6921392971844116,0.20603188609224693,0.09154847686241002,0.13189118609673464,0.1292161904534725,0.6694616779378816,0.10159261306550349,0.11059434185582774,0.2684490235652732,0.4690731014016379,0.21917135392867626,0.5187351427729359,0.08735713237099836,0.10828267975980851,0.6512806592858646,0.7047112967389944,0.5024335442368384,0.5109656995109674,0.4754879731602446,0.2321924588695136,0.2640656410614329,0.6886929532881867,0.27549146066097147,0.27552827783759737,0.6716012827455369,0.23203191834152836,0.5053424540013695,0.14636559628612664,0.587615885800717,0.496993721218836,0.6184248062356927,0.16190841105483122,0.09016614376633841,0.14616440675302872,0.09710202104602797,0.7102719790812807,0.6959681909495647,0.657762398843251,0.6693996619148057,0.49847394873739054,0.09798823220702846,1.0,0.4865664594041094,0.19635586641236547,0.6684932949520002,0.47695241099267904,0.09575485340850276,0.2725386544257254,0.45365118849863784,0.1492383876063251,0.08979707285706366,0.08978196274723113,0.2881122202434211,0.21269788795709582,0.5116996961233717,0.0979971610559689
Songkhla,0.09479143561714368,0.5021918325812523,0.5450863497710411,0.1892537446815198,0.077019492441188,0.22631277680156875,0.4824213453405046,0.0729910848316373,0.18460085480388017,0.11225737388024339,0.11904910645169714,0.2660363132331205,0.7280251852724211,0.0712465615300863,0.15227088848671327,0.5270563431191316,0.08308982313665887,0.624484168879774,0.1426927139748278,0.11871214088552179,0.2337644204683364,0.5419782521329901,0.10793280163156158,0.15331711897732375,0.2245364781709504,0.20009502461757175,0.5676862108144104,0.08339142094230828,0.07870220779145398,0.4047585594373465,0.4873914788622783,0.1073357406229975,0.5521906558812935,0.14451571673575103,0.07820703750412177,0.5399925138766623,0.48292136617170184,0.4985560403368474,0.5806475499552363,0.4898948890955032,0.11823049500052596,0.40542202598855925,0.5190321953314747,0.41332858557081903,0.4233913486523183,0.5472348560861869,0.34402291534372087,0.6772585353715903,0.1811063274672542,0.5956528642998722,0.6287208807724046,0.5515663316702477,0.10872300918103678,0.11790199034244206,0.22121154243108637,0.1360118329932921,0.5114661120781359,0.554570684760757,0.5531530520660942,0.5377928516232636,0.5575151199909012,0.09774106997647403,0.4865664594041094,1.0,0.22378040960360507,0.5492109051802485,0.733774480363252,0.1080482973754269,0.35085551912936674,0.4470827783970666,0.15591699756987956,0.10291802060133985,0.09354435754377557,0.46920784335354504,0.24169343399353033,0.5324673198617664,0.12466770879840218
Sukhothai,0.47030387792509076,0.20596721624280204,0.22246536355312346,0.45127193389050424,0.43844037013778564,0.43893955334582857,0.18550073539273704,0.42805002579161183,0.5458074992188069,0.4986913533668801,0.35957763560782613,0.45055081250892115,0.25258586125313015,0.41736378533380897,0.6340810302195069,0.19655675993226857,0.46398735654395024,0.2154479251846993,0.6876081075235746,0.6159178209072231,0.4613937826601009,0.20920940324300785,0.5600409085244081,0.46546654877795957,0.392249603996518,0.5591534764904544,0.18594607287099005,0.4392669759431084,0.42407975577031654,0.4503976083301825,0.20860157317246436,0.43686060520480774,0.24834465198725,0.4439516373839767,0.4468141550565542,0.2194580521732321,0.20269116753839655,0.2259901751394522,0.1875646823748615,0.26297060538601325,0.3985840284056964,0.5360188711879472,0.17692271917304547,0.4649081672236347,0.504903873506422,0.20788810120876358,0.6816596553536076,0.21268374120699202,0.4395841061378772,0.18227785116215983,0.21044057319728793,0.20289674288095216,0.46706669307110704,0.4656735313303945,0.5607638613178431,0.42913359219370917,0.2223893507953819,0.2027085645176751,0.22187207464026398,0.21979087900315358,0.24110843925410835,0.43929189995582085,0.19635586641236547,0.22378040960360507,1.0,0.21267779944013016,0.24019183359550983,0.46015507446287396,0.46363751670482845,0.2514137538663055,0.5492347838741114,0.4584962140680047,0.468450887820015,0.44638218677711805,0.7220968675808253,0.23125772484058135,0.4588281480381876
Suphan Buri,0.0847494442838092,0.720562261120502,0.7692607159198848,0.13479046787576213,0.07799192806738729,0.1872409476257705,0.6537920211010517,0.07784945654422129,0.15210486815767454,0.13984490243349357,0.15007539211559995,0.23331543112763833,0.5431085681372464,0.07569819576769896,0.15276257872735766,0.676863694329418,0.07682768305193435,0.5322407003847037,0.14831194633149652,0.14386935474564405,0.16809651857497873,0.8944232759228625,0.14056746506920045,0.11522837973980782,0.16783723273931597,0.16557657465954825,0.7686319432973865,0.07378789218659695,0.07580653873208973,0.31136413356549103,0.4191992190637633,0.14383846461909217,0.49128580453633325,0.09837396548265614,0.07918003540317328,0.7568288211480417,0.6419438223104249,0.44777022819524076,0.48645497868036913,0.4409845849273022,0.14696965182895552,0.3326086501763675,0.6646392702605632,0.3371276272556438,0.3453607888125304,0.8430624779246746,0.2987498493764789,0.52655332413616,0.14293365152317627,0.6536043562879934,0.5000170017834782,0.7075974071244668,0.11497535256619806,0.09193943095074286,0.18491209581546494,0.09955160821536699,0.7272871148092743,0.810194781726137,0.7870520849524496,0.9083020610610848,0.48081637400561633,0.08171765309005186,0.6684932949520002,0.5492109051802485,0.21267779944013016,1.0,0.5290945359168615,0.09210771967579287,0.2889128301462756,0.40087741823035394,0.14867662299027495,0.08207512287577123,0.07827494823075234,0.3701898111149651,0.23529466062219945,0.47188894226694034,0.10429915518213906
Surat Thani,0.10135814485321734,0.49066166359013524,0.5227380945385296,0.1764211310564756,0.09268184975038402,0.2067537086730783,0.47205577778549435,0.08518357538438955,0.20434161650948757,0.13006504268935465,0.13042177273228808,0.24842601498732253,0.8184355273477135,0.07811398022462337,0.1675686205570963,0.5280577190613697,0.09208503785044762,0.638448959929758,0.1551587359566015,0.14358208068673103,0.2230384852895656,0.5222655064835119,0.1289470267507006,0.14910281456538105,0.19049679272697362,0.20674603525081575,0.5393194432058215,0.08394421620671526,0.09125676515571127,0.36041115787544437,0.5193648980230247,0.13594467787024667,0.5957726264290455,0.13466044184706072,0.09932501145857778,0.5176983597260697,0.46309892059729585,0.5322144715846023,0.5898387879370868,0.5421136749414578,0.1340940070204524,0.37240815743643274,0.5059346413648267,0.3679685634899249,0.3855063449391843,0.5226902867035808,0.3488980272205126,0.7079743136636474,0.163340342523607,0.5734552333448576,0.6554947585442182,0.529761021740688,0.12990918963859355,0.11109255112004399,0.24182314281479678,0.12197920718361982,0.4963653334906962,0.5428884708916485,0.5424549992944377,0.5184345407835206,0.6043938244074605,0.0985646078344863,0.47695241099267904,0.733774480363252,0.24019183359550983,0.5290945359168615,1.0,0.11535034644934403,0.31002577911078827,0.4953368272414326,0.18658077932166314,0.10342007515417698,0.10242697003245463,0.4318666439185819,0.27748356421580833,0.5695550840732663,0.12258645063762239
Surin,0.8045026993716062,0.09933351650688753,0.08211298104034617,0.6298873436270996,0.686930151182645,0.4396055795828765,0.10068685178040608,0.6609245850298127,0.5148882581158523,0.4795943010788344,0.4137910405083898,0.38766260456483925,0.10588769796172204,0.6155353676280085,0.4549526306140149,0.11768284039219111,0.743003445555725,0.08694431092653154,0.5171735147469934,0.503830560943329,0.5706634289641658,0.09094113668426693,0.5068536779871284,0.69646003774474,0.5436741464752424,0.547039275463348,0.07953712231115881,0.6632285270772338,0.6753006181078787,0.3249103445018315,0.16799186519713105,0.4943381815448781,0.12277307873328651,0.6676982587792412,0.646454100363717,0.07903694583631624,0.07966201657262384,0.14303177114958565,0.10812751962384583,0.17802468802755123,0.44387053248301,0.3379072644887011,0.0920929683970351,0.3420970928346016,0.3187588753602586,0.08439773060041056,0.3958434496782393,0.10746498311669375,0.5129323535731091,0.08240243917651413,0.09874910726588665,0.09462498092760471,0.5127138427257903,0.6999944131908464,0.5106084542462073,0.6673952675378507,0.08178744541382851,0.08915814440814124,0.08196890627515357,0.09525067713762836,0.139830154330861,0.7541269103270857,0.09575485340850276,0.1080482973754269,0.46015507446287396,0.09210771967579287,0.11535034644934403,1.0,0.31103423576905476,0.19407428482439115,0.5199532874985273,0.7608635288201451,0.7721442935113556,0.3060967906692928,0.45274588075645,0.13282314973617942,0.7814209417156622
Tak,0.327876016023618,0.26720129405997395,0.3164102375008416,0.3907925703784868,0.2841183915110375,0.5712402367222007,0.26977816795412074,0.29729132823348897,0.4074159056631609,0.38488036296963457,0.34195794756317066,0.5591553170486716,0.3253342753415118,0.3362830766456672,0.48346156307360877,0.22918139711452923,0.32960189648568655,0.3488519710432,0.4524401924341849,0.38326918125489684,0.3981577565239719,0.2888682931817141,0.37322035148911037,0.36470336504867734,0.46158781977242547,0.4145274010967839,0.3112945897029422,0.3692967150303922,0.29372064354686084,0.7257111694862303,0.25804289081874265,0.26913744091633796,0.268573753786711,0.4082906463414423,0.2863026295200636,0.3205130414448251,0.33450373021541285,0.27423229296836604,0.343636681030667,0.20371824081306927,0.3434498236032235,0.6337014250302272,0.28669787921366435,0.6288228988020288,0.6517147900374766,0.30855866103054486,0.4771276656716259,0.31916495244681903,0.5348885958170284,0.31162487153415547,0.3374020858046122,0.30555275805010607,0.37898355954821816,0.39152718267898917,0.37545359107284526,0.40582284100229205,0.3059531280820825,0.2706366935934947,0.28850864041526936,0.28843521219678475,0.24909938904092838,0.3427795448524623,0.2725386544257254,0.35085551912936674,0.46363751670482845,0.2889128301462756,0.31002577911078827,0.31103423576905476,1.0,0.20876418139768474,0.3485292511611252,0.35827397449365295,0.33310944194344444,0.5714548384758037,0.34252394420085724,0.2701641362885365,0.3380236035131594
Trang,0.18901783883287854,0.4353864893487772,0.3785280543203536,0.13921340240037983,0.23244706873544238,0.1579966124682603,0.4572829631188074,0.22541979807599005,0.20439693710907975,0.3357219379068894,0.34446565876837365,0.15378603814328923,0.47754771910984223,0.21782067767631957,0.3066772242640779,0.440693157476878,0.19458070702603558,0.5602143434415388,0.2772811192049266,0.31814631830598067,0.13408455564809602,0.40672756920987524,0.32331078458381335,0.1511835412699604,0.12203723820155754,0.16623065456271563,0.4124364466106919,0.19099701851847128,0.23565412743874284,0.21650056260603595,0.7274436651893295,0.3650582608753364,0.6729889338403313,0.15019760903951349,0.22847722617502503,0.38224346289703354,0.40330280811693486,0.7165947981096102,0.5854843795071041,0.7672237791273997,0.3497748811305438,0.19078298698519452,0.42797438425966294,0.19818391698635657,0.19283182073117966,0.3927108685076438,0.2233295870294946,0.5466909426110014,0.16022057250199268,0.40718507386009617,0.5608558740978289,0.37699835441049856,0.2607126093021591,0.15506614982914033,0.19987064407469496,0.1558385787343306,0.403050731511587,0.4357887612787612,0.41214674757247227,0.39352228793206473,0.6768373141336796,0.1929289399459657,0.45365118849863784,0.4470827783970666,0.2514137538663055,0.40087741823035394,0.4953368272414326,0.19407428482439115,0.20876418139768474,1.0,0.23377209106470803,0.17641819141982862,0.19058301134903066,0.21985988813625584,0.29543639627031504,0.7022154241327028,0.17217195290787973
Trat,0.5377899554564044,0.14849092756657611,0.16741160768282842,0.47821761533976365,0.514327258849884,0.5469629659361593,0.1410870613661061,0.5072520706782969,0.7758175026201111,0.4720805380720734,0.38403109730554097,0.5422350776309461,0.1978948300597376,0.5027994142201746,0.5298357138983242,0.18176559770082262,0.5490292887604157,0.16731872238744916,0.5079800202234728,0.5313524521436549,0.4942456802205981,0.14628147461911126,0.4985691875571485,0.5177492917504692,0.40659555916541745,0.6688312711097145,0.12902741955191627,0.5229887854293884,0.4978720972820845,0.3001162569925028,0.1854183219778438,0.43408648291214735,0.20552499984879385,0.5133709024304514,0.5483387453456866,0.16715791695982718,0.1677300678954638,0.19776801043321512,0.15331785404656784,0.22696779210136123,0.41142271898113103,0.35597046623886486,0.1718318838220732,0.2885920486707633,0.3360325385126998,0.14817961427938156,0.47581883508342526,0.15918276396384548,0.5535812229293566,0.1705439325827741,0.17940359946573722,0.1798389237799083,0.6433639028800198,0.5277941225183367,0.7155229646716709,0.48191639801084174,0.1736344257569395,0.14659533308589937,0.17245166871720305,0.15453461527001053,0.1963344639501175,0.5036298959388815,0.1492383876063251,0.15591699756987956,0.5492347838741114,0.14867662299027495,0.18658077932166314,0.5199532874985273,0.3485292511611252,0.23377209106470803,1.0,0.5317047482185282,0.5553590605730822,0.29352249338801517,0.5627610104356544,0.19259026201568497,0.5001179105394937
Ubon Ratchathani,0.7920863342980424,0.0892015829141506,0.07867445233156238,0.6381496179987356,0.6678835478232152,0.4928536481206687,0.09457248868376983,0.6620462555185223,0.5363316100499587,0.49617112091104976,0.43434175482408477,0.43435706933762486,0.09666702758467181,0.6402058895676525,0.4781748925815261,0.10052108976472254,0.7732110996762043,0.08955030428433158,0.5235875309892327,0.5098692968415917,0.5745620685606856,0.08190890268533732,0.5146810159049501,0.7028835015007774,0.5732967533065854,0.5622963222134226,0.07615953172334382,0.7312310510006717,0.667981760216739,0.3575964958740562,0.16035536203767484,0.486545180298672,0.11176480961323507,0.7304372946763106,0.6398731763826815,0.07753551078627934,0.08762878820062482,0.1379566982756637,0.11355878084515021,0.1548595656841755,0.4591971845484504,0.3559545914432009,0.09168393905519875,0.3605403550657502,0.3397092793164053,0.07961869554754764,0.38813167326970843,0.1010496003567311,0.5647146688368128,0.08172595322183496,0.10069597848057554,0.09150685915504342,0.5456045831924214,0.7913391761678266,0.5166691708935208,0.7343616453318901,0.0797738471036745,0.07695187439617111,0.07326950331872946,0.08507346584704933,0.12394326566342172,0.8062433432309632,0.08979707285706366,0.10291802060133985,0.4584962140680047,0.08207512287577123,0.10342007515417698,0.7608635288201451,0.35827397449365295,0.17641819141982862,0.5317047482185282,1.0,0.8073991735560615,0.3166435845897342,0.43090312612859943,0.12407053275091919,0.7526628842799482
Udon Thani,0.8145545615516195,0.0885747567172887,0.07524983036202333,0.6074019063832905,0.702556670102598,0.47735785918390894,0.09400731303655094,0.6873321429636117,0.5482081922719609,0.5087538202341045,0.44234542782047903,0.423934805018977,0.09647788820092743,0.6512095832212268,0.4870135753839826,0.10343481000300009,0.8606923132989541,0.08744064711165311,0.530084480570967,0.5271532779738182,0.5562156801964848,0.0781189934143254,0.5295782562625085,0.6733867166266257,0.5333508475721526,0.5607734917196937,0.0684344726859783,0.7188945706167622,0.6894207967647796,0.3269191463775417,0.16445645362501626,0.5072179765059148,0.12058977020975786,0.6782023962417882,0.6857877346072746,0.07410412288946788,0.08485784612555403,0.14494292984884513,0.10891535240746977,0.1690623455838806,0.4705400916904304,0.3346626506768118,0.08921388954605804,0.32947935697711694,0.3155438296989422,0.07443612356737897,0.39119101232763154,0.09743754154997708,0.5455537447491661,0.07590758445356457,0.09933517394254333,0.08683809052535593,0.5631847471062873,0.7167851170450631,0.5278615524456737,0.6681510760541264,0.07928945305679612,0.07559618419699896,0.07388647984496104,0.08191736478714012,0.13121213870401613,0.7603081586420661,0.08978196274723113,0.09354435754377557,0.468450887820015,0.07827494823075234,0.10242697003245463,0.7721442935113556,0.33310944194344444,0.19058301134903066,0.5553590605730822,0.8073991735560615,1.0,0.2914397616791913,0.45409067582036955,0.13069615437102022,0.7099831012272482
Uthai Thani,0.29424316463683164,0.3138198341738579,0.3769692063122171,0.43950600447516747,0.2327983784385806,0.4180831911197783,0.2838428616419756,0.2323024755496115,0.35450837832566395,0.21366164233060858,0.15518488751334128,0.4418029465501651,0.43827479846500034,0.22518712794344847,0.3055702178360128,0.32333736020841625,0.2738944308775635,0.3776428589234008,0.35334747095933383,0.2635954846914555,0.48125925434113,0.3612129685903921,0.23773797484531667,0.3915305680057588,0.47744121171207327,0.4228129924904214,0.3743205035141385,0.27325243600619625,0.2323979843399195,0.6856544121565649,0.2593397999986626,0.16486931073604444,0.3027497456649527,0.382580616539773,0.2286236425203485,0.3700236905385182,0.30969509042145915,0.2582620982548466,0.34592061829499526,0.2570402178307548,0.16835527585693794,0.7430309357950914,0.3201760812639818,0.7593693643371782,0.7713185570921566,0.3718936285730515,0.5852257311830188,0.4062996936019201,0.39393944599647046,0.3847781021542538,0.3750465599550785,0.377669117146779,0.2171425569502588,0.3496107020604383,0.3987486767364899,0.36781441668270914,0.334373744378895,0.35097891996257985,0.3596048259842243,0.3669612481419595,0.3137215415738794,0.29499935432634994,0.2881122202434211,0.46920784335354504,0.44638218677711805,0.3701898111149651,0.4318666439185819,0.3060967906692928,0.5714548384758037,0.21985988813625584,0.29352249338801517,0.3166435845897342,0.2914397616791913,1.0,0.3920218705341983,0.2861679827543703,0.3443860832131656
Uttaradit,0.45263116456107183,0.2280561384530249,0.23782749924602942,0.4266331771042695,0.4326767050101372,0.36016088784762385,0.20234880908383646,0.4160618255268307,0.53467417376985,0.44762208278955323,0.31645201196479505,0.3847274317184176,0.28656278908174254,0.3870877900854339,0.5357388183309164,0.24528696254890664,0.4466350552719699,0.22758320671642635,0.5907634833090255,0.5676195631629497,0.4493258057704896,0.229933379386122,0.5131936505561518,0.44969623697100736,0.3357259253851671,0.5357697145772906,0.19838623035842834,0.3996459502629675,0.4112371295983089,0.34776971637285004,0.23240957899022696,0.4317085656992225,0.2841869058720593,0.40713912824607335,0.4516729160833737,0.23213221298660391,0.19926150563064182,0.24764688251891892,0.1925365201228179,0.31731307421257376,0.36032380687786075,0.45483460954911137,0.19776107159606926,0.3793539078780809,0.42186962683762086,0.22262250155293958,0.6550216536392937,0.23871022284090065,0.36200165933621625,0.20444811251420586,0.22835109511470245,0.22430817034140893,0.4388230668160039,0.4249652140029951,0.5742195894689267,0.38287746839261877,0.23584358550419635,0.23281294632458566,0.2502515201134956,0.24200756483246727,0.28396704984261156,0.41147662772568266,0.21269788795709582,0.24169343399353033,0.7220968675808253,0.23529466062219945,0.27748356421580833,0.45274588075645,0.34252394420085724,0.29543639627031504,0.5627610104356544,0.43090312612859943,0.45409067582036955,0.3920218705341983,1.0,0.2599406991421634,0.438909373212225
Yala,0.128644400092698,0.49511641389525984,0.45565570633886227,0.11575744379460716,0.15935581861733933,0.17773138682235917,0.5129489748765481,0.15650365538130745,0.18000847954342325,0.2765231265500695,0.29183447477826874,0.1874216682088896,0.5571579657523962,0.15532889628173124,0.27101092921285663,0.4949135529444668,0.13260559637717195,0.6806233144248175,0.23043307769661592,0.25819323183611614,0.12381678269724623,0.4774284374720711,0.2597212539903467,0.11314357987212458,0.12485220274446637,0.14781244050881034,0.4915719992324228,0.1372100055232126,0.16404077630215724,0.28061597738185906,0.7390566491624462,0.28427377692524947,0.8313456559992689,0.11700885194957952,0.15756894982530076,0.46017221109769935,0.47506255593505586,0.8288978853880128,0.695133341110934,0.7264179542693864,0.2898646826031265,0.25018284064461205,0.4988882164839072,0.25812530796809635,0.2591974817666879,0.4688473052053631,0.2400581047807072,0.641778262176289,0.15809791500225823,0.4884000524581187,0.6623877225817998,0.4537446436867291,0.21249883235484807,0.1135946211152972,0.17939964796226238,0.12092109689396269,0.47428162313404454,0.5037344578201002,0.4837886049702864,0.4629513015578647,0.7777424975906981,0.135441091226635,0.5116996961233717,0.5324673198617664,0.23125772484058135,0.47188894226694034,0.5695550840732663,0.13282314973617942,0.2701641362885365,0.7022154241327028,0.19259026201568497,0.12407053275091919,0.13069615437102022,0.2861679827543703,0.2599406991421634,1.0,0.12182861801638288
Yasothon,0.7440491559226481,0.1046822601095295,0.09475137815669771,0.6809918183886794,0.6338695638714257,0.45476507818928846,0.1020303639846453,0.6196325717828743,0.5072838313464489,0.4525035457480424,0.38805274691976777,0.4040735298588798,0.11363424332121222,0.5874557307616554,0.44027233993263054,0.12082774451558664,0.6867681637299059,0.08934838014786393,0.5056712373963951,0.4790910276605835,0.6040765884362959,0.10240826786120878,0.4809345479443454,0.7443826679492507,0.5902217764053832,0.5579740109427616,0.09365379290276712,0.6461408741745238,0.6305330219907845,0.3602184605072756,0.15539093303717197,0.45779505485629385,0.11231854115062304,0.7002034363828447,0.5969524914566694,0.09105568363593311,0.08556125477182455,0.12894409898137343,0.1083349553042128,0.16005253002230918,0.41466800145738625,0.3718291089942245,0.09897239821463819,0.38298528345013305,0.3554684842031641,0.09756184873682011,0.4075190279841477,0.11326384219640354,0.5262404499316017,0.0958899822827006,0.09991423759079641,0.10848074686736908,0.4869070936688935,0.7397108762596478,0.5096268099512362,0.7117048881731757,0.08921498848415833,0.0971317871160339,0.08970811770392079,0.10714834840329132,0.13122913089272575,0.7296606953922772,0.0979971610559689,0.12466770879840218,0.4588281480381876,0.10429915518213906,0.12258645063762239,0.7814209417156622,0.3380236035131594,0.17217195290787973,0.5001179105394937,0.7526628842799482,0.7099831012272482,0.3443860832131656,0.438909373212225,0.12182861801638288,1.0
