province,Amnat Charoen,Ang Thong,Bangkok,Bueng Kan,Buri Ram,Chachoengsao,Chai Nat,Chaiyaphum,Chanthaburi,Chiang Mai,Chiang Rai,Chon Buri,Chumphon,Kalasin,Kamphaeng Phet,Kanchanaburi,Khon Kaen,Krabi,Lampang,Lamphun,Loei,Lop Buri,Mae Hong Son,Maha Sarakham,Mukdahan,Nakhon Nayok,Nakhon Pathom,Nakhon Phanom,Nakhon Ratchasima,Nakhon Sawan,Nakhon Si Thammarat,Nan,Narathiwat,Nong Bua Lam Phu,Nong Khai,Nonthaburi,Pathum Thani,Pattani,Phang-nga,Phatthalung,Phayao,Phetchabun,Phetchaburi,Phichit,Phitsanulok,Phra Nakhon Si Ayutthaya,Phrae,Phuket,Prachin Buri,Prachuap Khiri Khan,Ranong,Ratchaburi,Rayong,Roi Et,Sa kaeo,Sakon Nakhon,Samut Prakarn,Samut Sakhon,Samut Songkhram,Saraburi,Satun,Si Sa Ket,Sing Buri,Songkhla,Sukhothai,Suphan Buri,Surat Thani,Surin,Tak,Trang,Trat,Ubon Ratchathani,Udon Thani,Uthai Thani,Uttaradit,Yala,Yasothon
Amnat Charoen,1.0,0.25461994014434397,0.2801719439796904,0.43380133289355455,0.5162052561601432,0.23710579283149316,0.35670978966797856,0.4747404027850234,0.3765905322744612,0.4447805745494774,0.41238352748371043,0.24933279995209837,0.3601831073852395,0.5189646292193885,0.5205922743731127,0.37805818096821836,0.5439226167970921,0.4271269328901405,0.34232759853624584,0.49239863955250396,0.43205665761096934,0.38714118916026874,0.5108449783179154,0.5259591263403263,0.35491136855292216,0.4831405962887209,0.17023564220296336,0.769626893502111,0.4790417465340494,0.4543401047601306,0.20544862326968427,0.42930210514123135,0.4391866944889641,0.4797167928167897,0.7234841694285273,0.2947945767624808,0.3595567398698869,0.38898318340044824,0.4189476381663518,0.3270497209565869,0.4296526905535862,0.5071880935620481,0.3393376300689316,0.3095670731615257,0.33185532733567913,0.17178180899427734,0.3183550306525326,0.4035263779355631,0.36435768103838956,0.3338260719655226,0.47296426467996,0.23823478873079032,0.3117842201312947,0.6751017617329954,0.4034467109538754,0.4627676850039088,0.35148964785635745,0.3893202484105977,0.37821886880745653,0.2976328011248026,0.46570597139313874,0.5256764587071965,0.2919452730971952,0.1958497489196188,0.3146626185009255,0.170694145758243,0.40681595954756045,0.5065159807014075,0.32559803503174606,0.44741578993328696,0.5884569035009166,0.5238428338116897,0.5405024379896021,0.2578005939781473,0.3772877969116338,0.3195344373775787,0.49949825441442003
Ang Thong,0.25461994014434397,1.0,0.6424409321407153,0.19647022396137742,0.17198628431503732,0.4266698642598962,0.6014743656961681,0.28324593009706767,0.26476592192887305,0.43537683712865377,0.21936698785765252,0.43613420072730863,0.45320775185405937,0.24432185484877073,0.407558681044921,0.6003923754759709,0.17288387870932095,0.38510528829325896,0.3538160087460783,0.439607082043432,0.3128662972885921,0.507986135207155,0.4479414679448437,0.1593678758777951,0.3406325359189359,0.4916836672070966,0.634933127162345,0.2586917991301274,0.20938808866665096,0.3932234644564517,0.294890322265217,0.3583258981279464,0.407462493354363,0.19226416019960121,0.299757185304076,0.6522474687583844,0.6985505764292628,0.4493174510169858,0.42672547989885073,0.35856988670975143,0.1706464546435286,0.4357242363686533,0.6023610309473257,0.4455722369999913,0.42499646481249354,0.6138338249290928,0.3338894080211774,0.4818068889235715,0.2298777599453467,0.5762649111934852,0.3716094183525642,0.4904531311103288,0.40595949769728445,0.30062604060331666,0.2514121799645593,0.19140686672229323,0.6392942992703365,0.6238141468471599,0.5307797994747835,0.6812897584827803,0.40023189734268494,0.15672558981278478,0.6033360416162585,0.30046977186762824,0.38440926271246956,0.54338805785845,0.39721850276776693,0.16130736479941976,0.2543565187598236,0.3963997577533907,0.3076713960944846,0.14636921680913,0.19810640058544376,0.39864478403532877,0.3780308218073156,0.46190064431862377,0.23625710085199852
Bangkok,0.2801719439796904,0.6424409321407153,1.0,0.20378941022578484,0.12289094723768837,0.4408763377787066,0.5426303160942878,0.25616293666155715,0.304988637045639,0.39370484735733263,0.14626517004309314,0.42754621587812497,0.49998330955893744,0.26069218123524057,0.3631234414690756,0.5673287490096186,0.142508499796828,0.4146064849736619,0.28810403634848936,0.4085015095043335,0.2976989995233328,0.5075181654562503,0.44659227284599146,0.14830518996153563,0.33411932851608206,0.537789822645177,0.6128832281731297,0.27999736474688747,0.12787964302520866,0.3748500501124282,0.2960822543234623,0.31624611011256565,0.45273991146652626,0.1934780529075827,0.3205857054827154,0.7750345262984419,0.6967738193609037,0.49694419478176943,0.4895382478925807,0.37354928640333124,0.14257344723617082,0.42003559364407084,0.6099953704535744,0.46864926274580465,0.42104718302591243,0.5814662243713568,0.31326418545127777,0.5357701989426159,0.25353649261495376,0.5986395150236951,0.4164836013798444,0.44961397220198257,0.4259588073471054,0.31164087946311614,0.2429208319699703,0.1700897279096612,0.6834140396967062,0.7059832312483957,0.5824972762453183,0.6921192523453119,0.42056402759405476,0.13200916609082344,0.6646589151367743,0.2948310811199166,0.37331001262009605,0.5383266723071723,0.4324930792412359,0.14702134707646625,0.24693282352248908,0.42629171446405345,0.36917202457605847,0.11746274595238561,0.18726862414865797,0.3593753767897479,0.3382102430241321,0.4888779060719538,0.2340312780720777
Bueng Kan,0.43380133289355455,0.19647022396137742,0.20378941022578484,1.0,0.4068395573437126,0.3111122714076779,0.25393839444706606,0.4264877323098438,0.3631829853615184,0.3366394694505681,0.34602727036191416,0.3053213220153631,0.17381151672274342,0.44449389487661295,0.3779195882384851,0.23736119584201515,0.45481366258798844,0.17617908851834066,0.41181854614762514,0.3515004740087244,0.48452593886837825,0.3565655938033733,0.33379643300008444,0.5105719759068776,0.48763365663846214,0.3115555046575847,0.2086300582715529,0.45631738415668,0.406975747651731,0.3732620018377849,0.23729570207737558,0.38361455734623784,0.19788418328754812,0.5426063936654337,0.47418191764449763,0.22057765146316324,0.1837571543843867,0.18517670556517563,0.19234002350311893,0.18231962616553885,0.3619659960436505,0.4000419772683357,0.18709979444118666,0.3221065875950905,0.3413898993866705,0.23875266309926488,0.43398100617012514,0.22247529796150375,0.45042773470840547,0.20812278124930536,0.26287706961977897,0.2401586163415215,0.29257636223101874,0.4299930436538841,0.4217907856715314,0.5107730169853324,0.1978963371189523,0.19136803455614967,0.24553218258867196,0.20156836011510718,0.2245900774707472,0.43489696892829355,0.28832220825903393,0.24712323815458703,0.33045773548125823,0.2545318172083554,0.18501819318441623,0.4652469281823966,0.4048385251067876,0.2199500043900774,0.32236497765601985,0.4548411729788316,0.4859677869803876,0.41684745069006424,0.3662021146716061,0.18603955435181838,0.478172163457794
Buri Ram,0.5162052561601432,0.17198628431503732,0.12289094723768837,0.4068395573437126,1.0,0.26728357991380436,0.15984720169448927,0.5054678895495863,0.3715164022187348,0.3252293517547543,0.5298342329409184,0.26751280634165003,0.15242782557029855,0.4807678989871161,0.3331578008690376,0.17991963104480957,0.6429347882393663,0.22819142892978883,0.43899731113580376,0.3355225461524669,0.3834511914201827,0.2489339013438181,0.30977467146373666,0.5908996325952437,0.34746180464019927,0.23509709752887686,0.1865657136112893,0.4823220561067651,0.6596835731042342,0.31939355037478967,0.26876762173601954,0.4103969543247449,0.20874990366751306,0.5094955752735085,0.46410697713793686,0.13102991756754975,0.14215005589973523,0.1677147506366553,0.17864238619385836,0.24122253599091054,0.5299491912312456,0.2910215681711373,0.1259975851016446,0.2512031835287187,0.2810774239670881,0.16466818733537536,0.4042593044108521,0.1626075052842379,0.3600766305093994,0.11851077057258987,0.23229966094014576,0.24923603422418122,0.2528045140072575,0.4477498189652312,0.4148947670502141,0.5162511642830001,0.1253345884200904,0.150910289412785,0.15032498799652821,0.1328373644947593,0.24584628795618668,0.6512065684989916,0.14585020976734522,0.2742782224295922,0.30365864924753544,0.21387345846691644,0.20540344787413178,0.597519782201473,0.375674207850355,0.23387915078303972,0.33810042452261685,0.6192433042161773,0.58413096598569,0.29334777251483074,0.3888189309770239,0.16657706031175762,0.48810318840090494
Chachoengsao,0.23710579283149316,0.4266698642598962,0.4408763377787066,0.3111122714076779,0.26728357991380436,1.0,0.3114876794983267,0.33988177971415,0.42678484011729273,0.35673861896966796,0.23722036369218152,0.6585275157166975,0.27278483561472144,0.35542468771713503,0.3499235972468443,0.3581654612014008,0.2961492025100956,0.18571728522187717,0.4155549533807359,0.3371409270352744,0.31392381901085864,0.2771054635270924,0.36733116730544113,0.32564725803958416,0.4395213799351356,0.541580115256044,0.4799256967252014,0.2512242183490522,0.31817185788603947,0.3278736929472857,0.2611669294602417,0.2602289736287077,0.20291576639230363,0.3382130367997034,0.24521094586661893,0.3943127461477056,0.39952449831364245,0.2746457612978786,0.27324960911026674,0.19263447649666235,0.23748896842202039,0.3601100552362255,0.40893133390220804,0.4732858305487819,0.45257957750389066,0.43508626959835095,0.37327035962507227,0.2850841794302221,0.4481042663184527,0.37046931275970263,0.1761013996655586,0.2892463309865251,0.539556084448257,0.32986218166013814,0.36121609779328856,0.3362527260934188,0.4308031509901601,0.39654017662535823,0.2671767362301022,0.4102040569753074,0.17253551373159653,0.2920316488041071,0.3511509410783986,0.26509929998058573,0.47215752773927594,0.39313554846381926,0.20508148132128184,0.3026884759676148,0.4061246022953743,0.19851650040992333,0.3117514104241963,0.28836763641256,0.31416135218998426,0.40614940568619884,0.4293825842722018,0.2777405642952781,0.34164490441399653
Chai Nat,0.35670978966797856,0.6014743656961681,0.5426303160942878,0.25393839444706606,0.15984720169448927,0.3114876794983267,1.0,0.31821523695634024,0.2611439262491452,0.42322804942089,0.23221309659651446,0.3226158477636567,0.5607492719094627,0.2819562231691166,0.5650404462714854,0.6477823962876023,0.1905363535321701,0.5195459892143931,0.28796839759471576,0.44347466869366414,0.37399536221547514,0.5777001982703481,0.5021458742578346,0.1423077919261611,0.28281019379614775,0.5270240945949634,0.48110077730310574,0.3791375116092184,0.17677919076708482,0.5211078278792903,0.3313031197154882,0.413150600176869,0.5275795395542575,0.23747725842319412,0.4159105718582234,0.555928284617796,0.6711142629532456,0.5630842946808471,0.5360611698210278,0.4149250246882835,0.1988007284506711,0.5381598552156671,0.6688545640792215,0.4199880482321932,0.42275384312385844,0.4927452481499862,0.2824064404612215,0.5440700472731935,0.31595265504595965,0.6844651451885606,0.5113669511680925,0.552902837442253,0.3497099875397272,0.40382006748827265,0.2924904979720755,0.22718036150776194,0.6413450283044939,0.5988036594757112,0.6821036005674832,0.6112702504287953,0.5216178806569272,0.15538407863112505,0.7236782415981018,0.30286246908269876,0.3570380832522472,0.5813949063111957,0.5307753746363323,0.1815127093928091,0.2401071115400922,0.5333086927438269,0.4018876952609406,0.14075736181940046,0.24187443278157178,0.42827977311337195,0.3407514217568423,0.4921330071957557,0.24750025763949488
Chaiyaphum,0.4747404027850234,0.28324593009706767,0.25616293666155715,0.4264877323098438,0.5054678895495863,0.33988177971415,0.31821523695634024,1.0,0.30947215359371705,0.44773377639409123,0.3675483087390995,0.35718310572189477,0.20777817244303476,0.5889066295039491,0.4903478977685511,0.3516377067477623,0.5424059965129584,0.19393041248176612,0.4195485246432428,0.4553109370584061,0.36212006761271437,0.4154478489971442,0.4647674319348195,0.46046991413599236,0.3974109526728153,0.4018773772645833,0.2219804335866724,0.47517989891799167,0.4847587884673603,0.4622856791323978,0.16194363235853426,0.48244904256076876,0.19045390925226585,0.4652633282738125,0.4747615377645646,0.2544471868668293,0.28160741914885457,0.23278649200412532,0.22961273513564656,0.19824156606642698,0.38952403797629487,0.45417401466966134,0.3101548011781364,0.4101443356145559,0.41705716564320217,0.2598908990057763,0.33470830071140545,0.24389965812835238,0.3205936420023841,0.2718868462242028,0.20131266716078106,0.27423644737584624,0.3890169509062629,0.5540743502874337,0.3585848745761676,0.4978849346142134,0.3090129014714034,0.2857602555052308,0.2210115281047588,0.2822877850854929,0.21320519280205236,0.45291291239911613,0.32852404475168173,0.1390648040271262,0.41088270885512224,0.3669456065775052,0.19540331586547402,0.5144730324309497,0.37460362764555843,0.23718790248374083,0.3373427943451896,0.4180264727588697,0.5648153274512283,0.4125840061372562,0.4276664205120788,0.22049463245482004,0.6239762426888439
Chanthaburi,0.3765905322744612,0.2647659219288731,0.304988637045639,0.3631829853615184,0.3715164022187348,0.42678484011729273,0.2611439262491452,0.30947215359371705,1.0,0.26487639626369464,0.307082196086097,0.4188121578340045,0.306057717667402,0.3009278150719696,0.32305084844158205,0.2862309506154129,0.3735877184234485,0.3104995356109629,0.30799023275998516,0.27500215216524626,0.3837420832537538,0.3231764449933961,0.2850225566819541,0.3694714089291554,0.33791190374874325,0.45778451297277545,0.3000147615351486,0.3501379076971072,0.3593191055707402,0.3022626164693719,0.34878276941255804,0.258536566069443,0.3144546136032774,0.41168590475722455,0.3418872312112202,0.3040301811296434,0.29406900934593116,0.30872254970620683,0.3314158829622215,0.30061013857033964,0.37952824482691344,0.303959483934815,0.2880750514894766,0.2731754695455152,0.3445600426011528,0.2733544540560784,0.31538524755779196,0.29227200028526895,0.5325499341991571,0.3135344847421595,0.31807288656131066,0.3359984306027985,0.3973393091751696,0.329710685381512,0.6089415667758465,0.3223407988655752,0.28491302591254963,0.3386647193671196,0.34068315024523427,0.2912306928920011,0.31442126264529635,0.380721834857383,0.27723984836846943,0.3130683836350412,0.3384246873525132,0.23243885675176185,0.3173083887026249,0.37265362793758217,0.30250537847206693,0.3310912818089219,0.5635225945583164,0.3594814819562695,0.33929478110999844,0.26524935911132796,0.3547514454170578,0.30408885853485934,0.3265038781065631
Chiang Mai,0.4447805745494774,0.43537683712865377,0.39370484735733263,0.3366394694505681,0.3252293517547543,0.35673861896966796,0.42322804942089,0.44773377639409123,0.26487639626369464,1.0,0.35419034402355387,0.34220070435129235,0.3203035825580046,0.42790425169048707,0.5792251643759571,0.45845934034032704,0.3543162461869908,0.30184807597125496,0.5348902861561875,0.7229244222297686,0.42625878812606105,0.3603961956526699,0.707208388521524,0.2998840579463126,0.4932691331836412,0.4569810058426964,0.2897692171703882,0.47473962370600714,0.35393845992261325,0.4329156825295002,0.23186867003869033,0.5491112193713684,0.32202424698721466,0.3618458592533628,0.5053251367148692,0.40418069279315694,0.43510166724719557,0.3629305435218534,0.32643160555075457,0.28591803382686,0.3476835515191672,0.5027251998246187,0.4088340787651929,0.42716820287745016,0.42486493326655217,0.3080337001819117,0.382759941694868,0.36054043233577115,0.2806330441259882,0.39208123116784865,0.3081559190032642,0.25856765166479895,0.4773500774724064,0.5047505560985033,0.29300715171761366,0.3873684831477936,0.4390824992099168,0.390478408737015,0.3362610773674214,0.4019057630313325,0.3207606960730876,0.3376633483666947,0.4083936177439134,0.12991975462990213,0.4383245005078729,0.3147486274233276,0.28891237660998864,0.33387553092025346,0.37923937411725317,0.35056914858379185,0.3748148147750695,0.3073166054620263,0.38505856287061313,0.3454357364683641,0.4443690151976737,0.3430081542792094,0.4158027616490707
Chiang Rai,0.41238352748371043,0.21936698785765252,0.14626517004309314,0.34602727036191416,0.5298342329409184,0.23722036369218152,0.23221309659651446,0.3675483087390995,0.307082196086097,0.35419034402355387,1.0,0.24946154605257292,0.1937813855617396,0.3787140928852897,0.36418003886497835,0.21416726249666995,0.4795644648449422,0.3030730366138793,0.4029383287613674,0.3446242312378742,0.3100860218557524,0.27989137007785164,0.30309139514551475,0.44101845745121765,0.27638569352434406,0.19331370510974305,0.22778613612360882,0.43124342055999854,0.48395592603889404,0.30528411761095403,0.34132082167745625,0.42805968839549186,0.2854330033818617,0.395412796348398,0.39776025677947574,0.15860711223144933,0.179235613310197,0.22996485917003606,0.23253795539037125,0.31821123687314495,0.6383936443637355,0.27710338501504395,0.1596079961443349,0.20571975264213235,0.21026247353638586,0.17113068353693822,0.3526421447977992,0.19398315244670258,0.3836217594739666,0.17805185124184308,0.31923890333212046,0.33232963689148715,0.25557460699710377,0.32822375930337117,0.35011768575849245,0.410308457998882,0.14345090239370206,0.15860686742448254,0.22857835842065793,0.1631926844531182,0.31852089686855717,0.46704856340944007,0.196108610743972,0.32861244604097795,0.2542545474402039,0.24512348149748497,0.259285808741045,0.4172757152274191,0.3861233876289516,0.2926588423668641,0.33214424897387057,0.46397399116434246,0.43528321279002635,0.3012442366526849,0.32621266619792777,0.22544122196980337,0.3648166472439618
Chon Buri,0.24933279995209837,0.43613420072730863,0.42754621587812497,0.3053213220153631,0.26751280634165003,0.6585275157166975,0.3226158477636567,0.35718310572189477,0.4188121578340045,0.34220070435129235,0.24946154605257292,1.0,0.3099128079898645,0.3384391138963282,0.3418479959549734,0.3692684652797734,0.2818235530504628,0.21594170963394402,0.3800669758683409,0.3339633370345954,0.29542573152604235,0.3243810066409163,0.363363656394262,0.2929462503539954,0.4103321341541408,0.5355469765944583,0.5270083449669276,0.25545032389434696,0.3114202931180844,0.32793053614299067,0.23825935981388924,0.25768067315169557,0.2341326337240362,0.3337399263200801,0.25498471832367664,0.4054157884990309,0.40607364834283294,0.3034317053279373,0.31257964571774793,0.20739302193870068,0.22986195584794883,0.368119044593305,0.4509031802160399,0.4189188885596423,0.45255780030791093,0.41469440920427636,0.3513757827504173,0.3189562219006778,0.378007941807605,0.39890583230959076,0.2057677259453549,0.32864715783457943,0.5551913675089887,0.3353505373130726,0.3515057925899314,0.31213129711783477,0.46647934470022523,0.4214372026310782,0.29984029618414576,0.41345712439633603,0.19735704521776898,0.25967460372662815,0.3480425536074408,0.2790262316601027,0.42251463510451726,0.3865496224611853,0.23866780776437344,0.2947614311374822,0.3587293587380131,0.22134560406579176,0.3398479662078496,0.25854054660514336,0.31797687130287083,0.3920457500434391,0.3928068687807419,0.31683918578008785,0.36738020083419587
Chumphon,0.3601831073852395,0.45320775185405937,0.49998330955893744,0.17381151672274342,0.15242782557029855,0.27278483561472144,0.5607492719094627,0.20777817244303476,0.306057717667402,0.3203035825580046,0.1937813855617396,0.3099128079898645,1.0,0.21266773031490832,0.3916969182847706,0.5129735262509465,0.1387125633242234,0.6666978836459156,0.19331257428575824,0.36024805336703325,0.32596916339763893,0.3812938145753888,0.42214070712538565,0.12776843972167096,0.2263366593425886,0.4902788832014937,0.4175947979988448,0.34478849320497784,0.1317676321476532,0.39782029915578304,0.4446751189036702,0.29949605120403433,0.6649692284405934,0.1789151870766467,0.3717907298662839,0.5025660953259601,0.5745899276837978,0.7075334889897065,0.6789047214443064,0.5430586459841809,0.19052191603355742,0.42100960896346035,0.5691546532289786,0.3538861275182599,0.3456276199677436,0.3769505448322584,0.23283171267478112,0.6751120436682427,0.22504633496503268,0.6132500442617559,0.6152456172750045,0.45788334189517654,0.31791914301549007,0.3615821126523162,0.24301836686406453,0.1518746624345994,0.5705565613647501,0.5845296935799038,0.6315242350543098,0.5003773162238283,0.627851505101515,0.13914220424194862,0.4501888906850521,0.46384415924059874,0.28331581742139444,0.4047988909628748,0.7482083892855564,0.15599760226748158,0.1900263423673318,0.6452653271636315,0.4822977371779049,0.13351788543753496,0.16864777851558513,0.30288143090963093,0.2436020539241555,0.6524395252585007,0.19344412046050474
Kalasin,0.5189646292193885,0.24432185484877073,0.26069218123524057,0.44449389487661295,0.4807678989871161,0.35542468771713503,0.2819562231691166,0.5889066295039491,0.3009278150719696,0.42790425169048707,0.3787140928852897,0.3384391138963282,0.21266773031490832,1.0,0.42042726419529164,0.2590013519075467,0.5293740674720949,0.21285052281075867,0.4566964233798584,0.44033167382076527,0.3732072101822132,0.34609909926022875,0.4391535659953914,0.5006610358929409,0.41405070749844164,0.3855626390208534,0.23808388459685864,0.5451478954290372,0.44705627278835297,0.3948578915380172,0.20035380766187588,0.4663397389978142,0.24261129163755457,0.5152377119913351,0.5401594078430034,0.254299197841959,0.26583035100572805,0.2656820454331214,0.2742125796230723,0.22604186368347357,0.397223481768472,0.3896624913850075,0.2680772735376697,0.35536585805558785,0.38112617245574026,0.25266194266155945,0.36872319686952126,0.26051301387541353,0.3214786389462473,0.22581718935297834,0.24659372864711565,0.21988358312324852,0.3767194717400137,0.5771824278443506,0.30135728397478867,0.5437104348927484,0.2819823375112301,0.2733782551302601,0.2134124459941376,0.26915314062775586,0.23218072745830304,0.4639637960119769,0.29842467633058806,0.17151036425500496,0.40465673814537984,0.2989409935484684,0.2038783479888821,0.5187932644237094,0.38483079575357365,0.2615538365101032,0.34778283412051136,0.4456671608583801,0.6136301104615022,0.3447880164426146,0.4368582304698035,0.25121528714074304,0.5785158323302515
Kamphaeng Phet,0.5205922743731127,0.407558681044921,0.3631234414690756,0.3779195882384851,0.3331578008690376,0.3499235972468443,0.5650404462714854,0.4903478977685511,0.32305084844158205,0.5792251643759571,0.36418003886497835,0.3418479959549734,0.3916969182847706,0.42042726419529164,1.0,0.5382647747675213,0.3737532241602582,0.38596042007268955,0.44634157194769836,0.6084773992765993,0.39885182793429863,0.4795181187826247,0.6336850708105041,0.31291331682506585,0.39665174648870727,0.5365599770119354,0.2679926444219949,0.5587424728278814,0.37241839134603744,0.6467033630426638,0.22796379805158162,0.48249373286569763,0.3820680820481571,0.3384406930679522,0.552331147369848,0.3715134608589249,0.47024231737821964,0.40985800217424945,0.37492243079907295,0.3080324386760972,0.3390728225467384,0.7054921829627536,0.4621145476723486,0.4860149651588076,0.4811159571319503,0.29271979291500494,0.34855007215556216,0.3879941264996958,0.39088679381325425,0.4646806294494832,0.41403911060617177,0.34610714623179134,0.4126176037275116,0.5879408129652007,0.3911414889421122,0.3623156470329073,0.4655584637848501,0.4239139622029018,0.45246165334912836,0.41062271780503184,0.40989689657454714,0.33276990132655143,0.4587439020604823,0.16659128339365292,0.5190901955567138,0.3802803628691223,0.3861501766673807,0.3500366650015833,0.39627946611252307,0.4222432068491109,0.4931040443341163,0.30884317671593925,0.3821683062528345,0.49793189202675514,0.4895240793735729,0.33488781879358975,0.398400138893665
Kanchanaburi,0.37805818096821836,0.6003923754759709,0.5673287490096186,0.23736119584201515,0.17991963104480957,0.3581654612014008,0.6477823962876023,0.3516377067477623,0.2862309506154129,0.45845934034032704,0.21416726249666995,0.3692684652797734,0.5129735262509465,0.2590013519075467,0.5382647747675213,1.0,0.19840136364347383,0.45742923467333196,0.30760761349781424,0.4758817566733879,0.30115537703289375,0.5773295022314142,0.5289245508131216,0.17149395177801896,0.35549575927236643,0.5326006321319084,0.46847995716392754,0.38511605795094384,0.2114895685031219,0.48706472628771047,0.2604531608240907,0.35662131909016415,0.45612263129394215,0.18594009234949166,0.39883976211708366,0.5662140328838268,0.6374141424652164,0.48794979440031244,0.4730154545636261,0.34998978830725336,0.208663869044464,0.5721600108039253,0.6921685126314692,0.45912837108300386,0.429385103513501,0.46586600140106066,0.2825144872243777,0.5171041246512675,0.26103616616449504,0.6821917915756883,0.4522312139660726,0.4884773401320378,0.39898879376676905,0.4387518018169976,0.324295597598267,0.20110943079316235,0.6639359617025544,0.669862479895125,0.6032973809253012,0.5944777511807822,0.45803824416447525,0.18194874267835048,0.5687157878707515,0.24295114781704613,0.3944244530325898,0.5268138691010847,0.47242469004568716,0.1862497730920448,0.3114802626375406,0.44578478050616566,0.4371240306631793,0.15073455798043112,0.1986134523133717,0.4112925359441164,0.37626363686590986,0.4264180674617531,0.2845875614977946
Khon Kaen,0.5439226167970921,0.17288387870932095,0.142508499796828,0.45481366258798844,0.6429347882393663,0.2961492025100956,0.1905363535321701,0.5424059965129584,0.3735877184234485,0.3543162461869908,0.4795644648449422,0.2818235530504628,0.1387125633242234,0.5293740674720949,0.3737532241602582,0.19840136364347383,1.0,0.19938409156473455,0.4404125134008432,0.3685550447858614,0.4452355224782862,0.28987384602373073,0.33408788735573886,0.6501751443854282,0.3744035423202463,0.28018825250076407,0.18093519575741346,0.5191048344828716,0.6271000061113884,0.36404003045021904,0.24399799583404724,0.43091800635599947,0.1860116555302008,0.600430261390178,0.4750299761962371,0.1526841930237825,0.16711767040035352,0.15170842016287805,0.16573404630242136,0.2083601960329208,0.6177445421590324,0.3478910387466307,0.15314307877500072,0.28968519583755464,0.3249146464115207,0.1947204414584002,0.41910955153316615,0.16905399290778586,0.39047369278782884,0.13754937606787615,0.2172212868055587,0.22651183683444304,0.27290103340321414,0.49299791813591337,0.4212022428964893,0.5955081022597815,0.14934753033648213,0.1526610134905904,0.14615717018853874,0.16549557733501669,0.2285809415668603,0.6519371295601941,0.1860666441503124,0.2443208552699414,0.327581726537402,0.25185614844089294,0.1821756912459891,0.6304286009167712,0.3991841261241159,0.21166064064231,0.3150814719941694,0.6110087844242399,0.6960518155679741,0.33061106350811015,0.39589380628936033,0.1480254513331521,0.5413967756323104
Krabi,0.4271269328901405,0.38510528829325896,0.4146064849736619,0.17617908851834066,0.22819142892978883,0.18571728522187717,0.5195459892143931,0.19393041248176612,0.3104995356109629,0.30184807597125496,0.3030730366138793,0.21594170963394402,0.6666978836459156,0.21285052281075867,0.38596042007268955,0.45742923467333196,0.19938409156473455,1.0,0.17336598311048423,0.34490136694033746,0.311454035738461,0.38507909455870415,0.38073347352916437,0.17610024828245663,0.16020476459059796,0.40125073456150057,0.3436389076716899,0.41060432913364453,0.19611756743076428,0.39117648504734814,0.4724918041276824,0.31634345591623064,0.7089685918496046,0.2032577510423772,0.4179798225288216,0.4302456251759538,0.5118093499971322,0.6490736630387784,0.6821621456602677,0.6177720129095323,0.29929978429286674,0.3998858076371944,0.490246981434465,0.2784166703245635,0.2732595113928814,0.3006275492191264,0.21660642648956566,0.6321202415978748,0.26431655425317685,0.5347300211066283,0.7035187306325408,0.4510281354880653,0.2330151518045858,0.3574218757193899,0.263257049117476,0.16512357717566215,0.4784781114500869,0.5130820878285006,0.5964542393317809,0.42766840249818205,0.6995107753957132,0.20142956176530713,0.4058018103812529,0.48409510460209293,0.21092127835342014,0.3223631861254825,0.7443329918651393,0.18310857158531574,0.2214941559511064,0.6706894718976661,0.5119351754987063,0.19981654489364192,0.1948689298636713,0.25563092507303165,0.20955370235225795,0.5959613614475863,0.17729387939198743
Lampang,0.34232759853624584,0.3538160087460783,0.28810403634848936,0.41181854614762514,0.43899731113580376,0.4155549533807359,0.28796839759471576,0.4195485246432428,0.30799023275998516,0.5348902861561875,0.4029383287613674,0.3800669758683409,0.19331257428575824,0.4566964233798584,0.44634157194769836,0.30760761349781424,0.4404125134008432,0.17336598311048423,1.0,0.5972880605536133,0.4462072063788175,0.2600109560159482,0.5324385031214679,0.4405002734698933,0.4881308021720454,0.35126459831046114,0.3395697159406359,0.3587870439072763,0.41568364221787496,0.3242496309996869,0.265381181610836,0.5441817759629749,0.19555942251569156,0.47281651187485424,0.41215371521175603,0.2844611998381604,0.2949470229293091,0.21751215467860316,0.19478724951501486,0.202873431906115,0.3994930519705082,0.40349734778326385,0.25742660083668967,0.3780254783026309,0.3985182045700611,0.3043359675579672,0.5934922930782235,0.23172268634345117,0.31408540227567544,0.25981342631667015,0.18552243017238682,0.27356940696582455,0.39185668953004466,0.37871311295973636,0.3121063952812474,0.460702749588312,0.2859691979632638,0.24990000725475525,0.20985889813673964,0.29732352056418854,0.19822536348952977,0.4076798306843534,0.3081296249273444,0.23680870643295332,0.47835460748848385,0.32522869166106544,0.16976056856400806,0.409301044350619,0.47759835206301493,0.21532767400058983,0.2532621243351905,0.38958235645212014,0.4823382762238244,0.4287353942237761,0.5352348005610891,0.21561795004919213,0.4367318294195697
Lamphun,0.49239863955250396,0.439607082043432,0.4085015095043335,0.3515004740087244,0.3355225461524669,0.3371409270352744,0.44347466869366414,0.4553109370584061,0.27500215216524626,0.7229244222297686,0.3446242312378742,0.3339633370345954,0.36024805336703325,0.44033167382076527,0.6084773992765993,0.4758817566733879,0.3685550447858614,0.34490136694033746,0.5972880605536133,1.0,0.45460800741102064,0.3750594270757507,0.7434514131318819,0.31577044465636284,0.44708329404532543,0.4946544855158984,0.29267546383814985,0.5115495773722721,0.34504412485075836,0.4847209682291941,0.2136474474144865,0.5954893181350168,0.3705489586214138,0.3762698171991484,0.5618823076507176,0.4204564163298631,0.46158301644212996,0.3935309173028814,0.3576251976939352,0.31055365170399085,0.35013978405328366,0.5368169684735038,0.4219961065681273,0.4165461012564489,0.40248062748150165,0.28127651547021343,0.4464879449829368,0.4017485417823009,0.26310270633891586,0.41967970166090257,0.3564390305528651,0.2846983788620629,0.43973852704584454,0.5283825114619023,0.2886721798710429,0.37180683358104405,0.45879972232904054,0.419290200503894,0.3835061424980831,0.4150152539127309,0.3725440183067143,0.32420282217028457,0.41786217540373344,0.14967172809861037,0.45158358448808966,0.3222853194000249,0.33537165000525604,0.33210883070507047,0.38713188204631355,0.39500415080390633,0.43244453140301264,0.2959884424689845,0.40673309722531203,0.37268840627967853,0.463965716645709,0.3666649907336123,0.4158370693062644
Loei,0.43205665761096934,0.3128662972885921,0.2976989995233328,0.48452593886837825,0.3834511914201827,0.3139238190108587,0.37399536221547514,0.36212006761271437,0.3837420832537538,0.42625878812606105,0.3100860218557524,0.29542573152604235,0.32596916339763893,0.3732072101822132,0.39885182793429863,0.30115537703289375,0.4452355224782862,0.311454035738461,0.4462072063788175,0.45460800741102064,1.0,0.30743926424256407,0.4333296006925106,0.43065278563490633,0.4602924938113545,0.3951523384961082,0.25748871618246605,0.4204744339129124,0.39846786160065806,0.3912440573172603,0.2678551903675556,0.5074951260053122,0.31675516774056456,0.5520796401389421,0.488387209729236,0.3186467864132835,0.33122870265049453,0.2963737959494128,0.28568722807872626,0.2805378024522749,0.3493487246862114,0.4198596203613555,0.28640916766551927,0.3549619772273927,0.40140080474860246,0.2588652137678288,0.4960170864375565,0.349878799978097,0.3829642535629356,0.338728107130068,0.3245772784959877,0.32047854024721384,0.29976281599375215,0.42583158088198425,0.4251037964347977,0.48534841868091433,0.293784994443947,0.26158248947930746,0.3671259325734575,0.3115353971001962,0.34361429927769416,0.4240171208409351,0.37238315599374955,0.2703592067646966,0.3280422118334247,0.28067548703521694,0.3292843032613763,0.4164902374053467,0.3414367026516231,0.33361069596071546,0.33142314291958896,0.39189966137066273,0.4626628225685375,0.38814363594739343,0.3879858914064943,0.2972371156333336,0.3874942016067844
Lop Buri,0.38714118916026874,0.507986135207155,0.5075181654562503,0.3565655938033733,0.2489339013438181,0.2771054635270924,0.5777001982703481,0.4154478489971442,0.3231764449933961,0.3603961956526699,0.27989137007785164,0.3243810066409163,0.3812938145753888,0.34609909926022875,0.4795181187826247,0.5773295022314142,0.28987384602373073,0.38507909455870415,0.2600109560159482,0.3750594270757507,0.30743926424256407,1.0,0.37692763843155164,0.25633842102423765,0.2909588097474319,0.4056845140384937,0.4318006923714277,0.39619325259112814,0.2485588788438457,0.5097853686044822,0.22615676096023776,0.3447186865663715,0.38037779884665535,0.3189778104289027,0.41725541565241603,0.5170205340141417,0.5044807004391375,0.37848636132796637,0.39922033481136227,0.3280553878767708,0.2757406472283414,0.527456127562612,0.5186681680109888,0.3929144461252016,0.4180356842946219,0.4569388385339918,0.3032255942966712,0.4292381083197757,0.358982744154832,0.5163301662802919,0.4318217808259514,0.48461153380546584,0.293809280123303,0.39501215326817535,0.3849377202181949,0.2766859911053267,0.5333399460638077,0.5556557485402005,0.5483685779549812,0.5669871511206458,0.41126834708591764,0.23283246357731102,0.6074469264168557,0.25993451175646193,0.3291386978406159,0.5445797462431328,0.3827838256969648,0.27298164814152764,0.3332182697986118,0.38815124995566913,0.3877281703094725,0.20786957579377566,0.31487629119667504,0.4283691599417469,0.35965310203904144,0.37212444289475755,0.3614658164872333
Mae Hong Son,0.5108449783179154,0.4479414679448437,0.44659227284599146,0.33379643300008444,0.30977467146373666,0.36733116730544113,0.5021458742578346,0.4647674319348195,0.2850225566819541,0.707208388521524,0.30309139514551475,0.363363656394262,0.42214070712538565,0.4391535659953914,0.6336850708105041,0.5289245508131216,0.33408788735573886,0.38073347352916437,0.5324385031214679,0.7434514131318819,0.4333296006925106,0.37692763843155164,1.0,0.28260102963171524,0.4526857294397372,0.5569366884182251,0.30842501840051195,0.5256762548648471,0.323250660875722,0.45157926734624076,0.2079243254598951,0.5548708849528571,0.4088794203691123,0.36059645368149174,0.5724015240838629,0.4483949509467076,0.5351802939723831,0.46566324433894113,0.4232649645441554,0.299306157240695,0.3168668822347606,0.5547396497643396,0.5019939704795238,0.43584569637225257,0.42430553254287673,0.304994200269447,0.3964961290087301,0.4582684928308461,0.25283008785130856,0.48646872959809906,0.3759884345868678,0.2689558239533064,0.4737034611000743,0.5777733175249471,0.2877087645281238,0.35568526371727655,0.5460463368896955,0.5033098208938327,0.4337459844749407,0.43033321798142093,0.39189207544962446,0.3002938486320029,0.4396164002043206,0.125853513198645,0.4564647871123947,0.32919782357570204,0.37565045387494495,0.33048681516533246,0.3476493922065703,0.4412787400026428,0.4680635383899429,0.2691629188385637,0.38107481085895417,0.3422236124591178,0.45004142214302867,0.3932593418391461,0.4215195714719387
Maha Sarakham,0.5259591263403263,0.1593678758777951,0.14830518996153563,0.5105719759068776,0.5908996325952437,0.32564725803958416,0.1423077919261611,0.46046991413599236,0.3694714089291554,0.2998840579463126,0.44101845745121765,0.2929462503539954,0.12776843972167096,0.5006610358929409,0.31291331682506585,0.17149395177801896,0.6501751443854282,0.17610024828245663,0.4405002734698933,0.31577044465636284,0.43065278563490633,0.25633842102423765,0.28260102963171524,1.0,0.4173687752588591,0.26659187463230266,0.1947603269635309,0.4890858324191172,0.561210314603592,0.33701087574554167,0.2612118017062099,0.35362080790266476,0.16796021300536734,0.5900342866373226,0.4532982186090373,0.14084694031763315,0.13165531323547225,0.12698487582769935,0.15693730731183608,0.20822367997731228,0.4641048511749164,0.33870671059457075,0.1244711955016294,0.3133840817682982,0.3250890148933906,0.209441369363155,0.45223875515794904,0.1576828656134488,0.41118207971069914,0.11233780336381184,0.20611788454887509,0.2029718216213768,0.2771770932478427,0.4923317631155661,0.4210847112617008,0.5974662288831619,0.13111076462003063,0.15223828774428283,0.12596869214373496,0.1593431781415943,0.19942465112257773,0.6264912901701942,0.15991480112199685,0.28596350058088926,0.36720050082428035,0.21843137445249175,0.16755948164647766,0.6067020512337611,0.43849962630503375,0.17466065841656914,0.3049567180532531,0.6127783405580125,0.6004064263538971,0.3383850753141543,0.4168052771288907,0.12754312281645885,0.5425908764579042
Mukdahan,0.35491136855292216,0.3406325359189359,0.33411932851608206,0.48763365663846214,0.34746180464019927,0.4395213799351356,0.28281019379614775,0.3974109526728153,0.33791190374874325,0.4932691331836412,0.27638569352434406,0.4103321341541408,0.2263366593425886,0.41405070749844164,0.39665174648870727,0.35549575927236643,0.3744035423202463,0.16020476459059796,0.4881308021720454,0.44708329404532543,0.4602924938113545,0.2909588097474319,0.4526857294397372,0.4173687752588591,1.0,0.38953030038231207,0.3180061855617916,0.38095548803024526,0.3738923271593224,0.3882922295257606,0.268082122140619,0.36961992052891424,0.17905172565763913,0.46264316463112465,0.39048586495060034,0.33448374074354403,0.3056679739626996,0.22417996871049517,0.2150245735768345,0.15932658202338684,0.27509004550651167,0.4454272106904489,0.29578261115988813,0.46543836544622175,0.4884631810189443,0.34459111686987365,0.42447439165903283,0.2586357145624669,0.3687159760419868,0.28329481517816424,0.19696596867327237,0.20689785141466926,0.43101163641605683,0.4638624578522853,0.3710711595641315,0.4919757647254939,0.33833961644586175,0.31568929625644937,0.23219108007011954,0.3087508600126217,0.1683523742477899,0.4127499009510395,0.2994469698577402,0.19946469185275761,0.4390001704772924,0.3102011860256291,0.17949311465587284,0.42095349926222436,0.40219769716543424,0.18225515409379894,0.2742843505302974,0.3940808706399633,0.4165793741676811,0.41172688387673706,0.42393260071956035,0.22165518245093513,0.4671989332462677
Nakhon Nayok,0.4831405962887209,0.4916836672070966,0.537789822645177,0.3115555046575847,0.23509709752887686,0.541580115256044,0.5270240945949634,0.4018773772645833,0.45778451297277545,0.4569810058426964,0.19331370510974305,0.5355469765944583,0.4902788832014937,0.3855626390208534,0.5365599770119354,0.5326006321319084,0.28018825250076407,0.40125073456150057,0.35126459831046114,0.4946544855158984,0.3951523384961082,0.4056845140384937,0.5569366884182251,0.26659187463230266,0.38953030038231207,1.0,0.43085552555963536,0.4723935621340412,0.24038018109687903,0.4558650135630683,0.21701048971964343,0.35118909817159844,0.4355275327847816,0.3420410730432346,0.4925857626669444,0.5320551026435762,0.602310175572615,0.4906204394336889,0.49662878276009903,0.31240774382985165,0.18769794670922457,0.5548461697069735,0.609056648640198,0.4599563655028318,0.5006692401282296,0.44806498836271896,0.31712072894814003,0.5030787774891767,0.3715323601013513,0.5838660302488085,0.3977820294559868,0.3585870059041453,0.5358541378473544,0.5358348524560066,0.4049044885012959,0.2971895987941816,0.6019012186334058,0.5972524059621409,0.4886985580016185,0.5865152235494295,0.41402308836137575,0.24372716157377394,0.47168093504175757,0.1982623553458698,0.4555822026063653,0.3678614222773991,0.4365093096031838,0.2735684398902277,0.2631946909014015,0.441863636446729,0.5624636924492339,0.24256697141192052,0.3353417282107934,0.35045957289868124,0.44016555736858937,0.41387731444158893,0.38200597950303417
Nakhon Pathom,0.17023564220296336,0.634933127162345,0.6128832281731297,0.2086300582715529,0.1865657136112893,0.4799256967252014,0.48110077730310574,0.2219804335866724,0.3000147615351486,0.2897692171703882,0.22778613612360882,0.5270083449669276,0.4175947979988448,0.23808388459685864,0.2679926444219949,0.46847995716392754,0.18093519575741346,0.3436389076716899,0.3395697159406359,0.29267546383814985,0.25748871618246605,0.4318006923714277,0.30842501840051195,0.1947603269635309,0.3180061855617916,0.43085552555963536,1.0,0.17145675974973565,0.22913805118410097,0.2877033169915749,0.36197106796371337,0.27827503834615186,0.37039876141342465,0.22508454051951876,0.2062774019716339,0.6028259881177948,0.5803720834732125,0.4094962294051535,0.4066793680135766,0.3428780093612826,0.19215571040923407,0.3164794780030247,0.5170501125962363,0.3795615759666996,0.373088120704531,0.5987793185901964,0.35522801940279347,0.42589335416167884,0.2703772362163905,0.5308752231570261,0.3307676413790879,0.46802393720474544,0.373311040268686,0.19404452809675618,0.23054574096519373,0.20424746751959635,0.5383239158180962,0.5721067293588625,0.47491356997181033,0.6203358615683254,0.3417028473769106,0.17402291699714856,0.483739016783058,0.4125730746995684,0.3549281088564161,0.5498104445852663,0.36166536860475373,0.18876887633787362,0.27264592301387447,0.341085919571423,0.2551682120490819,0.17196436467294424,0.21604028272265888,0.3984799934481861,0.33598413589234016,0.43393570874327647,0.22887154863579773
Nakhon Phanom,0.769626893502111,0.2586917991301274,0.27999736474688747,0.45631738415668,0.4823220561067651,0.2512242183490522,0.3791375116092184,0.47517989891799167,0.3501379076971072,0.47473962370600714,0.43124342055999854,0.25545032389434696,0.34478849320497784,0.5451478954290372,0.5587424728278814,0.38511605795094384,0.5191048344828716,0.41060432913364453,0.3587870439072763,0.5115495773722721,0.4204744339129124,0.39619325259112814,0.5256762548648471,0.4890858324191172,0.38095548803024526,0.4723935621340412,0.17145675974973565,1.0,0.46346867598636793,0.4834295896877245,0.21142958588201327,0.44499364622178095,0.4285683205229125,0.46017952954591257,0.7300793116139757,0.29318911145379034,0.3562385812111539,0.3866278996103755,0.40509215521503117,0.31593427869036406,0.42853294641624906,0.5319636869890685,0.3379983650807008,0.31825523564790814,0.33618220001303645,0.1664870579137926,0.31492165886886,0.38880690069170726,0.3871054312427248,0.3307285364631257,0.4820643213240179,0.2392721198379205,0.323212704344321,0.6680368359218019,0.3787701255489264,0.4665669710318733,0.3505366155051277,0.3731585326283724,0.38011484285997593,0.29352071956208536,0.44971540244070024,0.4906246495095507,0.30507378232006954,0.18309314448010588,0.3203689071656816,0.1904810470492529,0.3863633108506632,0.4542316722495242,0.34162912001200596,0.43734322429020983,0.5749784073296791,0.4817591322813396,0.5175837188547388,0.2785699338663955,0.3662094763677276,0.3157639674391215,0.4582125313505214
Nakhon Ratchasima,0.4790417465340494,0.20938808866665096,0.12787964302520866,0.406975747651731,0.6596835731042342,0.31817185788603947,0.17677919076708482,0.4847587884673603,0.3593191055707402,0.35393845992261325,0.48395592603889404,0.3114202931180844,0.1317676321476532,0.44705627278835297,0.37241839134603744,0.2114895685031219,0.6271000061113884,0.19611756743076428,0.41568364221787496,0.34504412485075836,0.39846786160065806,0.2485588788438457,0.323250660875722,0.561210314603592,0.3738923271593224,0.24038018109687903,0.229138051184101,0.46346867598636793,1.0,0.34094606501708064,0.262874577136355,0.37611743130485015,0.17123246403184172,0.49777271081740515,0.43193637187731054,0.1347096069163187,0.14977276387069025,0.14234455418643993,0.14775295038441832,0.21396395152809639,0.4929787620374478,0.3276610123958145,0.13921399378105506,0.29035396353237386,0.29787697452756823,0.19210930846200153,0.38300734437610023,0.14292489137087366,0.39119337997162906,0.12966887989005424,0.20000654275055033,0.20844460136480367,0.27205694851408324,0.44993321473434017,0.4273199727871917,0.5214002646101882,0.1348678854623012,0.1475893698585708,0.13590845606673796,0.14828715148263877,0.21723623458312083,0.6321137296995678,0.15951902549986036,0.26342698028036016,0.3362137133478603,0.20395048567750437,0.17751045280357813,0.573539343156434,0.39336424310724183,0.20159395642411737,0.302592446282934,0.5908694204014227,0.5256267008830484,0.31884111111354624,0.4040304590075477,0.1575487408205943,0.4662396648551891
Nakhon Sawan,0.4543401047601306,0.3932234644564517,0.3748500501124282,0.3732620018377849,0.31939355037478967,0.3278736929472857,0.5211078278792903,0.4622856791323978,0.3022626164693719,0.4329156825295002,0.30528411761095403,0.32793053614299067,0.39782029915578304,0.3948578915380172,0.6467033630426638,0.48706472628771047,0.36404003045021904,0.39117648504734814,0.32424963099968696,0.4847209682291941,0.3912440573172603,0.5097853686044822,0.4515792673462408,0.33701087574554167,0.3882922295257606,0.4558650135630683,0.2877033169915749,0.4834295896877245,0.34094606501708064,1.0,0.2344403037228857,0.3797769184862937,0.34973251270504413,0.3266657689568324,0.4389104719168302,0.38309349869533305,0.4251222445271763,0.3628278951229535,0.36617731476783877,0.30415954893572394,0.2819366779148807,0.6812448731897549,0.4288497355224863,0.574517383777931,0.5577092564420738,0.32163192435646926,0.32966597191849356,0.37803827113094707,0.3878587917889119,0.43704791482823657,0.41122247764626557,0.39656624434300336,0.3113891470396483,0.5366591970670045,0.3881480526153507,0.37830680615190104,0.420669042000155,0.4026603337388604,0.4348798065287128,0.4133088115418381,0.3800461578947311,0.32942620237198866,0.4409961486784092,0.2378104300199,0.45050031462173906,0.4241034497453417,0.40152072460097205,0.3558934627770969,0.4137700103377453,0.3630313808775121,0.40840849492409137,0.3120323368799032,0.3711522242367556,0.5482222346483276,0.40809439369497147,0.3391141479430637,0.39427859426538125
Nakhon Si Thammarat,0.20544862326968427,0.294890322265217,0.2960822543234623,0.23729570207737558,0.26876762173601954,0.2611669294602417,0.3313031197154882,0.16194363235853426,0.34878276941255804,0.23186867003869033,0.34132082167745625,0.23825935981388924,0.4446751189036702,0.20035380766187588,0.22796379805158162,0.2604531608240907,0.24399799583404724,0.4724918041276824,0.265381181610836,0.2136474474144865,0.2678551903675556,0.22615676096023776,0.2079243254598951,0.2612118017062099,0.268082122140619,0.21701048971964343,0.36197106796371337,0.21142958588201327,0.262874577136355,0.2344403037228857,1.0,0.287600276734465,0.4964612688395112,0.25802213838515287,0.2181386935831507,0.2941363389330212,0.29582991647209395,0.4986490193267988,0.4612376726432165,0.5591056658629051,0.3487533765387666,0.19033452729824385,0.28031005865749803,0.2274125045741766,0.22531299837246033,0.3315022523985571,0.26253468761568544,0.3836298810675916,0.3596428746611041,0.3184014466263014,0.45695461138728094,0.3871942145786338,0.29362541220887645,0.15544111737620747,0.30218080386804247,0.26450795475224853,0.2682929942863982,0.3020430243288529,0.3770890134370019,0.3004628535782079,0.4732328895046502,0.30789901245947293,0.2818986198582128,0.5473664323415435,0.26826185389411766,0.3287609299842512,0.4772254371182401,0.26540069708250313,0.24877095881214167,0.4986478289738285,0.3095182670474025,0.28800330778063776,0.22583324749145792,0.2686519270339146,0.22229478784506157,0.4971007794077251,0.19492066337570652
Nan,0.42930210514123135,0.3583258981279464,0.31624611011256565,0.38361455734623784,0.4103969543247449,0.2602289736287077,0.413150600176869,0.48244904256076876,0.258536566069443,0.5491112193713684,0.42805968839549186,0.25768067315169557,0.29949605120403433,0.4663397389978142,0.48249373286569763,0.35662131909016415,0.43091800635599947,0.31634345591623064,0.5441817759629749,0.5954893181350168,0.5074951260053122,0.3447186865663715,0.5548708849528571,0.35362080790266476,0.36961992052891424,0.35118909817159844,0.27827503834615186,0.44499364622178095,0.37611743130485015,0.3797769184862937,0.287600276734465,1.0,0.34437482808585695,0.43845550478470907,0.5238993794529933,0.33652047829864384,0.3657843903843212,0.343257058617225,0.29636205343628363,0.3293612214653327,0.4556068835620725,0.39272695466375074,0.3096533908984319,0.31315843642330365,0.30444278271747066,0.2460416948194186,0.5068533440556956,0.3301457576820927,0.29281288847126213,0.33933125126194574,0.33506884817867255,0.36696045926331844,0.35130208688876313,0.4066242013014254,0.28262441175969155,0.4152134287487709,0.323931005337592,0.2955404067956842,0.37068120174195685,0.32746126941584375,0.358425999507283,0.36855733337482255,0.39630943437311716,0.23040011665472393,0.35254204233519965,0.3669019357099955,0.3023666108103973,0.3780890822985882,0.3502982510849156,0.38007243984199746,0.34272720867667167,0.3338997980849209,0.4811839789570861,0.3973924464619262,0.3851467285798756,0.339129120185341,0.41726675788084355
Narathiwat,0.4391866944889641,0.407462493354363,0.45273991146652626,0.19788418328754812,0.20874990366751306,0.20291576639230363,0.5275795395542575,0.19045390925226585,0.3144546136032774,0.32202424698721466,0.2854330033818617,0.2341326337240362,0.6649692284405934,0.24261129163755457,0.3820680820481571,0.45612263129394215,0.1860116555302008,0.7089685918496046,0.19555942251569156,0.3705489586214138,0.31675516774056456,0.38037779884665535,0.4088794203691123,0.16796021300536734,0.17905172565763913,0.4355275327847816,0.37039876141342465,0.4285683205229125,0.17123246403184172,0.34973251270504413,0.4964612688395112,0.34437482808585695,1.0,0.20870889041097987,0.4554680174758747,0.4685778951441855,0.5369303795540091,0.723196626852676,0.70915355372795,0.6212847125883735,0.28225074985759574,0.3719917548234198,0.503744399264499,0.2508309224243192,0.2553170120006394,0.31361052614536133,0.23116213077592931,0.6680657306251705,0.2572736371269148,0.5390819063884342,0.7095949962033424,0.4281234982915958,0.2723879454183312,0.35378277101296524,0.2486394318462663,0.16389977888931528,0.5067126514164628,0.5452929774353794,0.6297838438092451,0.4510711145485522,0.7522145027114147,0.1847314621130116,0.43286913869445565,0.45849040900140114,0.2126280528590557,0.328201585282001,0.6864112615635922,0.1705722131247723,0.17821830533749747,0.75788299869352,0.5335236798039037,0.18598690796641884,0.20593194508556428,0.23122808426032873,0.21214960913733824,0.6823969656252035,0.17533969865636434
Nong Bua Lam Phu,0.4797167928167897,0.19226416019960124,0.1934780529075827,0.5426063936654337,0.5094955752735085,0.3382130367997034,0.23747725842319412,0.4652633282738125,0.41168590475722455,0.3618458592533628,0.395412796348398,0.3337399263200801,0.1789151870766467,0.5152377119913351,0.3384406930679522,0.18594009234949166,0.600430261390178,0.2032577510423772,0.47281651187485424,0.3762698171991484,0.5520796401389421,0.3189778104289027,0.36059645368149174,0.5900342866373226,0.46264316463112465,0.3420410730432346,0.22508454051951876,0.46017952954591257,0.49777271081740515,0.3266657689568324,0.25802213838515287,0.43845550478470907,0.20870889041097987,1.0,0.5000913935057224,0.20427319906435137,0.21242103332005716,0.19582745515005012,0.22895716725349266,0.1919329768214856,0.4601557391661306,0.35757270954509957,0.19777167890411432,0.29711066889237325,0.3743872886335363,0.24570620542338012,0.48179258790748436,0.2348087030192781,0.43921971915938907,0.20083841714193953,0.2330970178336109,0.23011414747100323,0.30456142453657403,0.4781291749194915,0.4268683677001176,0.6478893681027128,0.19778339868609027,0.18695690048346864,0.19792379454527784,0.2192347645018653,0.23484327029287422,0.556687362516871,0.28242474467498796,0.25495553398471593,0.32120659695719,0.22864168474610977,0.19885637917474655,0.6004552632580259,0.39970111764514105,0.2367317187870377,0.29536904419265864,0.526731330170545,0.6568553725306726,0.34520853259857687,0.4170578335957345,0.1887766675447889,0.5557135890586253
Nong Khai,0.7234841694285273,0.299757185304076,0.3205857054827154,0.47418191764449763,0.46410697713793686,0.24521094586661893,0.4159105718582234,0.4747615377645646,0.3418872312112202,0.5053251367148692,0.39776025677947574,0.25498471832367664,0.3717907298662839,0.5401594078430034,0.552331147369848,0.39883976211708366,0.4750299761962371,0.4179798225288216,0.41215371521175603,0.5618823076507176,0.488387209729236,0.41725541565241603,0.5724015240838629,0.4532982186090373,0.39048586495060034,0.4925857626669444,0.2062774019716339,0.7300793116139757,0.43193637187731054,0.4389104719168302,0.2181386935831507,0.5238993794529933,0.4554680174758747,0.5000913935057224,1.0,0.3397110976380066,0.4027121724948114,0.4189517128350524,0.4240862741579253,0.33114669330461005,0.4005066513590997,0.5253085252703054,0.3588230996667046,0.3039646112456673,0.32778891811665034,0.1928722662759058,0.3947926001433734,0.4359476167045484,0.3581055167734588,0.36149311719416044,0.4918037393072674,0.24845464687493016,0.33788590469094115,0.6210723101678974,0.35272268853193456,0.4409696442141611,0.38495486300926907,0.3985931349442036,0.42138729083917253,0.3343680745234101,0.4795537687735648,0.4317944155198721,0.36762365556145515,0.18702571557830663,0.32833956046057866,0.20481467111718568,0.4012229454298035,0.4378863319175227,0.3199189840688693,0.476670436362652,0.5648469426350449,0.423596355424149,0.5268810856270411,0.2935685627437637,0.3940314489731412,0.35004951133459544,0.44392607653548855
Nonthaburi,0.2947945767624808,0.6522474687583844,0.7750345262984419,0.22057765146316324,0.13102991756754975,0.3943127461477056,0.555928284617796,0.2544471868668293,0.3040301811296434,0.40418069279315694,0.15860711223144933,0.4054157884990309,0.5025660953259601,0.254299197841959,0.3715134608589249,0.5662140328838268,0.1526841930237825,0.4302456251759538,0.2844611998381604,0.4204564163298631,0.3186467864132835,0.5170205340141417,0.4483949509467076,0.14084694031763315,0.33448374074354403,0.5320551026435762,0.6028259881177948,0.29318911145379034,0.1347096069163187,0.38309349869533305,0.2941363389330212,0.33652047829864384,0.4685778951441855,0.20427319906435137,0.3397110976380066,1.0,0.7262633788282477,0.503294945803961,0.4921441076603477,0.37367958709721727,0.1532398325935514,0.4244276406455933,0.6089398613606455,0.4257195830415388,0.41298888778047516,0.6092670591382081,0.31386046016960023,0.556366103401258,0.23790121652448182,0.5965367085823774,0.4356223518913558,0.4557608755802495,0.4110282379981356,0.31322019031376125,0.2553612878070999,0.18047279313035586,0.6837536434006727,0.6821002339090835,0.5978315392094041,0.698206339150721,0.44521988075746144,0.14043352192433203,0.5736076946539248,0.2975627379794102,0.34100904472106647,0.5102803043629887,0.4421135674618629,0.15084662810334698,0.23101287136670215,0.44615425558171323,0.3753239774881918,0.1416599496636885,0.1949343405494664,0.350939770628781,0.3064381191826032,0.4942151201710565,0.23098273850666104
Pathum Thani,0.3595567398698869,0.6985505764292628,0.6967738193609037,0.1837571543843867,0.14215005589973523,0.39952449831364245,0.6711142629532456,0.28160741914885457,0.29406900934593116,0.43510166724719557,0.179235613310197,0.40607364834283294,0.5745899276837978,0.26583035100572805,0.47024231737821964,0.6374141424652164,0.16711767040035352,0.5118093499971322,0.2949470229293091,0.46158301644212996,0.33122870265049453,0.5044807004391375,0.5351802939723831,0.13165531323547228,0.3056679739626996,0.602310175572615,0.5803720834732125,0.3562385812111539,0.14977276387069025,0.4251222445271763,0.29582991647209395,0.3657843903843212,0.5369303795540091,0.21242103332005716,0.4027121724948114,0.7262633788282477,1.0,0.5852204908478615,0.5693473861883126,0.38622237992617936,0.17091692657720728,0.4919954425966528,0.7023755613897782,0.42570663414302967,0.4239155063184501,0.6033843925101273,0.29784240675471413,0.6174119854916327,0.2360855007800067,0.6787604441147916,0.49143590010053595,0.46070971798678007,0.4213064321568892,0.3890909744846326,0.24744655305795774,0.18846157737280814,0.7473865652429955,0.7114674378653205,0.6393843889573239,0.702272509248221,0.516782129256045,0.14759186392946744,0.6173511136319155,0.2810524545816914,0.34997883532096674,0.5061864450799557,0.5144497542160679,0.1554536190473934,0.22705590509530124,0.5257594580518428,0.4264954975182484,0.12797251669952817,0.20699401251368776,0.3387811314413316,0.31714298617575587,0.5156657621257137,0.23768420817419184
Pattani,0.38898318340044824,0.4493174510169858,0.49694419478176943,0.18517670556517563,0.1677147506366553,0.2746457612978786,0.5630842946808471,0.23278649200412532,0.30872254970620683,0.3629305435218534,0.22996485917003606,0.3034317053279373,0.7075334889897065,0.2656820454331214,0.40985800217424945,0.48794979440031244,0.15170842016287805,0.6490736630387784,0.21751215467860316,0.3935309173028814,0.2963737959494128,0.37848636132796637,0.46566324433894113,0.12698487582769935,0.22417996871049517,0.4906204394336889,0.4094962294051535,0.3866278996103755,0.14234455418643993,0.3628278951229535,0.4986490193267988,0.343257058617225,0.723196626852676,0.19582745515005012,0.4189517128350524,0.503294945803961,0.5852204908478615,1.0,0.7438585477104143,0.5677915307711721,0.22767009653157788,0.37946469386896264,0.5653739486360505,0.3060662739012231,0.306644456693824,0.36156062715703097,0.203645410226979,0.6907953673952854,0.23650912503173327,0.5789216325620913,0.6314403276340587,0.4082847073724888,0.35237982383445743,0.37157235879689043,0.2234320519341782,0.16080563536599365,0.5721092984884458,0.5892858752554947,0.6166447871617504,0.4898538792528176,0.6625538302734623,0.14700506170235603,0.472239937150729,0.3900468913164492,0.26372599477633785,0.3725024235915857,0.6467040334121639,0.16456614116338011,0.1672575590518234,0.7206560350252094,0.5001193320041804,0.14074958064881626,0.19547668365318577,0.24275376861112236,0.22875472261477592,0.8149049543068483,0.2023473383443033
Phang-nga,0.4189476381663518,0.42672547989885073,0.4895382478925807,0.19234002350311893,0.17864238619385836,0.27324960911026674,0.5360611698210278,0.22961273513564656,0.3314158829622215,0.32643160555075457,0.23253795539037125,0.31257964571774793,0.6789047214443064,0.2742125796230723,0.374922430799073,0.4730154545636261,0.16573404630242136,0.6821621456602677,0.19478724951501486,0.3576251976939352,0.28568722807872626,0.39922033481136227,0.4232649645441554,0.1569373073118361,0.2150245735768345,0.49662878276009903,0.4066793680135766,0.40509215521503117,0.14775295038441832,0.36617731476783877,0.4612376726432165,0.29636205343628363,0.70915355372795,0.22895716725349266,0.4240862741579253,0.4921441076603477,0.5693473861883126,0.7438585477104143,1.0,0.542816913925662,0.23337486730201712,0.39584445929813994,0.5647642748704016,0.3049473666198069,0.32670084817265943,0.364551682086464,0.19332362458451854,0.7020500077840746,0.25275930196251617,0.581013753936976,0.6653208972722163,0.41048851746823556,0.3288982235802665,0.3828034616786702,0.22868682966672926,0.16927656046781053,0.5609972385010248,0.5948482303192115,0.5937884988739565,0.49534936010804653,0.66055739463,0.1609058001397947,0.4608026435088516,0.4173113437259447,0.23698182736104254,0.33671259679733373,0.6574888692764522,0.17215286963147888,0.20209968230716904,0.6799563852870729,0.5095157326927788,0.16020874203123997,0.20571622953257906,0.2356043961791319,0.23078380967715162,0.6723030092196924,0.22327090830815605
Phatthalung,0.3270497209565869,0.35856988670975143,0.37354928640333124,0.18231962616553885,0.24122253599091054,0.19263447649666235,0.4149250246882835,0.198241566066427,0.30061013857033964,0.28591803382686,0.31821123687314495,0.20739302193870068,0.5430586459841809,0.22604186368347357,0.3080324386760972,0.34998978830725336,0.2083601960329208,0.6177720129095323,0.202873431906115,0.31055365170399085,0.2805378024522749,0.3280553878767708,0.299306157240695,0.20822367997731228,0.15932658202338684,0.31240774382985165,0.3428780093612826,0.31593427869036406,0.21396395152809639,0.30415954893572394,0.5591056658629051,0.3293612214653327,0.6212847125883735,0.1919329768214856,0.33114669330461005,0.37367958709721727,0.38622237992617936,0.5677915307711721,0.542816913925662,1.0,0.30854830226362284,0.27591109119030865,0.36943652338894634,0.2525987151949553,0.2279609479004222,0.29615246603049206,0.22293053520239672,0.48772188058570015,0.2705598015665365,0.4078839952688604,0.5559630606080981,0.41582650841319885,0.2897026875372725,0.25407617426530854,0.24405897664767287,0.165300665019678,0.35753138918561556,0.3940448423911888,0.4767323396098316,0.41894752587468775,0.6118475740112799,0.23720020157485344,0.36414929494343945,0.5217925894751964,0.29018022670796284,0.32654900441563234,0.617581418111967,0.19738833161634423,0.20950259354764453,0.6138269227191235,0.41982823907021394,0.2146608150419698,0.20620871641462957,0.24794107736020468,0.23524075600976785,0.5739207630182976,0.17957181522922014
Phayao,0.4296526905535862,0.1706464546435286,0.14257344723617082,0.3619659960436505,0.5299491912312456,0.23748896842202039,0.1988007284506711,0.38952403797629487,0.37952824482691344,0.3476835515191672,0.6383936443637355,0.22986195584794883,0.19052191603355742,0.397223481768472,0.3390728225467384,0.208663869044464,0.6177445421590324,0.29929978429286674,0.3994930519705082,0.35013978405328366,0.3493487246862114,0.2757406472283414,0.3168668822347606,0.4641048511749164,0.27509004550651167,0.18769794670922457,0.19215571040923407,0.42853294641624906,0.4929787620374478,0.2819366779148807,0.3487533765387666,0.4556068835620725,0.28225074985759574,0.4601557391661306,0.4005066513590997,0.1532398325935514,0.17091692657720728,0.22767009653157788,0.23337486730201712,0.30854830226362284,1.0,0.25423409051702717,0.147071233639186,0.1945066025642989,0.2043984087610261,0.1478258769162322,0.35266988820691303,0.19817308286389884,0.39214357188082216,0.16737514398433936,0.30752645853605537,0.2830557693440112,0.25212234727479943,0.3340816317047782,0.40296005574265975,0.4274566591959745,0.14252214818427564,0.17326075777560312,0.22286541523231435,0.14524279548119565,0.31223200539273943,0.5050744650904945,0.1805879314560438,0.32001782669803536,0.25561889873692384,0.23478442447557385,0.25403645626557714,0.46765703487056826,0.39293106760570784,0.2923759966296369,0.36053680852265674,0.4641892584244728,0.47936575902737255,0.28024610516763654,0.2960572632429762,0.22538565711713987,0.38194886961122404
Phetchabun,0.5071880935620481,0.4357242363686533,0.42003559364407084,0.4000419772683357,0.2910215681711373,0.3601100552362255,0.5381598552156671,0.45417401466966134,0.303959483934815,0.5027251998246187,0.27710338501504395,0.368119044593305,0.42100960896346035,0.3896624913850075,0.7054921829627536,0.5721600108039253,0.3478910387466307,0.3998858076371944,0.40349734778326385,0.5368169684735038,0.4198596203613555,0.527456127562612,0.5547396497643396,0.33870671059457075,0.4454272106904489,0.5548461697069735,0.3164794780030247,0.5319636869890685,0.3276610123958145,0.6812448731897549,0.19033452729824385,0.39272695466375074,0.3719917548234198,0.35757270954509957,0.5253085252703054,0.4244276406455933,0.49199544259665284,0.37946469386896264,0.39584445929813994,0.27591109119030865,0.25423409051702717,1.0,0.49224956907043343,0.5908919661340994,0.6243629323119854,0.34370771572717396,0.41689701331700735,0.43333939012320477,0.36125910337795814,0.4984462392845717,0.43463891810397515,0.3579388224772453,0.345565845758458,0.5910775753658822,0.37423030696956533,0.3567146571968504,0.5067612588738746,0.48156009268143696,0.45455800405315583,0.4676468671629453,0.40814653892669445,0.3050050202064777,0.461251443452528,0.20943660496633237,0.4980326168233523,0.3852422081633294,0.4166028406069438,0.3332426396398549,0.4668996762183375,0.38297582743232095,0.4547902430867271,0.2879746117647541,0.3668467237668328,0.5589897541341159,0.5064716010889525,0.3152455019012136,0.40907383350267296
Phetchaburi,0.3393376300689316,0.6023610309473257,0.6099953704535744,0.18709979444118666,0.1259975851016446,0.40893133390220804,0.6688545640792215,0.3101548011781364,0.2880750514894766,0.4088340787651929,0.1596079961443349,0.4509031802160399,0.5691546532289786,0.2680772735376697,0.4621145476723486,0.6921685126314692,0.15314307877500072,0.490246981434465,0.25742660083668967,0.42199610656812736,0.28640916766551927,0.5186681680109888,0.5019939704795238,0.1244711955016294,0.29578261115988813,0.609056648640198,0.5170501125962363,0.3379983650807008,0.13921399378105506,0.4288497355224863,0.28031005865749803,0.3096533908984319,0.503744399264499,0.19777167890411432,0.3588230996667046,0.6089398613606455,0.7023755613897782,0.5653739486360505,0.5647642748704016,0.36943652338894634,0.147071233639186,0.49224956907043343,1.0,0.4280661717058416,0.44368631154971827,0.5304147292328549,0.23093746495911177,0.5769946740279168,0.2395317220768928,0.7203642628985731,0.4582208348955838,0.49308759770345634,0.4543037207468151,0.4073135872438803,0.2577358029581307,0.18497524818947653,0.732195511739123,0.6877516037424313,0.6150936723617817,0.6422283688474262,0.472628236062413,0.12863336031830375,0.5995446348779253,0.2622418624738776,0.349585995519035,0.5082705885834418,0.5033905435845829,0.1518325645494834,0.22951468279019835,0.4845274371751809,0.4122537460401726,0.11295602416793815,0.19522282105416458,0.3336899695376093,0.33195985599684613,0.4931010834055699,0.2637654783992995
Phichit,0.3095670731615257,0.4455722369999913,0.46864926274580465,0.3221065875950905,0.2512031835287187,0.4732858305487819,0.4199880482321932,0.4101443356145559,0.27317546954551525,0.42716820287745016,0.20571975264213235,0.4189188885596423,0.3538861275182599,0.35536585805558785,0.4860149651588076,0.45912837108300386,0.28968519583755464,0.2784166703245635,0.3780254783026309,0.4165461012564489,0.3549619772273927,0.3929144461252016,0.43584569637225257,0.3133840817682982,0.46543836544622175,0.4599563655028318,0.3795615759666996,0.31825523564790814,0.29035396353237386,0.574517383777931,0.2274125045741766,0.31315843642330365,0.2508309224243192,0.29711066889237325,0.3039646112456673,0.4257195830415388,0.42570663414302967,0.3060662739012231,0.3049473666198069,0.2525987151949553,0.1945066025642989,0.5908919661340994,0.4280661717058416,1.0,0.6359203469875179,0.43132322929805755,0.3792360591694055,0.3353421012597745,0.3240984732754043,0.406572120875758,0.2555020253681497,0.3140338100582475,0.395521351872709,0.4499829588074083,0.30190917200700285,0.3439855579722945,0.4486806498566878,0.41751148862622967,0.32617966824732125,0.4437139343167864,0.25150699851257874,0.28185017454444505,0.44413012665412,0.23341351723502218,0.5752373745818504,0.4651137479009246,0.3084828839722676,0.31813419693641015,0.4287434962215957,0.25220497397673736,0.2835169694198828,0.27362444708845846,0.31172112509868066,0.5552512945730637,0.47640629162640113,0.3016042800644432,0.39373108915807736
Phitsanulok,0.33185532733567913,0.42499646481249354,0.42104718302591243,0.3413898993866705,0.2810774239670881,0.45257957750389066,0.42275384312385844,0.41705716564320217,0.3445600426011528,0.42486493326655217,0.21026247353638586,0.45255780030791093,0.3456276199677436,0.38112617245574026,0.4811159571319503,0.429385103513501,0.3249146464115207,0.2732595113928814,0.3985182045700611,0.40248062748150165,0.40140080474860246,0.4180356842946219,0.42430553254287673,0.3250890148933906,0.4884631810189443,0.5006692401282296,0.373088120704531,0.33618220001303645,0.29787697452756823,0.5577092564420738,0.22531299837246033,0.30444278271747066,0.2553170120006394,0.3743872886335363,0.32778891811665034,0.41298888778047516,0.4239155063184501,0.306644456693824,0.32670084817265943,0.2279609479004222,0.2043984087610261,0.6243629323119854,0.44368631154971827,0.6359203469875179,1.0,0.44598641215442913,0.3809499719450428,0.34227639354887185,0.3261476363578578,0.4117807387417499,0.2642966508968998,0.32737889201099024,0.4134838411766702,0.46588033952644836,0.35554946713961855,0.36846712566788564,0.4519702445492181,0.4161809467081503,0.32052178996762337,0.45612146963350486,0.251824587492285,0.30334905650620186,0.42242971271129276,0.236380086696101,0.529536410874391,0.3910397410633084,0.3025569407304085,0.3387730738257798,0.4080106723930858,0.2545281475225935,0.29341157923092054,0.27963309642606904,0.371431434364186,0.47821686605813446,0.5183157364104298,0.29582116528591984,0.40967717297237316
Phra Nakhon Si Ayutthaya,0.17178180899427734,0.6138338249290928,0.5814662243713568,0.23875266309926488,0.16466818733537536,0.43508626959835095,0.4927452481499862,0.2598908990057763,0.2733544540560784,0.3080337001819117,0.17113068353693822,0.41469440920427636,0.3769505448322584,0.25266194266155945,0.29271979291500494,0.46586600140106066,0.1947204414584002,0.3006275492191264,0.3043359675579672,0.28127651547021343,0.2588652137678288,0.4569388385339918,0.304994200269447,0.209441369363155,0.34459111686987365,0.44806498836271896,0.5987793185901964,0.1664870579137926,0.19210930846200153,0.32163192435646926,0.3315022523985571,0.2460416948194186,0.31361052614536133,0.24570620542338012,0.1928722662759058,0.6092670591382081,0.6033843925101273,0.36156062715703097,0.364551682086464,0.29615246603049206,0.1478258769162322,0.343707715727174,0.5304147292328549,0.43132322929805755,0.44598641215442913,1.0,0.31462859115325964,0.39550775719148834,0.27349423902838843,0.5007795257901599,0.2752033121463107,0.4189726252807965,0.4265569621109246,0.23060228560002002,0.25889571626096325,0.2693244005619531,0.5487231424370166,0.5292716683152611,0.4433808812214467,0.6533286335756903,0.2997441802386138,0.20772290941565286,0.5052221772629251,0.35328439695689046,0.38297844003836395,0.5516334882618491,0.3204863339939674,0.21994563829813069,0.2936298749813507,0.2994734836861244,0.20750695780725373,0.23148511006950087,0.23102765963472327,0.37538509186395264,0.3456293957436877,0.3566432285765781,0.2789966958712664
Phrae,0.3183550306525326,0.3338894080211774,0.31326418545127777,0.43398100617012514,0.4042593044108521,0.37327035962507227,0.2824064404612215,0.33470830071140545,0.31538524755779196,0.382759941694868,0.3526421447977992,0.3513757827504173,0.23283171267478112,0.36872319686952126,0.34855007215556216,0.2825144872243777,0.41910955153316615,0.21660642648956566,0.5934922930782235,0.4464879449829368,0.4960170864375565,0.3032255942966712,0.3964961290087301,0.45223875515794904,0.42447439165903283,0.31712072894814003,0.35522801940279347,0.31492165886886,0.38300734437610023,0.32966597191849356,0.26253468761568544,0.5068533440556956,0.23116213077592931,0.48179258790748436,0.3947926001433734,0.31386046016960023,0.29784240675471413,0.203645410226979,0.19332362458451854,0.22293053520239672,0.35266988820691303,0.41689701331700735,0.2309374649591118,0.3792360591694055,0.3809499719450428,0.31462859115325964,1.0,0.26710628665673014,0.33709343289078053,0.2645851153309221,0.25056762867402105,0.3126250568108948,0.2810596410893159,0.3025534472011608,0.35249841336385634,0.42945702715761613,0.2676378847133918,0.24929773745895578,0.275081649928914,0.29602024766983087,0.2530210251999683,0.38364856254495405,0.32978364108336455,0.32728328800010953,0.4330902602659962,0.35472246876574454,0.2289987681685903,0.4021580725535717,0.45879718890247695,0.23420738515753042,0.2560592954612847,0.37932117276629485,0.4563802798783102,0.4892457025049985,0.5146011960464607,0.21662012725831453,0.38575851180461423
Phuket,0.4035263779355631,0.4818068889235715,0.5357701989426159,0.22247529796150375,0.1626075052842379,0.2850841794302221,0.5440700472731935,0.24389965812835238,0.29227200028526895,0.36054043233577115,0.19398315244670258,0.3189562219006778,0.6751120436682427,0.26051301387541353,0.3879941264996958,0.5171041246512675,0.16905399290778586,0.6321202415978748,0.23172268634345117,0.4017485417823009,0.349878799978097,0.4292381083197757,0.4582684928308461,0.15768286561344882,0.2586357145624669,0.5030787774891767,0.42589335416167884,0.38880690069170726,0.14292489137087366,0.37803827113094707,0.3836298810675916,0.3301457576820927,0.6680657306251705,0.2348087030192781,0.4359476167045484,0.556366103401258,0.6174119854916327,0.6907953673952854,0.7020500077840746,0.48772188058570015,0.19817308286389884,0.43333939012320477,0.5769946740279168,0.3353421012597745,0.34227639354887185,0.39550775719148834,0.26710628665673014,1.0,0.22334262594722987,0.5922117715417367,0.6460027762360303,0.393987461213008,0.3388847885512916,0.37945535487599297,0.2405667301156726,0.191022955872098,0.6035213254223104,0.6177542172520896,0.6140267919468149,0.5250179342305651,0.6602551546696298,0.15985673262659175,0.4958172228230442,0.3930559760363164,0.24460970289664866,0.37739967128300944,0.6373894088469382,0.16463489776882823,0.20854151067191234,0.6562058355983883,0.4628555854698986,0.15003424274358723,0.210618732043663,0.29129393500380485,0.23790980256121522,0.6313032752508123,0.2240887363202044
Prachin Buri,0.36435768103838956,0.2298777599453467,0.25353649261495376,0.45042773470840547,0.3600766305093994,0.4481042663184527,0.31595265504595965,0.3205936420023841,0.5325499341991571,0.2806330441259882,0.3836217594739666,0.378007941807605,0.22504633496503268,0.3214786389462473,0.39088679381325425,0.26103616616449504,0.39047369278782884,0.26431655425317685,0.31408540227567544,0.26310270633891586,0.3829642535629356,0.358982744154832,0.25283008785130856,0.41118207971069914,0.3687159760419868,0.3715323601013513,0.2703772362163905,0.3871054312427248,0.39119337997162906,0.3878587917889119,0.3596428746611041,0.29281288847126213,0.2572736371269148,0.43921971915938907,0.3581055167734588,0.2379012165244818,0.2360855007800067,0.23650912503173327,0.25275930196251617,0.2705598015665365,0.39214357188082216,0.36125910337795814,0.2395317220768928,0.3240984732754043,0.3261476363578578,0.27349423902838843,0.33709343289078053,0.22334262594722987,1.0,0.28310946208819393,0.3206029260041265,0.3596739707200243,0.370484287954053,0.32314109011496256,0.56324636320876,0.4046889333743288,0.20659482194796788,0.22162730159190902,0.3378732039908809,0.25580621211022425,0.2889122372082095,0.4135386304731128,0.32955094268970453,0.3274381224900984,0.3395433215350401,0.28557353688793025,0.2608642334470756,0.3787317198241666,0.3992234096223371,0.27971787024129463,0.42187284612857817,0.40853905071977614,0.362434029351976,0.3903445081431865,0.3398918014235348,0.23419486391773747,0.33497696188444187
Prachuap Khiri Khan,0.3338260719655226,0.5762649111934852,0.5986395150236951,0.20812278124930536,0.11851077057258987,0.37046931275970263,0.6844651451885606,0.2718868462242028,0.3135344847421595,0.39208123116784865,0.17805185124184308,0.39890583230959076,0.6132500442617559,0.22581718935297834,0.4646806294494832,0.6821917915756883,0.13754937606787615,0.5347300211066283,0.25981342631667015,0.41967970166090257,0.338728107130068,0.5163301662802919,0.48646872959809906,0.11233780336381184,0.28329481517816424,0.5838660302488085,0.5308752231570261,0.3307285364631257,0.12966887989005424,0.4370479148282365,0.3184014466263014,0.33933125126194574,0.5390819063884342,0.20083841714193953,0.36149311719416044,0.5965367085823774,0.6787604441147916,0.5789216325620913,0.581013753936976,0.4078839952688604,0.16737514398433936,0.4984462392845717,0.7203642628985731,0.406572120875758,0.4117807387417499,0.5007795257901599,0.2645851153309221,0.5922117715417367,0.28310946208819393,1.0,0.5051023512045689,0.576621124320697,0.4034572086672251,0.37286914831008827,0.2922991532352034,0.1665680080457807,0.6727581591080769,0.6587333220318827,0.6799943054970847,0.6364583922533156,0.5132783026257095,0.11895197582855072,0.5968221535663659,0.32816012662564037,0.32726446150159183,0.5188900307118742,0.5608566330176034,0.1301931334306747,0.25570261531559196,0.5156243302524391,0.4373702863134905,0.10377756020228662,0.16923634356399092,0.3799837320448003,0.31530716642457784,0.5125105301914803,0.23234148091245876
Ranong,0.47296426467996,0.3716094183525642,0.4164836013798444,0.26287706961977897,0.23229966094014576,0.1761013996655586,0.5113669511680925,0.20131266716078106,0.31807288656131066,0.3081559190032642,0.31923890333212046,0.20576772594535486,0.6152456172750045,0.24659372864711565,0.41403911060617177,0.4522312139660726,0.2172212868055587,0.7035187306325408,0.18552243017238682,0.3564390305528651,0.3245772784959877,0.4318217808259514,0.3759884345868678,0.20611788454887509,0.19696596867327237,0.3977820294559868,0.3307676413790879,0.4820643213240179,0.20000654275055033,0.41122247764626557,0.45695461138728094,0.33506884817867255,0.7095949962033424,0.2330970178336109,0.4918037393072674,0.4356223518913558,0.49143590010053595,0.6314403276340587,0.6653208972722163,0.5559630606080981,0.30752645853605537,0.43463891810397515,0.4582208348955838,0.2555020253681497,0.2642966508968998,0.2752033121463107,0.25056762867402105,0.6460027762360303,0.3206029260041265,0.5051023512045689,1.0,0.42817767183862165,0.21986365321384954,0.3693200324796129,0.29122287169102595,0.1841692243427344,0.45992611853059673,0.5021081795381426,0.6064172592616,0.4171282672680183,0.7370689135513144,0.20961269194823184,0.4222999571042767,0.45135591538829334,0.19784391248603522,0.30817904901872617,0.6634107879814454,0.1864936330218233,0.22982257503498082,0.6771140915816101,0.5467246594162167,0.2141142737100761,0.2253421526248665,0.2791502460223199,0.21352200094251209,0.577815523691882,0.1779061126055376
Ratchaburi,0.23823478873079032,0.4904531311103288,0.44961397220198257,0.2401586163415215,0.24923603422418122,0.2892463309865251,0.552902837442253,0.27423644737584624,0.3359984306027985,0.25856765166479895,0.33232963689148715,0.32864715783457943,0.45788334189517654,0.21988358312324852,0.34610714623179134,0.4884773401320378,0.22651183683444304,0.4510281354880653,0.27356940696582455,0.2846983788620629,0.32047854024721384,0.48461153380546584,0.2689558239533064,0.2029718216213768,0.20689785141466926,0.3585870059041453,0.46802393720474544,0.2392721198379205,0.20844460136480367,0.39656624434300336,0.3871942145786338,0.36696045926331844,0.4281234982915958,0.23011414747100323,0.24845464687493016,0.4557608755802495,0.46070971798678007,0.4082847073724888,0.41048851746823556,0.41582650841319885,0.2830557693440112,0.3579388224772453,0.49308759770345634,0.3140338100582475,0.32737889201099024,0.4189726252807965,0.3126250568108948,0.393987461213008,0.3596739707200243,0.576621124320697,0.42817767183862165,1.0,0.2708859875658517,0.22683785474752788,0.35056687887045146,0.20077312884509257,0.4406904351080625,0.43698149695675537,0.5805827170163373,0.48249529193700136,0.4328578443146377,0.18704088599237678,0.4904733029044172,0.44005921083440763,0.26844908762940967,0.5234506133696339,0.4694069008517425,0.1874950757240308,0.27053522963836213,0.41000946943381633,0.3433491496883605,0.1909179349984127,0.2354862702155041,0.42120161638485737,0.3049271670958051,0.4089059518446534,0.224635298007204
Rayong,0.3117842201312947,0.40595949769728445,0.4259588073471054,0.29257636223101874,0.2528045140072575,0.539556084448257,0.3497099875397272,0.3890169509062629,0.3973393091751696,0.4773500774724064,0.25557460699710377,0.5551913675089887,0.31791914301549007,0.37671947174001374,0.4126176037275116,0.39898879376676905,0.27290103340321414,0.2330151518045858,0.39185668953004466,0.43973852704584454,0.29976281599375215,0.293809280123303,0.4737034611000743,0.2771770932478427,0.43101163641605683,0.5358541378473544,0.373311040268686,0.323212704344321,0.27205694851408324,0.3113891470396483,0.29362541220887645,0.35130208688876313,0.2723879454183312,0.30456142453657403,0.33788590469094115,0.4110282379981356,0.4213064321568892,0.35237982383445743,0.3288982235802665,0.2897026875372725,0.25212234727479943,0.345565845758458,0.4543037207468151,0.395521351872709,0.4134838411766702,0.4265569621109246,0.2810596410893159,0.3388847885512916,0.370484287954053,0.4034572086672251,0.21986365321384954,0.2708859875658517,1.0,0.38096377803109444,0.3524321006695056,0.33066024269337485,0.47694295190642194,0.42687871856444,0.3159729926705818,0.43108544966846585,0.23678587769543885,0.3070046022769432,0.36545865399915467,0.21135887135776374,0.4708795910569248,0.3441549726574646,0.24618209351041806,0.2918088777032681,0.32793492049735723,0.2821661493738701,0.39546454028847244,0.2813308271509778,0.3028637838058188,0.3038744000061811,0.3758280640735738,0.33532006265560227,0.3870327159777813
Roi Et,0.6751017617329954,0.30062604060331666,0.31164087946311614,0.4299930436538841,0.4477498189652312,0.32986218166013814,0.40382006748827265,0.5540743502874337,0.329710685381512,0.5047505560985033,0.32822375930337117,0.3353505373130726,0.3615821126523162,0.5771824278443506,0.5879408129652007,0.4387518018169976,0.49299791813591337,0.3574218757193899,0.37871311295973636,0.5283825114619023,0.42583158088198425,0.39501215326817535,0.5777733175249471,0.4923317631155661,0.4638624578522853,0.5358348524560066,0.19404452809675618,0.6680368359218019,0.44993321473434017,0.5366591970670045,0.15544111737620747,0.4066242013014254,0.35378277101296524,0.4781291749194915,0.6210723101678974,0.31322019031376125,0.3890909744846326,0.37157235879689043,0.3828034616786702,0.25407617426530854,0.3340816317047782,0.5910775753658822,0.4073135872438803,0.4499829588074083,0.46588033952644836,0.23060228560002002,0.3025534472011608,0.37945535487599297,0.32314109011496256,0.37286914831008827,0.3693200324796129,0.22683785474752788,0.38096377803109444,1.0,0.37127090539579544,0.5260182041130697,0.4248723490505951,0.42142060959479166,0.3475362298203345,0.32918596688187773,0.3553825376259023,0.47485885091275304,0.3244744671053701,0.1258496987692074,0.42723821769649073,0.2543286669300906,0.3580622974649989,0.5226245571581855,0.3584093102318571,0.3681503350677444,0.5104078849692668,0.4671698980096051,0.5217670271871975,0.32227725591690537,0.43831328008908177,0.2975451017858357,0.5913976039272316
Sa kaeo,0.4034467109538754,0.2514121799645593,0.2429208319699703,0.4217907856715314,0.4148947670502141,0.36121609779328856,0.2924904979720755,0.3585848745761676,0.6089415667758465,0.29300715171761366,0.35011768575849245,0.3515057925899314,0.24301836686406453,0.30135728397478867,0.3911414889421122,0.324295597598267,0.4212022428964893,0.263257049117476,0.3121063952812474,0.2886721798710429,0.4251037964347977,0.3849377202181949,0.2877087645281238,0.4210847112617008,0.3710711595641315,0.4049044885012959,0.23054574096519373,0.3787701255489264,0.4273199727871917,0.3881480526153507,0.30218080386804247,0.28262441175969155,0.2486394318462663,0.4268683677001176,0.35272268853193456,0.2553612878070999,0.24744655305795774,0.2234320519341782,0.22868682966672926,0.24405897664767287,0.40296005574265975,0.37423030696956533,0.2577358029581307,0.30190917200700285,0.35554946713961855,0.25889571626096325,0.35249841336385634,0.2405667301156726,0.56324636320876,0.2922991532352034,0.29122287169102595,0.35056687887045146,0.3524321006695056,0.37127090539579544,1.0,0.40030716891740803,0.24295773037874913,0.27046578041492286,0.3295645609613115,0.2448752973881737,0.2838230092042173,0.4410683838780541,0.2925554385384488,0.2678816888737281,0.3459909292673611,0.2582002488156373,0.26954474952616153,0.4277276765549868,0.34196963526650365,0.27239786458019755,0.4837850814388448,0.42359069106565683,0.36277860100507475,0.3410664320857009,0.3888781750633862,0.2230435993948942,0.37060176297410474
Sakon Nakhon,0.4627676850039088,0.19140686672229323,0.1700897279096612,0.5107730169853324,0.5162511642830001,0.3362527260934188,0.22718036150776194,0.4978849346142134,0.3223407988655752,0.3873684831477936,0.410308457998882,0.31213129711783477,0.1518746624345994,0.5437104348927484,0.3623156470329073,0.20110943079316235,0.5955081022597815,0.16512357717566215,0.460702749588312,0.37180683358104405,0.48534841868091433,0.2766859911053267,0.35568526371727655,0.5974662288831619,0.4919757647254939,0.2971895987941816,0.20424746751959635,0.4665669710318733,0.5214002646101882,0.37830680615190104,0.26450795475224853,0.4152134287487709,0.16389977888931528,0.6478893681027128,0.4409696442141611,0.18047279313035586,0.18846157737280814,0.16080563536599365,0.16927656046781053,0.165300665019678,0.4274566591959745,0.3567146571968504,0.18497524818947653,0.3439855579722945,0.36846712566788564,0.2693244005619531,0.42945702715761613,0.191022955872098,0.4046889333743288,0.1665680080457807,0.1841692243427344,0.20077312884509257,0.33066024269337485,0.5260182041130697,0.40030716891740803,1.0,0.18537538607433116,0.16278319092764745,0.15840631076996925,0.18441588073137544,0.1837681025800079,0.5939772852512113,0.2235792880376624,0.22901502574963922,0.34682445934143835,0.27587872841844274,0.160349751875255,0.6191210377095573,0.4038414653254485,0.17934998991385614,0.25045358476140744,0.5770472129030051,0.643534612009057,0.35587113111453883,0.3849374308546603,0.15574676401293971,0.5985232630304372
Samut Prakarn,0.35148964785635745,0.6392942992703365,0.6834140396967062,0.1978963371189523,0.1253345884200904,0.4308031509901601,0.6413450283044939,0.3090129014714034,0.28491302591254963,0.4390824992099168,0.14345090239370206,0.46647934470022523,0.5705565613647501,0.2819823375112301,0.4655584637848501,0.6639359617025544,0.14934753033648213,0.4784781114500869,0.2859691979632638,0.45879972232904054,0.293784994443947,0.5333399460638077,0.5460463368896955,0.13111076462003063,0.33833961644586175,0.6019012186334058,0.5383239158180962,0.3505366155051277,0.1348678854623012,0.420669042000155,0.2682929942863982,0.323931005337592,0.5067126514164628,0.19778339868609027,0.38495486300926907,0.6837536434006727,0.7473865652429955,0.5721092984884458,0.5609972385010248,0.35753138918561556,0.14252214818427564,0.5067612588738746,0.732195511739123,0.4486806498566878,0.4519702445492181,0.5487231424370166,0.2676378847133918,0.6035213254223104,0.20659482194796788,0.6727581591080769,0.45992611853059673,0.4406904351080625,0.47694295190642194,0.4248723490505951,0.24295773037874913,0.18537538607433116,1.0,0.7455889171488959,0.6301556948011626,0.665490661422224,0.4707027015256586,0.1298463801700964,0.597565771742623,0.25003407028033287,0.3744858714019186,0.5149773981464335,0.49197049382403885,0.1626785163801267,0.23777182695182963,0.48785708363718994,0.42582719336389685,0.10794543979209781,0.19748847407798908,0.3348126068952674,0.33396553892680847,0.5031393968877669,0.2733842945901064
Samut Sakhon,0.3893202484105977,0.6238141468471599,0.7059832312483957,0.19136803455614967,0.150910289412785,0.39654017662535823,0.5988036594757112,0.2857602555052308,0.3386647193671196,0.390478408737015,0.15860686742448254,0.4214372026310782,0.5845296935799038,0.2733782551302601,0.4239139622029018,0.669862479895125,0.1526610134905904,0.5130820878285006,0.24990000725475525,0.419290200503894,0.26158248947930746,0.5556557485402005,0.5033098208938327,0.15223828774428286,0.31568929625644937,0.5972524059621409,0.5721067293588625,0.3731585326283724,0.1475893698585708,0.4026603337388604,0.3020430243288529,0.2955404067956842,0.5452929774353794,0.18695690048346864,0.3985931349442036,0.6821002339090835,0.7114674378653205,0.5892858752554947,0.5948482303192115,0.3940448423911888,0.17326075777560312,0.48156009268143696,0.6877516037424313,0.41751148862622967,0.4161809467081503,0.5292716683152611,0.24929773745895578,0.6177542172520896,0.22162730159190902,0.6587333220318827,0.5021081795381426,0.43698149695675537,0.42687871856444,0.42142060959479166,0.27046578041492286,0.16278319092764748,0.7455889171488959,1.0,0.6463011700347483,0.6716426490604923,0.5089297775920845,0.14774755489074443,0.5525979999678522,0.28606684975667374,0.3510446657714903,0.4993037863397147,0.5245842615662837,0.17321855756209387,0.23037282282653013,0.5180946747422,0.48796058467615405,0.12696329816075935,0.182438186179442,0.3017342213708655,0.3137719354520394,0.52419817158602,0.2684256058725142
Samut Songkhram,0.37821886880745653,0.5307797994747835,0.5824972762453183,0.24553218258867196,0.15032498799652821,0.2671767362301022,0.6821036005674832,0.2210115281047588,0.34068315024523427,0.3362610773674214,0.22857835842065793,0.29984029618414576,0.6315242350543098,0.2134124459941376,0.45246165334912836,0.6032973809253012,0.14615717018853877,0.5964542393317809,0.20985889813673964,0.3835061424980831,0.3671259325734575,0.5483685779549812,0.4337459844749407,0.12596869214373496,0.23219108007011954,0.4886985580016185,0.47491356997181033,0.38011484285997593,0.13590845606673796,0.4348798065287128,0.3770890134370019,0.37068120174195685,0.6297838438092451,0.19792379454527784,0.42138729083917253,0.5978315392094041,0.6393843889573239,0.6166447871617504,0.5937884988739565,0.4767323396098316,0.22286541523231435,0.45455800405315583,0.6150936723617817,0.32617966824732125,0.32052178996762337,0.4433808812214467,0.275081649928914,0.6140267919468149,0.3378732039908809,0.6799943054970847,0.6064172592616,0.5805827170163373,0.3159729926705818,0.3475362298203345,0.3295645609613115,0.15840631076996925,0.6301556948011626,0.6463011700347483,1.0,0.5850997395278996,0.6102964478907036,0.13863265146427897,0.5803291856558107,0.38706306643354815,0.2672450449690267,0.5187687223493918,0.6122763217146407,0.14488049191627445,0.20999825743638426,0.6108072295948759,0.5080109731006499,0.12996238596057297,0.17332011320784677,0.3579683053029916,0.23890114894192072,0.5581691616430655,0.18079685611258356
Saraburi,0.2976328011248026,0.6812897584827803,0.6921192523453119,0.20156836011510718,0.1328373644947593,0.4102040569753074,0.6112702504287953,0.2822877850854929,0.2912306928920011,0.4019057630313325,0.1631926844531182,0.41345712439633603,0.5003773162238283,0.26915314062775586,0.41062271780503184,0.5944777511807822,0.16549557733501669,0.42766840249818205,0.29732352056418854,0.4150152539127309,0.3115353971001962,0.5669871511206458,0.43033321798142093,0.1593431781415943,0.3087508600126217,0.5865152235494295,0.6203358615683254,0.29352071956208536,0.14828715148263877,0.4133088115418381,0.3004628535782079,0.32746126941584375,0.4510711145485522,0.2192347645018653,0.3343680745234101,0.698206339150721,0.702272509248221,0.4898538792528176,0.49534936010804653,0.41894752587468775,0.14524279548119567,0.4676468671629453,0.6422283688474262,0.4437139343167864,0.45612146963350486,0.6533286335756903,0.29602024766983087,0.5250179342305651,0.25580621211022425,0.6364583922533156,0.4171282672680183,0.48249529193700136,0.43108544966846585,0.32918596688187773,0.2448752973881737,0.18441588073137544,0.665490661422224,0.6716426490604923,0.5850997395278996,1.0,0.43951004749927236,0.15378155820652734,0.6142984139175112,0.30520528653905393,0.40424673102899134,0.5693537736893873,0.44923080485128486,0.15479310303102667,0.2474912524810397,0.4364909065399521,0.3538231478982442,0.1308120809957016,0.21165806549229735,0.36814566533335646,0.3724452526553344,0.4723766652007545,0.2475031817464342
Satun,0.46570597139313874,0.40023189734268494,0.42056402759405476,0.2245900774707472,0.24584628795618668,0.17253551373159653,0.5216178806569272,0.21320519280205236,0.31442126264529635,0.3207606960730876,0.31852089686855717,0.19735704521776898,0.627851505101515,0.23218072745830304,0.40989689657454714,0.45803824416447525,0.2285809415668603,0.6995107753957132,0.19822536348952977,0.3725440183067143,0.34361429927769416,0.41126834708591764,0.39189207544962446,0.19942465112257773,0.1683523742477899,0.41402308836137575,0.3417028473769106,0.44971540244070024,0.21723623458312083,0.3800461578947311,0.4732328895046502,0.358425999507283,0.7522145027114147,0.23484327029287422,0.4795537687735648,0.44521988075746144,0.516782129256045,0.6625538302734623,0.66055739463,0.6118475740112799,0.31223200539273943,0.40814653892669445,0.472628236062413,0.25150699851257874,0.251824587492285,0.2997441802386138,0.2530210251999683,0.6602551546696298,0.2889122372082095,0.5132783026257095,0.7370689135513144,0.4328578443146377,0.23678587769543885,0.3553825376259023,0.2838230092042173,0.1837681025800079,0.4707027015256586,0.5089297775920845,0.6102964478907036,0.43951004749927236,1.0,0.22288897924304002,0.43235938619557945,0.4656319962252732,0.20412198268518456,0.3134871760452772,0.6794990328354377,0.1910014501098719,0.20188549007867537,0.7370273088327597,0.5223827533416103,0.22087895131644494,0.22604587806073376,0.26733886288155917,0.22835885250870105,0.6179669879634356,0.18304889867865914
Si Sa Ket,0.5256764587071965,0.15672558981278478,0.13200916609082344,0.43489696892829355,0.6512065684989916,0.2920316488041071,0.15538407863112505,0.45291291239911613,0.380721834857383,0.3376633483666947,0.46704856340944007,0.25967460372662815,0.13914220424194862,0.4639637960119769,0.33276990132655143,0.18194874267835048,0.6519371295601941,0.20142956176530713,0.4076798306843534,0.32420282217028457,0.4240171208409351,0.23283246357731102,0.3002938486320029,0.6264912901701942,0.4127499009510395,0.24372716157377394,0.17402291699714856,0.4906246495095507,0.6321137296995678,0.32942620237198866,0.30789901245947293,0.36855733337482255,0.1847314621130116,0.556687362516871,0.4317944155198721,0.14043352192433203,0.14759186392946744,0.14700506170235603,0.1609058001397947,0.23720020157485344,0.5050744650904945,0.3050050202064777,0.12863336031830375,0.28185017454444505,0.30334905650620186,0.20772290941565286,0.38364856254495405,0.15985673262659175,0.4135386304731128,0.11895197582855072,0.20961269194823184,0.18704088599237678,0.3070046022769432,0.47485885091275304,0.4410683838780541,0.5939772852512113,0.1298463801700964,0.14774755489074443,0.13863265146427897,0.15378155820652734,0.22288897924304002,1.0,0.14476243602744185,0.2712787095795178,0.3448879378899792,0.20397133689763236,0.18278330430672474,0.633097469646958,0.39441618889303365,0.2004508120575907,0.3084329680272898,0.6877224586133474,0.5777296244731664,0.2915115266707198,0.3662028344847248,0.14446448331984207,0.5140742907862341
Sing Buri,0.2919452730971952,0.6033360416162585,0.6646589151367743,0.28832220825903393,0.14585020976734522,0.3511509410783986,0.7236782415981018,0.32852404475168173,0.27723984836846943,0.4083936177439134,0.196108610743972,0.3480425536074408,0.4501888906850521,0.29842467633058806,0.4587439020604823,0.5687157878707515,0.1860666441503124,0.4058018103812529,0.3081296249273444,0.41786217540373344,0.37238315599374955,0.6074469264168557,0.4396164002043206,0.15991480112199685,0.2994469698577402,0.47168093504175757,0.483739016783058,0.30507378232006954,0.15951902549986036,0.4409961486784092,0.2818986198582128,0.39630943437311716,0.43286913869445565,0.28242474467498796,0.36762365556145515,0.5736076946539248,0.6173511136319155,0.472239937150729,0.4608026435088516,0.36414929494343945,0.1805879314560438,0.461251443452528,0.5995446348779253,0.44413012665412,0.42242971271129276,0.5052221772629251,0.32978364108336455,0.4958172228230442,0.32955094268970453,0.5968221535663659,0.4222999571042767,0.4904733029044172,0.36545865399915467,0.3244744671053701,0.2925554385384488,0.2235792880376624,0.5975657717426229,0.5525979999678522,0.5803291856558107,0.6142984139175112,0.43235938619557945,0.14476243602744185,1.0,0.2667511570530153,0.35374574854342183,0.5450343152118364,0.41122680679690016,0.1755281924443986,0.27093047926687425,0.44556264312000815,0.32302803315872264,0.1301590909237872,0.2459158009473201,0.42819261074614784,0.37025048155339535,0.45706212327288676,0.2691835713997837
Songkhla,0.1958497489196188,0.30046977186762824,0.2948310811199166,0.24712323815458703,0.2742782224295922,0.26509929998058573,0.30286246908269876,0.1390648040271262,0.3130683836350412,0.12991975462990213,0.32861244604097795,0.2790262316601027,0.46384415924059874,0.17151036425500496,0.16659128339365292,0.24295114781704613,0.2443208552699414,0.4840951046020929,0.23680870643295332,0.14967172809861037,0.2703592067646966,0.25993451175646193,0.125853513198645,0.28596350058088926,0.19946469185275761,0.1982623553458698,0.4125730746995684,0.18309314448010588,0.26342698028036016,0.2378104300199,0.5473664323415435,0.23040011665472393,0.45849040900140114,0.25495553398471593,0.18702571557830663,0.2975627379794102,0.2810524545816914,0.3900468913164492,0.4173113437259447,0.5217925894751964,0.32001782669803536,0.20943660496633237,0.2622418624738776,0.23341351723502218,0.236380086696101,0.35328439695689046,0.32728328800010953,0.3930559760363164,0.3274381224900984,0.32816012662564037,0.45135591538829334,0.44005921083440763,0.21135887135776374,0.1258496987692074,0.2678816888737281,0.22901502574963922,0.25003407028033287,0.28606684975667374,0.38706306643354815,0.30520528653905393,0.4656319962252732,0.2712787095795178,0.2667511570530153,1.0,0.23494722315879496,0.3520007260814468,0.5247907592910408,0.24052354161565617,0.3094840076693206,0.4164873465734966,0.2762225599609251,0.2841291104491237,0.22669588554781256,0.3413799585443576,0.21481225110249924,0.4146382173673907,0.18037576718759496
Sukhothai,0.3146626185009255,0.38440926271246956,0.37331001262009605,0.33045773548125823,0.30365864924753544,0.47215752773927594,0.3570380832522472,0.41088270885512224,0.3384246873525132,0.4383245005078729,0.2542545474402039,0.42251463510451726,0.28331581742139444,0.40465673814537984,0.5190901955567138,0.3944244530325898,0.327581726537402,0.21092127835342014,0.47835460748848385,0.45158358448808966,0.3280422118334247,0.3291386978406159,0.4564647871123947,0.36720050082428035,0.4390001704772924,0.4555822026063653,0.3549281088564161,0.3203689071656816,0.3362137133478603,0.45050031462173906,0.26826185389411766,0.35254204233519965,0.2126280528590557,0.32120659695719,0.32833956046057866,0.34100904472106647,0.34997883532096674,0.26372599477633785,0.23698182736104254,0.29018022670796284,0.25561889873692384,0.4980326168233523,0.349585995519035,0.5752373745818504,0.529536410874391,0.38297844003836395,0.4330902602659962,0.24460970289664866,0.3395433215350401,0.32726446150159183,0.19784391248603522,0.26844908762940967,0.4708795910569248,0.42723821769649073,0.3459909292673611,0.34682445934143835,0.3744858714019186,0.3510446657714903,0.2672450449690267,0.40424673102899134,0.20412198268518456,0.3448879378899792,0.35374574854342183,0.23494722315879496,1.0,0.3958985134186059,0.24137791689572288,0.36163532700310225,0.42638933096188164,0.22719300843780882,0.3256660178430232,0.3057507320578899,0.3496316351898082,0.4594819302110404,0.5844341439105581,0.25822098664597426,0.403429370615889
Suphan Buri,0.170694145758243,0.5433880578584499,0.5383266723071723,0.2545318172083554,0.21387345846691644,0.39313554846381926,0.5813949063111957,0.3669456065775052,0.23243885675176185,0.3147486274233276,0.24512348149748497,0.3865496224611853,0.4047988909628748,0.2989409935484684,0.3802803628691223,0.5268138691010847,0.25185614844089294,0.3223631861254825,0.32522869166106544,0.3222853194000249,0.28067548703521694,0.5445797462431328,0.32919782357570204,0.21843137445249175,0.3102011860256291,0.3678614222773991,0.5498104445852663,0.1904810470492529,0.20395048567750437,0.4241034497453417,0.3287609299842512,0.3669019357099955,0.328201585282001,0.22864168474610977,0.20481467111718568,0.5102803043629887,0.5061864450799557,0.3725024235915857,0.33671259679733373,0.32654900441563234,0.23478442447557385,0.3852422081633294,0.5082705885834418,0.4651137479009246,0.3910397410633084,0.5516334882618491,0.35472246876574454,0.37739967128300944,0.28557353688793025,0.5188900307118742,0.30817904901872617,0.5234506133696339,0.3441549726574646,0.2543286669300906,0.2582002488156373,0.27587872841844274,0.5149773981464335,0.4993037863397147,0.5187687223493918,0.5693537736893873,0.3134871760452772,0.20397133689763236,0.5450343152118364,0.3520007260814468,0.3958985134186059,1.0,0.3507058522811551,0.253905788071883,0.29956602840182156,0.3148028087585498,0.2298558698469717,0.17881209702412007,0.29750013957694027,0.5194695236225293,0.32421350905302015,0.3756390707480649,0.31724958911166673
Surat Thani,0.40681595954756045,0.39721850276776693,0.4324930792412359,0.18501819318441623,0.20540344787413178,0.20508148132128184,0.5307753746363323,0.19540331586547402,0.3173083887026249,0.28891237660998864,0.259285808741045,0.23866780776437344,0.7482083892855564,0.2038783479888821,0.3861501766673807,0.47242469004568716,0.18217569124598906,0.7443329918651393,0.16976056856400806,0.33537165000525604,0.3292843032613763,0.3827838256969648,0.375650453874945,0.16755948164647766,0.17949311465587284,0.4365093096031838,0.36166536860475373,0.3863633108506632,0.17751045280357813,0.40152072460097205,0.4772254371182401,0.3023666108103973,0.6864112615635922,0.19885637917474655,0.4012229454298035,0.4421135674618629,0.5144497542160679,0.6467040334121639,0.6574888692764522,0.6175814181119672,0.25403645626557714,0.4166028406069438,0.5033905435845829,0.3084828839722676,0.3025569407304085,0.3204863339939674,0.2289987681685903,0.6373894088469382,0.2608642334470756,0.5608566330176034,0.6634107879814454,0.4694069008517425,0.2461820935104181,0.35806229746499896,0.26954474952616153,0.160349751875255,0.49197049382403885,0.5245842615662837,0.6122763217146407,0.44923080485128486,0.6794990328354377,0.18278330430672474,0.41122680679690016,0.5247907592910408,0.24137791689572288,0.3507058522811551,1.0,0.17888901954841493,0.2028780498616906,0.6674192098920346,0.5080643295583318,0.1819363260265361,0.18748525922414389,0.28823947059993515,0.23178472565660851,0.5935347563230358,0.1834639632939764
Surin,0.5065159807014075,0.16130736479941976,0.14702134707646625,0.4652469281823966,0.597519782201473,0.3026884759676148,0.1815127093928091,0.5144730324309497,0.37265362793758217,0.33387553092025346,0.4172757152274191,0.2947614311374822,0.15599760226748158,0.5187932644237094,0.3500366650015833,0.1862497730920448,0.6304286009167712,0.18310857158531574,0.409301044350619,0.33210883070507047,0.4164902374053467,0.27298164814152764,0.33048681516533246,0.6067020512337611,0.42095349926222436,0.2735684398902277,0.18876887633787362,0.4542316722495242,0.573539343156434,0.3558934627770969,0.26540069708250313,0.3780890822985882,0.1705722131247723,0.6004552632580259,0.4378863319175227,0.15084662810334698,0.1554536190473934,0.16456614116338011,0.17215286963147888,0.19738833161634423,0.46765703487056826,0.3332426396398549,0.1518325645494834,0.31813419693641015,0.3387730738257798,0.21994563829813069,0.4021580725535717,0.16463489776882823,0.3787317198241666,0.13019313343067473,0.1864936330218233,0.1874950757240308,0.2918088777032681,0.5226245571581855,0.4277276765549868,0.6191210377095573,0.1626785163801267,0.17321855756209387,0.14488049191627445,0.15479310303102667,0.1910014501098719,0.633097469646958,0.1755281924443986,0.24052354161565617,0.36163532700310225,0.253905788071883,0.17888901954841493,1.0,0.3682073912672785,0.20061932793140325,0.30653057076456797,0.5984447060877437,0.6352623132070585,0.32492129985795726,0.39303857884171656,0.16166507065859023,0.6051123479653898
Tak,0.32559803503174606,0.2543565187598236,0.24693282352248908,0.4048385251067876,0.375674207850355,0.4061246022953743,0.2401071115400922,0.37460362764555843,0.30250537847206693,0.37923937411725317,0.3861233876289516,0.3587293587380131,0.1900263423673318,0.38483079575357365,0.39627946611252307,0.3114802626375406,0.3991841261241159,0.2214941559511064,0.47759835206301493,0.38713188204631355,0.3414367026516231,0.3332182697986118,0.3476493922065703,0.43849962630503375,0.40219769716543424,0.2631946909014015,0.27264592301387447,0.34162912001200596,0.39336424310724183,0.4137700103377453,0.24877095881214167,0.3502982510849156,0.17821830533749747,0.39970111764514105,0.3199189840688693,0.23101287136670215,0.22705590509530124,0.1672575590518234,0.20209968230716904,0.20950259354764453,0.39293106760570784,0.4668996762183375,0.22951468279019835,0.4287434962215957,0.4080106723930858,0.2936298749813507,0.45879718890247695,0.20854151067191234,0.3992234096223371,0.25570261531559196,0.22982257503498082,0.27053522963836213,0.32793492049735723,0.3584093102318571,0.34196963526650365,0.4038414653254485,0.23777182695182963,0.23037282282653013,0.20999825743638426,0.2474912524810397,0.20188549007867537,0.3944161888930337,0.27093047926687425,0.3094840076693206,0.42638933096188164,0.29956602840182156,0.2028780498616906,0.3682073912672785,1.0,0.17290652835896933,0.25615971268632987,0.38663704189400055,0.36992620624374306,0.477510173414012,0.4341349303272438,0.16988839489357704,0.3946670165341252
Trang,0.44741578993328696,0.3963997577533907,0.42629171446405345,0.2199500043900774,0.23387915078303972,0.19851650040992333,0.5333086927438269,0.23718790248374083,0.3310912818089219,0.35056914858379185,0.2926588423668641,0.22134560406579173,0.6452653271636315,0.2615538365101032,0.4222432068491109,0.44578478050616566,0.21166064064231,0.6706894718976661,0.21532767400058983,0.39500415080390633,0.33361069596071546,0.38815124995566913,0.4412787400026428,0.17466065841656916,0.18225515409379894,0.441863636446729,0.341085919571423,0.43734322429020983,0.20159395642411737,0.3630313808775121,0.4986478289738285,0.38007243984199746,0.75788299869352,0.2367317187870377,0.476670436362652,0.44615425558171323,0.5257594580518428,0.7206560350252094,0.6799563852870729,0.6138269227191235,0.2923759966296369,0.38297582743232095,0.4845274371751809,0.25220497397673736,0.2545281475225935,0.2994734836861244,0.23420738515753042,0.6562058355983883,0.27971787024129463,0.5156243302524391,0.6771140915816101,0.41000946943381633,0.2821661493738701,0.3681503350677444,0.27239786458019755,0.17934998991385614,0.48785708363718994,0.5180946747422,0.610807229594876,0.4364909065399521,0.7370273088327597,0.2004508120575907,0.44556264312000815,0.4164873465734966,0.22719300843780882,0.3148028087585498,0.6674192098920346,0.20061932793140325,0.17290652835896933,1.0,0.5316093362903783,0.19672040541701954,0.2325978908877771,0.23901025267952294,0.23222644094601042,0.6541675144325534,0.19970803685975702
Trat,0.5884569035009166,0.3076713960944846,0.36917202457605847,0.32236497765601985,0.33810042452261685,0.3117514104241963,0.4018876952609406,0.3373427943451896,0.5635225945583164,0.3748148147750695,0.33214424897387057,0.3398479662078496,0.4822977371779049,0.34778283412051136,0.4931040443341163,0.4371240306631793,0.3150814719941694,0.5119351754987062,0.2532621243351905,0.43244453140301264,0.33142314291958896,0.3877281703094725,0.4680635383899429,0.3049567180532531,0.2742843505302974,0.5624636924492339,0.2551682120490819,0.5749784073296791,0.302592446282934,0.40840849492409137,0.3095182670474025,0.34272720867667167,0.5335236798039037,0.29536904419265864,0.5648469426350449,0.3753239774881918,0.4264954975182484,0.5001193320041804,0.5095157326927788,0.41982823907021394,0.36053680852265674,0.4547902430867271,0.4122537460401726,0.28351696941988275,0.29341157923092054,0.20750695780725373,0.2560592954612847,0.4628555854698986,0.42187284612857817,0.4373702863134905,0.5467246594162167,0.3433491496883605,0.39546454028847244,0.5104078849692668,0.4837850814388448,0.25045358476140744,0.42582719336389685,0.48796058467615405,0.5080109731006499,0.3538231478982442,0.5223827533416103,0.3084329680272898,0.32302803315872264,0.2762225599609251,0.3256660178430232,0.2298558698469717,0.5080643295583318,0.30653057076456797,0.25615971268632987,0.5316093362903783,1.0,0.3079647379154923,0.30596877088301727,0.24538309710329329,0.31673712522931513,0.43544751059199727,0.32033639659905927
Ubon Ratchathani,0.5238428338116897,0.14636921680913,0.11746274595238561,0.4548411729788316,0.6192433042161773,0.28836763641256,0.14075736181940046,0.4180264727588697,0.3594814819562695,0.3073166054620263,0.46397399116434246,0.25854054660514336,0.13351788543753496,0.4456671608583801,0.30884317671593925,0.15073455798043112,0.6110087844242399,0.19981654489364192,0.38958235645212014,0.2959884424689845,0.3918996613706628,0.20786957579377566,0.2691629188385637,0.6127783405580125,0.3940808706399633,0.24256697141192052,0.17196436467294424,0.4817591322813396,0.5908694204014227,0.3120323368799032,0.28800330778063776,0.3338997980849209,0.18598690796641884,0.526731330170545,0.423596355424149,0.1416599496636885,0.12797251669952817,0.14074958064881626,0.16020874203123997,0.2146608150419698,0.4641892584244728,0.2879746117647541,0.11295602416793815,0.27362444708845846,0.27963309642606904,0.23148511006950087,0.37932117276629485,0.15003424274358723,0.40853905071977614,0.10377756020228662,0.2141142737100761,0.1909179349984127,0.2813308271509778,0.4671698980096051,0.42359069106565683,0.5770472129030051,0.10794543979209781,0.12696329816075935,0.12996238596057297,0.1308120809957016,0.22087895131644494,0.6877224586133474,0.1301590909237872,0.2841291104491237,0.3057507320578899,0.17881209702412007,0.1819363260265361,0.5984447060877437,0.38663704189400055,0.19672040541701954,0.3079647379154923,1.0,0.5578386625210834,0.2906121754968185,0.357490297291695,0.13920097976701096,0.4968965905942758
Udon Thani,0.5405024379896021,0.19810640058544376,0.18726862414865797,0.4859677869803876,0.58413096598569,0.31416135218998426,0.24187443278157178,0.5648153274512283,0.33929478110999844,0.38505856287061313,0.43528321279002635,0.31797687130287083,0.16864777851558513,0.6136301104615022,0.3821683062528345,0.1986134523133717,0.6960518155679741,0.1948689298636713,0.4823382762238244,0.40673309722531203,0.4626628225685375,0.31487629119667504,0.38107481085895417,0.6004064263538971,0.4165793741676811,0.3353417282107934,0.21604028272265888,0.5175837188547388,0.5256267008830484,0.3711522242367556,0.22583324749145792,0.4811839789570861,0.20593194508556428,0.6568553725306726,0.5268810856270411,0.1949343405494664,0.20699401251368774,0.19547668365318577,0.20571622953257906,0.20620871641462957,0.47936575902737255,0.3668467237668328,0.19522282105416458,0.31172112509868066,0.371431434364186,0.23102765963472327,0.4563802798783102,0.210618732043663,0.362434029351976,0.16923634356399092,0.2253421526248665,0.2354862702155041,0.3028637838058188,0.5217670271871975,0.36277860100507475,0.643534612009057,0.19748847407798908,0.182438186179442,0.17332011320784677,0.21165806549229735,0.22604587806073376,0.5777296244731664,0.2459158009473201,0.22669588554781256,0.3496316351898082,0.29750013957694027,0.18748525922414389,0.6352623132070585,0.36992620624374306,0.2325978908877771,0.30596877088301727,0.5578386625210834,1.0,0.3492310754839604,0.4203230982497296,0.1886211646109956,0.5924863730562447
Uthai Thani,0.2578005939781473,0.39864478403532877,0.3593753767897479,0.41684745069006424,0.29334777251483074,0.40614940568619884,0.42827977311337195,0.4125840061372562,0.26524935911132796,0.3454357364683641,0.3012442366526849,0.3920457500434391,0.30288143090963093,0.3447880164426146,0.49793189202675514,0.4112925359441164,0.33061106350811015,0.25563092507303165,0.4287353942237761,0.37268840627967853,0.38814363594739343,0.4283691599417469,0.3422236124591178,0.3383850753141543,0.41172688387673706,0.35045957289868124,0.3984799934481861,0.2785699338663955,0.31884111111354624,0.5482222346483276,0.2686519270339146,0.3973924464619262,0.23122808426032873,0.34520853259857687,0.2935685627437637,0.350939770628781,0.3387811314413316,0.24275376861112236,0.2356043961791319,0.24794107736020468,0.28024610516763654,0.5589897541341159,0.3336899695376093,0.5552512945730637,0.47821686605813446,0.37538509186395264,0.4892457025049985,0.29129393500380485,0.3903445081431865,0.3799837320448003,0.2791502460223199,0.42120161638485737,0.3038744000061811,0.32227725591690537,0.3410664320857009,0.35587113111453883,0.3348126068952674,0.3017342213708655,0.3579683053029916,0.36814566533335646,0.26733886288155917,0.2915115266707198,0.42819261074614784,0.3413799585443576,0.4594819302110404,0.5194695236225293,0.28823947059993515,0.32492129985795726,0.477510173414012,0.23901025267952294,0.24538309710329329,0.2906121754968185,0.3492310754839604,1.0,0.4397823147489486,0.2588860975236166,0.38298758714159464
Uttaradit,0.3772877969116338,0.3780308218073156,0.3382102430241321,0.3662021146716061,0.3888189309770239,0.4293825842722018,0.3407514217568423,0.4276664205120788,0.3547514454170578,0.4443690151976737,0.32621266619792777,0.3928068687807419,0.2436020539241555,0.4368582304698035,0.4895240793735729,0.37626363686590986,0.39589380628936033,0.20955370235225795,0.5352348005610891,0.463965716645709,0.3879858914064943,0.35965310203904144,0.45004142214302867,0.4168052771288907,0.42393260071956035,0.44016555736858937,0.33598413589234016,0.3662094763677276,0.4040304590075477,0.40809439369497147,0.22229478784506157,0.3851467285798756,0.21214960913733824,0.4170578335957345,0.3940314489731412,0.3064381191826032,0.31714298617575587,0.22875472261477592,0.23078380967715162,0.23524075600976785,0.2960572632429762,0.5064716010889525,0.33195985599684613,0.47640629162640113,0.5183157364104298,0.3456293957436877,0.5146011960464607,0.23790980256121522,0.3398918014235348,0.31530716642457784,0.21352200094251209,0.3049271670958051,0.3758280640735738,0.43831328008908177,0.3888781750633862,0.3849374308546603,0.33396553892680847,0.3137719354520394,0.23890114894192072,0.3724452526553344,0.22835885250870105,0.3662028344847248,0.37025048155339535,0.21481225110249924,0.5844341439105581,0.32421350905302015,0.23178472565660851,0.39303857884171656,0.4341349303272438,0.23222644094601042,0.3167371252293151,0.357490297291695,0.4203230982497296,0.4397823147489486,1.0,0.22114388992863643,0.4327776552900123
Yala,0.3195344373775787,0.46190064431862377,0.4888779060719538,0.18603955435181838,0.16657706031175762,0.2777405642952781,0.4921330071957557,0.22049463245482004,0.30408885853485934,0.3430081542792094,0.22544122196980337,0.31683918578008785,0.6524395252585007,0.25121528714074304,0.33488781879358975,0.4264180674617531,0.1480254513331521,0.5959613614475863,0.21561795004919213,0.3666649907336123,0.2972371156333336,0.37212444289475755,0.3932593418391461,0.12754312281645885,0.22165518245093516,0.41387731444158893,0.43393570874327647,0.3157639674391215,0.1575487408205943,0.3391141479430637,0.4971007794077251,0.339129120185341,0.6823969656252035,0.1887766675447889,0.35004951133459544,0.4942151201710565,0.5156657621257137,0.8149049543068483,0.6723030092196924,0.5739207630182976,0.22538565711713987,0.3152455019012136,0.4931010834055699,0.3016042800644432,0.29582116528591984,0.3566432285765781,0.21662012725831453,0.6313032752508123,0.23419486391773747,0.5125105301914803,0.577815523691882,0.4089059518446534,0.33532006265560227,0.2975451017858357,0.2230435993948942,0.15574676401293971,0.5031393968877669,0.52419817158602,0.5581691616430655,0.4723766652007545,0.6179669879634356,0.14446448331984207,0.45706212327288676,0.4146382173673907,0.25822098664597426,0.3756390707480649,0.5935347563230358,0.16166507065859026,0.16988839489357704,0.6541675144325534,0.43544751059199727,0.13920097976701096,0.1886211646109956,0.2588860975236166,0.22114388992863643,1.0,0.19446468351449522
Yasothon,0.49949825441442003,0.23625710085199852,0.2340312780720777,0.478172163457794,0.48810318840090494,0.34164490441399653,0.24750025763949488,0.6239762426888439,0.3265038781065631,0.4158027616490707,0.3648166472439618,0.36738020083419587,0.19344412046050474,0.5785158323302515,0.398400138893665,0.2845875614977946,0.5413967756323104,0.17729387939198743,0.4367318294195697,0.4158370693062644,0.3874942016067844,0.3614658164872333,0.4215195714719387,0.5425908764579042,0.4671989332462677,0.38200597950303417,0.22887154863579773,0.4582125313505214,0.4662396648551891,0.39427859426538125,0.19492066337570652,0.41726675788084355,0.17533969865636434,0.5557135890586253,0.44392607653548855,0.23098273850666104,0.23768420817419184,0.2023473383443033,0.22327090830815605,0.17957181522922014,0.38194886961122404,0.40907383350267296,0.2637654783992995,0.39373108915807736,0.40967717297237316,0.2789966958712664,0.38575851180461423,0.2240887363202044,0.33497696188444187,0.23234148091245876,0.1779061126055376,0.224635298007204,0.3870327159777813,0.5913976039272316,0.37060176297410474,0.5985232630304372,0.2733842945901064,0.2684256058725142,0.18079685611258356,0.2475031817464342,0.18304889867865914,0.5140742907862341,0.2691835713997837,0.18037576718759496,0.403429370615889,0.31724958911166673,0.1834639632939764,0.6051123479653898,0.3946670165341252,0.19970803685975702,0.32033639659905927,0.4968965905942758,0.5924863730562447,0.38298758714159464,0.4327776552900123,0.19446468351449522,1.0
