province,Amnat Charoen,Ang Thong,Bangkok,Bueng Kan,Buri Ram,Chachoengsao,Chai Nat,Chaiyaphum,Chanthaburi,Chiang Mai,Chiang Rai,Chon Buri,Chumphon,Kalasin,Kamphaeng Phet,Kanchanaburi,Khon Kaen,Krabi,Lampang,Lamphun,Loei,Lop Buri,Mae Hong Son,Maha Sarakham,Mukdahan,Nakhon Nayok,Nakhon Pathom,Nakhon Phanom,Nakhon Ratchasima,Nakhon Sawan,Nakhon Si Thammarat,Nan,Narathiwat,Nong Bua Lam Phu,Nong Khai,Nonthaburi,Pathum Thani,Pattani,Phang-nga,Phatthalung,Phayao,Phetchabun,Phetchaburi,Phichit,Phitsanulok,Phra Nakhon Si Ayutthaya,Phrae,Phuket,Prachin Buri,Prachuap Khiri Khan,Ranong,Ratchaburi,Rayong,Roi Et,Sa kaeo,Sakon Nakhon,Samut Prakarn,Samut Sakhon,Samut Songkhram,Saraburi,Satun,Si Sa Ket,Sing Buri,Songkhla,Sukhothai,Suphan Buri,Surat Thani,Surin,Tak,Trang,Trat,Ubon Ratchathani,Udon Thani,Uthai Thani,Uttaradit,Yala,Yasothon
Amnat Charoen,1.0,0.5971743652038226,0.6581755787471054,0.16950733385482777,0.1676544755856309,0.15737190319158778,1.0,0.43254372270200725,0.25730687253318063,0.7048150176914603,0.2233004417600355,0.2403985645320299,1.0,0.38405132655397084,1.0,1.0,0.1904064521089135,1.0,0.15206776678682976,0.8208588781539694,0.4421280328476226,0.6558209694086043,1.0,0.08274256659738728,0.2503937840825431,1.0,0.25739301616613497,1.0,0.1562561482558251,0.8098418074711571,0.15336246208991816,0.49687724381434994,1.0,0.16897010088344888,1.0,0.6943164522325964,1.0,1.0,1.0,0.5718368618938852,0.1904064521089135,1.0,1.0,0.4741851745400365,0.4825640291255363,0.2384800199553059,0.09053450518814396,1.0,0.1812515816938285,1.0,1.0,0.45110785672443743,0.3858496871207129,1.0,0.267066455469128,0.1418484601308967,1.0,1.0,1.0,0.7272937604980072,1.0,0.13539224527149776,0.6581755787471054,0.07951498007605376,0.3080973746176804,0.3206635305472352,1.0,0.1376936416450929,0.11125101123600471,1.0,1.0,0.0912475691912695,0.23119827555663366,0.25602773568469506,0.32203728330974957,0.7306451526537294,0.2936664793542678
Ang Thong,0.5971743652038226,1.0,0.5314830428071655,0.17325028532706688,0.26632905576672883,0.2678923686179046,0.5971743652038226,0.3690228921767575,0.25754837208534875,0.5518024461890103,0.3464079736654222,0.4107160864004664,0.5971743652038226,0.33083061763829474,0.5971743652038226,0.5971743652038226,0.1856070255262644,0.5971743652038226,0.25087552657625556,0.5874193294732496,0.39576508327692295,0.5289419286866849,0.5971743652038226,0.15492024810778432,0.23741336458620618,0.5971743652038226,0.43168710843887537,0.5971743652038226,0.30875915070391813,0.5876140626027766,0.15419731326184422,0.41542403390846555,0.5971743652038226,0.1697392250134396,0.5971743652038226,0.5497529856536645,0.5971743652038226,0.5971743652038226,0.5971743652038226,0.47554457864940264,0.1856070255262644,0.5971743652038226,0.5971743652038226,0.4080935361561397,0.42002772783243114,0.22316403352044897,0.19151163371237023,0.5971743652038226,0.19701535501270698,0.5971743652038226,0.5971743652038226,0.5451594949530125,0.32659444561419027,0.5971743652038226,0.29138093160469375,0.14406388038502976,0.5971743652038226,0.5971743652038226,0.5971743652038226,0.5618298209268002,0.5971743652038226,0.1359527473102785,0.5314830428071655,0.1858520559866648,0.28027195869535415,0.27929763255324613,0.5971743652038226,0.1430350489675622,0.1399506976708373,0.5971743652038226,0.5971743652038226,0.15147550457083964,0.21278855603845104,0.30580577603030934,0.4139441377239287,0.6408424835331323,0.2555689386333157
Bangkok,0.6581755787471054,0.5314830428071655,1.0,0.17057780613627765,0.15958287400030283,0.2557353184081136,0.6581755787471054,0.39173076298592385,0.24532211589998992,0.6006120961599903,0.20367432231860966,0.2301068844408134,0.6581755787471054,0.367956326488678,0.6581755787471054,0.6581755787471054,0.1769340064704226,0.6581755787471054,0.15643126248648642,0.6446330186799993,0.40036843896367597,0.5716487255368526,0.6581755787471054,0.13014621590026754,0.23738192491049837,0.6581755787471054,0.24969134833025247,0.6581755787471054,0.15351803474359743,0.6432551087508078,0.15679326195498947,0.4424708062693442,0.6581755787471054,0.15837352116752562,0.6581755787471054,0.5998988142036392,0.6581755787471054,0.6581755787471054,0.6581755787471054,0.5346596465390134,0.1769340064704226,0.6581755787471054,0.6581755787471054,0.6253614901476897,0.43672181061053433,0.23837768930699138,0.15190764846340488,0.6581755787471054,0.27608310267450076,0.6581755787471054,0.6581755787471054,0.39777712079244515,0.3692005597613404,0.6581755787471054,0.2486616898236561,0.1387865420358403,0.6581755787471054,0.6581755787471054,0.6581755787471054,0.6297430066047776,0.6581755787471054,0.13844196246410043,1.0,0.09462796327771977,0.3597134256251376,0.38092564563546716,0.6581755787471054,0.13416263990999205,0.18918318615132518,0.6581755787471054,0.6581755787471054,0.09886166864044543,0.2111428087265627,0.32933112868105074,0.38636965824106717,0.6173013648193922,0.27174407056366584
Bueng Kan,0.16950733385482777,0.17325028532706688,0.17057780613627765,1.0,0.3357742446948898,0.30050462131508443,0.16950733385482777,0.26210172243539487,0.33240421318017077,0.18971050208691806,0.3164258011631946,0.2849132987547538,0.16950733385482777,0.25511970893832026,0.16950733385482777,0.16950733385482777,0.3693633971581917,0.16950733385482777,0.32864581393861936,0.1730949928623723,0.27432325727739326,0.18928264971252995,0.16950733385482777,0.3672046547866951,0.359776512432297,0.16950733385482777,0.27093069759492505,0.16950733385482777,0.3422839207224133,0.17318685842122072,0.3767945372093179,0.2405738475903739,0.16950733385482777,0.38500216440778323,0.16950733385482777,0.22685050556622569,0.16950733385482777,0.16950733385482777,0.16950733385482777,0.18203898886486647,0.3693633971581917,0.16950733385482777,0.16950733385482777,0.23935515860571085,0.230528672366362,0.3611883739493248,0.34231613719248966,0.16950733385482777,0.34287395228371587,0.16950733385482777,0.16950733385482777,0.22763782750313458,0.25911701338103355,0.16950733385482777,0.34181607829716926,0.3986400531931332,0.16950733385482777,0.16950733385482777,0.16950733385482777,0.1645742327539272,0.16950733385482777,0.3764231049598359,0.17057780613627765,0.3510387287369377,0.23748757081667426,0.28394861787257764,0.16950733385482777,0.3937703675798119,0.319493243595016,0.16950733385482777,0.16950733385482777,0.4272403697324682,0.34220468120236563,0.322451934105659,0.23532348791021596,0.16993080723399767,0.324585812438117
Buri Ram,0.1676544755856309,0.26632905576672883,0.15958287400030283,0.3357742446948898,1.0,0.3622881123299722,0.1676544755856309,0.38623512517698716,0.39059802104750124,0.17297605855434256,0.6116779175876023,0.44891490704403064,0.1676544755856309,0.3372251015774259,0.1676544755856309,0.1676544755856309,0.533631979099305,0.1676544755856309,0.5729059581348608,0.1846852295722639,0.2978646703924265,0.2422545620957051,0.1676544755856309,0.49109382199446727,0.3649375508692785,0.1676544755856309,0.41039984197594126,0.1676544755856309,0.4464715522031021,0.18616120951532744,0.3701696579379802,0.36325052504071154,0.1676544755856309,0.49006799602754464,0.1676544755856309,0.15948179122361344,0.1676544755856309,0.1676544755856309,0.1676544755856309,0.18392465049463683,0.533631979099305,0.1676544755856309,0.1676544755856309,0.18032333388006067,0.31432787529099493,0.22304224497554975,0.5258561401559233,0.1676544755856309,0.30915078197548007,0.1676544755856309,0.1676544755856309,0.4673931037926902,0.21161148567471,0.1676544755856309,0.35765274685158255,0.4187593048327787,0.1676544755856309,0.1676544755856309,0.1676544755856309,0.15462135218239817,0.1676544755856309,0.45409790710674836,0.15958287400030283,0.4166547600279935,0.2304960276893849,0.4096142738623003,0.1676544755856309,0.4785333067978752,0.32973107737094753,0.1676544755856309,0.1676544755856309,0.39722177480962173,0.5649706740716878,0.39814452196535566,0.38649744137883735,0.16859416983612618,0.4003016051535807
Chachoengsao,0.15737190319158778,0.2678923686179046,0.2557353184081136,0.30050462131508443,0.3622881123299722,1.0,0.15737190319158778,0.18726847702671276,0.361145162358101,0.1503390260234895,0.32554262041530485,0.4396718774570925,0.15737190319158778,0.29498650462578113,0.15737190319158778,0.15737190319158778,0.33143360570268127,0.15737190319158778,0.4086628106364021,0.14635141203846636,0.286497333331279,0.15855448818017331,0.15737190319158778,0.4261801079260864,0.3048138229875482,0.15737190319158778,0.4617237541827537,0.15737190319158778,0.4764144494767916,0.14639725420910982,0.33557851112516324,0.16945301864673062,0.15737190319158778,0.35436732008760485,0.15737190319158778,0.15500788234060128,0.15737190319158778,0.15737190319158778,0.15737190319158778,0.19408977479383713,0.33143360570268127,0.15737190319158778,0.15737190319158778,0.33775758288530555,0.23378182600222233,0.2494970231399405,0.4624203711785263,0.15737190319158778,0.4662943458720883,0.15737190319158778,0.15737190319158778,0.23173741547356125,0.21430797957784037,0.15737190319158778,0.3402623934392098,0.3235114154566921,0.15737190319158778,0.15737190319158778,0.15737190319158778,0.16607588142949614,0.15737190319158778,0.3578001100174329,0.2557353184081136,0.40277386133567133,0.3632250865863192,0.306235591277565,0.15737190319158778,0.34133141286954216,0.4303129331224894,0.15737190319158778,0.15737190319158778,0.3466047647675538,0.2935442733743485,0.4180701620161491,0.4651107282418707,0.2098739385943184,0.22003731331186147
Chai Nat,1.0,0.5971743652038226,0.6581755787471054,0.16950733385482777,0.1676544755856309,0.15737190319158778,1.0,0.43254372270200725,0.25730687253318063,0.7048150176914603,0.2233004417600355,0.2403985645320299,1.0,0.38405132655397084,1.0,1.0,0.1904064521089135,1.0,0.15206776678682976,0.8208588781539694,0.4421280328476226,0.6558209694086043,1.0,0.08274256659738728,0.2503937840825431,1.0,0.25739301616613497,1.0,0.1562561482558251,0.8098418074711571,0.15336246208991816,0.49687724381434994,1.0,0.16897010088344888,1.0,0.6943164522325964,1.0,1.0,1.0,0.5718368618938852,0.1904064521089135,1.0,1.0,0.4741851745400365,0.4825640291255363,0.2384800199553059,0.09053450518814396,1.0,0.1812515816938285,1.0,1.0,0.45110785672443743,0.3858496871207129,1.0,0.267066455469128,0.1418484601308967,1.0,1.0,1.0,0.7272937604980072,1.0,0.13539224527149776,0.6581755787471054,0.07951498007605376,0.3080973746176804,0.3206635305472352,1.0,0.1376936416450929,0.11125101123600471,1.0,1.0,0.0912475691912695,0.23119827555663366,0.25602773568469506,0.32203728330974957,0.7306451526537294,0.2936664793542678
Chaiyaphum,0.43254372270200725,0.3690228921767575,0.39173076298592385,0.26210172243539487,0.38623512517698716,0.18726847702671276,0.43254372270200725,1.0,0.1934103827396937,0.3797386691049727,0.41370647211898964,0.3234709090207233,0.43254372270200725,0.571282826397679,0.43254372270200725,0.43254372270200725,0.4590175167591539,0.43254372270200725,0.3238937640657527,0.48891009749831227,0.2589723694210047,0.5323241852026708,0.43254372270200725,0.2840942251921934,0.180258401607659,0.43254372270200725,0.3181677401199669,0.43254372270200725,0.2247555079474658,0.4930743254640123,0.22609743082616757,0.706488302622071,0.43254372270200725,0.3285131905505032,0.43254372270200725,0.40280538512719344,0.43254372270200725,0.43254372270200725,0.43254372270200725,0.39429405457527966,0.4590175167591539,0.43254372270200725,0.43254372270200725,0.32246426120778426,0.2879059080051283,0.2144303225957863,0.30731362346686153,0.43254372270200725,0.16139263988444627,0.43254372270200725,0.43254372270200725,0.5435367241807332,0.2973093135727567,0.43254372270200725,0.17259879362589509,0.3184845231114961,0.43254372270200725,0.43254372270200725,0.43254372270200725,0.4074830609086874,0.43254372270200725,0.26041126184583513,0.39173076298592385,0.2578920902018218,0.2468865205721274,0.6270517183282198,0.43254372270200725,0.36378185689145404,0.2390395404947131,0.43254372270200725,0.43254372270200725,0.19761689554690842,0.5527125096125443,0.49648868111377004,0.21176358926366123,0.4278594906254136,0.57875444712247
Chanthaburi,0.25730687253318063,0.25754837208534875,0.24532211589998992,0.33240421318017077,0.39059802104750124,0.361145162358101,0.25730687253318063,0.1934103827396937,1.0,0.28733609136223204,0.3034345719173189,0.2986701547072865,0.25730687253318063,0.20315772764507076,0.25730687253318063,0.25730687253318063,0.45222572994317783,0.25730687253318063,0.38251586860018416,0.24259448030967762,0.5898472193959499,0.2191558215841861,0.25730687253318063,0.38804086837294793,0.4830244915912589,0.25730687253318063,0.27302436626911597,0.25730687253318063,0.4357897053596645,0.24242620542139026,0.45018603220727627,0.24828189789304012,0.25730687253318063,0.5300856384013614,0.25730687253318063,0.24715260651796117,0.25730687253318063,0.25730687253318063,0.25730687253318063,0.23206033861545744,0.45222572994317783,0.25730687253318063,0.25730687253318063,0.24247797515442202,0.4404153734578906,0.23782636327214632,0.3196148690804562,0.25730687253318063,0.4489342430511294,0.25730687253318063,0.25730687253318063,0.2700635305297098,0.25303452875350396,0.25730687253318063,0.5906845658538072,0.3964519039765852,0.25730687253318063,0.25730687253318063,0.25730687253318063,0.24540491588987567,0.25730687253318063,0.4815864949521287,0.24532211589998992,0.29313399639107873,0.26502780610910137,0.19232383509052198,0.25730687253318063,0.4104310974031372,0.23366303706296332,0.25730687253318063,0.25730687253318063,0.3619585390208836,0.3730336480703291,0.18172244383597186,0.36842889407143553,0.24700636931518904,0.1897084869564459
Chiang Mai,0.7048150176914603,0.5518024461890103,0.6006120961599903,0.18971050208691806,0.17297605855434253,0.1503390260234895,0.7048150176914603,0.3797386691049727,0.28733609136223204,1.0,0.24439967946316943,0.2253421402649214,0.7048150176914603,0.3373333687817218,0.7048150176914603,0.7048150176914603,0.17865895263386106,0.7048150176914603,0.1593953890492486,0.6860670691447475,0.45503357195006866,0.5907010367402199,0.7048150176914603,0.08918326734977573,0.36725634794153633,0.7048150176914603,0.23488709819476067,0.7048150176914603,0.1738173853641143,0.6858402855484621,0.2420369896301817,0.457688904218142,0.7048150176914603,0.20207550305413063,0.7048150176914603,0.6464353329329716,0.7048150176914603,0.7048150176914603,0.7048150176914603,0.5247181612714876,0.17865895263386106,0.7048150176914603,0.7048150176914603,0.4489676023128363,0.5227670149191752,0.287723485382919,0.0821018551705838,0.7048150176914603,0.2513109745334474,0.7048150176914603,0.7048150176914603,0.41284982935713177,0.4600246267931809,0.7048150176914603,0.3498711137469364,0.219278900665099,0.7048150176914603,0.7048150176914603,0.7048150176914603,0.6467872192202375,0.7048150176914603,0.19849828029581218,0.6006120961599903,0.07501843296709962,0.2898405718346904,0.27185292617132917,0.7048150176914603,0.17265593390561673,0.10174736051591358,0.7048150176914603,0.7048150176914603,0.16028475756063384,0.21813775292776277,0.21119791403212088,0.32135916420502203,0.6493536580458745,0.3267126824735889
Chiang Rai,0.2233004417600355,0.3464079736654222,0.20367432231860966,0.3164258011631946,0.6116779175876023,0.32554262041530485,0.2233004417600355,0.41370647211898964,0.3034345719173189,0.24439967946316943,1.0,0.46978673092551587,0.2233004417600355,0.3405282784333427,0.2233004417600355,0.2233004417600355,0.4689839779263379,0.2233004417600355,0.47767965110118715,0.23241282055571216,0.25355924070703106,0.3285586567586604,0.2233004417600355,0.439894958123658,0.34381278921306935,0.2233004417600355,0.4404763405630229,0.2233004417600355,0.43148165598310734,0.23389952134322117,0.3432264691652759,0.34909963187748333,0.2233004417600355,0.4497030275496072,0.2233004417600355,0.21507215277530242,0.2233004417600355,0.2233004417600355,0.2233004417600355,0.22843726332139228,0.4689839779263379,0.2233004417600355,0.2233004417600355,0.20679404790914557,0.27534376619768597,0.258735825979046,0.48758726387719686,0.2233004417600355,0.2978332095908002,0.2233004417600355,0.2233004417600355,0.5076365993898955,0.2662972893481332,0.2233004417600355,0.3516297269656419,0.43457469553065153,0.2233004417600355,0.2233004417600355,0.2233004417600355,0.2038333508265907,0.2233004417600355,0.41379282401576695,0.20367432231860966,0.3883049930112036,0.2169264914791511,0.4321621913135427,0.2233004417600355,0.47728608053341803,0.3030317172604112,0.2233004417600355,0.2233004417600355,0.40329192713095985,0.5108444058112397,0.40952417469472147,0.3808914198822423,0.22003834568288066,0.4855322556605741
Chon Buri,0.2403985645320299,0.4107160864004665,0.2301068844408134,0.2849132987547538,0.44891490704403064,0.4396718774570925,0.2403985645320299,0.3234709090207233,0.2986701547072865,0.2253421402649214,0.46978673092551587,1.0,0.2403985645320299,0.28822774222742076,0.2403985645320299,0.2403985645320299,0.3735921684289126,0.2403985645320299,0.3777513485663715,0.23607487926412446,0.26139030220417464,0.3072856212404045,0.2403985645320299,0.35977821250923053,0.2807537096856437,0.2403985645320299,0.7119328179523821,0.2403985645320299,0.563497329529431,0.2367406852240472,0.2677569552940628,0.2747816120110275,0.2403985645320299,0.36190742496609574,0.2403985645320299,0.231507268378369,0.2403985645320299,0.2403985645320299,0.2403985645320299,0.2476906021525021,0.3735921684289126,0.2403985645320299,0.2403985645320299,0.23278160104385193,0.2683634012489446,0.23829979439892052,0.40080519626944855,0.2403985645320299,0.3108732695215912,0.2403985645320299,0.2403985645320299,0.3648655906888372,0.22183218524573964,0.2403985645320299,0.2920005377612981,0.3229611219374557,0.2403985645320299,0.2403985645320299,0.2403985645320299,0.22920582496561562,0.2403985645320299,0.33009478865800973,0.2301068844408134,0.42572894217581436,0.24636848670635575,0.3482431245318296,0.2403985645320299,0.37366670491405696,0.28373006797633726,0.2403985645320299,0.2403985645320299,0.31914493398193045,0.38823621146229637,0.41157781726042475,0.3396634551837295,0.33098838103034367,0.3406151268238792
Chumphon,1.0,0.5971743652038226,0.6581755787471054,0.16950733385482777,0.1676544755856309,0.15737190319158778,1.0,0.43254372270200725,0.25730687253318063,0.7048150176914603,0.2233004417600355,0.2403985645320299,1.0,0.38405132655397084,1.0,1.0,0.1904064521089135,1.0,0.15206776678682976,0.8208588781539694,0.4421280328476226,0.6558209694086043,1.0,0.08274256659738728,0.2503937840825431,1.0,0.25739301616613497,1.0,0.1562561482558251,0.8098418074711571,0.15336246208991816,0.49687724381434994,1.0,0.16897010088344888,1.0,0.6943164522325964,1.0,1.0,1.0,0.5718368618938852,0.1904064521089135,1.0,1.0,0.4741851745400365,0.4825640291255363,0.2384800199553059,0.09053450518814396,1.0,0.1812515816938285,1.0,1.0,0.45110785672443743,0.3858496871207129,1.0,0.267066455469128,0.1418484601308967,1.0,1.0,1.0,0.7272937604980072,1.0,0.13539224527149776,0.6581755787471054,0.07951498007605376,0.3080973746176804,0.3206635305472352,1.0,0.1376936416450929,0.11125101123600471,1.0,1.0,0.0912475691912695,0.23119827555663366,0.25602773568469506,0.32203728330974957,0.7306451526537294,0.2936664793542678
Kalasin,0.38405132655397084,0.33083061763829474,0.367956326488678,0.25511970893832026,0.3372251015774259,0.29498650462578113,0.38405132655397084,0.571282826397679,0.20315772764507076,0.3373333687817218,0.3405282784333427,0.28822774222742076,0.38405132655397084,1.0,0.38405132655397084,0.38405132655397084,0.38495011242902055,0.38405132655397084,0.3917540397032703,0.42497913579740815,0.2455296862604744,0.4256641639207802,0.38405132655397084,0.29037947582013907,0.19146689146814166,0.38405132655397084,0.33642082997660766,0.38405132655397084,0.21638222448290786,0.4282047976510068,0.24572786680064213,0.5481477813814641,0.38405132655397084,0.2853895202852273,0.38405132655397084,0.3608088706931949,0.38405132655397084,0.38405132655397084,0.38405132655397084,0.378930090973688,0.38495011242902055,0.38405132655397084,0.38405132655397084,0.3257322868693229,0.2689263093012404,0.23010933422341012,0.34070183522854125,0.38405132655397084,0.19565551041300033,0.38405132655397084,0.38405132655397084,0.44806740502534714,0.3084168770324442,0.38405132655397084,0.18247228216881928,0.2900412892706229,0.38405132655397084,0.38405132655397084,0.38405132655397084,0.38009820614699397,0.38405132655397084,0.25819992711158746,0.367956326488678,0.26103991619631156,0.36222679170442484,0.50982663033682,0.38405132655397084,0.3132104145483685,0.3628161446022597,0.38405132655397084,0.38405132655397084,0.20571966453364748,0.44341372801206413,0.5289271872931016,0.36181778453135816,0.3783046566759727,0.4672508971897822
Kamphaeng Phet,1.0,0.5971743652038226,0.6581755787471054,0.16950733385482777,0.1676544755856309,0.15737190319158778,1.0,0.43254372270200725,0.25730687253318063,0.7048150176914603,0.2233004417600355,0.2403985645320299,1.0,0.38405132655397084,1.0,1.0,0.1904064521089135,1.0,0.15206776678682976,0.8208588781539694,0.4421280328476226,0.6558209694086043,1.0,0.08274256659738728,0.2503937840825431,1.0,0.25739301616613497,1.0,0.1562561482558251,0.8098418074711571,0.15336246208991816,0.49687724381434994,1.0,0.16897010088344888,1.0,0.6943164522325964,1.0,1.0,1.0,0.5718368618938852,0.1904064521089135,1.0,1.0,0.4741851745400365,0.4825640291255363,0.2384800199553059,0.09053450518814396,1.0,0.1812515816938285,1.0,1.0,0.45110785672443743,0.3858496871207129,1.0,0.267066455469128,0.1418484601308967,1.0,1.0,1.0,0.7272937604980072,1.0,0.13539224527149776,0.6581755787471054,0.07951498007605376,0.3080973746176804,0.3206635305472352,1.0,0.1376936416450929,0.11125101123600471,1.0,1.0,0.0912475691912695,0.23119827555663366,0.25602773568469506,0.32203728330974957,0.7306451526537294,0.2936664793542678
Kanchanaburi,1.0,0.5971743652038226,0.6581755787471054,0.16950733385482777,0.1676544755856309,0.15737190319158778,1.0,0.43254372270200725,0.25730687253318063,0.7048150176914603,0.2233004417600355,0.2403985645320299,1.0,0.38405132655397084,1.0,1.0,0.1904064521089135,1.0,0.15206776678682976,0.8208588781539694,0.4421280328476226,0.6558209694086043,1.0,0.08274256659738728,0.2503937840825431,1.0,0.25739301616613497,1.0,0.1562561482558251,0.8098418074711571,0.15336246208991816,0.49687724381434994,1.0,0.16897010088344888,1.0,0.6943164522325964,1.0,1.0,1.0,0.5718368618938852,0.1904064521089135,1.0,1.0,0.4741851745400365,0.4825640291255363,0.2384800199553059,0.09053450518814396,1.0,0.1812515816938285,1.0,1.0,0.45110785672443743,0.3858496871207129,1.0,0.267066455469128,0.1418484601308967,1.0,1.0,1.0,0.7272937604980072,1.0,0.13539224527149776,0.6581755787471054,0.07951498007605376,0.3080973746176804,0.3206635305472352,1.0,0.1376936416450929,0.11125101123600471,1.0,1.0,0.0912475691912695,0.23119827555663366,0.25602773568469506,0.32203728330974957,0.7306451526537294,0.2936664793542678
Khon Kaen,0.1904064521089135,0.1856070255262644,0.1769340064704226,0.3693633971581917,0.533631979099305,0.33143360570268127,0.1904064521089135,0.4590175167591539,0.45222572994317783,0.17865895263386106,0.4689839779263379,0.3735921684289126,0.1904064521089135,0.38495011242902055,0.1904064521089135,0.1904064521089135,1.0,0.1904064521089135,0.4418490406720027,0.21525905367957046,0.3964114156419531,0.28823688009996146,0.1904064521089135,0.48638500258058304,0.33341188238820907,0.1904064521089135,0.3379602259819535,0.1904064521089135,0.4337626242486056,0.2172213480953836,0.4164988787176433,0.4119930959719175,0.1904064521089135,0.6554256564779914,0.1904064521089135,0.1783536251447962,0.1904064521089135,0.1904064521089135,0.1904064521089135,0.20424518343637,1.0,0.1904064521089135,0.1904064521089135,0.1875023695073273,0.2788563803328571,0.21406502823088358,0.44675747783134584,0.1904064521089135,0.35784360433793555,0.1904064521089135,0.1904064521089135,0.3685359048222921,0.20760068343529864,0.1904064521089135,0.40170931402986215,0.5036688303873937,0.1904064521089135,0.1904064521089135,0.1904064521089135,0.17421667723001655,0.1904064521089135,0.5148695816623291,0.1769340064704226,0.3895005545376789,0.22179316931289758,0.4741653263107713,0.1904064521089135,0.6014765340697945,0.30402006012878846,0.1904064521089135,0.1904064521089135,0.37767483679317626,0.6864504641573447,0.39735142199853807,0.2503387757641575,0.19140086428925848,0.4581543589288593
Krabi,1.0,0.5971743652038226,0.6581755787471054,0.16950733385482777,0.1676544755856309,0.15737190319158778,1.0,0.43254372270200725,0.25730687253318063,0.7048150176914603,0.2233004417600355,0.2403985645320299,1.0,0.38405132655397084,1.0,1.0,0.1904064521089135,1.0,0.15206776678682976,0.8208588781539694,0.4421280328476226,0.6558209694086043,1.0,0.08274256659738728,0.2503937840825431,1.0,0.25739301616613497,1.0,0.1562561482558251,0.8098418074711571,0.15336246208991816,0.49687724381434994,1.0,0.16897010088344888,1.0,0.6943164522325964,1.0,1.0,1.0,0.5718368618938852,0.1904064521089135,1.0,1.0,0.4741851745400365,0.4825640291255363,0.2384800199553059,0.09053450518814396,1.0,0.1812515816938285,1.0,1.0,0.45110785672443743,0.3858496871207129,1.0,0.267066455469128,0.1418484601308967,1.0,1.0,1.0,0.7272937604980072,1.0,0.13539224527149776,0.6581755787471054,0.07951498007605376,0.3080973746176804,0.3206635305472352,1.0,0.1376936416450929,0.11125101123600471,1.0,1.0,0.0912475691912695,0.23119827555663366,0.25602773568469506,0.32203728330974957,0.7306451526537294,0.2936664793542678
Lampang,0.15206776678682976,0.25087552657625556,0.15643126248648642,0.32864581393861936,0.5729059581348608,0.4086628106364021,0.15206776678682976,0.3238937640657527,0.38251586860018416,0.1593953890492486,0.47767965110118715,0.3777513485663715,0.15206776678682976,0.3917540397032703,0.15206776678682976,0.15206776678682976,0.4418490406720027,0.15206776678682976,1.0,0.17417982621430478,0.2845119444262877,0.15350066469232015,0.15206776678682976,0.48596784044217156,0.3598740959203986,0.15206776678682976,0.3784417783337568,0.15206776678682976,0.4057748913999825,0.17583435059676678,0.39640240914742186,0.3432037924715572,0.15206776678682976,0.4072166989095114,0.15206776678682976,0.14816624096565037,0.15206776678682976,0.15206776678682976,0.15206776678682976,0.17064675722139322,0.4418490406720027,0.15206776678682976,0.15206776678682976,0.1891165138012082,0.29417273694947466,0.2387307830712725,0.5264324320266646,0.15206776678682976,0.3187509174592446,0.15206776678682976,0.15206776678682976,0.4374609967423927,0.2322745913007458,0.15206776678682976,0.3551240869489075,0.3817150169957475,0.15206776678682976,0.15206776678682976,0.15206776678682976,0.15021502648924462,0.15206776678682976,0.41273637216207654,0.15643126248648642,0.40632759152485337,0.292046766349599,0.3328432770950695,0.15206776678682976,0.3902529251164312,0.3932101868083678,0.15206776678682976,0.15206776678682976,0.39466830125138225,0.4487293842582844,0.4041638185028296,0.4557525954807656,0.1522672106596932,0.32386463527084075
Lamphun,0.8208588781539694,0.5874193294732496,0.6446330186799993,0.1730949928623723,0.1846852295722639,0.14635141203846636,0.8208588781539694,0.48891009749831227,0.24259448030967762,0.6860670691447475,0.23241282055571216,0.23607487926412446,0.8208588781539694,0.42497913579740815,0.8208588781539694,0.8208588781539694,0.21525905367957046,0.8208588781539694,0.17417982621430478,1.0,0.42507650217942183,0.6561952076259276,0.8208588781539694,0.09473889900481947,0.23396930185660075,0.8208588781539694,0.2527789438509335,0.8208588781539694,0.14617297397753312,0.9396262852277653,0.15752817674735825,0.5638269452242869,0.8208588781539694,0.17153791553824982,0.8208588781539694,0.6783987070979302,0.8208588781539694,0.8208588781539694,0.8208588781539694,0.5633587633780062,0.21525905367957046,0.8208588781539694,0.8208588781539694,0.4646126528887569,0.4673141164945618,0.2300362989271689,0.10281042923941563,0.8208588781539694,0.1644683334951741,0.8208588781539694,0.8208588781539694,0.49307998480656673,0.38231511682398245,0.8208588781539694,0.24805941858375608,0.15160978701534067,0.8208588781539694,0.8208588781539694,0.8208588781539694,0.7073719070393589,0.8208588781539694,0.13329617141228128,0.6446330186799993,0.08630001565217882,0.29879008894693987,0.35840356551075037,0.8208588781539694,0.14600010891473397,0.11587425208861152,0.8208588781539694,0.8208588781539694,0.08850253409998717,0.26492089406826647,0.28878469017047254,0.30547694910938356,0.7174981710458108,0.3278486527956762
Loei,0.4421280328476226,0.39576508327692295,0.40036843896367597,0.27432325727739326,0.2978646703924265,0.286497333331279,0.4421280328476226,0.2589723694210047,0.5898472193959499,0.45503357195006866,0.25355924070703106,0.26139030220417464,0.4421280328476226,0.2455296862604744,0.4421280328476226,0.4421280328476226,0.3964114156419531,0.4421280328476226,0.2845119444262877,0.42507650217942183,1.0,0.37482993730534586,0.4421280328476226,0.27380026149979636,0.4252453730738591,0.4421280328476226,0.24831244795843135,0.4421280328476226,0.3555443964773155,0.4251073662401287,0.3641286225098781,0.338680353783867,0.4421280328476226,0.45285749378136037,0.4421280328476226,0.41129449826679876,0.4421280328476226,0.4421280328476226,0.4421280328476226,0.3583944483206204,0.3964114156419531,0.4421280328476226,0.4421280328476226,0.32798606920412454,0.5205635655582082,0.21405014312405207,0.20777226432920026,0.4421280328476226,0.38213049305942326,0.4421280328476226,0.4421280328476226,0.3401924959772971,0.2915730667502132,0.4421280328476226,0.5672917746396302,0.31600161386102926,0.4421280328476226,0.4421280328476226,0.4421280328476226,0.41620709812904966,0.4421280328476226,0.3788953150407869,0.40036843896367597,0.18756632447485277,0.2686292743152683,0.20363674755591527,0.4421280328476226,0.32724196328508165,0.1471907169069715,0.4421280328476226,0.4421280328476226,0.25799691731375224,0.3291549038303252,0.16071900325148653,0.3656434347214469,0.4183874330324633,0.18762800460988718
Lop Buri,0.6558209694086043,0.5289419286866849,0.5716487255368526,0.18928264971252995,0.2422545620957051,0.15855448818017331,0.6558209694086043,0.5323241852026708,0.2191558215841861,0.5907010367402199,0.3285586567586604,0.3072856212404045,0.6558209694086043,0.4256641639207802,0.6558209694086043,0.6558209694086043,0.28823688009996146,0.6558209694086043,0.15350066469232015,0.6561952076259276,0.37482993730534586,1.0,0.6558209694086043,0.12530909903198814,0.20803372216896548,0.6558209694086043,0.3100736635498887,0.6558209694086043,0.18991827141436407,0.6576329843540647,0.12751321247355152,0.509858127752473,0.6558209694086043,0.2445409973247688,0.6558209694086043,0.5945667342798585,0.6558209694086043,0.6558209694086043,0.6558209694086043,0.5457776132366845,0.28823688009996146,0.6558209694086043,0.6558209694086043,0.42636322337724253,0.41549700616647867,0.21914945545119635,0.15821506003849517,0.6558209694086043,0.15952886981258313,0.6558209694086043,0.6558209694086043,0.44799387076224867,0.3368966778751198,0.6558209694086043,0.21531250415607622,0.19544422815644102,0.6558209694086043,0.6558209694086043,0.6558209694086043,0.6106417107550126,0.6558209694086043,0.17814966374892932,0.5716487255368526,0.12947215994687916,0.2798057895297784,0.4449255173835251,0.6558209694086043,0.2458533190209486,0.1363277450022078,0.6558209694086043,0.6558209694086043,0.10867804929806411,0.35352590822738544,0.32178520593852133,0.2712273227319534,0.6255830372079614,0.40920213182298265
Mae Hong Son,1.0,0.5971743652038226,0.6581755787471054,0.16950733385482777,0.1676544755856309,0.15737190319158778,1.0,0.43254372270200725,0.25730687253318063,0.7048150176914603,0.2233004417600355,0.2403985645320299,1.0,0.38405132655397084,1.0,1.0,0.1904064521089135,1.0,0.15206776678682976,0.8208588781539694,0.4421280328476226,0.6558209694086043,1.0,0.08274256659738728,0.2503937840825431,1.0,0.25739301616613497,1.0,0.1562561482558251,0.8098418074711571,0.15336246208991816,0.49687724381434994,1.0,0.16897010088344888,1.0,0.6943164522325964,1.0,1.0,1.0,0.5718368618938852,0.1904064521089135,1.0,1.0,0.4741851745400365,0.4825640291255363,0.2384800199553059,0.09053450518814396,1.0,0.1812515816938285,1.0,1.0,0.45110785672443743,0.3858496871207129,1.0,0.267066455469128,0.1418484601308967,1.0,1.0,1.0,0.7272937604980072,1.0,0.13539224527149776,0.6581755787471054,0.07951498007605376,0.3080973746176804,0.3206635305472352,1.0,0.1376936416450929,0.11125101123600471,1.0,1.0,0.0912475691912695,0.23119827555663366,0.25602773568469506,0.32203728330974957,0.7306451526537294,0.2936664793542678
Maha Sarakham,0.08274256659738727,0.15492024810778432,0.13014621590026754,0.3672046547866951,0.49109382199446727,0.4261801079260864,0.08274256659738727,0.2840942251921934,0.38804086837294793,0.08918326734977573,0.439894958123658,0.35977821250923053,0.08274256659738727,0.29037947582013907,0.08274256659738727,0.08274256659738727,0.48638500258058304,0.08274256659738727,0.48596784044217156,0.09473889900481947,0.27380026149979636,0.12530909903198814,0.08274256659738727,1.0,0.3335158377768956,0.08274256659738727,0.34047553003992803,0.08274256659738727,0.44239633673113826,0.09580659684874474,0.4876857913047192,0.24573634078733653,0.08274256659738727,0.4849123875201012,0.08274256659738727,0.08561698976257583,0.08274256659738727,0.08274256659738727,0.08274256659738727,0.21555216135255864,0.48638500258058304,0.08274256659738727,0.08274256659738727,0.20517372533318617,0.19048687778989687,0.28133997781394204,0.5290493647766361,0.08274256659738727,0.44665692524486894,0.08274256659738727,0.08274256659738727,0.29978070568307236,0.29011204218213,0.08274256659738727,0.38210015318766133,0.4708028972536897,0.08274256659738727,0.08274256659738727,0.08274256659738727,0.1299807048285351,0.08274256659738727,0.5381211080796277,0.13014621590026754,0.48404935361113993,0.36538087714331363,0.3643191231530669,0.08274256659738727,0.4945140891700432,0.43017486783432796,0.08274256659738727,0.08274256659738727,0.4566173772518063,0.44140273649267586,0.3829002476989785,0.33675956551646025,0.08552186515635418,0.35004175609638144
Mukdahan,0.2503937840825431,0.23741336458620618,0.23738192491049837,0.359776512432297,0.3649375508692785,0.3048138229875482,0.2503937840825431,0.180258401607659,0.4830244915912589,0.36725634794153633,0.34381278921306935,0.2807537096856437,0.2503937840825431,0.19146689146814166,0.2503937840825431,0.2503937840825431,0.33341188238820907,0.2503937840825431,0.3598740959203986,0.23396930185660075,0.4252453730738591,0.20803372216896548,0.2503937840825431,0.3335158377768956,1.0,0.2503937840825431,0.2555538747389122,0.2503937840825431,0.37455192425291284,0.23368657072823268,0.5155595623924112,0.2320519844097957,0.2503937840825431,0.4363123075019197,0.2503937840825431,0.29318409288214287,0.2503937840825431,0.2503937840825431,0.2503937840825431,0.2228465712112236,0.33341188238820907,0.2503937840825431,0.2503937840825431,0.2746783186599405,0.4482456288921213,0.3931433153023624,0.28889898404020337,0.2503937840825431,0.47406594018320314,0.2503937840825431,0.2503937840825431,0.23797789523085605,0.39846582965759564,0.2503937840825431,0.5535990089467089,0.4601343269970799,0.2503937840825431,0.2503937840825431,0.2503937840825431,0.23725314253179236,0.2503937840825431,0.48557401696046965,0.23738192491049837,0.2825900775170022,0.2582745450524147,0.1799165290710591,0.2503937840825431,0.38991776700471326,0.25350463036102483,0.2503937840825431,0.2503937840825431,0.4589211649547373,0.31651293858254415,0.2107707212224334,0.34411022739345737,0.23902262298187849,0.3020020998290073
Nakhon Nayok,1.0,0.5971743652038226,0.6581755787471054,0.16950733385482777,0.1676544755856309,0.15737190319158778,1.0,0.43254372270200725,0.25730687253318063,0.7048150176914603,0.2233004417600355,0.2403985645320299,1.0,0.38405132655397084,1.0,1.0,0.1904064521089135,1.0,0.15206776678682976,0.8208588781539694,0.4421280328476226,0.6558209694086043,1.0,0.08274256659738728,0.2503937840825431,1.0,0.25739301616613497,1.0,0.1562561482558251,0.8098418074711571,0.15336246208991816,0.49687724381434994,1.0,0.16897010088344888,1.0,0.6943164522325964,1.0,1.0,1.0,0.5718368618938852,0.1904064521089135,1.0,1.0,0.4741851745400365,0.4825640291255363,0.2384800199553059,0.09053450518814396,1.0,0.1812515816938285,1.0,1.0,0.45110785672443743,0.3858496871207129,1.0,0.267066455469128,0.1418484601308967,1.0,1.0,1.0,0.7272937604980072,1.0,0.13539224527149776,0.6581755787471054,0.07951498007605376,0.3080973746176804,0.3206635305472352,1.0,0.1376936416450929,0.11125101123600471,1.0,1.0,0.09124756919126953,0.23119827555663366,0.25602773568469506,0.32203728330974957,0.7306451526537294,0.2936664793542678
Nakhon Pathom,0.25739301616613497,0.43168710843887537,0.24969134833025247,0.27093069759492505,0.41039984197594126,0.4617237541827537,0.25739301616613497,0.3181677401199669,0.27302436626911597,0.23488709819476067,0.4404763405630229,0.7119328179523821,0.25739301616613497,0.33642082997660766,0.25739301616613497,0.25739301616613497,0.3379602259819535,0.25739301616613497,0.3784417783337568,0.2527789438509335,0.24831244795843135,0.3100736635498887,0.25739301616613497,0.34047553003992803,0.2555538747389122,0.25739301616613497,1.0,0.25739301616613497,0.5367702100106488,0.2534551090385372,0.2513350773638314,0.27158759276824507,0.25739301616613497,0.32365314146841007,0.25739301616613497,0.2474133336709291,0.25739301616613497,0.25739301616613497,0.25739301616613497,0.2663198322239626,0.3379602259819535,0.25739301616613497,0.25739301616613497,0.2493235069072664,0.2532418862281206,0.24058837336387845,0.3922905089206993,0.25739301616613497,0.3006786377526371,0.25739301616613497,0.25739301616613497,0.361962884562379,0.2313991597906254,0.25739301616613497,0.27331571964457757,0.2974606311410245,0.25739301616613497,0.25739301616613497,0.25739301616613497,0.25023395584834845,0.25739301616613497,0.29939369727843335,0.24969134833025247,0.41343853337487474,0.28085997991650535,0.33862442183018576,0.25739301616613497,0.33928679970673026,0.310393505338079,0.25739301616613497,0.25739301616613497,0.29978231201470196,0.35049949351742216,0.4360322353848405,0.3762501210505175,0.35133912580146787,0.326769601646986
Nakhon Phanom,1.0,0.5971743652038226,0.6581755787471054,0.16950733385482777,0.1676544755856309,0.15737190319158778,1.0,0.43254372270200725,0.25730687253318063,0.7048150176914603,0.2233004417600355,0.2403985645320299,1.0,0.38405132655397084,1.0,1.0,0.1904064521089135,1.0,0.15206776678682976,0.8208588781539694,0.4421280328476226,0.6558209694086043,1.0,0.08274256659738728,0.2503937840825431,1.0,0.25739301616613497,1.0,0.1562561482558251,0.8098418074711571,0.15336246208991816,0.49687724381434994,1.0,0.16897010088344888,1.0,0.6943164522325964,1.0,1.0,1.0,0.5718368618938852,0.1904064521089135,1.0,1.0,0.4741851745400365,0.4825640291255363,0.2384800199553059,0.09053450518814396,1.0,0.1812515816938285,1.0,1.0,0.45110785672443743,0.3858496871207129,1.0,0.267066455469128,0.1418484601308967,1.0,1.0,1.0,0.7272937604980072,1.0,0.13539224527149776,0.6581755787471054,0.07951498007605376,0.3080973746176804,0.3206635305472352,1.0,0.1376936416450929,0.11125101123600471,1.0,1.0,0.09124756919126953,0.23119827555663366,0.25602773568469506,0.32203728330974957,0.7306451526537294,0.2936664793542678
Nakhon Ratchasima,0.1562561482558251,0.30875915070391813,0.15351803474359743,0.3422839207224133,0.4464715522031021,0.4764144494767916,0.1562561482558251,0.2247555079474658,0.4357897053596645,0.1738173853641143,0.43148165598310734,0.563497329529431,0.1562561482558251,0.21638222448290786,0.1562561482558251,0.1562561482558251,0.4337626242486056,0.1562561482558251,0.4057748913999825,0.14617297397753312,0.3555443964773155,0.18991827141436407,0.1562561482558251,0.44239633673113826,0.37455192425291284,0.1562561482558251,0.5367702100106488,0.1562561482558251,1.0,0.1465611838897794,0.40323819910035713,0.19489641286480525,0.1562561482558251,0.4796121530308567,0.1562561482558251,0.15596344329983247,0.1562561482558251,0.1562561482558251,0.1562561482558251,0.16904355261736348,0.4337626242486056,0.1562561482558251,0.1562561482558251,0.18411366655028308,0.26279561074495555,0.2615315561885612,0.4213321598728424,0.1562561482558251,0.43133924204792307,0.1562561482558251,0.1562561482558251,0.28390450779314147,0.22134799719608442,0.1562561482558251,0.44408666284193055,0.4317261791178784,0.1562561482558251,0.1562561482558251,0.1562561482558251,0.14704858215325423,0.1562561482558251,0.4439885481186543,0.15351803474359743,0.44974743924388055,0.23303767909835563,0.2633571968051154,0.1562561482558251,0.45855904450830215,0.29725183089625307,0.1562561482558251,0.1562561482558251,0.4182453444631793,0.3795528705742225,0.3315727041222459,0.3340508238516176,0.22845558671460287,0.29231756110438967
Nakhon Sawan,0.8098418074711571,0.5876140626027766,0.6432551087508078,0.17318685842122072,0.18616120951532744,0.14639725420910982,0.8098418074711571,0.4930743254640123,0.24242620542139026,0.6858402855484621,0.23389952134322117,0.2367406852240472,0.8098418074711571,0.4282047976510068,0.8098418074711571,0.8098418074711571,0.2172213480953836,0.8098418074711571,0.17583435059676678,0.9396262852277653,0.4251073662401287,0.6576329843540647,0.8098418074711571,0.09580659684874474,0.23368657072823268,0.8098418074711571,0.2534551090385372,0.8098418074711571,0.1465611838897794,1.0,0.15806229380884007,0.567537909568639,0.8098418074711571,0.17263108887237205,0.8098418074711571,0.6769854826102237,0.8098418074711571,0.8098418074711571,0.8098418074711571,0.5634990698250463,0.2172213480953836,0.8098418074711571,0.8098418074711571,0.4639813416271725,0.4673451556241167,0.22986087132413824,0.1038447692287322,0.8098418074711571,0.164197072311283,0.8098418074711571,0.8098418074711571,0.49587412546982673,0.383400460440163,0.8098418074711571,0.247856869889718,0.15260656091627572,0.8098418074711571,0.8098418074711571,0.8098418074711571,0.705700800734474,0.8098418074711571,0.134108681432193,0.6432551087508078,0.08719448793384205,0.2986767336990763,0.3605904362179591,0.8098418074711571,0.147231503141882,0.11669579687020151,0.8098418074711571,0.8098418074711571,0.08881887423781132,0.2673265424769909,0.29092714166031164,0.30537589764554246,0.7158420215407795,0.329972922299501
Nakhon Si Thammarat,0.15336246208991816,0.15419731326184422,0.15679326195498947,0.3767945372093179,0.3701696579379802,0.33557851112516324,0.15336246208991816,0.22609743082616757,0.45018603220727627,0.2420369896301817,0.3432264691652759,0.2677569552940628,0.15336246208991816,0.24572786680064213,0.15336246208991816,0.15336246208991816,0.4164988787176433,0.15336246208991816,0.39640240914742186,0.15752817674735825,0.3641286225098781,0.12751321247355152,0.15336246208991816,0.4876857913047192,0.5155595623924112,0.15336246208991816,0.2513350773638314,0.15336246208991816,0.40323819910035713,0.15806229380884007,1.0,0.24299382661574676,0.15336246208991816,0.4915701776863193,0.15336246208991816,0.16488126372927375,0.15336246208991816,0.15336246208991816,0.15336246208991816,0.22928992261731185,0.4164988787176433,0.15336246208991816,0.15336246208991816,0.20030415551420006,0.288224291048606,0.365503851274762,0.3564553140436312,0.15336246208991816,0.5268332011033404,0.15336246208991816,0.15336246208991816,0.22712937223642227,0.4253505822208635,0.15336246208991816,0.5270404679828852,0.5688211003939208,0.15336246208991816,0.15336246208991816,0.15336246208991816,0.18552557426706145,0.15336246208991816,0.5958078597121963,0.15679326195498947,0.382930354623491,0.3318708510420343,0.24154504359391177,0.15336246208991816,0.47789965481370966,0.3362380958843518,0.15336246208991816,0.15336246208991816,0.49210520972152444,0.3602807769349936,0.2569571970960395,0.280202168720154,0.14895006686564066,0.36284215249369106
Nan,0.49687724381434994,0.41542403390846555,0.4424708062693442,0.2405738475903739,0.36325052504071154,0.16945301864673062,0.49687724381434994,0.706488302622071,0.24828189789304012,0.457688904218142,0.34909963187748333,0.2747816120110275,0.49687724381434994,0.5481477813814641,0.49687724381434994,0.49687724381434994,0.4119930959719175,0.49687724381434994,0.3432037924715572,0.5638269452242869,0.338680353783867,0.509858127752473,0.49687724381434994,0.24573634078733653,0.2320519844097957,0.49687724381434994,0.27158759276824507,0.49687724381434994,0.19489641286480525,0.567537909568639,0.24299382661574676,1.0,0.49687724381434994,0.2920760816085458,0.49687724381434994,0.45726486819357615,0.49687724381434994,0.49687724381434994,0.49687724381434994,0.41408573281032435,0.4119930959719175,0.49687724381434994,0.49687724381434994,0.3462063855067026,0.38363595471647327,0.2020760790203651,0.25696411284904,0.49687724381434994,0.1623270129825371,0.49687724381434994,0.49687724381434994,0.5985461539408312,0.32093780519900794,0.49687724381434994,0.21729020572672653,0.27565049858489765,0.49687724381434994,0.49687724381434994,0.49687724381434994,0.4647239978509425,0.49687724381434994,0.23877858663783327,0.4424708062693442,0.20524331296510762,0.25060779928144,0.5236155633586176,0.49687724381434994,0.28805111023610264,0.19649844331454286,0.49687724381434994,0.49687724381434994,0.16912844101451316,0.49730133646927843,0.43343293266712557,0.2518091028760472,0.48312656231620366,0.48404487172809807
Narathiwat,1.0,0.5971743652038226,0.6581755787471054,0.16950733385482777,0.1676544755856309,0.15737190319158778,1.0,0.43254372270200725,0.25730687253318063,0.7048150176914603,0.2233004417600355,0.2403985645320299,1.0,0.38405132655397084,1.0,1.0,0.1904064521089135,1.0,0.15206776678682976,0.8208588781539694,0.4421280328476226,0.6558209694086043,1.0,0.08274256659738728,0.2503937840825431,1.0,0.25739301616613497,1.0,0.1562561482558251,0.8098418074711571,0.15336246208991816,0.49687724381434994,1.0,0.16897010088344888,1.0,0.6943164522325964,1.0,1.0,1.0,0.5718368618938852,0.1904064521089135,1.0,1.0,0.4741851745400365,0.4825640291255363,0.2384800199553059,0.09053450518814396,1.0,0.1812515816938285,1.0,1.0,0.45110785672443743,0.3858496871207129,1.0,0.267066455469128,0.1418484601308967,1.0,1.0,1.0,0.7272937604980072,1.0,0.13539224527149776,0.6581755787471054,0.07951498007605376,0.3080973746176804,0.3206635305472352,1.0,0.1376936416450929,0.11125101123600471,1.0,1.0,0.0912475691912695,0.23119827555663366,0.25602773568469506,0.32203728330974957,0.7306451526537294,0.2936664793542678
Nong Bua Lam Phu,0.16897010088344888,0.1697392250134396,0.15837352116752562,0.38500216440778323,0.49006799602754464,0.35436732008760485,0.16897010088344888,0.3285131905505032,0.5300856384013614,0.20207550305413063,0.4497030275496072,0.36190742496609574,0.16897010088344888,0.2853895202852273,0.16897010088344888,0.16897010088344888,0.6554256564779914,0.16897010088344888,0.4072166989095114,0.17153791553824982,0.45285749378136037,0.2445409973247688,0.16897010088344888,0.4849123875201012,0.4363123075019197,0.16897010088344888,0.32365314146841007,0.16897010088344888,0.4796121530308567,0.17263108887237205,0.4915701776863193,0.2920760816085458,0.16897010088344888,1.0,0.16897010088344888,0.1651431346118734,0.16897010088344888,0.16897010088344888,0.16897010088344888,0.1818056616644167,0.6554256564779914,0.16897010088344888,0.16897010088344888,0.18102737869548763,0.3074218028090432,0.2576119169583575,0.4204865804895996,0.16897010088344888,0.4533778549088155,0.16897010088344888,0.16897010088344888,0.2787903645074727,0.24695991597999273,0.16897010088344888,0.5236668666077967,0.5657591840610681,0.16897010088344888,0.16897010088344888,0.16897010088344888,0.15393451727344595,0.16897010088344888,0.5927663992091144,0.15837352116752562,0.3804991472236906,0.22316448959510016,0.3613406660938384,0.16897010088344888,0.645103220802576,0.29134116282467004,0.16897010088344888,0.16897010088344888,0.4375021250087586,0.5544172901508709,0.30540076887116974,0.27179943308999627,0.16681300301020602,0.40413651629385033
Nong Khai,1.0,0.5971743652038226,0.6581755787471054,0.16950733385482777,0.1676544755856309,0.15737190319158778,1.0,0.43254372270200725,0.25730687253318063,0.7048150176914603,0.2233004417600355,0.2403985645320299,1.0,0.38405132655397084,1.0,1.0,0.1904064521089135,1.0,0.15206776678682976,0.8208588781539694,0.4421280328476226,0.6558209694086043,1.0,0.08274256659738728,0.2503937840825431,1.0,0.25739301616613497,1.0,0.1562561482558251,0.8098418074711571,0.15336246208991816,0.49687724381434994,1.0,0.16897010088344888,1.0,0.6943164522325964,1.0,1.0,1.0,0.5718368618938852,0.1904064521089135,1.0,1.0,0.4741851745400365,0.4825640291255363,0.2384800199553059,0.09053450518814396,1.0,0.1812515816938285,1.0,1.0,0.45110785672443743,0.3858496871207129,1.0,0.267066455469128,0.1418484601308967,1.0,1.0,1.0,0.7272937604980072,1.0,0.13539224527149776,0.6581755787471054,0.07951498007605376,0.3080973746176804,0.3206635305472352,1.0,0.1376936416450929,0.11125101123600471,1.0,1.0,0.0912475691912695,0.23119827555663366,0.25602773568469506,0.32203728330974957,0.7306451526537294,0.2936664793542678
Nonthaburi,0.6943164522325964,0.5497529856536645,0.5998988142036392,0.22685050556622569,0.15948179122361344,0.15500788234060128,0.6943164522325964,0.40280538512719344,0.24715260651796117,0.6464353329329716,0.21507215277530242,0.231507268378369,0.6943164522325964,0.3608088706931949,0.6943164522325964,0.6943164522325964,0.1783536251447962,0.6943164522325964,0.14816624096565037,0.6783987070979302,0.41129449826679876,0.5945667342798585,0.6943164522325964,0.08561698976257583,0.29318409288214287,0.6943164522325964,0.2474133336709291,0.6943164522325964,0.15596344329983247,0.6769854826102237,0.16488126372927375,0.45726486819357615,0.6943164522325964,0.1651431346118734,0.6943164522325964,1.0,0.6943164522325964,0.6943164522325964,0.6943164522325964,0.5308765332280716,0.1783536251447962,0.6943164522325964,0.6943164522325964,0.5060611005783677,0.4598970938688568,0.33048682692883563,0.09180219448866597,0.6943164522325964,0.187688275635993,0.6943164522325964,0.6943164522325964,0.4116286073820539,0.3884367063040214,0.6943164522325964,0.2652690845823124,0.1544381524132264,0.6943164522325964,0.6943164522325964,0.6943164522325964,0.6425197014109716,0.6943164522325964,0.1391357095306135,0.5998988142036392,0.10207887172031041,0.298317314142684,0.3014722899834949,0.6943164522325964,0.14201871324668533,0.13919082313410217,0.6943164522325964,0.6943164522325964,0.16452216774935102,0.21459986556877622,0.2994902514070569,0.30419381577456994,0.644547371511926,0.29167660488193936
Pathum Thani,1.0,0.5971743652038226,0.6581755787471054,0.16950733385482777,0.1676544755856309,0.15737190319158778,1.0,0.43254372270200725,0.25730687253318063,0.7048150176914603,0.2233004417600355,0.2403985645320299,1.0,0.38405132655397084,1.0,1.0,0.1904064521089135,1.0,0.15206776678682976,0.8208588781539694,0.4421280328476226,0.6558209694086043,1.0,0.08274256659738728,0.2503937840825431,1.0,0.25739301616613497,1.0,0.1562561482558251,0.8098418074711571,0.15336246208991816,0.49687724381434994,1.0,0.16897010088344888,1.0,0.6943164522325964,1.0,1.0,1.0,0.5718368618938852,0.1904064521089135,1.0,1.0,0.4741851745400365,0.4825640291255363,0.2384800199553059,0.09053450518814396,1.0,0.1812515816938285,1.0,1.0,0.45110785672443743,0.3858496871207129,1.0,0.267066455469128,0.1418484601308967,1.0,1.0,1.0,0.7272937604980072,1.0,0.13539224527149776,0.6581755787471054,0.07951498007605376,0.3080973746176804,0.3206635305472352,1.0,0.1376936416450929,0.11125101123600471,1.0,1.0,0.0912475691912695,0.23119827555663366,0.25602773568469506,0.32203728330974957,0.7306451526537294,0.2936664793542678
Pattani,1.0,0.5971743652038226,0.6581755787471054,0.16950733385482777,0.1676544755856309,0.15737190319158778,1.0,0.43254372270200725,0.25730687253318063,0.7048150176914603,0.2233004417600355,0.2403985645320299,1.0,0.38405132655397084,1.0,1.0,0.1904064521089135,1.0,0.15206776678682976,0.8208588781539694,0.4421280328476226,0.6558209694086043,1.0,0.08274256659738728,0.2503937840825431,1.0,0.25739301616613497,1.0,0.1562561482558251,0.8098418074711571,0.15336246208991816,0.49687724381434994,1.0,0.16897010088344888,1.0,0.6943164522325964,1.0,1.0,1.0,0.5718368618938852,0.1904064521089135,1.0,1.0,0.4741851745400365,0.4825640291255363,0.2384800199553059,0.09053450518814396,1.0,0.1812515816938285,1.0,1.0,0.45110785672443743,0.3858496871207129,1.0,0.267066455469128,0.1418484601308967,1.0,1.0,1.0,0.7272937604980072,1.0,0.13539224527149776,0.6581755787471054,0.07951498007605376,0.3080973746176804,0.3206635305472352,1.0,0.1376936416450929,0.11125101123600471,1.0,1.0,0.0912475691912695,0.23119827555663366,0.25602773568469506,0.32203728330974957,0.7306451526537294,0.2936664793542678
Phang-nga,1.0,0.5971743652038226,0.6581755787471054,0.16950733385482777,0.1676544755856309,0.15737190319158778,1.0,0.43254372270200725,0.25730687253318063,0.7048150176914603,0.2233004417600355,0.2403985645320299,1.0,0.38405132655397084,1.0,1.0,0.1904064521089135,1.0,0.15206776678682976,0.8208588781539694,0.4421280328476226,0.6558209694086043,1.0,0.08274256659738728,0.2503937840825431,1.0,0.25739301616613497,1.0,0.1562561482558251,0.8098418074711571,0.15336246208991816,0.49687724381434994,1.0,0.16897010088344888,1.0,0.6943164522325964,1.0,1.0,1.0,0.5718368618938852,0.1904064521089135,1.0,1.0,0.4741851745400365,0.4825640291255363,0.2384800199553059,0.09053450518814396,1.0,0.1812515816938285,1.0,1.0,0.45110785672443743,0.3858496871207129,1.0,0.267066455469128,0.1418484601308967,1.0,1.0,1.0,0.7272937604980072,1.0,0.13539224527149776,0.6581755787471054,0.07951498007605376,0.3080973746176804,0.3206635305472352,1.0,0.1376936416450929,0.11125101123600471,1.0,1.0,0.0912475691912695,0.23119827555663366,0.25602773568469506,0.32203728330974957,0.7306451526537294,0.2936664793542678
Phatthalung,0.5718368618938852,0.47554457864940264,0.5346596465390134,0.18203898886486647,0.18392465049463683,0.19408977479383713,0.5718368618938852,0.39429405457527966,0.23206033861545744,0.5247181612714876,0.22843726332139228,0.2476906021525021,0.5718368618938852,0.378930090973688,0.5718368618938852,0.5718368618938852,0.20424518343637,0.5718368618938852,0.17064675722139322,0.5633587633780062,0.3583944483206204,0.5457776132366845,0.5718368618938852,0.21555216135255864,0.2228465712112236,0.5718368618938852,0.2663198322239626,0.5718368618938852,0.16904355261736348,0.5634990698250463,0.22928992261731185,0.41408573281032435,0.5718368618938852,0.1818056616644167,0.5718368618938852,0.5308765332280716,0.5718368618938852,0.5718368618938852,0.5718368618938852,1.0,0.20424518343637,0.5718368618938852,0.5718368618938852,0.42857280955756244,0.391532694012306,0.27183176589911084,0.14403819268960538,0.5718368618938852,0.23250637171592825,0.5718368618938852,0.5718368618938852,0.36761840436539744,0.49942745472230676,0.5718368618938852,0.22864728204241744,0.16048111404514975,0.5718368618938852,0.5718368618938852,0.5718368618938852,0.7059596430564385,0.5718368618938852,0.2583840172153215,0.5346596465390134,0.19770280686077418,0.49807071146080906,0.332008663649817,0.5718368618938852,0.17101758474610596,0.22972272413726694,0.5718368618938852,0.5718368618938852,0.13389478713094408,0.239982783996659,0.2748931972794194,0.31134461905909117,0.5459517775885481,0.2946405508440217
Phayao,0.1904064521089135,0.1856070255262644,0.1769340064704226,0.3693633971581917,0.533631979099305,0.33143360570268127,0.1904064521089135,0.4590175167591539,0.45222572994317783,0.17865895263386106,0.4689839779263379,0.3735921684289126,0.1904064521089135,0.38495011242902055,0.1904064521089135,0.1904064521089135,1.0,0.1904064521089135,0.4418490406720027,0.21525905367957046,0.3964114156419531,0.28823688009996146,0.1904064521089135,0.48638500258058304,0.33341188238820907,0.1904064521089135,0.3379602259819535,0.1904064521089135,0.4337626242486056,0.2172213480953836,0.4164988787176433,0.4119930959719175,0.1904064521089135,0.6554256564779914,0.1904064521089135,0.1783536251447962,0.1904064521089135,0.1904064521089135,0.1904064521089135,0.20424518343637,1.0,0.1904064521089135,0.1904064521089135,0.1875023695073273,0.2788563803328571,0.21406502823088358,0.44675747783134584,0.1904064521089135,0.35784360433793555,0.1904064521089135,0.1904064521089135,0.3685359048222921,0.20760068343529864,0.1904064521089135,0.40170931402986215,0.5036688303873937,0.1904064521089135,0.1904064521089135,0.1904064521089135,0.17421667723001655,0.1904064521089135,0.5148695816623291,0.1769340064704226,0.3895005545376789,0.22179316931289758,0.4741653263107713,0.1904064521089135,0.6014765340697945,0.30402006012878846,0.1904064521089135,0.1904064521089135,0.37767483679317626,0.6864504641573447,0.39735142199853807,0.2503387757641575,0.19140086428925848,0.4581543589288593
Phetchabun,1.0,0.5971743652038226,0.6581755787471054,0.16950733385482777,0.1676544755856309,0.15737190319158778,1.0,0.43254372270200725,0.25730687253318063,0.7048150176914603,0.2233004417600355,0.2403985645320299,1.0,0.38405132655397084,1.0,1.0,0.1904064521089135,1.0,0.15206776678682976,0.8208588781539694,0.4421280328476226,0.6558209694086043,1.0,0.08274256659738728,0.2503937840825431,1.0,0.25739301616613497,1.0,0.1562561482558251,0.8098418074711571,0.15336246208991816,0.49687724381434994,1.0,0.16897010088344888,1.0,0.6943164522325964,1.0,1.0,1.0,0.5718368618938852,0.1904064521089135,1.0,1.0,0.4741851745400365,0.4825640291255363,0.2384800199553059,0.09053450518814396,1.0,0.1812515816938285,1.0,1.0,0.45110785672443743,0.3858496871207129,1.0,0.267066455469128,0.1418484601308967,1.0,1.0,1.0,0.7272937604980072,1.0,0.13539224527149776,0.6581755787471054,0.07951498007605376,0.3080973746176804,0.3206635305472352,1.0,0.1376936416450929,0.11125101123600471,1.0,1.0,0.0912475691912695,0.23119827555663366,0.25602773568469506,0.32203728330974957,0.7306451526537294,0.2936664793542678
Phetchaburi,1.0,0.5971743652038226,0.6581755787471054,0.16950733385482777,0.1676544755856309,0.15737190319158778,1.0,0.43254372270200725,0.25730687253318063,0.7048150176914603,0.2233004417600355,0.2403985645320299,1.0,0.38405132655397084,1.0,1.0,0.1904064521089135,1.0,0.15206776678682976,0.8208588781539694,0.4421280328476226,0.6558209694086043,1.0,0.08274256659738728,0.2503937840825431,1.0,0.25739301616613497,1.0,0.1562561482558251,0.8098418074711571,0.15336246208991816,0.49687724381434994,1.0,0.16897010088344888,1.0,0.6943164522325964,1.0,1.0,1.0,0.5718368618938852,0.1904064521089135,1.0,1.0,0.4741851745400365,0.4825640291255363,0.2384800199553059,0.09053450518814396,1.0,0.1812515816938285,1.0,1.0,0.45110785672443743,0.3858496871207129,1.0,0.267066455469128,0.1418484601308967,1.0,1.0,1.0,0.7272937604980072,1.0,0.13539224527149776,0.6581755787471054,0.07951498007605376,0.3080973746176804,0.3206635305472352,1.0,0.1376936416450929,0.11125101123600471,1.0,1.0,0.0912475691912695,0.23119827555663366,0.25602773568469506,0.32203728330974957,0.7306451526537294,0.2936664793542678
Phichit,0.4741851745400365,0.4080935361561397,0.6253614901476897,0.23935515860571085,0.18032333388006067,0.33775758288530555,0.4741851745400365,0.32246426120778426,0.24247797515442202,0.4489676023128363,0.20679404790914557,0.23278160104385193,0.4741851745400365,0.3257322868693229,0.4741851745400365,0.4741851745400365,0.1875023695073273,0.4741851745400365,0.1891165138012082,0.4646126528887569,0.32798606920412454,0.42636322337724253,0.4741851745400365,0.20517372533318617,0.2746783186599405,0.4741851745400365,0.2493235069072664,0.4741851745400365,0.18411366655028308,0.4639813416271725,0.20030415551420006,0.3462063855067026,0.4741851745400365,0.18102737869548763,0.4741851745400365,0.5060611005783677,0.4741851745400365,0.4741851745400365,0.4741851745400365,0.42857280955756244,0.1875023695073273,0.4741851745400365,0.4741851745400365,1.0,0.3592195503143787,0.3179892305785316,0.22987297520200667,0.4741851745400365,0.36051296894029783,0.4741851745400365,0.4741851745400365,0.31144569388626264,0.3447875552259265,0.4741851745400365,0.24720459448021603,0.1823229239279407,0.4741851745400365,0.4741851745400365,0.4741851745400365,0.4684104238307401,0.4741851745400365,0.18092918136715658,0.6253614901476897,0.16433907520732222,0.37943841361419206,0.3944755010255934,0.4741851745400365,0.1725295825871675,0.2876366890215812,0.4741851745400365,0.4741851745400365,0.20049565371489117,0.20620136525718713,0.4136115238448689,0.403418794531997,0.4556622647219929,0.2625323080175968
Phitsanulok,0.4825640291255363,0.42002772783243114,0.43672181061053433,0.230528672366362,0.31432787529099493,0.23378182600222233,0.4825640291255363,0.2879059080051283,0.4404153734578906,0.5227670149191752,0.27534376619768597,0.2683634012489446,0.4825640291255363,0.2689263093012404,0.4825640291255363,0.4825640291255363,0.2788563803328571,0.4825640291255363,0.29417273694947466,0.4673141164945618,0.5205635655582082,0.41549700616647867,0.4825640291255363,0.19048687778989687,0.4482456288921213,0.4825640291255363,0.2532418862281206,0.4825640291255363,0.26279561074495555,0.4673451556241167,0.288224291048606,0.38363595471647327,0.4825640291255363,0.3074218028090432,0.4825640291255363,0.4598970938688568,0.4825640291255363,0.4825640291255363,0.4825640291255363,0.391532694012306,0.2788563803328571,0.4825640291255363,0.4825640291255363,0.3592195503143787,1.0,0.318227956272561,0.18939143779118983,0.4825640291255363,0.29056381152770394,0.4825640291255363,0.4825640291255363,0.37158005125679416,0.41862767395930206,0.4825640291255363,0.4081800941192296,0.23209676064749224,0.4825640291255363,0.4825640291255363,0.4825640291255363,0.4556387112994609,0.4825640291255363,0.3000322844855892,0.43672181061053433,0.21574564446881087,0.2813550069492121,0.2236656000915867,0.4825640291255363,0.2260826968750309,0.19716219499422286,0.4825640291255363,0.4825640291255363,0.21338230294555072,0.30679373661583464,0.1831814899995489,0.38512633244449923,0.4576721863343158,0.22114724267330665
Phra Nakhon Si Ayutthaya,0.2384800199553059,0.22316403352044897,0.23837768930699138,0.3611883739493248,0.22304224497554975,0.2494970231399405,0.2384800199553059,0.2144303225957863,0.23782636327214632,0.287723485382919,0.258735825979046,0.23829979439892052,0.2384800199553059,0.23010933422341012,0.2384800199553059,0.2384800199553059,0.21406502823088358,0.2384800199553059,0.2387307830712725,0.2300362989271689,0.21405014312405207,0.21914945545119635,0.2384800199553059,0.28133997781394204,0.3931433153023624,0.2384800199553059,0.24058837336387845,0.2384800199553059,0.2615315561885612,0.22986087132413824,0.365503851274762,0.2020760790203651,0.2384800199553059,0.2576119169583575,0.2384800199553059,0.33048682692883563,0.2384800199553059,0.2384800199553059,0.2384800199553059,0.27183176589911084,0.21406502823088358,0.2384800199553059,0.2384800199553059,0.3179892305785316,0.318227956272561,1.0,0.24283927031602132,0.2384800199553059,0.3384860590643146,0.2384800199553059,0.2384800199553059,0.18660117451928449,0.4538170035925622,0.2384800199553059,0.3076291179262152,0.3476479451386986,0.2384800199553059,0.2384800199553059,0.2384800199553059,0.2549047370324453,0.2384800199553059,0.32091252964591255,0.23837768930699138,0.3638548887948736,0.3037241110725215,0.22395067557627044,0.2384800199553059,0.2906142804186197,0.3647847531227321,0.2384800199553059,0.2384800199553059,0.4295667923660691,0.20735208375204492,0.30350187400916184,0.23464399396541105,0.23384821640809533,0.31716009525519406
Phrae,0.09053450518814396,0.19151163371237023,0.15190764846340488,0.34231613719248966,0.5258561401559233,0.4624203711785263,0.09053450518814396,0.30731362346686153,0.3196148690804562,0.0821018551705838,0.48758726387719686,0.40080519626944855,0.09053450518814396,0.34070183522854125,0.09053450518814396,0.09053450518814396,0.44675747783134584,0.09053450518814396,0.5264324320266646,0.10281042923941563,0.20777226432920026,0.15821506003849517,0.09053450518814396,0.5290493647766361,0.28889898404020337,0.09053450518814396,0.3922905089206993,0.09053450518814396,0.4213321598728424,0.1038447692287322,0.3564553140436312,0.25696411284904,0.09053450518814396,0.4204865804895996,0.09053450518814396,0.09180219448866597,0.09053450518814396,0.09053450518814396,0.09053450518814396,0.14403819268960538,0.44675747783134584,0.09053450518814396,0.09053450518814396,0.22987297520200667,0.18939143779118983,0.24283927031602132,1.0,0.09053450518814396,0.36441811582120753,0.09053450518814396,0.09053450518814396,0.3476622302944359,0.18928720286526668,0.09053450518814396,0.3007974183770065,0.4012772804814233,0.09053450518814396,0.09053450518814396,0.09053450518814396,0.09388569974806876,0.09053450518814396,0.41002822311447623,0.15190764846340488,0.4499683210286814,0.29165118427689696,0.4044950424451128,0.09053450518814396,0.4446861338422113,0.44593989775941884,0.09053450518814396,0.09053450518814399,0.4137515253219489,0.4429023054689841,0.4441537179552027,0.40628085205728426,0.0958254069860372,0.3529729846715159
Phuket,1.0,0.5971743652038226,0.6581755787471054,0.16950733385482777,0.1676544755856309,0.15737190319158778,1.0,0.43254372270200725,0.25730687253318063,0.7048150176914603,0.2233004417600355,0.2403985645320299,1.0,0.38405132655397084,1.0,1.0,0.1904064521089135,1.0,0.15206776678682976,0.8208588781539694,0.4421280328476226,0.6558209694086043,1.0,0.08274256659738728,0.2503937840825431,1.0,0.25739301616613497,1.0,0.1562561482558251,0.8098418074711571,0.15336246208991816,0.49687724381434994,1.0,0.16897010088344888,1.0,0.6943164522325964,1.0,1.0,1.0,0.5718368618938852,0.1904064521089135,1.0,1.0,0.4741851745400365,0.4825640291255363,0.2384800199553059,0.09053450518814396,1.0,0.1812515816938285,1.0,1.0,0.45110785672443743,0.3858496871207129,1.0,0.267066455469128,0.1418484601308967,1.0,1.0,1.0,0.7272937604980072,1.0,0.13539224527149776,0.6581755787471054,0.07951498007605376,0.3080973746176804,0.3206635305472352,1.0,0.1376936416450929,0.11125101123600471,1.0,1.0,0.09124756919126953,0.23119827555663366,0.25602773568469506,0.32203728330974957,0.7306451526537294,0.2936664793542678
Prachin Buri,0.1812515816938285,0.19701535501270698,0.27608310267450076,0.34287395228371587,0.30915078197548007,0.4662943458720883,0.1812515816938285,0.16139263988444627,0.4489342430511294,0.2513109745334474,0.2978332095908002,0.3108732695215912,0.1812515816938285,0.19565551041300033,0.1812515816938285,0.1812515816938285,0.35784360433793555,0.1812515816938285,0.3187509174592446,0.1644683334951741,0.38213049305942326,0.15952886981258313,0.1812515816938285,0.44665692524486894,0.47406594018320314,0.1812515816938285,0.3006786377526371,0.1812515816938285,0.43133924204792307,0.164197072311283,0.5268332011033404,0.1623270129825371,0.1812515816938285,0.4533778549088155,0.1812515816938285,0.187688275635993,0.1812515816938285,0.1812515816938285,0.1812515816938285,0.23250637171592825,0.35784360433793555,0.1812515816938285,0.1812515816938285,0.36051296894029783,0.29056381152770394,0.3384860590643146,0.36441811582120753,0.1812515816938285,1.0,0.1812515816938285,0.1812515816938285,0.1607992085362596,0.3698004426229884,0.1812515816938285,0.5104001798342882,0.47700895743339466,0.1812515816938285,0.1812515816938285,0.1812515816938285,0.20170245821205662,0.1812515816938285,0.5076563085651858,0.27608310267450076,0.3501179020780784,0.3593706386952356,0.2727579242452119,0.1812515816938285,0.4286767166708898,0.3572168741159565,0.1812515816938285,0.1812515816938285,0.4332367009872785,0.29118628713508976,0.3014906035374447,0.36307995453931935,0.19518957250044583,0.2876098085123819
Prachuap Khiri Khan,1.0,0.5971743652038226,0.6581755787471054,0.16950733385482777,0.1676544755856309,0.15737190319158778,1.0,0.43254372270200725,0.25730687253318063,0.7048150176914603,0.2233004417600355,0.2403985645320299,1.0,0.38405132655397084,1.0,1.0,0.1904064521089135,1.0,0.15206776678682976,0.8208588781539694,0.4421280328476226,0.6558209694086043,1.0,0.08274256659738728,0.2503937840825431,1.0,0.25739301616613497,1.0,0.1562561482558251,0.8098418074711571,0.15336246208991816,0.49687724381434994,1.0,0.16897010088344888,1.0,0.6943164522325964,1.0,1.0,1.0,0.5718368618938852,0.1904064521089135,1.0,1.0,0.4741851745400365,0.4825640291255363,0.2384800199553059,0.09053450518814396,1.0,0.1812515816938285,1.0,1.0,0.45110785672443743,0.3858496871207129,1.0,0.267066455469128,0.1418484601308967,1.0,1.0,1.0,0.7272937604980072,1.0,0.13539224527149776,0.6581755787471054,0.07951498007605376,0.3080973746176804,0.3206635305472352,1.0,0.1376936416450929,0.11125101123600471,1.0,1.0,0.09124756919126953,0.23119827555663366,0.25602773568469506,0.32203728330974957,0.7306451526537294,0.2936664793542678
Ranong,1.0,0.5971743652038226,0.6581755787471054,0.16950733385482777,0.1676544755856309,0.15737190319158778,1.0,0.43254372270200725,0.25730687253318063,0.7048150176914603,0.2233004417600355,0.2403985645320299,1.0,0.38405132655397084,1.0,1.0,0.1904064521089135,1.0,0.15206776678682976,0.8208588781539694,0.4421280328476226,0.6558209694086043,1.0,0.08274256659738728,0.2503937840825431,1.0,0.25739301616613497,1.0,0.1562561482558251,0.8098418074711571,0.15336246208991816,0.49687724381434994,1.0,0.16897010088344888,1.0,0.6943164522325964,1.0,1.0,1.0,0.5718368618938852,0.1904064521089135,1.0,1.0,0.4741851745400365,0.4825640291255363,0.2384800199553059,0.09053450518814396,1.0,0.1812515816938285,1.0,1.0,0.45110785672443743,0.3858496871207129,1.0,0.267066455469128,0.1418484601308967,1.0,1.0,1.0,0.7272937604980072,1.0,0.13539224527149776,0.6581755787471054,0.07951498007605376,0.3080973746176804,0.3206635305472352,1.0,0.1376936416450929,0.11125101123600471,1.0,1.0,0.09124756919126953,0.23119827555663366,0.25602773568469506,0.32203728330974957,0.7306451526537294,0.2936664793542678
Ratchaburi,0.45110785672443743,0.5451594949530125,0.39777712079244515,0.22763782750313458,0.4673931037926902,0.23173741547356125,0.45110785672443743,0.5435367241807332,0.2700635305297098,0.41284982935713177,0.5076365993898955,0.3648655906888372,0.45110785672443743,0.44806740502534714,0.45110785672443743,0.45110785672443743,0.3685359048222921,0.45110785672443743,0.4374609967423927,0.49307998480656673,0.3401924959772971,0.44799387076224867,0.45110785672443743,0.29978070568307236,0.23797789523085605,0.45110785672443743,0.361962884562379,0.45110785672443743,0.28390450779314147,0.49587412546982673,0.22712937223642227,0.5985461539408312,0.45110785672443743,0.2787903645074727,0.45110785672443743,0.4116286073820539,0.45110785672443743,0.45110785672443743,0.45110785672443743,0.36761840436539744,0.3685359048222921,0.45110785672443743,0.45110785672443743,0.3114456938862626,0.37158005125679416,0.18660117451928449,0.3476622302944359,0.45110785672443743,0.1607992085362596,0.45110785672443743,0.45110785672443743,1.0,0.2751434293349617,0.45110785672443743,0.27695017662331006,0.24934720027333218,0.45110785672443743,0.45110785672443743,0.45110785672443743,0.41727689711199467,0.45110785672443743,0.22573493227430746,0.39777712079244515,0.2503128921897748,0.2318009494548163,0.42867281390254863,0.45110785672443743,0.264703557185709,0.2040709921982645,0.45110785672443743,0.45110785672443743,0.22395384661007267,0.4292981479272001,0.40763436817220433,0.4009228763350375,0.4335140834936074,0.3955010610935178
Rayong,0.3858496871207129,0.32659444561419027,0.3692005597613404,0.25911701338103355,0.21161148567471,0.21430797957784037,0.3858496871207129,0.2973093135727567,0.25303452875350396,0.4600246267931809,0.2662972893481332,0.22183218524573964,0.3858496871207129,0.3084168770324442,0.3858496871207129,0.3858496871207129,0.20760068343529864,0.3858496871207129,0.2322745913007458,0.38231511682398245,0.2915730667502132,0.3368966778751198,0.3858496871207129,0.29011204218213,0.39846582965759564,0.3858496871207129,0.2313991597906254,0.3858496871207129,0.22134799719608442,0.383400460440163,0.4253505822208635,0.32093780519900794,0.3858496871207129,0.24695991597999273,0.3858496871207129,0.3884367063040214,0.3858496871207129,0.3858496871207129,0.3858496871207129,0.49942745472230676,0.20760068343529864,0.3858496871207129,0.3858496871207129,0.3447875552259265,0.41862767395930206,0.4538170035925622,0.18928720286526668,0.3858496871207129,0.3698004426229884,0.3858496871207129,0.3858496871207129,0.2751434293349617,1.0,0.3858496871207129,0.34601607863874395,0.3414644118856452,0.3858496871207129,0.3858496871207129,0.3858496871207129,0.4565221170604217,0.3858496871207129,0.38405630037627986,0.3692005597613404,0.3085756959985627,0.44630758860132635,0.2616045777680401,0.3858496871207129,0.26424026230645764,0.31802475812011166,0.3858496871207129,0.3858496871207129,0.31267260593359686,0.22471564822839263,0.25282547643896236,0.2791312294801032,0.3691935000178703,0.3729951439900091
Roi Et,1.0,0.5971743652038226,0.6581755787471054,0.16950733385482777,0.1676544755856309,0.15737190319158778,1.0,0.43254372270200725,0.25730687253318063,0.7048150176914603,0.2233004417600355,0.2403985645320299,1.0,0.38405132655397084,1.0,1.0,0.1904064521089135,1.0,0.15206776678682976,0.8208588781539694,0.4421280328476226,0.6558209694086043,1.0,0.08274256659738728,0.2503937840825431,1.0,0.25739301616613497,1.0,0.1562561482558251,0.8098418074711571,0.15336246208991816,0.49687724381434994,1.0,0.16897010088344888,1.0,0.6943164522325964,1.0,1.0,1.0,0.5718368618938852,0.1904064521089135,1.0,1.0,0.4741851745400365,0.4825640291255363,0.2384800199553059,0.09053450518814396,1.0,0.1812515816938285,1.0,1.0,0.45110785672443743,0.3858496871207129,1.0,0.267066455469128,0.1418484601308967,1.0,1.0,1.0,0.7272937604980072,1.0,0.13539224527149776,0.6581755787471054,0.07951498007605376,0.3080973746176804,0.3206635305472352,1.0,0.1376936416450929,0.11125101123600471,1.0,1.0,0.09124756919126953,0.23119827555663366,0.25602773568469506,0.32203728330974957,0.7306451526537294,0.2936664793542678
Sa kaeo,0.267066455469128,0.29138093160469375,0.2486616898236561,0.3418160782971692,0.35765274685158255,0.3402623934392098,0.267066455469128,0.17259879362589509,0.5906845658538072,0.3498711137469364,0.3516297269656419,0.2920005377612981,0.267066455469128,0.18247228216881928,0.267066455469128,0.267066455469128,0.40170931402986215,0.267066455469128,0.3551240869489075,0.24805941858375608,0.5672917746396302,0.21531250415607622,0.267066455469128,0.38210015318766133,0.5535990089467089,0.267066455469128,0.27331571964457757,0.267066455469128,0.44408666284193055,0.247856869889718,0.5270404679828852,0.21729020572672653,0.267066455469128,0.5236668666077967,0.267066455469128,0.2652690845823124,0.267066455469128,0.267066455469128,0.267066455469128,0.22864728204241744,0.40170931402986215,0.267066455469128,0.267066455469128,0.24720459448021603,0.4081800941192296,0.3076291179262152,0.3007974183770065,0.267066455469128,0.5104001798342882,0.267066455469128,0.267066455469128,0.27695017662331006,0.34601607863874395,0.267066455469128,1.0,0.48144894052906195,0.267066455469128,0.267066455469128,0.267066455469128,0.25042625989718126,0.267066455469128,0.5029570697934778,0.2486616898236561,0.28409257497319745,0.2477925189623232,0.1652221303893497,0.267066455469128,0.43358425858884575,0.22294236745961735,0.267066455469128,0.267066455469128,0.4310281428712934,0.314657957277206,0.1714789532682155,0.36709807719081106,0.25252884596715847,0.2580626648617658
Sakon Nakhon,0.1418484601308967,0.14406388038502976,0.1387865420358403,0.3986400531931332,0.4187593048327787,0.3235114154566921,0.1418484601308967,0.3184845231114961,0.3964519039765852,0.219278900665099,0.43457469553065153,0.3229611219374557,0.1418484601308967,0.2900412892706229,0.1418484601308967,0.1418484601308967,0.5036688303873937,0.1418484601308967,0.3817150169957475,0.15160978701534067,0.31600161386102926,0.195444228156441,0.1418484601308967,0.4708028972536897,0.4601343269970799,0.1418484601308967,0.2974606311410245,0.1418484601308967,0.4317261791178784,0.15260656091627572,0.5688211003939208,0.27565049858489765,0.1418484601308967,0.5657591840610681,0.1418484601308967,0.1544381524132264,0.1418484601308967,0.1418484601308967,0.1418484601308967,0.16048111404514975,0.5036688303873937,0.1418484601308967,0.1418484601308967,0.1823229239279407,0.23209676064749224,0.3476479451386986,0.4012772804814233,0.1418484601308967,0.47700895743339466,0.1418484601308967,0.1418484601308967,0.24934720027333218,0.3414644118856452,0.1418484601308967,0.48144894052906195,1.0,0.1418484601308967,0.1418484601308967,0.1418484601308967,0.13160427522167212,0.1418484601308967,0.5579844587381867,0.1387865420358403,0.38600790165891513,0.22269660587384507,0.3492969696530037,0.1418484601308967,0.620808775293845,0.3194153860205633,0.1418484601308967,0.14184846013089664,0.5019363001814268,0.4562376104749721,0.325860895719588,0.22653142747283692,0.14269023783444804,0.4884265111362397
Samut Prakarn,1.0,0.5971743652038226,0.6581755787471054,0.16950733385482777,0.1676544755856309,0.15737190319158778,1.0,0.43254372270200725,0.25730687253318063,0.7048150176914603,0.2233004417600355,0.2403985645320299,1.0,0.38405132655397084,1.0,1.0,0.1904064521089135,1.0,0.15206776678682976,0.8208588781539694,0.4421280328476226,0.6558209694086043,1.0,0.08274256659738728,0.2503937840825431,1.0,0.25739301616613497,1.0,0.1562561482558251,0.8098418074711571,0.15336246208991816,0.49687724381434994,1.0,0.16897010088344888,1.0,0.6943164522325964,1.0,1.0,1.0,0.5718368618938852,0.1904064521089135,1.0,1.0,0.4741851745400365,0.4825640291255363,0.2384800199553059,0.09053450518814396,1.0,0.1812515816938285,1.0,1.0,0.45110785672443743,0.3858496871207129,1.0,0.267066455469128,0.1418484601308967,1.0,1.0,1.0,0.7272937604980072,1.0,0.13539224527149776,0.6581755787471054,0.07951498007605376,0.3080973746176804,0.3206635305472352,1.0,0.1376936416450929,0.11125101123600471,1.0,1.0,0.09124756919126953,0.23119827555663366,0.25602773568469506,0.32203728330974957,0.7306451526537294,0.2936664793542678
Samut Sakhon,1.0,0.5971743652038226,0.6581755787471054,0.16950733385482777,0.1676544755856309,0.15737190319158778,1.0,0.43254372270200725,0.25730687253318063,0.7048150176914603,0.2233004417600355,0.2403985645320299,1.0,0.38405132655397084,1.0,1.0,0.1904064521089135,1.0,0.15206776678682976,0.8208588781539694,0.4421280328476226,0.6558209694086043,1.0,0.08274256659738728,0.2503937840825431,1.0,0.25739301616613497,1.0,0.1562561482558251,0.8098418074711571,0.15336246208991816,0.49687724381434994,1.0,0.16897010088344888,1.0,0.6943164522325964,1.0,1.0,1.0,0.5718368618938852,0.1904064521089135,1.0,1.0,0.4741851745400365,0.4825640291255363,0.2384800199553059,0.09053450518814396,1.0,0.1812515816938285,1.0,1.0,0.45110785672443743,0.3858496871207129,1.0,0.267066455469128,0.1418484601308967,1.0,1.0,1.0,0.7272937604980072,1.0,0.13539224527149776,0.6581755787471054,0.07951498007605376,0.3080973746176804,0.3206635305472352,1.0,0.1376936416450929,0.11125101123600471,1.0,1.0,0.09124756919126953,0.23119827555663366,0.25602773568469506,0.32203728330974957,0.7306451526537294,0.2936664793542678
Samut Songkhram,1.0,0.5971743652038226,0.6581755787471054,0.16950733385482777,0.1676544755856309,0.15737190319158778,1.0,0.43254372270200725,0.25730687253318063,0.7048150176914603,0.2233004417600355,0.2403985645320299,1.0,0.38405132655397084,1.0,1.0,0.1904064521089135,1.0,0.15206776678682976,0.8208588781539694,0.4421280328476226,0.6558209694086043,1.0,0.08274256659738728,0.2503937840825431,1.0,0.25739301616613497,1.0,0.1562561482558251,0.8098418074711571,0.15336246208991816,0.49687724381434994,1.0,0.16897010088344888,1.0,0.6943164522325964,1.0,1.0,1.0,0.5718368618938852,0.1904064521089135,1.0,1.0,0.4741851745400365,0.4825640291255363,0.2384800199553059,0.09053450518814396,1.0,0.1812515816938285,1.0,1.0,0.45110785672443743,0.3858496871207129,1.0,0.267066455469128,0.1418484601308967,1.0,1.0,1.0,0.7272937604980072,1.0,0.13539224527149776,0.6581755787471054,0.07951498007605376,0.3080973746176804,0.3206635305472352,1.0,0.1376936416450929,0.11125101123600471,1.0,1.0,0.09124756919126953,0.23119827555663366,0.25602773568469506,0.32203728330974957,0.7306451526537294,0.2936664793542678
Saraburi,0.7272937604980072,0.5618298209268002,0.6297430066047776,0.1645742327539272,0.15462135218239817,0.16607588142949614,0.7272937604980072,0.4074830609086874,0.24540491588987567,0.6467872192202375,0.2038333508265907,0.22920582496561565,0.7272937604980072,0.38009820614699397,0.7272937604980072,0.7272937604980072,0.17421667723001655,0.7272937604980072,0.15021502648924462,0.7073719070393589,0.41620709812904966,0.6106417107550126,0.7272937604980072,0.1299807048285351,0.23725314253179236,0.7272937604980072,0.25023395584834845,0.7272937604980072,0.14704858215325423,0.705700800734474,0.18552557426706145,0.4647239978509425,0.7272937604980072,0.15393451727344595,0.7272937604980072,0.6425197014109716,0.7272937604980072,0.7272937604980072,0.7272937604980072,0.7059596430564385,0.17421667723001655,0.7272937604980072,0.7272937604980072,0.4684104238307401,0.4556387112994609,0.2549047370324453,0.09388569974806876,0.7272937604980072,0.20170245821205662,0.7272937604980072,0.7272937604980072,0.41727689711199467,0.4565221170604217,0.7272937604980072,0.25042625989718126,0.13160427522167212,0.7272937604980072,0.7272937604980072,0.7272937604980072,1.0,0.7272937604980072,0.18012259837219047,0.6297430066047776,0.11931868698803089,0.40956416222076664,0.309172964136908,0.7272937604980072,0.1269021831444737,0.1575721305806032,0.7272937604980072,0.7272937604980074,0.09662172358439791,0.2118726092561679,0.2516643604226513,0.32391511483350527,0.6661512396391918,0.2758775818242139
Satun,1.0,0.5971743652038226,0.6581755787471054,0.16950733385482777,0.1676544755856309,0.15737190319158778,1.0,0.43254372270200725,0.25730687253318063,0.7048150176914603,0.2233004417600355,0.2403985645320299,1.0,0.38405132655397084,1.0,1.0,0.1904064521089135,1.0,0.15206776678682976,0.8208588781539694,0.4421280328476226,0.6558209694086043,1.0,0.08274256659738728,0.2503937840825431,1.0,0.25739301616613497,1.0,0.1562561482558251,0.8098418074711571,0.15336246208991816,0.49687724381434994,1.0,0.16897010088344888,1.0,0.6943164522325964,1.0,1.0,1.0,0.5718368618938852,0.1904064521089135,1.0,1.0,0.4741851745400365,0.4825640291255363,0.2384800199553059,0.09053450518814396,1.0,0.1812515816938285,1.0,1.0,0.45110785672443743,0.3858496871207129,1.0,0.267066455469128,0.1418484601308967,1.0,1.0,1.0,0.7272937604980072,1.0,0.13539224527149776,0.6581755787471054,0.07951498007605376,0.3080973746176804,0.3206635305472352,1.0,0.1376936416450929,0.11125101123600471,1.0,1.0,0.09124756919126953,0.23119827555663366,0.25602773568469506,0.32203728330974957,0.7306451526537294,0.2936664793542678
Si Sa Ket,0.13539224527149776,0.1359527473102785,0.13844196246410043,0.3764231049598359,0.45409790710674836,0.3578001100174329,0.13539224527149776,0.2604112618458352,0.4815864949521287,0.19849828029581218,0.41379282401576695,0.33009478865800973,0.13539224527149776,0.25819992711158746,0.13539224527149776,0.13539224527149776,0.5148695816623291,0.13539224527149776,0.41273637216207654,0.13329617141228128,0.3788953150407869,0.17814966374892932,0.13539224527149776,0.5381211080796277,0.48557401696046965,0.13539224527149776,0.29939369727843335,0.13539224527149776,0.4439885481186543,0.134108681432193,0.5958078597121963,0.23877858663783325,0.13539224527149776,0.5927663992091144,0.13539224527149776,0.1391357095306135,0.13539224527149776,0.13539224527149776,0.13539224527149776,0.2583840172153215,0.5148695816623291,0.13539224527149776,0.13539224527149776,0.18092918136715658,0.3000322844855892,0.32091252964591255,0.41002822311447623,0.13539224527149776,0.5076563085651858,0.13539224527149776,0.13539224527149776,0.22573493227430746,0.38405630037627986,0.13539224527149776,0.5029570697934778,0.5579844587381867,0.13539224527149776,0.13539224527149776,0.13539224527149776,0.18012259837219047,0.13539224527149776,1.0,0.13844196246410043,0.42281374366570695,0.35718760506088454,0.3047261525165989,0.13539224527149776,0.5608414191654651,0.3554987838600145,0.13539224527149776,0.13539224527149774,0.4710807921996084,0.4642872737395173,0.2803408459357704,0.288820711627939,0.13224411925670299,0.3818918415451379
Sing Buri,0.6581755787471054,0.5314830428071655,1.0,0.17057780613627765,0.15958287400030283,0.2557353184081136,0.6581755787471054,0.39173076298592385,0.24532211589998992,0.6006120961599903,0.20367432231860966,0.2301068844408134,0.6581755787471054,0.367956326488678,0.6581755787471054,0.6581755787471054,0.1769340064704226,0.6581755787471054,0.15643126248648642,0.6446330186799993,0.40036843896367597,0.5716487255368526,0.6581755787471054,0.13014621590026754,0.23738192491049837,0.6581755787471054,0.24969134833025247,0.6581755787471054,0.15351803474359743,0.6432551087508078,0.15679326195498947,0.4424708062693442,0.6581755787471054,0.15837352116752562,0.6581755787471054,0.5998988142036392,0.6581755787471054,0.6581755787471054,0.6581755787471054,0.5346596465390134,0.1769340064704226,0.6581755787471054,0.6581755787471054,0.6253614901476897,0.43672181061053433,0.23837768930699138,0.15190764846340488,0.6581755787471054,0.27608310267450076,0.6581755787471054,0.6581755787471054,0.39777712079244515,0.3692005597613404,0.6581755787471054,0.2486616898236561,0.1387865420358403,0.6581755787471054,0.6581755787471054,0.6581755787471054,0.6297430066047776,0.6581755787471054,0.13844196246410043,1.0,0.09462796327771977,0.3597134256251376,0.38092564563546716,0.6581755787471054,0.13416263990999205,0.18918318615132518,0.6581755787471054,0.6581755787471053,0.0988616686404454,0.2111428087265627,0.32933112868105074,0.38636965824106717,0.6173013648193922,0.27174407056366584
Songkhla,0.07951498007605376,0.1858520559866648,0.09462796327771977,0.3510387287369377,0.4166547600279935,0.40277386133567133,0.07951498007605376,0.2578920902018218,0.29313399639107873,0.07501843296709962,0.3883049930112036,0.42572894217581436,0.07951498007605376,0.26103991619631156,0.07951498007605376,0.07951498007605376,0.3895005545376789,0.07951498007605376,0.40632759152485337,0.08630001565217882,0.18756632447485277,0.12947215994687916,0.07951498007605376,0.48404935361113993,0.2825900775170022,0.07951498007605376,0.41343853337487474,0.07951498007605376,0.44974743924388055,0.08719448793384205,0.382930354623491,0.20524331296510762,0.07951498007605376,0.3804991472236906,0.07951498007605376,0.10207887172031041,0.07951498007605376,0.07951498007605376,0.07951498007605376,0.19770280686077418,0.3895005545376789,0.07951498007605376,0.07951498007605376,0.16433907520732222,0.21574564446881087,0.3638548887948736,0.4499683210286814,0.07951498007605376,0.3501179020780784,0.07951498007605376,0.07951498007605376,0.2503128921897748,0.3085756959985627,0.07951498007605376,0.28409257497319745,0.38600790165891513,0.07951498007605376,0.07951498007605376,0.07951498007605376,0.11931868698803089,0.07951498007605376,0.42281374366570695,0.09462796327771977,1.0,0.31782553097009547,0.3110734725759618,0.07951498007605376,0.4090353039225991,0.4445137655039494,0.07951498007605376,0.07951498007605376,0.42261541370109323,0.37102137480790887,0.37456395853878377,0.2669643862274645,0.12527503907151458,0.32169012464280267
Sukhothai,0.3080973746176804,0.28027195869535415,0.3597134256251376,0.23748757081667426,0.2304960276893849,0.3632250865863192,0.3080973746176804,0.2468865205721274,0.26502780610910137,0.2898405718346904,0.2169264914791511,0.24636848670635575,0.3080973746176804,0.36222679170442484,0.3080973746176804,0.3080973746176804,0.22179316931289758,0.3080973746176804,0.292046766349599,0.29879008894693987,0.2686292743152683,0.2798057895297784,0.3080973746176804,0.36538087714331363,0.2582745450524147,0.3080973746176804,0.28085997991650535,0.3080973746176804,0.23303767909835563,0.2986767336990763,0.3318708510420343,0.25060779928144,0.3080973746176804,0.22316448959510016,0.3080973746176804,0.298317314142684,0.3080973746176804,0.3080973746176804,0.3080973746176804,0.49807071146080906,0.22179316931289758,0.3080973746176804,0.3080973746176804,0.37943841361419206,0.2813550069492121,0.3037241110725215,0.29165118427689696,0.3080973746176804,0.3593706386952356,0.3080973746176804,0.3080973746176804,0.2318009494548163,0.44630758860132635,0.3080973746176804,0.2477925189623232,0.22269660587384507,0.3080973746176804,0.3080973746176804,0.3080973746176804,0.40956416222076664,0.3080973746176804,0.35718760506088454,0.3597134256251376,0.31782553097009547,1.0,0.2911104775579522,0.3080973746176804,0.22074865262286392,0.41809230978591777,0.3080973746176804,0.3080973746176804,0.24401575853851143,0.22300068037784854,0.32836907398950776,0.4009694097086966,0.29949663216043676,0.23093827888240498
Suphan Buri,0.3206635305472352,0.27929763255324613,0.38092564563546716,0.28394861787257764,0.4096142738623003,0.306235591277565,0.3206635305472352,0.6270517183282198,0.19232383509052198,0.27185292617132917,0.4321621913135427,0.3482431245318296,0.3206635305472352,0.50982663033682,0.3206635305472352,0.3206635305472352,0.4741653263107713,0.3206635305472352,0.3328432770950695,0.35840356551075037,0.20363674755591527,0.4449255173835251,0.3206635305472352,0.3643191231530669,0.1799165290710591,0.3206635305472352,0.33862442183018576,0.3206635305472352,0.2633571968051154,0.3605904362179591,0.24154504359391177,0.5236155633586176,0.3206635305472352,0.3613406660938384,0.3206635305472352,0.3014722899834949,0.3206635305472352,0.3206635305472352,0.3206635305472352,0.332008663649817,0.4741653263107713,0.3206635305472352,0.3206635305472352,0.3944755010255934,0.2236656000915867,0.22395067557627044,0.4044950424451128,0.3206635305472352,0.2727579242452119,0.3206635305472352,0.3206635305472352,0.42867281390254863,0.2616045777680401,0.3206635305472352,0.1652221303893497,0.3492969696530037,0.3206635305472352,0.3206635305472352,0.3206635305472352,0.309172964136908,0.3206635305472352,0.3047261525165989,0.38092564563546716,0.3110734725759618,0.2911104775579522,1.0,0.3206635305472352,0.4143069587813365,0.33667058811463824,0.3206635305472352,0.3206635305472352,0.24191559428077214,0.5519684384331606,0.5803614796572869,0.26415137310773634,0.32087413784506547,0.5624595429953203
Surat Thani,1.0,0.5971743652038226,0.6581755787471054,0.16950733385482777,0.1676544755856309,0.15737190319158778,1.0,0.43254372270200725,0.25730687253318063,0.7048150176914603,0.2233004417600355,0.2403985645320299,1.0,0.38405132655397084,1.0,1.0,0.1904064521089135,1.0,0.15206776678682976,0.8208588781539694,0.4421280328476226,0.6558209694086043,1.0,0.08274256659738728,0.2503937840825431,1.0,0.25739301616613497,1.0,0.1562561482558251,0.8098418074711571,0.15336246208991816,0.49687724381434994,1.0,0.16897010088344888,1.0,0.6943164522325964,1.0,1.0,1.0,0.5718368618938852,0.1904064521089135,1.0,1.0,0.4741851745400365,0.4825640291255363,0.2384800199553059,0.09053450518814396,1.0,0.1812515816938285,1.0,1.0,0.45110785672443743,0.3858496871207129,1.0,0.267066455469128,0.1418484601308967,1.0,1.0,1.0,0.7272937604980072,1.0,0.13539224527149776,0.6581755787471054,0.07951498007605376,0.3080973746176804,0.3206635305472352,1.0,0.1376936416450929,0.11125101123600471,1.0,1.0,0.09124756919126953,0.23119827555663366,0.25602773568469506,0.32203728330974957,0.7306451526537294,0.2936664793542678
Surin,0.1376936416450929,0.1430350489675622,0.13416263990999205,0.3937703675798119,0.4785333067978752,0.34133141286954216,0.1376936416450929,0.36378185689145404,0.4104310974031372,0.17265593390561673,0.47728608053341803,0.37366670491405696,0.1376936416450929,0.3132104145483685,0.1376936416450929,0.1376936416450929,0.6014765340697945,0.1376936416450929,0.3902529251164312,0.14600010891473397,0.32724196328508165,0.2458533190209486,0.1376936416450929,0.4945140891700432,0.38991776700471326,0.1376936416450929,0.33928679970673026,0.1376936416450929,0.45855904450830215,0.147231503141882,0.47789965481370966,0.28805111023610264,0.1376936416450929,0.6451032208025761,0.1376936416450929,0.14201871324668533,0.1376936416450929,0.1376936416450929,0.1376936416450929,0.17101758474610596,0.6014765340697945,0.1376936416450929,0.1376936416450929,0.1725295825871675,0.2260826968750309,0.2906142804186197,0.4446861338422113,0.1376936416450929,0.4286767166708898,0.1376936416450929,0.1376936416450929,0.264703557185709,0.26424026230645764,0.1376936416450929,0.43358425858884575,0.620808775293845,0.1376936416450929,0.1376936416450929,0.1376936416450929,0.1269021831444737,0.1376936416450929,0.5608414191654651,0.13416263990999205,0.4090353039225991,0.22074865262286392,0.4143069587813365,0.1376936416450929,1.0,0.3263742415391889,0.1376936416450929,0.1376936416450929,0.45920767351188035,0.5450458051886805,0.35790179913959363,0.2275147959415642,0.14103960300015764,0.48787562735445317
Tak,0.11125101123600471,0.1399506976708373,0.18918318615132518,0.319493243595016,0.32973107737094753,0.4303129331224894,0.11125101123600471,0.2390395404947131,0.23366303706296332,0.10174736051591358,0.3030317172604112,0.28373006797633726,0.11125101123600471,0.3628161446022597,0.11125101123600471,0.11125101123600471,0.30402006012878846,0.11125101123600471,0.3932101868083678,0.11587425208861152,0.1471907169069715,0.1363277450022078,0.11125101123600471,0.43017486783432796,0.25350463036102483,0.11125101123600471,0.310393505338079,0.11125101123600471,0.29725183089625307,0.11669579687020151,0.3362380958843518,0.19649844331454286,0.11125101123600471,0.29134116282467004,0.11125101123600471,0.13919082313410217,0.11125101123600471,0.11125101123600471,0.11125101123600471,0.22972272413726694,0.30402006012878846,0.11125101123600471,0.11125101123600471,0.2876366890215812,0.19716219499422283,0.3647847531227321,0.44593989775941884,0.11125101123600471,0.3572168741159565,0.11125101123600471,0.11125101123600471,0.2040709921982645,0.31802475812011166,0.11125101123600471,0.22294236745961735,0.3194153860205633,0.11125101123600471,0.11125101123600471,0.11125101123600471,0.1575721305806032,0.11125101123600471,0.3554987838600145,0.18918318615132518,0.4445137655039494,0.41809230978591777,0.33667058811463824,0.11125101123600471,0.3263742415391889,1.0,0.11125101123600471,0.11125101123600468,0.3655132630582519,0.29870839125167625,0.42323394369967887,0.3717903151776233,0.11430696700747034,0.2899698709149512
Trang,1.0,0.5971743652038226,0.6581755787471054,0.16950733385482777,0.1676544755856309,0.15737190319158778,1.0,0.43254372270200725,0.25730687253318063,0.7048150176914603,0.2233004417600355,0.2403985645320299,1.0,0.38405132655397084,1.0,1.0,0.1904064521089135,1.0,0.15206776678682976,0.8208588781539694,0.4421280328476226,0.6558209694086043,1.0,0.08274256659738728,0.2503937840825431,1.0,0.25739301616613497,1.0,0.1562561482558251,0.8098418074711571,0.15336246208991816,0.49687724381434994,1.0,0.16897010088344888,1.0,0.6943164522325964,1.0,1.0,1.0,0.5718368618938852,0.1904064521089135,1.0,1.0,0.4741851745400365,0.4825640291255363,0.2384800199553059,0.09053450518814396,1.0,0.1812515816938285,1.0,1.0,0.45110785672443743,0.3858496871207129,1.0,0.267066455469128,0.1418484601308967,1.0,1.0,1.0,0.7272937604980072,1.0,0.13539224527149776,0.6581755787471054,0.07951498007605376,0.3080973746176804,0.3206635305472352,1.0,0.1376936416450929,0.11125101123600471,1.0,1.0,0.09124756919126953,0.23119827555663366,0.25602773568469506,0.32203728330974957,0.7306451526537294,0.2936664793542678
Trat,1.0,0.5971743652038226,0.6581755787471054,0.16950733385482777,0.1676544755856309,0.15737190319158778,1.0,0.43254372270200725,0.25730687253318063,0.7048150176914603,0.2233004417600355,0.2403985645320299,1.0,0.38405132655397084,1.0,1.0,0.1904064521089135,1.0,0.15206776678682976,0.8208588781539694,0.4421280328476226,0.6558209694086043,1.0,0.08274256659738728,0.2503937840825431,1.0,0.25739301616613497,1.0,0.1562561482558251,0.8098418074711571,0.15336246208991816,0.49687724381434994,1.0,0.16897010088344888,1.0,0.6943164522325964,1.0,1.0,1.0,0.5718368618938852,0.1904064521089135,1.0,1.0,0.4741851745400365,0.4825640291255363,0.2384800199553059,0.09053450518814399,1.0,0.1812515816938285,1.0,1.0,0.45110785672443743,0.3858496871207129,1.0,0.267066455469128,0.14184846013089664,1.0,1.0,1.0,0.7272937604980074,1.0,0.13539224527149776,0.6581755787471053,0.07951498007605376,0.3080973746176804,0.3206635305472352,1.0,0.1376936416450929,0.11125101123600468,1.0,1.0,0.09124756919126953,0.23119827555663366,0.25602773568469506,0.32203728330974957,0.7306451526537294,0.2936664793542678
Ubon Ratchathani,0.0912475691912695,0.15147550457083964,0.09886166864044543,0.4272403697324682,0.39722177480962173,0.3466047647675538,0.0912475691912695,0.19761689554690842,0.3619585390208836,0.16028475756063384,0.40329192713095985,0.31914493398193045,0.0912475691912695,0.20571966453364748,0.0912475691912695,0.0912475691912695,0.37767483679317626,0.0912475691912695,0.39466830125138225,0.08850253409998717,0.25799691731375224,0.10867804929806413,0.0912475691912695,0.4566173772518063,0.4589211649547373,0.09124756919126953,0.29978231201470196,0.09124756919126953,0.4182453444631793,0.08881887423781132,0.49210520972152444,0.16912844101451316,0.0912475691912695,0.4375021250087586,0.0912475691912695,0.16452216774935102,0.0912475691912695,0.0912475691912695,0.0912475691912695,0.13389478713094408,0.37767483679317626,0.0912475691912695,0.0912475691912695,0.20049565371489117,0.21338230294555072,0.4295667923660691,0.4137515253219489,0.09124756919126953,0.4332367009872785,0.09124756919126953,0.09124756919126953,0.22395384661007267,0.31267260593359686,0.09124756919126953,0.4310281428712934,0.5019363001814268,0.09124756919126953,0.09124756919126953,0.09124756919126953,0.09662172358439791,0.09124756919126953,0.4710807921996084,0.0988616686404454,0.42261541370109323,0.24401575853851143,0.24191559428077214,0.09124756919126953,0.45920767351188035,0.3655132630582519,0.09124756919126953,0.09124756919126953,1.0,0.335467510755341,0.3186206772638299,0.2789887332147777,0.09211277098928647,0.35033675613826054
Udon Thani,0.23119827555663366,0.21278855603845104,0.2111428087265627,0.34220468120236563,0.5649706740716878,0.2935442733743485,0.23119827555663366,0.5527125096125443,0.3730336480703291,0.21813775292776277,0.5108444058112397,0.38823621146229637,0.23119827555663366,0.44341372801206413,0.23119827555663366,0.23119827555663366,0.6864504641573447,0.23119827555663366,0.4487293842582844,0.26492089406826647,0.3291549038303252,0.35352590822738544,0.23119827555663366,0.44140273649267586,0.31651293858254415,0.23119827555663366,0.35049949351742216,0.23119827555663366,0.3795528705742225,0.2673265424769909,0.3602807769349936,0.49730133646927843,0.23119827555663366,0.5544172901508709,0.23119827555663366,0.21459986556877622,0.23119827555663366,0.23119827555663366,0.23119827555663366,0.239982783996659,0.6864504641573447,0.23119827555663366,0.23119827555663366,0.20620136525718716,0.30679373661583464,0.20735208375204492,0.4429023054689841,0.23119827555663366,0.29118628713508976,0.23119827555663366,0.23119827555663366,0.4292981479272001,0.22471564822839263,0.23119827555663366,0.314657957277206,0.4562376104749721,0.23119827555663366,0.23119827555663366,0.23119827555663366,0.2118726092561679,0.23119827555663366,0.4642872737395173,0.2111428087265627,0.37102137480790887,0.22300068037784854,0.5519684384331606,0.23119827555663366,0.5450458051886805,0.29870839125167625,0.23119827555663366,0.23119827555663366,0.335467510755341,1.0,0.4445030525571846,0.24945451309868166,0.23207711908259193,0.5256098135912479
Uthai Thani,0.25602773568469506,0.30580577603030934,0.32933112868105074,0.322451934105659,0.39814452196535566,0.4180701620161491,0.25602773568469506,0.49648868111377004,0.18172244383597186,0.21119791403212088,0.40952417469472147,0.41157781726042475,0.25602773568469506,0.5289271872931016,0.25602773568469506,0.25602773568469506,0.39735142199853807,0.25602773568469506,0.4041638185028296,0.28878469017047254,0.16071900325148653,0.32178520593852133,0.25602773568469506,0.3829002476989785,0.2107707212224334,0.25602773568469506,0.4360322353848405,0.25602773568469506,0.3315727041222459,0.29092714166031164,0.2569571970960395,0.43343293266712557,0.25602773568469506,0.30540076887116974,0.25602773568469506,0.2994902514070569,0.25602773568469506,0.25602773568469506,0.25602773568469506,0.2748931972794194,0.39735142199853807,0.25602773568469506,0.25602773568469506,0.4136115238448689,0.1831814899995489,0.30350187400916184,0.4441537179552027,0.25602773568469506,0.3014906035374447,0.25602773568469506,0.25602773568469506,0.40763436817220433,0.25282547643896236,0.25602773568469506,0.1714789532682155,0.325860895719588,0.25602773568469506,0.25602773568469506,0.25602773568469506,0.2516643604226513,0.25602773568469506,0.2803408459357704,0.32933112868105074,0.37456395853878377,0.32836907398950776,0.5803614796572869,0.25602773568469506,0.35790179913959363,0.42323394369967887,0.25602773568469506,0.25602773568469506,0.3186206772638299,0.4445030525571846,1.0,0.3610750473383794,0.293616705960386,0.46660028583299046
Uttaradit,0.32203728330974957,0.4139441377239287,0.38636965824106717,0.23532348791021596,0.38649744137883735,0.4651107282418707,0.32203728330974957,0.21176358926366123,0.36842889407143553,0.32135916420502203,0.3808914198822423,0.3396634551837295,0.32203728330974957,0.36181778453135816,0.32203728330974957,0.32203728330974957,0.2503387757641575,0.32203728330974957,0.4557525954807656,0.30547694910938356,0.3656434347214469,0.2712273227319534,0.32203728330974957,0.33675956551646025,0.34411022739345737,0.32203728330974957,0.3762501210505175,0.32203728330974957,0.3340508238516176,0.30537589764554246,0.280202168720154,0.2518091028760472,0.32203728330974957,0.27179943308999627,0.32203728330974957,0.30419381577456994,0.32203728330974957,0.32203728330974957,0.32203728330974957,0.31134461905909117,0.2503387757641575,0.32203728330974957,0.32203728330974957,0.403418794531997,0.38512633244449923,0.23464399396541105,0.40628085205728426,0.32203728330974957,0.36307995453931935,0.32203728330974957,0.32203728330974957,0.4009228763350375,0.2791312294801032,0.32203728330974957,0.36709807719081106,0.22653142747283692,0.32203728330974957,0.32203728330974957,0.32203728330974957,0.32391511483350527,0.32203728330974957,0.288820711627939,0.38636965824106717,0.2669643862274645,0.4009694097086966,0.26415137310773634,0.32203728330974957,0.2275147959415642,0.3717903151776233,0.32203728330974957,0.32203728330974957,0.2789887332147777,0.24945451309868166,0.3610750473383794,1.0,0.3064842517620801,0.18304784038103533
Yala,0.7306451526537294,0.6408424835331323,0.6173013648193922,0.16993080723399764,0.16859416983612618,0.2098739385943184,0.7306451526537294,0.4278594906254136,0.24700636931518904,0.6493536580458745,0.22003834568288066,0.33098838103034367,0.7306451526537294,0.3783046566759727,0.7306451526537294,0.7306451526537294,0.19140086428925845,0.7306451526537294,0.1522672106596932,0.7174981710458108,0.4183874330324633,0.6255830372079614,0.7306451526537294,0.08552186515635418,0.23902262298187849,0.7306451526537294,0.35133912580146787,0.7306451526537294,0.22845558671460287,0.7158420215407795,0.14895006686564066,0.48312656231620366,0.7306451526537294,0.16681300301020602,0.7306451526537294,0.644547371511926,0.7306451526537294,0.7306451526537294,0.7306451526537294,0.5459517775885481,0.19140086428925845,0.7306451526537294,0.7306451526537294,0.4556622647219929,0.4576721863343158,0.23384821640809533,0.0958254069860372,0.7306451526537294,0.19518957250044583,0.7306451526537294,0.7306451526537294,0.4335140834936074,0.3691935000178703,0.7306451526537294,0.25252884596715847,0.14269023783444804,0.7306451526537294,0.7306451526537294,0.7306451526537294,0.6661512396391918,0.7306451526537294,0.13224411925670299,0.6173013648193922,0.12527503907151458,0.29949663216043676,0.32087413784506547,0.7306451526537294,0.14103960300015767,0.11430696700747034,0.7306451526537294,0.7306451526537294,0.09211277098928647,0.23207711908259193,0.293616705960386,0.3064842517620801,1.0,0.29408540904202984
Yasothon,0.2936664793542678,0.2555689386333157,0.2717440705636658,0.324585812438117,0.4003016051535807,0.22003731331186147,0.2936664793542678,0.57875444712247,0.1897084869564459,0.3267126824735889,0.4855322556605741,0.3406151268238792,0.2936664793542678,0.4672508971897822,0.2936664793542678,0.2936664793542678,0.4581543589288593,0.2936664793542678,0.32386463527084075,0.3278486527956762,0.1876280046098872,0.40920213182298265,0.2936664793542678,0.35004175609638144,0.3020020998290073,0.2936664793542678,0.326769601646986,0.2936664793542678,0.29231756110438967,0.329972922299501,0.36284215249369106,0.48404487172809807,0.2936664793542678,0.40413651629385033,0.2936664793542678,0.29167660488193936,0.2936664793542678,0.2936664793542678,0.2936664793542678,0.2946405508440217,0.4581543589288593,0.2936664793542678,0.2936664793542678,0.2625323080175968,0.22114724267330665,0.31716009525519406,0.3529729846715159,0.2936664793542678,0.2876098085123819,0.2936664793542678,0.2936664793542678,0.3955010610935178,0.3729951439900091,0.2936664793542678,0.2580626648617658,0.4884265111362397,0.2936664793542678,0.2936664793542678,0.2936664793542678,0.2758775818242139,0.2936664793542678,0.3818918415451379,0.2717440705636658,0.32169012464280267,0.23093827888240498,0.5624595429953203,0.2936664793542678,0.48787562735445317,0.2899698709149512,0.2936664793542678,0.2936664793542678,0.35033675613826054,0.5256098135912479,0.46660028583299046,0.18304784038103533,0.29408540904202984,1.0
