province,Amnat Charoen,Ang Thong,Bangkok,Bueng Kan,Buri Ram,Chachoengsao,Chai Nat,Chaiyaphum,Chanthaburi,Chiang Mai,Chiang Rai,Chon Buri,Chumphon,Kalasin,Kamphaeng Phet,Kanchanaburi,Khon Kaen,Krabi,Lampang,Lamphun,Loei,Lop Buri,Mae Hong Son,Maha Sarakham,Mukdahan,Nakhon Nayok,Nakhon Pathom,Nakhon Phanom,Nakhon Ratchasima,Nakhon Sawan,Nakhon Si Thammarat,Nan,Narathiwat,Nong Bua Lam Phu,Nong Khai,Nonthaburi,Pathum Thani,Pattani,Phang-nga,Phatthalung,Phayao,Phetchabun,Phetchaburi,Phichit,Phitsanulok,Phra Nakhon Si Ayutthaya,Phrae,Phuket,Prachin Buri,Prachuap Khiri Khan,Ranong,Ratchaburi,Rayong,Roi Et,Sa kaeo,Sakon Nakhon,Samut Prakarn,Samut Sakhon,Samut Songkhram,Saraburi,Satun,Si Sa Ket,Sing Buri,Songkhla,Sukhothai,Suphan Buri,Surat Thani,Surin,Tak,Trang,Trat,Ubon Ratchathani,Udon Thani,Uthai Thani,Uttaradit,Yala,Yasothon
Amnat Charoen,1.0,0.1984714709950917,0.22597709908803498,0.411949239646071,0.6395337850261814,0.16486780149305955,0.15736338200976985,0.2831476324817395,0.21183054477100932,0.37830332600179567,0.519239018245285,0.1574193411693678,0.2152968429813972,0.5487031831119966,0.270038777421833,0.13658576288464627,0.5936473504670052,0.3395396671668095,0.46663791666139365,0.4258328722752295,0.4472665838615747,0.20021953749479282,0.3335496063924798,0.7224191001229698,0.3793904138578911,0.1859228393410024,0.24406000724876653,0.69776009131661,0.5698574505540981,0.25656551568040575,0.3243102443835812,0.48064021485434794,0.3774221212914054,0.5740411104899017,0.6961949883299727,0.23155224872010516,0.20115951979984487,0.2480300211284699,0.3144217709454279,0.34400913705947933,0.5247021833567183,0.32214449084514735,0.11774881236459164,0.21444239145463745,0.25643996100512534,0.20033989104940625,0.513854447322337,0.26496894775352686,0.2438651382551853,0.13249042131732794,0.4056722722543526,0.16838866514060985,0.1498520400684233,0.4758980374740218,0.2139452705917263,0.5344785992569051,0.16007765987241965,0.2232275544728397,0.20208457692089732,0.22313381554820885,0.3753184303705157,0.6422792678346521,0.1555108612155032,0.36521044035596,0.26927538447327987,0.13446380770500277,0.2905364394557871,0.5646416460310668,0.4525688739425316,0.31407424577301296,0.31291896081151394,0.6839887989558865,0.6088531661824403,0.2261126134670003,0.41185908035514895,0.25509310957454234,0.43148675798499037
Ang Thong,0.1984714709950917,1.0,0.6839722170819599,0.2111003615343749,0.20572329547199275,0.6593893042851798,0.5179562032870642,0.38440546782104135,0.48860828946729806,0.3301532249464355,0.14137549027155538,0.5981957117785109,0.30685436192328697,0.2634756539480977,0.43688664889152934,0.5477348281284389,0.2494434144038457,0.20233473198136634,0.29941839895104666,0.3101526380758426,0.24915857079430404,0.5117864470327836,0.3325491534557747,0.22888091921147002,0.3517094254481813,0.6980104711653713,0.680614462749808,0.1690894247554553,0.2567319091119519,0.43457768924716267,0.23081339879429644,0.2572871805215242,0.222678251313741,0.24332487178494328,0.19390082024230515,0.7439178002342932,0.8645880387423206,0.30219832897649757,0.2803318965953019,0.2155328475821845,0.14911093033518155,0.4473999386416573,0.587556868023024,0.5732220826426817,0.5532204566223469,0.9282744897774579,0.31908077652802713,0.38201467569407344,0.40876887767601805,0.5043310162393158,0.18212704959387027,0.4428157483582317,0.5743322087151066,0.3138481547920802,0.45235380391327024,0.2586192758973207,0.6419282383446958,0.6444348701371805,0.42360713014706974,0.7938363273891984,0.2667212861752713,0.24779245652554693,0.5602067338771763,0.2295885842112,0.5448487567728223,0.5672707117190628,0.24000226322914736,0.26326129227176387,0.23352565237598927,0.2591267243453496,0.316928071153602,0.21853234593480209,0.24360513414267443,0.45771966988855195,0.433325235440357,0.28817558546422467,0.33881186104617755
Bangkok,0.22597709908803498,0.6839722170819599,1.0,0.23298743942968497,0.15820416900302617,0.689600165208788,0.440858548076884,0.29153698775407,0.5482616978890351,0.2619766712734096,0.12606894740865343,0.6416573738025724,0.3496732212475515,0.29071984486612307,0.3521626238301235,0.477165196581062,0.17875663501124012,0.2312278795428107,0.23816463072521987,0.24563254979154872,0.1426047131014147,0.4634075988490157,0.2688635484170863,0.21231413633518953,0.3697981075467663,0.7395626072889964,0.7813001615288377,0.2313259937872795,0.173940165433772,0.36177772250515133,0.3217746440615431,0.1744221269107802,0.3189351256460124,0.1828260942851231,0.23270976417821232,0.8334363379980874,0.690287541375201,0.3985346573093871,0.3839505677425915,0.27882809329612895,0.12585259626149362,0.3780071226999321,0.5508906526890226,0.4882436037520814,0.48733873075822487,0.6841053819262648,0.2442514083900995,0.4206642422571838,0.42856794023742006,0.45321960982598225,0.28506396820034635,0.39133315983496963,0.5923383890015043,0.29798907685111214,0.396928386395182,0.19116769343290646,0.6470755153096528,0.8481059953379115,0.44798333868878903,0.7286711956904894,0.29740563190585306,0.19056428218866844,0.48253280371192153,0.28053679018685923,0.4989514813446948,0.5107918155233782,0.2700365070054105,0.21599740915269838,0.16725202538111822,0.3148712114371895,0.4413672654901738,0.18738031553066242,0.20912739985124093,0.35322101304497494,0.3473055807994882,0.38404299061397995,0.2770427361091543
Bueng Kan,0.411949239646071,0.2111003615343749,0.23298743942968497,1.0,0.3819523681721516,0.2424153062769504,0.41340649305441823,0.4935795312755358,0.25294549612151385,0.4446663184070307,0.30701508706055636,0.2611271255953391,0.21700104157279848,0.5652550997575876,0.5313169204272166,0.3169572060919663,0.3933075353220269,0.17770172558735897,0.4430651410388686,0.44778516837380694,0.4506471745658886,0.46361255598338813,0.4779612394766043,0.43895263358383907,0.5505237064121236,0.21958760982922174,0.18898908090743174,0.4863480425353569,0.38596624198971236,0.5018410625565924,0.23579778421668998,0.4826818497112825,0.22044640443987246,0.4950389578525981,0.49266974932223057,0.21586365714686565,0.1867905395194056,0.26330463343194155,0.23135938583165316,0.18723486709056048,0.31180673983996293,0.5046731570339248,0.24271027496468783,0.37281534685224443,0.41484609707502207,0.19897895027063683,0.43302643406693314,0.22131956840546063,0.3861868052812435,0.2855275446607003,0.29875089344594696,0.28066435758044445,0.2553133619172704,0.5545779026644817,0.3824455973260599,0.4987709793373866,0.2792775818449915,0.23986942145954082,0.35470876034344495,0.1952717632427634,0.17720373991832325,0.3696767141616931,0.4132476780511704,0.1850149943316615,0.41134619201754397,0.3627663370073846,0.18531712476736065,0.5165467764239162,0.47425154228531097,0.24595311042972132,0.27956760063676067,0.36366077592733986,0.4953204037544189,0.47274202790131514,0.42765949505656686,0.2620464064902901,0.5227587515709446
Buri Ram,0.6395337850261814,0.20572329547199275,0.15820416900302617,0.3819523681721516,1.0,0.120953154139731,0.2096518009681696,0.346371976141519,0.19461652853976696,0.41002457559707023,0.5436387002632396,0.100896342611215,0.21189757369389522,0.4655894669969406,0.33395351152021785,0.1692840215519789,0.7209236216760926,0.36368583537704047,0.49556388811519386,0.4572045679448241,0.5658689687207734,0.2225411401803074,0.3680784227764249,0.6785942094752443,0.3196382534180556,0.14481180982851954,0.1855424535846082,0.5477167513869791,0.7335236408261654,0.3214808696079118,0.28343299672840494,0.5564180690132673,0.30548986951216184,0.6272515464322515,0.5870126812777883,0.18448122364975228,0.21055023053304694,0.18544227124666296,0.23485037680820053,0.328085928268912,0.5575345701719676,0.363470303983773,0.11810441455652543,0.24789622863564031,0.26782894622176323,0.20977122128248366,0.5767160360777622,0.22449399811854476,0.2447423559311158,0.1608857222688794,0.34212403413711556,0.22238026912536493,0.10371240517721962,0.4392001407397291,0.2728049241875742,0.5679488635569881,0.12355335774946669,0.14177503117254953,0.1895146405522461,0.20517830854146693,0.37815474068061733,0.7574095204274554,0.19543617383167877,0.35292371465116446,0.271192674178054,0.15705698927697154,0.3162230774556499,0.6023265910996942,0.5128811501363896,0.3142457288444505,0.22575718136994755,0.7648525603369234,0.6164577864119876,0.3066276831250982,0.45147822246149494,0.19634098373048514,0.4457396724576604
Chachoengsao,0.16486780149305955,0.6593893042851798,0.689600165208788,0.2424153062769504,0.120953154139731,1.0,0.49282389417139005,0.3464728392477999,0.5025874611696298,0.3251169990805759,0.1104118492927661,0.7680694484556061,0.3335338793213399,0.27516647695467583,0.38399230638313797,0.5495993808487941,0.1597090797082601,0.19327536581608357,0.2812578135557722,0.2994492956438046,0.1735575631711159,0.512154982632063,0.3344551611864529,0.1730944321961445,0.3790621529999966,0.7839938587838708,0.6382339480959323,0.17919090389375586,0.15307594881551323,0.37241152708706343,0.2576932625883669,0.2071608341540474,0.25718368398848646,0.18498340502926994,0.18381086370615093,0.6740063173598244,0.6382567040016973,0.36534326292666874,0.34318405197805224,0.22456468715389943,0.11520186945533381,0.4069862682625108,0.6275425110309226,0.5155936282255837,0.5099070758210893,0.6534757830807338,0.24229856472164638,0.4151872926146535,0.4258291974142959,0.5205002939701284,0.2157977005895162,0.43029075940904504,0.7020586042655856,0.3092822264659275,0.4180601283687148,0.209589620958593,0.7357444024727879,0.7012627397618691,0.4487551775537636,0.6690552011450223,0.24235066327968913,0.15171100727322476,0.538957840973022,0.22335937787279253,0.4979030851395751,0.5542200411466106,0.23577920139699893,0.19125886701164646,0.22219194067422876,0.2685487594582601,0.382088054305011,0.13669210452110062,0.19756341865853827,0.39417070693648393,0.3563408469242606,0.3493019361382269,0.30388565944391865
Chai Nat,0.15736338200976985,0.5179562032870642,0.440858548076884,0.41340649305441823,0.2096518009681696,0.49282389417139005,1.0,0.49426812226030753,0.4416218880753615,0.3626439194699991,0.1761425544493022,0.47715345836574724,0.2983588026393187,0.2958762149255186,0.6262414433292124,0.6172549994814895,0.2377549467990988,0.16805463990193023,0.3264566879852575,0.3409629011487937,0.3724896449905691,0.6933699546062411,0.41865665757061754,0.19811377331286617,0.39217846784188437,0.4826396662309592,0.4263992160281905,0.17947417426575135,0.26358015265085755,0.6356386893970773,0.20385042037922155,0.3936530966527476,0.15530873369267784,0.295581042593097,0.20190218975948268,0.45388538296020975,0.49705861107823984,0.28042459684572824,0.195972474082623,0.16170023138595666,0.18689949739897482,0.5085776723791214,0.5471755397329815,0.5411483624715442,0.5198634752509641,0.5081483501414044,0.33726760854840854,0.2746856277114,0.549146328507321,0.5878014321561198,0.17362224957146122,0.5754702463637278,0.48413915360466214,0.350061145119239,0.6315509783194121,0.326251116145387,0.500995803918016,0.4336438762494417,0.5759317494561315,0.47424907662715365,0.17631491013814357,0.2182161536097838,0.7424300684430294,0.16635879924017924,0.5264230961110296,0.7370243639182252,0.21938793056496636,0.31800356542963104,0.33319929302827994,0.236551188833336,0.2767769208272737,0.1863946776917298,0.26685444944573944,0.6600137674125702,0.41799880851719284,0.27218805879569663,0.38676458470720726
Chaiyaphum,0.2831476324817395,0.38440546782104135,0.29153698775407,0.4935795312755358,0.346371976141519,0.3464728392477999,0.49426812226030753,1.0,0.20246412996595853,0.5451750776364762,0.2138614279405547,0.34345139406078085,0.2002643501159917,0.4644788237536641,0.6248226895349425,0.439009985726421,0.4166310322055328,0.1217388303876844,0.48814332636732116,0.5164214054871331,0.5248990619362284,0.5124842813936581,0.5743609314812311,0.3800600374289361,0.5299820047704917,0.3158120968197926,0.24553575637432518,0.2881634817859575,0.41940829789023865,0.5652375829243886,0.10793900186524033,0.49432661495337243,0.08260661872855649,0.5002558058042378,0.3452262231435821,0.30393429677676886,0.35026956880693405,0.17602769750628783,0.13239333928925565,0.09509811015650342,0.22939038484570648,0.6052509089750848,0.3658271269394142,0.5740270699221187,0.5833145898459695,0.37082422571507345,0.47007499565812394,0.24561023638143542,0.29441296767489045,0.35957710560378014,0.10901363831110067,0.31134412393684247,0.3479338163915451,0.5484932049479038,0.39070812636220453,0.5191355986921805,0.4073021196152875,0.27905238874938304,0.2892100439185803,0.32700016124976256,0.1334492117690822,0.366342145036291,0.532324893435096,0.10523049829131549,0.5291840938062923,0.46162153888304,0.1462343298985228,0.4998839670245345,0.47855537586496655,0.17129073641062328,0.1097780116218037,0.3143391054543071,0.4692951018088037,0.6167881075174984,0.5476741174946733,0.1678134406533077,0.6068227930092415
Chanthaburi,0.21183054477100932,0.48860828946729806,0.5482616978890351,0.25294549612151385,0.19461652853976696,0.5025874611696298,0.4416218880753615,0.20246412996595853,1.0,0.18033716787515022,0.22301069969745543,0.4841312832905407,0.4054819872327666,0.1791887671088017,0.31402558462462893,0.4310686547550395,0.16411091066480823,0.35823303855473854,0.1708433958010033,0.17622309292202745,0.1462097475322926,0.4513297551322758,0.18692723833206518,0.16711499035433997,0.21475440416363717,0.5388057885286697,0.5655003305475483,0.23370223120905997,0.17690429291007115,0.3423739059853763,0.4237415380179747,0.1632055605944449,0.3956322962721887,0.1334214836737525,0.19456329395303112,0.5477618546811462,0.5100741856175889,0.4390056736008038,0.4267767106554036,0.3893396311805577,0.21776635627784666,0.3053391036514596,0.46967599630908075,0.30765138570702183,0.296132382228743,0.49846742656608667,0.19158513712077718,0.3957728664785868,0.5977172500246988,0.4879403297768552,0.4097264067663487,0.5027946506723444,0.46148495068717876,0.16411387891721507,0.5222727602018379,0.12045846207467586,0.448371305540198,0.5440874426027229,0.5508153276640362,0.5313146093230927,0.3941572996099749,0.18081930446808375,0.4337925312648833,0.3858024911594649,0.307673309751481,0.4478513800425712,0.3869520959898023,0.17062742397823125,0.20979023047204445,0.4389628169383942,0.561253438307681,0.20198872156864106,0.14113062080873642,0.31655916300327774,0.20773669354469632,0.4375726111426075,0.15168886886034597
Chiang Mai,0.37830332600179567,0.3301532249464355,0.2619766712734096,0.4446663184070307,0.41002457559707023,0.3251169990805759,0.3626439194699991,0.5451750776364762,0.18033716787515022,1.0,0.31596378834425143,0.3190387370926969,0.15223620417165912,0.5183388706902867,0.4739728019828433,0.3738202865679538,0.4801521409791528,0.1543058251230251,0.675640867585663,0.7603670430092551,0.5085298001247263,0.41170541793034854,0.7040602108510808,0.4713038207482748,0.5279554686569725,0.30943094432434065,0.22541292956352083,0.39240810051608527,0.4487678298371021,0.39946812322960085,0.10871740339487251,0.5578572111362957,0.1081325901166385,0.5555861443755833,0.4356870309688577,0.27146516083319017,0.2916778380718021,0.13280824893215262,0.14466133481977098,0.12115751764104994,0.33286329407136456,0.5515935089393835,0.3160353099897657,0.4732306678565861,0.5070471043166457,0.31662289292459406,0.5669233953760296,0.2029698533820555,0.228876498799514,0.2989322108161006,0.13236911210462193,0.25191622532773306,0.3237523890327659,0.5823837991870315,0.2896019450275723,0.5633837348464568,0.3539401957558975,0.2558664438421288,0.173275591886078,0.3000310936043348,0.13208810384243297,0.4128341913861016,0.39887407031248845,0.11693262149058498,0.4683899033446587,0.3131143718507798,0.14374316664472947,0.494931537263128,0.5883810965123711,0.14700630687150296,0.14243732971709389,0.37595569947394825,0.5438003856596828,0.42681785883315326,0.5833870543335649,0.1306968583317483,0.6102042819837256
Chiang Rai,0.519239018245285,0.14137549027155538,0.12606894740865343,0.30701508706055636,0.5436387002632396,0.1104118492927661,0.1761425544493022,0.2138614279405547,0.22301069969745543,0.3159637883442514,1.0,0.10322508791532106,0.2566646380658647,0.34385893031693926,0.19860952293560022,0.1653442579440784,0.49715216997606176,0.42419351500756847,0.39346572389101436,0.35917881798271467,0.4410705153460654,0.16137922269265326,0.27582922685628725,0.4926173425147853,0.20721082128745477,0.132186924703874,0.1714765307408595,0.47583252811391336,0.4950674589986516,0.19602033428395807,0.334232352690054,0.45009132888616354,0.3805175433590405,0.4415055263900462,0.45975794635802114,0.13941670201535622,0.15091557849589304,0.23130138221983457,0.29023292520150906,0.3929081474037212,0.7803398979474936,0.20319227303076756,0.1360265751092842,0.1155181311020626,0.12566702543058758,0.14683693545208684,0.4150231250717195,0.23431213597859668,0.2684053126399331,0.21205288301485534,0.38682923568520095,0.2839519740669332,0.1242109513083951,0.30079363148333693,0.26069571164999816,0.4281094851024353,0.0831825577173155,0.12745213163595498,0.24164694781025595,0.15491633105732022,0.4008847081477121,0.523152148774943,0.13122790506355791,0.41139715224982154,0.13694736680282155,0.1299763397443881,0.3646419812127502,0.4022791899012981,0.4413813672591367,0.32086649128559136,0.28739885907613355,0.5479350409918062,0.4341292126476297,0.19270188372902908,0.2881899938314749,0.24556265664377738,0.3003442253919934
Chon Buri,0.1574193411693678,0.5981957117785109,0.6416573738025724,0.2611271255953391,0.100896342611215,0.7680694484556061,0.47715345836574724,0.34345139406078085,0.4841312832905407,0.3190387370926969,0.10322508791532106,1.0,0.3537321483884104,0.28821952542703405,0.3674320426760729,0.5308635111727007,0.13691762565605986,0.19311761620274728,0.27052216040498295,0.2907298025475687,0.1685151265120436,0.48856832938821954,0.3315733686264581,0.16174560356322448,0.3928201143174856,0.681180935605466,0.5943777387120375,0.18164698190214662,0.1272546174213211,0.3539513563579431,0.2679029260109263,0.1927331038036395,0.2691992215917505,0.17367766128940004,0.18204972539679057,0.6158405232979908,0.5791761554251889,0.38902221736054343,0.363018855463907,0.22976336920072443,0.10743398012462924,0.3820073329935578,0.6268876829956911,0.4960713992352884,0.488921487154253,0.5911295584723613,0.21227730245042903,0.4258062659635758,0.4052477528403896,0.5186416939572556,0.2203034651101322,0.41573651672147993,0.7721016077379914,0.31846392522114514,0.3898540130040616,0.2108165626582414,0.7387281278779416,0.6648965776275079,0.4523954511814309,0.6024936127672689,0.23244514200816235,0.13312237957047152,0.5176700245826844,0.22560544446261288,0.4789762212894303,0.5434783457125805,0.24053552160519026,0.180874743659203,0.21667068370427872,0.2662486265981985,0.385169118467381,0.11929174347141776,0.18524301413449246,0.38011732047951335,0.3255115857891817,0.37238113659776156,0.3083794012545772
Chumphon,0.2152968429813972,0.30685436192328697,0.3496732212475515,0.21700104157279848,0.21189757369389522,0.3335338793213399,0.2983588026393187,0.2002643501159917,0.4054819872327666,0.15223620417165912,0.2566646380658647,0.3537321483884104,1.0,0.20837771420973464,0.2088832654453162,0.25653355815566614,0.16268640668452017,0.5115670650773003,0.15904026654886183,0.1517765019472789,0.22900706288013692,0.2188609432412278,0.17244484676925204,0.17691742604190266,0.2187472979312393,0.3259142710550591,0.37648750652979557,0.20865336189642414,0.177219945119531,0.24482418264168038,0.5728547026888599,0.17915963487269093,0.5070687450118048,0.16675825757210228,0.21638663995536905,0.3284079499815142,0.33218526045710894,0.642011511785432,0.5730412440036119,0.5368611545947929,0.25503018779095665,0.15903461493767213,0.3274112248886645,0.276272965270963,0.22815877811180219,0.3132242396881454,0.13452876942310532,0.5377062479118841,0.3050375428900468,0.3341289324051854,0.4465115639610843,0.3457150075887655,0.37213861395378456,0.190424514616509,0.26873664864167185,0.18555477623767017,0.33560826714624703,0.36670469248254145,0.4227067757419152,0.31278917636446657,0.49691472358594946,0.20464163023944112,0.2585525480219486,0.5345527167289099,0.27049366913755957,0.33983291790720827,0.6036377875122964,0.19596262244291462,0.1651812002293255,0.5669417625515922,0.4069681764417021,0.215441506946509,0.16045605810187466,0.25180394150728685,0.14116908991261773,0.6510533772397162,0.18524383359718763
Kalasin,0.5487031831119966,0.2634756539480977,0.29071984486612307,0.5652550997575876,0.4655894669969406,0.27516647695467583,0.2958762149255186,0.4644788237536641,0.1791887671088017,0.5183388706902867,0.34385893031693926,0.28821952542703405,0.20837771420973464,1.0,0.44309477120500884,0.24400695208062395,0.48582372110463,0.19089168443068993,0.5694199284159751,0.544820644416689,0.47556236459067036,0.347410093313046,0.5150990200897824,0.5995274246742385,0.6406808659672664,0.2592354606935844,0.25717233164613174,0.5842597923328711,0.4550882635469924,0.3964788219792907,0.2294802450240671,0.531026364198433,0.24324427108009156,0.6209905188243207,0.6686013991242981,0.275365789557264,0.2373055515281728,0.24828350864442528,0.25947267633400956,0.20361069906762722,0.35301234714172136,0.4968719991395981,0.21797650418847553,0.41984437283368137,0.4721233377609574,0.25076218563692204,0.5350329306362929,0.250119677506134,0.22729313703835516,0.19403239958546503,0.2722276502940102,0.1589880251682102,0.280541143365781,0.7617086457884592,0.2175936009287996,0.6277167531247977,0.31822622538920453,0.2981660894414329,0.22708123640599356,0.25815094113721376,0.19250378487095632,0.47808346252378536,0.3158953871582699,0.2007077547074393,0.4920207276359001,0.2777133918164093,0.18461464693133425,0.6391787372260165,0.4814935758797972,0.2155121370099342,0.24730327873019597,0.462898024400388,0.657335542661718,0.3769720410526136,0.5352826327561845,0.24577175335442497,0.6415367982980329
Kamphaeng Phet,0.270038777421833,0.43688664889152934,0.3521626238301235,0.5313169204272166,0.33395351152021785,0.38399230638313797,0.6262414433292124,0.6248226895349425,0.31402558462462893,0.4739728019828433,0.19860952293560022,0.3674320426760729,0.2088832654453162,0.44309477120500884,1.0,0.49775639289214746,0.3843057916279874,0.12406646827861054,0.4409163191681153,0.4578277793487275,0.48182273717668184,0.6600280256148481,0.5195588798828192,0.34934136848352837,0.5111722099336418,0.37084440423598986,0.3098964068907892,0.29215750289214426,0.40266327753985776,0.763177746789247,0.14818467704324279,0.4963144520468098,0.0996014470997761,0.46957769021862056,0.3405975740448579,0.3698251994689564,0.4077485067526554,0.2045573030005893,0.13792460377069088,0.107950898397028,0.2110482946109882,0.7011141119754407,0.4024002084329803,0.5961549346342182,0.6143806892771575,0.42496576738916636,0.47983441482146694,0.23328848719988365,0.44227001825422896,0.415138018094835,0.16273454508556368,0.39909261718456146,0.3567423220355429,0.5095179596616125,0.5326750397792169,0.4665762735481894,0.42547688736175043,0.33259724525639484,0.40078575746481965,0.3878802835184125,0.15120932594272227,0.3395782790543528,0.6502413051282634,0.11681885256098808,0.5881320415226365,0.5564119190760303,0.15740429569236675,0.5093695964622447,0.43969993330315404,0.2166717467460192,0.19177602685325873,0.29693052009328136,0.4442019536455273,0.7573034673133071,0.5623180827890726,0.19672226421112235,0.5447469068253589
Kanchanaburi,0.13658576288464627,0.5477348281284389,0.477165196581062,0.3169572060919663,0.1692840215519789,0.5495993808487941,0.6172549994814895,0.439009985726421,0.4310686547550395,0.3738202865679538,0.1653442579440784,0.5308635111727007,0.25653355815566614,0.24400695208062395,0.49775639289214746,1.0,0.21729883542762496,0.14834538851851453,0.3263765221915449,0.34686202907031616,0.29968824716238096,0.5934378300416239,0.406438240709712,0.17531487001160806,0.3542440394398678,0.5383239020504877,0.4602201033827842,0.15002989906557668,0.2260253523512677,0.48861354522497535,0.168772351396356,0.3377263451965005,0.14725121734114502,0.24123066412070115,0.15351526711948166,0.4909894509826229,0.5250463487530223,0.24340682847750073,0.1904582617984124,0.14508962527378183,0.1748034701838551,0.4509186229506331,0.6467165153043319,0.5056515993243677,0.4928121185616917,0.5376573682875362,0.31826508022628924,0.27263786885452007,0.48252584930449494,0.6340024301425147,0.14172391234404078,0.563429882266203,0.5332323006121152,0.3044755776153293,0.550035482825685,0.2746145670842407,0.5401185841344186,0.4676197028580249,0.47624950204467703,0.5094484326907555,0.16390648779923828,0.18981372853168813,0.6331104921258264,0.15111782954106157,0.4696464601763636,0.6204673734973754,0.18463025294942265,0.22618659617848108,0.31258553964292113,0.1889646771686522,0.2731990610113358,0.16137575510590563,0.22209463402604218,0.5208613322955166,0.4033007746037745,0.23315987204527244,0.34389667524373624
Khon Kaen,0.5936473504670052,0.2494434144038457,0.17875663501124012,0.3933075353220269,0.7209236216760926,0.1597090797082601,0.2377549467990988,0.4166310322055328,0.16411091066480823,0.4801521409791528,0.49715216997606176,0.13691762565605986,0.16268640668452017,0.48582372110463,0.3843057916279874,0.21729883542762496,1.0,0.2925550089968944,0.5462705885906635,0.5194732698111959,0.5920035094411258,0.26729718108151623,0.42935501189429004,0.6797094084379601,0.36704521777704757,0.17617953963572747,0.18988898527327702,0.5146911370407667,0.7906044586269124,0.3501753358449352,0.20783077015271656,0.5790905815100683,0.23656650666377754,0.6614474929945802,0.5560820897250971,0.2091212528072277,0.2427385617697704,0.13667271764253375,0.18435202518989746,0.25376464767407375,0.5119449735090122,0.4296352282771187,0.15654081294705996,0.3119841505352721,0.33919410920813203,0.24899297460049513,0.6185949129606638,0.2132156993017566,0.2238213226615106,0.1814597125110875,0.2695295554130649,0.21562849048824198,0.1373581716606933,0.48889172363430966,0.27886302890918113,0.6074838592754808,0.17260091261124494,0.15729838805764718,0.15778985669777218,0.23466467327409718,0.3168382860685176,0.730282651241235,0.2456728157587622,0.2820161946712607,0.3184730217085381,0.18651447194073822,0.2468178935117505,0.6056322380870659,0.5547877204136424,0.25130050392096054,0.1682323389612691,0.6858085132177181,0.6425665352306149,0.3515853132043192,0.5176600243481194,0.14323848658320815,0.5115615108103782
Krabi,0.3395396671668095,0.20233473198136634,0.2312278795428107,0.17770172558735897,0.36368583537704047,0.19327536581608357,0.16805463990193023,0.1217388303876844,0.35823303855473854,0.1543058251230251,0.42419351500756847,0.19311761620274728,0.5115670650773003,0.19089168443068993,0.12406646827861054,0.14834538851851453,0.2925550089968944,1.0,0.2031102482916558,0.1799133889630406,0.2730016981709498,0.12032649663718809,0.13824795266023301,0.2896898336972706,0.12040529631883519,0.21461834264393326,0.28493954972183944,0.3041745826296104,0.30322596065310703,0.15259664317888064,0.5605874637422589,0.2398369907345544,0.5387949315311971,0.24055367840557165,0.2994930627626999,0.22865140643933426,0.2378173685138173,0.46443405240492497,0.49557493244005396,0.6646513233318484,0.41852396518058266,0.11452975079090447,0.18796281047373029,0.1370398119685671,0.10555238390603999,0.21564748026395775,0.21538863819971754,0.41148395394874315,0.2768436448033796,0.22667148735189138,0.5033341195022324,0.2949372257659393,0.20717852954463833,0.1494731178724313,0.23601343351205248,0.21442798175735003,0.16640535484805968,0.23592452053683718,0.3072261882814474,0.2291785602506393,0.5651034339377441,0.3325123366293684,0.125536176020609,0.6259360882541019,0.13686832935159854,0.17059846313186575,0.6447909192097203,0.24376751980844652,0.2439177549674381,0.5417054703051454,0.40553824377116304,0.3625029321233595,0.2375925165847204,0.14471183851740846,0.13640009002214748,0.48082180231741095,0.14418080292946273
Lampang,0.46663791666139365,0.29941839895104666,0.23816463072521987,0.4430651410388686,0.49556388811519386,0.2812578135557722,0.3264566879852575,0.48814332636732116,0.1708433958010033,0.675640867585663,0.39346572389101436,0.27052216040498295,0.15904026654886183,0.5694199284159751,0.4409163191681153,0.32637652219154495,0.5462705885906635,0.2031102482916558,1.0,0.7788812904295921,0.5495987030191714,0.364228763286001,0.6317110082597657,0.5582927812814305,0.5151934318970337,0.27847193047602364,0.2206686755158851,0.4688166108369956,0.5125452581390613,0.37667027211171095,0.1477699986297298,0.6475154341700278,0.15059145956171177,0.639176672134126,0.5269729227451259,0.2500496101578236,0.2675611810224458,0.13523451878880155,0.15960143976689015,0.16741942033810897,0.41157003075150317,0.5222312017783246,0.268445575108891,0.4306683390009684,0.4668427996772614,0.2882112630793018,0.6616451777210559,0.1860174557491327,0.22075984175036867,0.26123661304066115,0.17679706597369155,0.2415532513878001,0.27672380639605754,0.6098945541499492,0.2675384357584647,0.6335485092501462,0.29872692724041094,0.2326225363847475,0.16360468805407008,0.2795464642511847,0.17057989977028148,0.48941014780079495,0.34242728425219526,0.1626472331754023,0.45769937960243134,0.26817591388583883,0.18039501112110587,0.5591220355103312,0.610224784825639,0.1701258320673616,0.16391558642737583,0.45764026507168465,0.6320109766780845,0.3874352872517372,0.6170143668511603,0.1375700375205991,0.6186241062958753
Lamphun,0.4258328722752295,0.3101526380758426,0.24563254979154872,0.44778516837380694,0.4572045679448241,0.2994492956438046,0.3409629011487937,0.5164214054871331,0.17622309292202745,0.7603670430092551,0.35917881798271467,0.2907298025475687,0.1517765019472789,0.544820644416689,0.4578277793487275,0.34686202907031616,0.5194732698111959,0.1799133889630406,0.7788812904295921,1.0,0.5322697970364536,0.3885746043911781,0.6686872633342165,0.5183817657769663,0.5211201317501784,0.2906399116274762,0.21786114361903097,0.4353113552807041,0.48536549951328906,0.3859115455382307,0.127067050604635,0.6025717477771341,0.12926787877727722,0.6003661604681881,0.48316929163451877,0.2565645217783176,0.27467753930209393,0.13110908163233265,0.15172498470355023,0.1445916090894893,0.3766157364018128,0.5419406582332373,0.28737525771431727,0.4474005371479001,0.48416497746418896,0.29791793646919185,0.6151037000854122,0.19326544235968296,0.22645482878159426,0.2772971374133403,0.15699675464976276,0.24474514590375013,0.29589488191749025,0.5988464060465915,0.2797701093191676,0.5998521394856661,0.3215890697121325,0.23960183584182015,0.1646004658604056,0.2861662004287386,0.15258971524200018,0.4541478584744788,0.3683775627247842,0.14005519828498358,0.457294061789151,0.28454883939547115,0.1612621091644126,0.5281943847838035,0.6173312349380341,0.15978381074497314,0.15440092051416876,0.4205550824853345,0.5903550045191597,0.4050164736896947,0.6009829082356875,0.1315281678547543,0.6186619136127869
Loei,0.4472665838615747,0.24915857079430404,0.1426047131014147,0.4506471745658886,0.5658689687207734,0.17355756317111593,0.3724896449905691,0.5248990619362284,0.1462097475322926,0.5085298001247263,0.4410705153460654,0.1685151265120436,0.22900706288013692,0.47556236459067036,0.48182273717668184,0.29968824716238096,0.5920035094411258,0.2730016981709498,0.5495987030191714,0.5322697970364536,1.0,0.3368215939361747,0.4974806288528606,0.5356398442773509,0.40066800540219155,0.16239208282359707,0.14870157010441232,0.39978986460790833,0.6066524043645772,0.44318458102997094,0.18201543962264202,0.6531133891286787,0.17732943171037782,0.6410724422315511,0.4645339698995463,0.16501120347313825,0.23322618646694382,0.15875813534443306,0.15378019330983295,0.21870890488851097,0.46084891009889195,0.4517421543459745,0.22590053060228055,0.38710204002997217,0.3843512085379701,0.24254818515145238,0.5581896004432144,0.2104717841631999,0.2412025619988615,0.2842882526674988,0.18974023101578896,0.30748341771669085,0.19656958945696193,0.5151711501726002,0.3325376306574863,0.6651996346520924,0.21320867374214492,0.13196956229042167,0.25134160315689363,0.19978427795977438,0.2464740223947863,0.5728347051099498,0.34536335940310714,0.23851561335357516,0.3757795423287462,0.3088121427278445,0.2617817129441242,0.5966024275377364,0.5783587661003162,0.22324113097572512,0.10362701098602822,0.5225086255972845,0.5769059970440865,0.4800086567353706,0.5022200848584439,0.1645766031784568,0.5756733101217786
Lop Buri,0.20021953749479282,0.5117864470327836,0.4634075988490157,0.46361255598338813,0.2225411401803074,0.512154982632063,0.6933699546062411,0.5124842813936581,0.4513297551322758,0.41170541793034854,0.16137922269265326,0.48856832938821954,0.2188609432412278,0.347410093313046,0.6600280256148481,0.5934378300416239,0.26729718108151623,0.12032649663718809,0.364228763286001,0.3885746043911781,0.3368215939361747,1.0,0.4504520082810064,0.24313886510109922,0.44168394070614947,0.507833244412981,0.422230896669538,0.24313654839914378,0.2787290485531134,0.6267928039698424,0.16922462366395608,0.3848026434763432,0.13940032389454277,0.32731645412090593,0.252301193576745,0.47576543794371917,0.4815147907296911,0.24721213211005602,0.1906486337260726,0.12334381485343422,0.16941648106116897,0.6104360140379491,0.5129831340783011,0.5369899167743855,0.5578222888933865,0.502116391958662,0.3726843709978207,0.2692916758866872,0.5761369511966643,0.526816170679405,0.1912918823487578,0.49545357311536087,0.4729439879506639,0.3973824010367159,0.6309501623673865,0.3293833817306129,0.5091889384006723,0.45249489087323985,0.5023643907561457,0.4926265073583208,0.15984507215271254,0.2261814680732075,0.754710114439472,0.12706432617940383,0.526318561402743,0.6270066696907393,0.1529268538381358,0.3465712138404428,0.3814898423842944,0.22506473608904332,0.305784211142872,0.20168544434296964,0.31644264826380564,0.6266759036932021,0.4576565431160118,0.23645076769767914,0.41173029846593406
Mae Hong Son,0.3335496063924798,0.3325491534557747,0.2688635484170863,0.4779612394766043,0.3680784227764249,0.3344551611864529,0.41865665757061754,0.5743609314812311,0.18692723833206518,0.7040602108510808,0.27582922685628725,0.3315733686264581,0.17244484676925204,0.5150990200897824,0.5195588798828192,0.406438240709712,0.42935501189429004,0.13824795266023301,0.6317110082597657,0.6686872633342165,0.4974806288528606,0.4504520082810064,1.0,0.42282748309831786,0.5647721522300864,0.314643815309047,0.22819765257815192,0.3656360380598285,0.40816900958581076,0.46077720906363684,0.11881712464184702,0.5591629510195554,0.09115352842689003,0.5293707302200621,0.41630044442638436,0.27297135544986745,0.2943128406716192,0.15162988836904467,0.1325705521246085,0.10876501781340071,0.29254595402786754,0.5661141388760516,0.3374509894146115,0.5136818039958779,0.5412674746041848,0.31721610395103356,0.5522448050736019,0.1832842401490739,0.2545995226745179,0.3189119747021099,0.12642057994377376,0.27750328334785535,0.3343790390307846,0.580181707657091,0.31489943161985806,0.5406560067087378,0.3706320952529801,0.26450449787533553,0.21385499415675685,0.29580862785284745,0.10195896042356123,0.3628507375209932,0.4437985508220024,0.09608987334517957,0.5203685016288561,0.3681713719458009,0.14436218797134828,0.488034062460081,0.5331759051502565,0.14737822038356765,0.14630149046662863,0.3252162338171467,0.5174112077305233,0.4751123035276572,0.5908690372101761,0.1488520808487788,0.6046583060879117
Maha Sarakham,0.7224191001229698,0.22888091921147002,0.21231413633518953,0.43895263358383907,0.6785942094752443,0.1730944321961445,0.19811377331286617,0.3800600374289361,0.16711499035433997,0.4713038207482748,0.4926173425147853,0.16174560356322448,0.17691742604190266,0.5995274246742385,0.34934136848352837,0.17531487001160806,0.6797094084379601,0.2896898336972706,0.5582927812814305,0.5183817657769663,0.5356398442773509,0.24313886510109922,0.42282748309831786,1.0,0.4346265368785659,0.18666533283027725,0.2184953461440955,0.6308216355885181,0.6424723966037675,0.31408396361814583,0.24801943333047616,0.5650490176175575,0.2895370672068962,0.6925969156926446,0.698821944907446,0.2262300278026368,0.22099372036408696,0.185679284035404,0.24293303816556444,0.27577176121745495,0.5031925094803599,0.4119653245656125,0.13659271500244902,0.29583575013987784,0.33817818733383825,0.22647810322581496,0.6066547096870165,0.2342161550914933,0.21115325658749035,0.14462808105765634,0.31893014495783983,0.16490589740978423,0.15681384989459446,0.5596341287092534,0.22332105401423322,0.6364849678762294,0.18693630207176537,0.20176094232748526,0.16201810179422427,0.23116386181718857,0.3146836522628489,0.7002959816377716,0.20844210321009254,0.2968334261627543,0.33606083048735846,0.16229989364523983,0.24422394502773492,0.6502811296421329,0.5272725909643415,0.2597838601739889,0.22730514847420305,0.6877353820385823,0.7237911164861628,0.29952400682252317,0.508456609703271,0.19123174045827387,0.5351824372534695
Mukdahan,0.3793904138578911,0.3517094254481813,0.3697981075467663,0.5505237064121236,0.31963825341805563,0.3790621529999966,0.39217846784188437,0.5299820047704917,0.21475440416363717,0.5279554686569725,0.20721082128745477,0.3928201143174856,0.2187472979312393,0.6406808659672664,0.5111722099336418,0.3542440394398678,0.36704521777704757,0.12040529631883519,0.5151934318970337,0.5211201317501784,0.40066800540219155,0.44168394070614947,0.5647721522300864,0.4346265368785659,1.0,0.351340839678357,0.3126234652455345,0.4365938688912052,0.3412552364893612,0.46956053045756,0.19201642136595493,0.45394841932714913,0.17321226865264802,0.4935446553049363,0.4862238989575466,0.35007724115771105,0.31842058710923016,0.25764558262906084,0.22857509052831695,0.13908625431878427,0.2163270872440388,0.5506780725649716,0.32776001721959147,0.540868074820711,0.5900069409360862,0.334448005511601,0.470710850678532,0.2514770079451246,0.2547189318991726,0.2698205759367352,0.20253538858224304,0.2048301278445107,0.3754776506875918,0.6773280670275499,0.26362848842296194,0.5124692325682286,0.4362290993112067,0.3740254635360934,0.26039540604180744,0.32923866814772323,0.12019847382251356,0.33381572110843694,0.43211028810342555,0.12644147040834433,0.590865478655491,0.3910933597691802,0.14376785356908248,0.5090786391839692,0.40543629802455144,0.18337333984240933,0.23208240796538526,0.3090425812675403,0.5146594145443637,0.4533756273534292,0.5511650880337408,0.24855696102654307,0.6220245108457803
Nakhon Nayok,0.1859228393410024,0.6980104711653713,0.7395626072889964,0.21958760982922174,0.14481180982851954,0.7839938587838708,0.4826396662309592,0.3158120968197926,0.5388057885286697,0.30943094432434065,0.132186924703874,0.681180935605466,0.3259142710550591,0.2592354606935844,0.37084440423598986,0.5383239020504877,0.17617953963572747,0.21461834264393326,0.27847193047602364,0.2906399116274762,0.16239208282359707,0.507833244412981,0.314643815309047,0.18666533283027725,0.351340839678357,1.0,0.6973522997730637,0.19325580009658497,0.1716305354997682,0.36719422529995965,0.27502598634284514,0.20909645116833758,0.2732809203797768,0.18493337911559266,0.19560965221446186,0.7406235557897953,0.6846525809692975,0.35916393766260524,0.34532836084840823,0.24516491224625905,0.13584910819906984,0.4027347897903047,0.6015478466670416,0.49759442666458753,0.49483342843533107,0.6974350354732588,0.2617509229848696,0.40482439927358943,0.45024138576513695,0.5074013169724305,0.2401254837974276,0.43933148117094445,0.6376179782376323,0.285376961525568,0.43512329376559905,0.1952109519528255,0.6673984775825816,0.7321493515035205,0.4482437997373641,0.7384870953533333,0.26953992534463783,0.1702696563177259,0.5244675555484387,0.2447388958276943,0.49148060092042695,0.5351907383449713,0.24987597046141202,0.19278733338997533,0.21530289086164076,0.28776805747373774,0.408574241506516,0.16073237322399142,0.20213097698215424,0.37598045291830884,0.36402863238580363,0.34510394603867317,0.27763450799725975
Nakhon Pathom,0.24406000724876653,0.680614462749808,0.7813001615288377,0.18898908090743174,0.1855424535846082,0.6382339480959323,0.4263992160281905,0.24553575637432518,0.5655003305475483,0.22541292956352083,0.1714765307408595,0.5943777387120375,0.37648750652979557,0.25717233164613174,0.3098964068907892,0.4602201033827842,0.18988898527327702,0.28493954972183944,0.2206686755158851,0.21786114361903097,0.14870157010441232,0.422230896669538,0.22819765257815192,0.2184953461440955,0.3126234652455345,0.6973522997730637,1.0,0.22973245824856767,0.19007236804236727,0.3301652652159519,0.35628901578946626,0.1802171586802272,0.3563394485760139,0.1749088387638546,0.23341912425055167,0.7987543151518195,0.7087365166438645,0.40856830794281984,0.40087006294285554,0.3274978310013586,0.1709267449758585,0.3234173897353527,0.5364751486835897,0.44546045721230104,0.4336833637209552,0.6879678793745814,0.23980930368036604,0.4216806219310355,0.4345047800147686,0.4565490832758271,0.30867376870204144,0.42020119356111124,0.562762457852999,0.25433155668015084,0.399734721364156,0.18040734421944576,0.5891178335850041,0.7501297117086749,0.4685472242124853,0.7430016329565985,0.3428641903050809,0.21615213695978977,0.4447707149386993,0.33213466791374746,0.4612384359386899,0.4931068696064609,0.31818763706420655,0.20430900029154025,0.15345874352704567,0.340513391645632,0.4557768634487198,0.2178965156556032,0.19873157188574342,0.3218974323743125,0.32017682959934046,0.39783015655086473,0.23764084403471092
Nakhon Phanom,0.69776009131661,0.1690894247554553,0.2313259937872795,0.4863480425353569,0.5477167513869791,0.17919090389375586,0.17947417426575135,0.2881634817859575,0.23370223120905997,0.39240810051608527,0.47583252811391336,0.18164698190214662,0.20865336189642414,0.5842597923328711,0.29215750289214426,0.15002989906557668,0.5146911370407667,0.3041745826296104,0.4688166108369956,0.4353113552807041,0.39978986460790833,0.24313654839914378,0.3656360380598285,0.6308216355885181,0.4365938688912052,0.19325580009658497,0.22973245824856767,1.0,0.4863825406285427,0.2772635801843772,0.33005896509990446,0.4638766934070473,0.36776834483531495,0.5388699249130939,0.6980021645505756,0.2219754604340201,0.16518344114186828,0.26845185544370903,0.32097904995648746,0.32156123207751786,0.4774097907047166,0.3482104775814322,0.12375338140597822,0.21819447650970436,0.27193181908868697,0.16746203794700143,0.49066156427851576,0.2428379980125644,0.2804536451224071,0.13773828901170423,0.4240505744474613,0.16496913308826477,0.16700733504953147,0.4996083081296806,0.22455593622511166,0.5025144748953034,0.17522148075394284,0.23642101827201778,0.22233754515385867,0.19989177873682565,0.32266182012028477,0.5298856214350744,0.18087393275695351,0.32627390887369434,0.2900461039003725,0.14992773387086722,0.2627331742997144,0.5358041720091642,0.4499178720007558,0.30688914504009124,0.357874282151693,0.5638857714189689,0.5823819115813083,0.2294563670855062,0.4018152343658055,0.27474143397485706,0.4323099621551583
Nakhon Ratchasima,0.5698574505540981,0.2567319091119519,0.173940165433772,0.38596624198971236,0.7335236408261654,0.15307594881551323,0.26358015265085755,0.41940829789023865,0.17690429291007115,0.4487678298371021,0.4950674589986516,0.1272546174213211,0.177219945119531,0.4550882635469924,0.40266327753985776,0.2260253523512677,0.7906044586269124,0.30322596065310703,0.5125452581390613,0.48536549951328906,0.6066524043645772,0.2787290485531134,0.40816900958581076,0.6424723966037675,0.3412552364893612,0.1716305354997682,0.19007236804236727,0.4863825406285427,1.0,0.38211376072526826,0.21734499108215571,0.5743796388698187,0.23778940643608387,0.6448062464606052,0.5322819854634868,0.20911591751838995,0.2536739232686366,0.14348246110291643,0.18004412831348643,0.2608938221211745,0.5102775150921326,0.4264136424958884,0.16073634296209532,0.314093714555156,0.3331425767425001,0.2585436674393122,0.6057143492971099,0.21858696338157152,0.24765779504821311,0.1954565037247165,0.2737256102465415,0.24138887162078265,0.1294954882396842,0.45987630351944875,0.3099832060347882,0.5923852886922322,0.16531695762300208,0.15079145113936682,0.1880236872853417,0.23962187991150605,0.335214772447253,0.7370744254579351,0.26210321799945197,0.29298742779315123,0.31844851808182784,0.21015185365850492,0.263328376608157,0.6120261910275443,0.5298203854035758,0.2696160829931912,0.16656278920131912,0.6813320605767914,0.6175774451471485,0.3814860995247834,0.5085267782171529,0.1500829363518817,0.4898578683166132
Nakhon Sawan,0.25656551568040575,0.43457768924716267,0.36177772250515133,0.5018410625565924,0.3214808696079118,0.37241152708706343,0.6356386893970773,0.5652375829243886,0.3423739059853763,0.39946812322960085,0.19602033428395807,0.3539513563579431,0.24482418264168038,0.3964788219792907,0.763177746789247,0.48861354522497535,0.3501753358449352,0.15259664317888064,0.37667027211171095,0.3859115455382307,0.44318458102997094,0.6267928039698424,0.46077720906363684,0.31408396361814583,0.46956053045756,0.36719422529995965,0.3301652652159519,0.2772635801843772,0.38211376072526826,1.0,0.19863110872496167,0.45458248234022136,0.1338109315049426,0.41995908487727407,0.3218094133286254,0.37950037211953475,0.4169252756922819,0.24049548980087987,0.15734369143051619,0.14333326923366926,0.20634159063294397,0.6111660473419822,0.3989581782581646,0.5683176267577799,0.5705318868864021,0.42655416280248176,0.44789764642851804,0.23614712614064778,0.4690286088073492,0.4127665327899652,0.20182273588517247,0.420137388197633,0.3389383095026376,0.44457287945374135,0.5483973783668369,0.4147322706083312,0.40791093678878987,0.3416796596189138,0.4420774589013663,0.3904655515634248,0.18459504354700373,0.32079531156082064,0.631924003401859,0.1514770205051056,0.5780462099090675,0.5763433189005578,0.19530023640245697,0.4800682893841093,0.36261184252391127,0.2553344054190559,0.22648908724783234,0.2851191411743462,0.398967765831881,0.7460246858230563,0.5233840522200222,0.23340629998451157,0.47370254314600824
Nakhon Si Thammarat,0.3243102443835812,0.23081339879429644,0.3217746440615431,0.23579778421668998,0.28343299672840494,0.2576932625883669,0.20385042037922155,0.10793900186524033,0.4237415380179747,0.10871740339487251,0.334232352690054,0.2679029260109263,0.5728547026888599,0.2294802450240671,0.14818467704324279,0.168772351396356,0.20783077015271656,0.5605874637422589,0.1477699986297298,0.127067050604635,0.18201543962264202,0.16922462366395608,0.11881712464184702,0.24801943333047616,0.19201642136595493,0.27502598634284514,0.35628901578946626,0.33005896509990446,0.21734499108215571,0.19863110872496167,1.0,0.173722737492292,0.617940413913184,0.1839535084985034,0.3102856019684863,0.3003472021445659,0.2661469221856961,0.5975470851672056,0.5964488112480939,0.6327604941170915,0.3244368060927201,0.12728277437548033,0.2240666439078598,0.16933355040906267,0.14863855735875245,0.24168438893303806,0.16919683181425965,0.46210031547179653,0.33546734059168976,0.23652913236161163,0.6042321217908921,0.28915494274650605,0.2630190828958001,0.1672397044826577,0.2520071097393611,0.16444920505106714,0.2345860256626401,0.3338299193652588,0.3793491852411616,0.2685737039743167,0.5559056038206708,0.25580278764905295,0.16736325028308008,0.6126223662693954,0.19947586915095905,0.2306186920269664,0.6071863470025325,0.2199298118429137,0.15813901574532113,0.6067167855371999,0.5124618798524299,0.29521214280621916,0.20156655842188087,0.15901238673997642,0.12649288761972527,0.6155453412134235,0.1306359078476766
Nan,0.48064021485434794,0.2572871805215242,0.1744221269107802,0.4826818497112825,0.5564180690132673,0.2071608341540474,0.3936530966527476,0.49432661495337243,0.1632055605944449,0.5578572111362957,0.45009132888616354,0.1927331038036395,0.17915963487269093,0.531026364198433,0.4963144520468098,0.3377263451965005,0.5790905815100683,0.2398369907345544,0.6475154341700278,0.6025717477771341,0.6531133891286787,0.3848026434763432,0.5591629510195554,0.5650490176175575,0.45394841932714913,0.20909645116833758,0.1802171586802272,0.4638766934070473,0.5743796388698187,0.45458248234022136,0.173722737492292,1.0,0.16294328645874911,0.6791025632088032,0.5323826362438295,0.1932681301451654,0.23612055744594562,0.13522207896285138,0.13159786826484585,0.1935547545129105,0.4686014556942526,0.49493306309474894,0.2430415553295693,0.3959795976918727,0.4167224721439665,0.2476811530128903,0.6738381085312568,0.15018933093011458,0.2877548064538043,0.2875471964292736,0.20307409771925614,0.3234250409442442,0.20837112763944585,0.5535857461491197,0.3536880267008582,0.6639876937172527,0.2228219594002137,0.16443034424115444,0.24820963061838097,0.22443270087706102,0.1989455535305077,0.5429081552538776,0.363597289169818,0.1994947322382435,0.4271460719108432,0.31213118004263574,0.2192745948802165,0.6065340315003869,0.5982391170920184,0.1952520759525776,0.1478360492626843,0.5092155539678705,0.6391313377348076,0.4567289400819914,0.5840895637931205,0.1422746187843893,0.5799389222144911
Narathiwat,0.3774221212914054,0.222678251313741,0.3189351256460124,0.22044640443987246,0.30548986951216184,0.25718368398848646,0.15530873369267784,0.08260661872855649,0.3956322962721887,0.1081325901166385,0.3805175433590405,0.2691992215917505,0.5070687450118048,0.24324427108009156,0.0996014470997761,0.14725121734114502,0.23656650666377754,0.5387949315311971,0.15059145956171177,0.12926787877727722,0.17732943171037782,0.13940032389454277,0.09115352842689005,0.2895370672068962,0.17321226865264802,0.2732809203797768,0.3563394485760139,0.36776834483531495,0.23778940643608387,0.1338109315049426,0.617940413913184,0.16294328645874911,1.0,0.19341070512021086,0.3313483740019251,0.2993912829398695,0.25365447958958837,0.5525492951448727,0.6144767343250587,0.6160033795241147,0.36954405605794394,0.09402877009205214,0.2146812532262026,0.11690192701018604,0.10880318999150172,0.2341826103201448,0.15662109977724717,0.4863529067271726,0.3174239731030269,0.2310185887109629,0.6053130824431545,0.26692566047254784,0.27069625344987386,0.172102582056611,0.22704553166758365,0.18513492571977141,0.22388352575219114,0.3362613226031805,0.36202611069220514,0.26996594452586514,0.5761007975783518,0.2974952129623042,0.1283403739613414,0.6309576852271768,0.14021409823983205,0.1913923237301568,0.5393583712490577,0.21224217320128919,0.1812300263889635,0.5465493564427316,0.5061878336263897,0.3407204965350871,0.21488897006321356,0.1126388689915082,0.10355983741336539,0.5618591307179014,0.13027882740909846
Nong Bua Lam Phu,0.5740411104899017,0.24332487178494328,0.1828260942851231,0.4950389578525981,0.6272515464322515,0.18498340502926994,0.295581042593097,0.5002558058042378,0.1334214836737525,0.5555861443755833,0.4415055263900462,0.17367766128940004,0.16675825757210228,0.6209905188243207,0.46957769021862056,0.24123066412070115,0.6614474929945802,0.24055367840557165,0.639176672134126,0.6003661604681881,0.6410724422315511,0.32731645412090593,0.5293707302200621,0.6925969156926446,0.4935446553049363,0.18493337911559266,0.1749088387638546,0.5388699249130939,0.6448062464606052,0.41995908487727407,0.1839535084985034,0.6791025632088032,0.19341070512021086,1.0,0.6321347612385282,0.1998565820509679,0.22383487339333424,0.14834021843239575,0.1709421179418285,0.20603822407113712,0.45746202433446703,0.5153776081816512,0.1718885489785296,0.3919382597997505,0.4267224895133007,0.23677236476041458,0.6736111756305702,0.1989447055506426,0.21979713021119063,0.18690409243092687,0.23377856931277832,0.20037186983073754,0.17757860746557183,0.6324225326969223,0.2698415266789768,0.7442163521098208,0.2164787940579674,0.17152251829776854,0.17663767630177446,0.22291788290973222,0.23839008753251306,0.6280341775164264,0.3018625424524883,0.2185258613975583,0.4222192709909959,0.23820796147445902,0.21191486747806232,0.7338032928476752,0.5916742043116634,0.22027503107834523,0.15119757406292206,0.5863955240000993,0.8222906775693576,0.41858114107285704,0.5918804441533265,0.15263523410103358,0.6360843788129042
Nong Khai,0.6961949883299727,0.19390082024230515,0.23270976417821232,0.49266974932223057,0.5870126812777883,0.18381086370615093,0.20190218975948268,0.3452262231435821,0.19456329395303112,0.4356870309688577,0.45975794635802114,0.18204972539679057,0.21638663995536905,0.6686013991242981,0.3405975740448579,0.15351526711948166,0.5560820897250971,0.2994930627626999,0.5269729227451259,0.48316929163451877,0.4645339698995463,0.252301193576745,0.41630044442638436,0.698821944907446,0.4862238989575466,0.19560965221446186,0.23341912425055167,0.6980021645505756,0.5322819854634868,0.3218094133286254,0.3102856019684863,0.5323826362438295,0.3313483740019251,0.6321347612385282,1.0,0.22767103090949328,0.18840126528148382,0.2549659089970473,0.2953111231663249,0.30519713987332303,0.4657421016138869,0.3988813567449313,0.12296229028353611,0.28717445851609513,0.33527414077453555,0.19144490456573166,0.5560871040765316,0.2369289601481353,0.24316428587364464,0.12235476927932316,0.3784918016193954,0.1481646098472551,0.17074291330120644,0.5749691127398349,0.20700854083568548,0.5781257076514122,0.19332105679933426,0.23500932728997184,0.20457464521980637,0.21644124227858902,0.30538638289922293,0.5712566413836102,0.20203036264037139,0.30656915454047307,0.3669649996000114,0.17136053927769895,0.2656960531628105,0.6438803739125385,0.46942640110711154,0.2978029746382388,0.30532036083779107,0.5842929645811016,0.6898090985933211,0.2771785790147484,0.47340974839447225,0.26105191679639533,0.502960879006304
Nonthaburi,0.2315522487201052,0.7439178002342932,0.8334363379980874,0.21586365714686565,0.18448122364975228,0.6740063173598244,0.45388538296020975,0.30393429677676886,0.5477618546811462,0.27146516083319017,0.13941670201535622,0.6158405232979908,0.3284079499815142,0.27536578955726393,0.3698251994689564,0.4909894509826229,0.2091212528072277,0.2286514064393343,0.2500496101578236,0.2565645217783176,0.16501120347313825,0.47576543794371917,0.2729713554498675,0.2262300278026368,0.35007724115771105,0.7406235557897953,0.7987543151518195,0.2219754604340201,0.20911591751838995,0.37950037211953475,0.3003472021445659,0.19326813014516542,0.2993912829398695,0.1998565820509679,0.22767103090949328,1.0,0.7556944873152286,0.3657910073775153,0.35526224630465314,0.267251859245515,0.14073523744995559,0.3971565351798618,0.5530985076177813,0.4999335723972027,0.49734781443889464,0.7491088722940109,0.27240954414423046,0.4094300933350463,0.43582245570669126,0.4606679053171681,0.2677433704270554,0.4062415479346334,0.5725698583230103,0.29090642365232944,0.4217677045092597,0.20299396758407404,0.6303924927896305,0.7592855606252416,0.43998404535617236,0.8072506587150459,0.30428638085745074,0.219212574627639,0.4970039388870784,0.27506275362305843,0.5040059011400283,0.5158812427676571,0.26271587808855973,0.23178133222653294,0.18195107839203423,0.30727271112637256,0.4175269295042249,0.21116137987367956,0.22157683208168655,0.37409275796920627,0.37384382147186945,0.35181450558804794,0.28151133442271326
Pathum Thani,0.20115951979984487,0.8645880387423206,0.690287541375201,0.1867905395194056,0.21055023053304694,0.6382567040016973,0.49705861107823984,0.35026956880693405,0.5100741856175889,0.2916778380718021,0.15091557849589304,0.5791761554251889,0.33218526045710894,0.2373055515281728,0.4077485067526554,0.5250463487530223,0.2427385617697704,0.2378173685138173,0.2675611810224458,0.27467753930209393,0.23322618646694382,0.4815147907296911,0.2943128406716192,0.22099372036408696,0.31842058710923016,0.6846525809692975,0.7087365166438645,0.16518344114186828,0.2536739232686366,0.4169252756922819,0.2661469221856961,0.23612055744594562,0.25365447958958837,0.22383487339333424,0.18840126528148382,0.7556944873152286,1.0,0.3243044930184054,0.30323459112914736,0.252521092568916,0.15682074925083717,0.4122360199353584,0.5719192625336742,0.5428209724687756,0.5170579276488475,0.8917729232844347,0.3004351303912544,0.3917207542713701,0.4131475799940324,0.49212104422077435,0.21117092543636828,0.4460352574573928,0.5542915125861471,0.2791208119637854,0.4488559296629102,0.23217470502666426,0.6153629340591164,0.6463154167876146,0.43211628367762833,0.795589392597513,0.301580731639257,0.24908837140585532,0.5300526404088266,0.2666286109983963,0.5178080554012856,0.5499785176241856,0.27543435085768264,0.24941254691763087,0.20607059235701505,0.29117865898442097,0.3397068185301595,0.22530164690302457,0.2254864579654529,0.4327671603019778,0.4037272553367187,0.31197356894148875,0.3028350400492034
Pattani,0.2480300211284699,0.30219832897649757,0.3985346573093871,0.26330463343194155,0.18544227124666296,0.36534326292666874,0.28042459684572824,0.17602769750628783,0.4390056736008038,0.13280824893215262,0.23130138221983457,0.38902221736054343,0.642011511785432,0.24828350864442528,0.2045573030005893,0.24340682847750073,0.13667271764253375,0.46443405240492497,0.13523451878880152,0.13110908163233265,0.15875813534443306,0.24721213211005602,0.15162988836904467,0.185679284035404,0.25764558262906084,0.35916393766260524,0.4085683079428198,0.26845185544370903,0.14348246110291643,0.24049548980087987,0.5975470851672056,0.13522207896285138,0.5525492951448727,0.14834021843239575,0.2549659089970473,0.3657910073775153,0.3243044930184054,1.0,0.6638703373478798,0.5214136986865179,0.22477854718572537,0.17380175178125223,0.31905816324289793,0.25458447138003854,0.23132422353742815,0.30864292380145864,0.11261716961044729,0.5763747146633853,0.3522792727676007,0.31081684559476846,0.5130982182258934,0.3103955563732832,0.3906442551270509,0.20737758006685086,0.2734658411347676,0.15830389305587206,0.35595773750834303,0.42265538681124926,0.44342278592994605,0.33205029818465925,0.4975113032832745,0.17993256973656466,0.2594318506909917,0.5209695477521661,0.26849706800667433,0.33263551868605423,0.5317858053506819,0.18838031438453923,0.14313464446101296,0.5863437212583207,0.4888380272311622,0.20423401940941197,0.16317883107352749,0.2271213083851004,0.12849262751087015,0.8774271939147182,0.17058314145680745
Phang-nga,0.3144217709454279,0.2803318965953019,0.3839505677425915,0.23135938583165316,0.23485037680820053,0.34318405197805224,0.195972474082623,0.13239333928925565,0.4267767106554036,0.14466133481977098,0.29023292520150906,0.363018855463907,0.5730412440036119,0.25947267633400956,0.13792460377069088,0.1904582617984124,0.18435202518989746,0.49557493244005396,0.15960143976689015,0.1517249847035502,0.15378019330983295,0.1906486337260726,0.1325705521246085,0.24293303816556444,0.22857509052831695,0.34532836084840823,0.4008700629428556,0.32097904995648746,0.18004412831348643,0.15734369143051619,0.5964488112480939,0.13159786826484585,0.6144767343250587,0.1709421179418285,0.2953111231663249,0.35526224630465314,0.30323459112914736,0.6638703373478798,1.0,0.5577073123463339,0.28236001463900273,0.14633853189605212,0.2770680730113888,0.1943501507234624,0.18320454744306058,0.28944321808603773,0.12716794686182653,0.5880509950434846,0.31690977635036344,0.2673473000162081,0.5462549150911135,0.262840336364196,0.36443669578481447,0.2068223689591676,0.22684221603872687,0.1722284906358635,0.3202416195563653,0.4079208916668102,0.3783573611951225,0.32583595444091035,0.5471371663380742,0.232242647775311,0.18888858111391496,0.5656415359300949,0.20560320685046193,0.24642669321972394,0.5317988933461303,0.19434811537087623,0.17854552995943457,0.5807997364567499,0.5072857700191185,0.2648491920197157,0.19273126578920158,0.1506291453833058,0.11622448352807802,0.6665623749664565,0.1624619438538631
Phatthalung,0.34400913705947933,0.2155328475821845,0.27882809329612895,0.18723486709056048,0.328085928268912,0.22456468715389943,0.16170023138595666,0.09509811015650342,0.3893396311805577,0.12115751764104994,0.3929081474037212,0.22976336920072443,0.5368611545947929,0.20361069906762722,0.107950898397028,0.14508962527378183,0.25376464767407375,0.6646513233318484,0.16741942033810897,0.1445916090894893,0.21870890488851097,0.12334381485343422,0.10876501781340071,0.27577176121745495,0.13908625431878427,0.24516491224625905,0.3274978310013586,0.32156123207751786,0.2608938221211745,0.14333326923366926,0.6327604941170915,0.1935547545129105,0.6160033795241147,0.20603822407113712,0.30519713987332303,0.267251859245515,0.252521092568916,0.5214136986865179,0.5577073123463339,1.0,0.3841298249741468,0.09899965384378678,0.20129107275280178,0.1324563305897375,0.10706007186756386,0.22851936111638305,0.1797803401351938,0.4464019189652694,0.29443943239237197,0.22624193030156034,0.5573811336275314,0.2837866967963749,0.23616985136807747,0.14819540916596363,0.22885081499104581,0.1843205271309367,0.1958776371672921,0.28795422307855406,0.334156964430867,0.2517102973456058,0.5842264511958417,0.3032929755830207,0.12463581682413186,0.6864865364965697,0.1437212277826565,0.18142380392931678,0.6419509124968765,0.22061287406883393,0.19889647516124742,0.5664535184924588,0.46274208930720834,0.3406826858296097,0.21469997750952846,0.12526252017873685,0.1137782473236606,0.5368173897628375,0.1260864912308894
Phayao,0.5247021833567183,0.14911093033518155,0.12585259626149362,0.31180673983996293,0.5575345701719676,0.11520186945533381,0.18689949739897482,0.22939038484570648,0.21776635627784666,0.33286329407136456,0.7803398979474936,0.10743398012462924,0.25503018779095665,0.35301234714172136,0.2110482946109882,0.1748034701838551,0.5119449735090122,0.41852396518058266,0.41157003075150317,0.3766157364018128,0.46084891009889195,0.16941648106116897,0.29254595402786754,0.5031925094803599,0.2163270872440388,0.13584910819906984,0.1709267449758585,0.4774097907047166,0.5102775150921326,0.20634159063294397,0.3244368060927201,0.4686014556942526,0.36954405605794394,0.45746202433446703,0.4657421016138869,0.14073523744995559,0.1568207492508372,0.22477854718572537,0.28236001463900273,0.3841298249741468,1.0,0.21526539242920023,0.14326758889470897,0.12910999660167158,0.13834631767734992,0.15411565156665477,0.4304662761025123,0.2340688564972452,0.2663857106600732,0.21948751715250578,0.3739814018854163,0.28919039771131766,0.13049816086437221,0.31388677750024563,0.2647398522297001,0.44648035685659526,0.08973952320399656,0.12712195295827838,0.24186449231286639,0.15979901658243745,0.3954474971480447,0.5368609882637173,0.14140972661849954,0.4036707748119733,0.14961287189665512,0.1387020005714806,0.36099049419810925,0.41534309824496096,0.45712010034999334,0.31480276321336204,0.27553323352409975,0.559232459268487,0.44747927542045535,0.20646168573392415,0.3039970579454411,0.23874323379026532,0.3165838788960489
Phetchabun,0.32214449084514735,0.4473999386416573,0.3780071226999321,0.5046731570339248,0.36347030398377295,0.4069862682625108,0.5085776723791214,0.6052509089750848,0.3053391036514596,0.5515935089393835,0.20319227303076756,0.3820073329935578,0.15903461493767213,0.4968719991395981,0.7011141119754407,0.4509186229506331,0.4296352282771187,0.11452975079090447,0.5222312017783246,0.5419406582332373,0.4517421543459745,0.6104360140379491,0.5661141388760516,0.4119653245656125,0.5506780725649716,0.4027347897903047,0.3234173897353527,0.3482104775814322,0.4264136424958884,0.6111660473419822,0.12728277437548033,0.49493306309474894,0.09402877009205214,0.5153776081816512,0.3988813567449313,0.3971565351798618,0.4122360199353584,0.17380175178125223,0.14633853189605212,0.09899965384378678,0.21526539242920023,1.0,0.371198776345973,0.5988282489424102,0.6545351421363901,0.436339766339072,0.5421544741992365,0.23493049621994916,0.38545593978385906,0.3456713543905419,0.16477374817678,0.3096442395229049,0.3572035293530107,0.5665223604685652,0.45136942224478127,0.4825697194241206,0.4387552414721914,0.35526520955033863,0.28929780122722265,0.4204061294224226,0.14907923571457868,0.3641091552064223,0.5745532994663878,0.1006701169054059,0.5966083079837707,0.4532242270734645,0.12829739063606452,0.5377052440880955,0.4900518177105975,0.20798174034042927,0.20555163530735537,0.325542575419057,0.5099047179799097,0.6015489485693326,0.6326748191467281,0.1658656759530785,0.5802929326435031
Phetchaburi,0.11774881236459164,0.587556868023024,0.5508906526890226,0.24271027496468783,0.11810441455652543,0.6275425110309226,0.5471755397329815,0.3658271269394142,0.46967599630908075,0.3160353099897657,0.1360265751092842,0.6268876829956911,0.3274112248886645,0.21797650418847553,0.4024002084329803,0.6467165153043319,0.15654081294705996,0.18796281047373029,0.268445575108891,0.2873752577143173,0.22590053060228055,0.5129831340783011,0.3374509894146115,0.13659271500244902,0.32776001721959147,0.6015478466670416,0.5364751486835897,0.12375338140597822,0.16073634296209532,0.3989581782581646,0.2240666439078598,0.2430415553295693,0.2146812532262026,0.1718885489785296,0.12296229028353611,0.5530985076177813,0.5719192625336742,0.31905816324289793,0.2770680730113888,0.20129107275280178,0.14326758889470897,0.371198776345973,1.0,0.485666187300856,0.4615751829768441,0.5802333552423984,0.2361408584789384,0.3531546446729157,0.4372823923564011,0.6318560160776263,0.16815729912158425,0.525926369839325,0.6371897543315326,0.2676879797509566,0.47014923924929947,0.21882585471045113,0.6148281869548693,0.5518713699868084,0.4822742354536553,0.5605963479466776,0.20988248250489427,0.15002264716963892,0.5613032852019985,0.20519554299046225,0.4496234058058946,0.5941936922996262,0.23354989069144966,0.16491469692084104,0.23709414915328833,0.2246955527627767,0.32301291647099006,0.1268090144389968,0.16097405319171226,0.4372396910668444,0.33404674819559177,0.30617782344966604,0.29467594852326484
Phichit,0.21444239145463745,0.5732220826426817,0.4882436037520814,0.37281534685224443,0.24789622863564031,0.5155936282255837,0.5411483624715442,0.5740270699221186,0.30765138570702183,0.4732306678565861,0.1155181311020626,0.4960713992352884,0.276272965270963,0.41984437283368137,0.5961549346342182,0.5056515993243677,0.3119841505352721,0.1370398119685671,0.4306683390009684,0.4474005371479001,0.38710204002997217,0.5369899167743855,0.5136818039958779,0.29583575013987784,0.540868074820711,0.49759442666458753,0.44546045721230104,0.21819447650970436,0.314093714555156,0.5683176267577799,0.16933355040906267,0.3959795976918727,0.11690192701018604,0.3919382597997505,0.28717445851609513,0.4999335723972027,0.5428209724687756,0.25458447138003854,0.1943501507234624,0.1324563305897375,0.12910999660167158,0.5988282489424102,0.485666187300856,1.0,0.7944530328337492,0.557533761127678,0.4290977735266845,0.30035582583876586,0.3036254507581292,0.40421819126360464,0.11549232541610668,0.3370285709893599,0.47977795713503696,0.5001560546194495,0.3795841705632853,0.40690432709352026,0.5786696191699838,0.4682855041978805,0.32646834622049314,0.5143681458985833,0.15168282328617771,0.2739598412507165,0.5955509713539799,0.12930638328165017,0.724592598772228,0.5578234171821173,0.1880105486708878,0.4195622469486818,0.3275708201720362,0.20769815501507377,0.18618629914374796,0.22487450732748127,0.3833214865699201,0.5898447948094152,0.576051653961885,0.2419307120652912,0.5312553877022217
Phitsanulok,0.25643996100512534,0.5532204566223469,0.48733873075822487,0.41484609707502207,0.26782894622176323,0.5099070758210893,0.5198634752509641,0.5833145898459695,0.296132382228743,0.5070471043166457,0.12566702543058758,0.488921487154253,0.22815877811180219,0.4721233377609574,0.6143806892771575,0.4928121185616917,0.33919410920813203,0.10555238390603999,0.4668427996772614,0.48416497746418896,0.3843512085379701,0.5578222888933865,0.5412674746041848,0.33817818733383825,0.5900069409360862,0.49483342843533107,0.4336833637209552,0.27193181908868697,0.3331425767425001,0.5705318868864021,0.14863855735875245,0.4167224721439665,0.10880318999150172,0.4267224895133007,0.33527414077453555,0.49734781443889464,0.5170579276488475,0.23132422353742815,0.18320454744306058,0.10706007186756386,0.13834631767734992,0.6545351421363901,0.4615751829768441,0.7944530328337492,1.0,0.5364500112590447,0.4665432255145312,0.28306696259075165,0.31185120478660083,0.37749523696094495,0.12467807799608813,0.3067894752666299,0.4637992335950429,0.5490624301763428,0.3764927909004633,0.432957057025632,0.565618708173524,0.46735771106700164,0.30254734519455684,0.506690585648824,0.13350556083083243,0.2935264524503248,0.5888954009264593,0.10481593245672716,0.7375345321299074,0.5267144569865277,0.1458479383159392,0.4508886754731724,0.3592585588391924,0.18848516933600773,0.19522644130553712,0.24819003230458114,0.4283690518910215,0.5777302417040041,0.6202923826259463,0.21784090235809278,0.5648590945878953
Phra Nakhon Si Ayutthaya,0.20033989104940625,0.9282744897774579,0.6841053819262648,0.19897895027063683,0.20977122128248366,0.6534757830807338,0.5081483501414044,0.37082422571507345,0.49846742656608667,0.31662289292459406,0.14683693545208684,0.5911295584723613,0.3132242396881454,0.25076218563692204,0.42496576738916636,0.5376573682875362,0.24899297460049513,0.21564748026395775,0.2882112630793018,0.29791793646919185,0.24254818515145238,0.502116391958662,0.31721610395103356,0.22647810322581496,0.334448005511601,0.6974350354732588,0.6879678793745814,0.16746203794700143,0.2585436674393122,0.42655416280248176,0.24168438893303806,0.2476811530128903,0.2341826103201448,0.23677236476041458,0.19144490456573166,0.7491088722940109,0.8917729232844347,0.30864292380145864,0.28944321808603773,0.22851936111638305,0.15411565156665477,0.436339766339072,0.5802333552423984,0.557533761127678,0.5364500112590447,1.0,0.3121543109979797,0.3900700003050169,0.41368570073873046,0.49917403355111145,0.19355951458294274,0.44313743917843423,0.5673389252712567,0.29808041332969065,0.4535597722627994,0.2479551167475404,0.6297994871936738,0.6441811084204879,0.42616686490620764,0.8122685509235013,0.28383104939591475,0.249964789428749,0.5483431574086685,0.24334841876271085,0.5296915425481574,0.557476135546088,0.2520754302503372,0.2590278512922447,0.22637240251247012,0.27333799115280855,0.3263493669103672,0.22266298196586293,0.23761164129725607,0.4479282226839271,0.4214747699009488,0.29503502214262745,0.32229460008512656
Phrae,0.513854447322337,0.31908077652802713,0.2442514083900995,0.43302643406693314,0.5767160360777622,0.24229856472164638,0.33726760854840854,0.47007499565812394,0.19158513712077718,0.5669233953760296,0.4150231250717195,0.21227730245042903,0.13452876942310532,0.5350329306362929,0.47983441482146694,0.31826508022628924,0.6185949129606638,0.21538863819971754,0.6616451777210559,0.6151037000854122,0.5581896004432144,0.3726843709978207,0.5522448050736019,0.6066547096870165,0.470710850678532,0.2617509229848696,0.23980930368036604,0.49066156427851576,0.6057143492971099,0.44789764642851804,0.16919683181425965,0.6738381085312568,0.15662109977724717,0.6736111756305702,0.5560871040765316,0.27240954414423046,0.3004351303912544,0.11261716961044729,0.12716794686182653,0.1797803401351938,0.4304662761025123,0.5421544741992365,0.2361408584789384,0.4290977735266845,0.4665432255145312,0.3121543109979797,1.0,0.14998093579632488,0.2638642624584021,0.23130608796327745,0.21497504667542539,0.2552449526721242,0.20007463790712998,0.5567856653638356,0.3223205728020668,0.6126959947294317,0.25397569152720023,0.22004434868424122,0.17166827265908355,0.2981787208724202,0.2129708288601666,0.5652077822163498,0.3473654620489648,0.18629552461024418,0.4708046931115578,0.2717352451028241,0.1886098632166639,0.6234366707220835,0.5445203271635373,0.20049891558572536,0.17294935652141924,0.5327869725811223,0.6722211521437855,0.421933600334799,0.6932429659731602,0.11671925449164777,0.5710643031717891
Phuket,0.26496894775352686,0.38201467569407344,0.4206642422571838,0.22131956840546066,0.22449399811854476,0.4151872926146535,0.2746856277114,0.24561023638143542,0.3957728664785868,0.2029698533820555,0.23431213597859668,0.4258062659635758,0.5377062479118841,0.250119677506134,0.23328848719988365,0.27263786885452007,0.2132156993017566,0.41148395394874315,0.1860174557491327,0.19326544235968296,0.2104717841631999,0.2692916758866872,0.1832842401490739,0.2342161550914933,0.2514770079451246,0.40482439927358943,0.4216806219310355,0.2428379980125644,0.21858696338157152,0.23614712614064778,0.46210031547179653,0.15018933093011458,0.4863529067271726,0.1989447055506426,0.2369289601481353,0.4094300933350463,0.3917207542713701,0.5763747146633853,0.5880509950434846,0.4464019189652694,0.2340688564972452,0.23493049621994916,0.3531546446729157,0.30035582583876586,0.28306696259075165,0.3900700003050169,0.14998093579632488,1.0,0.31200136100341236,0.33047374289199444,0.42378503333910417,0.2879396735882276,0.4354138885186458,0.2429366562134953,0.2783643232148723,0.21824780943817135,0.40624762651460233,0.4378767674172134,0.38473119478378054,0.4048374306724407,0.5207566247400924,0.251266457377411,0.2906247173636166,0.4791001405025888,0.2723225255202612,0.33459287494245693,0.45788693018887017,0.2206270007863301,0.2122755038171899,0.5372633856586977,0.38280507533984043,0.2541118534967271,0.2034323796770544,0.2679831581081704,0.18664268918902893,0.5630576046679139,0.23146863156245323
Prachin Buri,0.2438651382551853,0.40876887767601805,0.42856794023742006,0.3861868052812435,0.2447423559311158,0.4258291974142959,0.549146328507321,0.29441296767489045,0.5977172500246988,0.228876498799514,0.2684053126399331,0.4052477528403896,0.3050375428900468,0.22729313703835516,0.44227001825422896,0.48252584930449494,0.22382132266151064,0.2768436448033796,0.22075984175036867,0.22645482878159426,0.2412025619988615,0.5761369511966643,0.2545995226745179,0.21115325658749035,0.2547189318991726,0.45024138576513695,0.4345047800147686,0.2804536451224071,0.24765779504821311,0.4690286088073492,0.33546734059168976,0.2877548064538043,0.3174239731030269,0.21979713021119063,0.24316428587364464,0.43582245570669126,0.4131475799940324,0.3522792727676007,0.31690977635036344,0.29443943239237197,0.2663857106600732,0.38545593978385906,0.4372823923564011,0.3036254507581292,0.31185120478660083,0.41368570073873046,0.2638642624584021,0.31200136100341236,1.0,0.5110607294109448,0.37753979455697867,0.566375440765434,0.3924690441004313,0.21520865797261948,0.6941260810922677,0.20278306325764545,0.3724832623357502,0.4265444958666139,0.624580590201382,0.43692134535225546,0.3237161183755993,0.22496536242483134,0.5163254370666824,0.3024108812411321,0.31245644644207426,0.5056385739563427,0.29372164568048653,0.24655795796069727,0.30012063077538387,0.3710616720067434,0.4789987158358507,0.24072603750617255,0.21816962941476098,0.43546424277829276,0.265352995407118,0.3506616863269413,0.2080734371904711
Prachuap Khiri Khan,0.13249042131732794,0.5043310162393158,0.45321960982598225,0.2855275446607003,0.1608857222688794,0.5205002939701284,0.5878014321561198,0.35957710560378014,0.4879403297768552,0.2989322108161006,0.21205288301485534,0.5186416939572556,0.3341289324051854,0.19403239958546503,0.415138018094835,0.6340024301425147,0.1814597125110875,0.22667148735189138,0.26123661304066115,0.2772971374133403,0.2842882526674988,0.526816170679405,0.3189119747021099,0.14462808105765634,0.2698205759367352,0.5074013169724305,0.4565490832758271,0.13773828901170423,0.1954565037247165,0.4127665327899652,0.23652913236161163,0.2875471964292736,0.2310185887109629,0.18690409243092684,0.12235476927932316,0.4606679053171681,0.49212104422077435,0.31081684559476846,0.2673473000162081,0.22624193030156034,0.21948751715250578,0.3456713543905419,0.6318560160776263,0.40421819126360464,0.37749523696094495,0.49917403355111145,0.23130608796327745,0.33047374289199444,0.5110607294109448,1.0,0.1974277169681805,0.6496643383905389,0.5459682989483969,0.23703747603589426,0.5555446963420718,0.2393807064811596,0.49972399212780017,0.45679697542881653,0.5576130092860372,0.47678361835718075,0.23417546714635407,0.18213013410417797,0.5602244474780225,0.23690968773351595,0.3646906344393044,0.5935385275030837,0.26399406716599744,0.17352208017305643,0.2962634467402956,0.24373648158278302,0.3287017601320539,0.1634965947153975,0.15879219849756893,0.459002129002158,0.284934781730927,0.30348300764588365,0.27584233203455877
Ranong,0.4056722722543526,0.18212704959387027,0.28506396820034635,0.29875089344594696,0.34212403413711556,0.2157977005895162,0.17362224957146122,0.10901363831110067,0.4097264067663487,0.13236911210462193,0.38682923568520095,0.22030346511013219,0.4465115639610843,0.2722276502940102,0.16273454508556368,0.14172391234404078,0.2695295554130649,0.5033341195022324,0.17679706597369155,0.15699675464976276,0.18974023101578896,0.1912918823487578,0.12642057994377376,0.31893014495783983,0.20253538858224304,0.2401254837974276,0.30867376870204144,0.4240505744474613,0.2737256102465415,0.20182273588517247,0.6042321217908921,0.20307409771925614,0.6053130824431545,0.23377856931277832,0.3784918016193954,0.2677433704270554,0.21117092543636828,0.5130982182258934,0.5462549150911135,0.5573811336275314,0.3739814018854163,0.16477374817678,0.16815729912158425,0.11549232541610668,0.12467807799608813,0.19355951458294274,0.21497504667542539,0.42378503333910417,0.37753979455697867,0.1974277169681805,1.0,0.25927409831047976,0.20515259163381133,0.1945151002490177,0.2786429432261887,0.1955627875212608,0.17933611422664997,0.29495534874471147,0.3541263885381657,0.2349322062299321,0.5473323160858475,0.3101470685829776,0.1516278963910358,0.5609610960848873,0.15406409054524178,0.18006245222154554,0.4982198089537285,0.2640346996247585,0.21956702379769025,0.5700986239005057,0.5353656814340702,0.36060051384875624,0.2611782177398407,0.1484487344834442,0.14655237581914476,0.5241691461393292,0.14380806729083856
Ratchaburi,0.16838866514060985,0.4428157483582317,0.39133315983496963,0.28066435758044445,0.22238026912536496,0.43029075940904504,0.5754702463637278,0.31134412393684247,0.5027946506723444,0.25191622532773306,0.2839519740669332,0.41573651672147993,0.3457150075887655,0.1589880251682102,0.39909261718456146,0.563429882266203,0.21562849048824195,0.2949372257659393,0.2415532513878001,0.2447451459037501,0.30748341771669085,0.49545357311536087,0.27750328334785535,0.16490589740978423,0.2048301278445107,0.43933148117094445,0.42020119356111124,0.16496913308826477,0.24138887162078265,0.420137388197633,0.28915494274650605,0.3234250409442442,0.26692566047254784,0.20037186983073754,0.1481646098472551,0.4062415479346334,0.4460352574573928,0.3103955563732832,0.262840336364196,0.2837866967963749,0.2891903977113177,0.3096442395229049,0.525926369839325,0.3370285709893599,0.3067894752666299,0.44313743917843423,0.2552449526721242,0.2879396735882276,0.566375440765434,0.6496643383905389,0.25927409831047976,1.0,0.43651868842553276,0.18343000784023528,0.6091813348373243,0.22723029503786635,0.39353668186561946,0.38839547188082757,0.5866026667421942,0.42576047485049384,0.28724037461610685,0.22221671895350986,0.5104319221041366,0.2941670542154263,0.3115556099672047,0.54677276688827,0.322343867143686,0.18958464898618527,0.29787790341283,0.2966729122149516,0.35671459086980317,0.2157945649664548,0.17042507041258492,0.44074924226431633,0.2644440661603665,0.3108834268972354,0.22294522436738096
Rayong,0.1498520400684233,0.5743322087151066,0.5923383890015043,0.2553133619172704,0.10371240517721962,0.7020586042655856,0.48413915360466214,0.3479338163915451,0.46148495068717876,0.3237523890327659,0.12421095130839512,0.7721016077379914,0.37213861395378456,0.28054114336578106,0.3567423220355429,0.5332323006121152,0.1373581716606933,0.20717852954463833,0.27672380639605754,0.29589488191749025,0.19656958945696193,0.4729439879506639,0.3343790390307846,0.15681384989459446,0.3754776506875918,0.6376179782376323,0.562762457852999,0.16700733504953147,0.1294954882396842,0.3389383095026376,0.2630190828958001,0.20837112763944585,0.2706962534498739,0.17757860746557183,0.17074291330120644,0.5725698583230103,0.5542915125861471,0.3906442551270509,0.36443669578481447,0.23616985136807747,0.13049816086437221,0.3572035293530107,0.6371897543315326,0.47977795713503696,0.4637992335950429,0.5673389252712567,0.20007463790712998,0.4354138885186458,0.3924690441004313,0.5459682989483969,0.20515259163381133,0.43651868842553276,1.0,0.3146339638277139,0.38537997055876094,0.22808834851258647,0.6890518476022272,0.617830046727347,0.46711872398522253,0.5720648666897067,0.23449020897071465,0.1384532295894434,0.509549783301985,0.23402541923208559,0.4554708989476991,0.5482778819007855,0.2553174265665587,0.17581784236302928,0.23472189015854905,0.25993378001728856,0.3615196021458147,0.12097120778059638,0.1801333430505951,0.3820799344734174,0.3056472827072727,0.374897812742796,0.3124495824222324
Roi Et,0.4758980374740218,0.3138481547920802,0.29798907685111214,0.5545779026644817,0.4392001407397291,0.3092822264659275,0.350061145119239,0.5484932049479038,0.16411387891721507,0.5823837991870315,0.30079363148333693,0.31846392522114514,0.190424514616509,0.7617086457884592,0.5095179596616125,0.3044755776153293,0.48889172363430966,0.1494731178724313,0.6098945541499492,0.5988464060465915,0.5151711501726002,0.3973824010367159,0.580181707657091,0.5596341287092534,0.6773280670275499,0.285376961525568,0.25433155668015084,0.4996083081296806,0.45987630351944875,0.44457287945374135,0.1672397044826577,0.5535857461491197,0.172102582056611,0.6324225326969223,0.5749691127398349,0.29090642365232944,0.2791208119637854,0.20737758006685086,0.2068223689591676,0.14819540916596363,0.31388677750024563,0.5665223604685652,0.2676879797509566,0.5001560546194495,0.5490624301763428,0.29808041332969065,0.5567856653638356,0.2429366562134953,0.21520865797261948,0.23703747603589426,0.1945151002490177,0.18343000784023528,0.3146339638277139,1.0,0.24473377141493635,0.6574834105755818,0.3655992322457685,0.29884389859776117,0.21456654297571173,0.28723375358620856,0.14960793025273506,0.46031733903427374,0.38255419823456993,0.14781023795566406,0.5444366396115685,0.3275414289463025,0.15160755989167574,0.6302990380909546,0.5119395802736986,0.17513206955151167,0.18134196848117556,0.4261200272526843,0.6442849295614211,0.44802866200996194,0.5957196461247234,0.20220628514339198,0.7545939143976641
Sa kaeo,0.2139452705917263,0.45235380391327024,0.396928386395182,0.3824455973260599,0.2728049241875742,0.4180601283687148,0.6315509783194121,0.39070812636220453,0.5222727602018379,0.2896019450275723,0.26069571164999816,0.3898540130040616,0.26873664864167185,0.2175936009287996,0.5326750397792169,0.550035482825685,0.27886302890918113,0.23601343351205248,0.2675384357584647,0.2797701093191676,0.3325376306574863,0.6309501623673865,0.31489943161985806,0.22332105401423322,0.26362848842296194,0.43512329376559905,0.399734721364156,0.22455593622511166,0.3099832060347882,0.5483973783668369,0.2520071097393611,0.3536880267008582,0.22704553166758365,0.2698415266789768,0.20700854083568548,0.4217677045092597,0.4488559296629102,0.2734658411347676,0.22684221603872684,0.22885081499104581,0.2647398522297001,0.45136942224478127,0.47014923924929947,0.3795841705632853,0.3764927909004633,0.4535597722627994,0.3223205728020668,0.2783643232148723,0.6941260810922677,0.5555446963420718,0.2786429432261887,0.6091813348373243,0.38537997055876094,0.24473377141493635,1.0,0.2633000535619544,0.3864024098767831,0.3811350669345443,0.5776028043606791,0.44219809381517594,0.27993627949988453,0.26640355839209967,0.5977193412965117,0.24736381136329322,0.3574119168933076,0.5620170595234617,0.2561502169999226,0.28610581056048245,0.3506110841946947,0.3101100730836087,0.3568807468486711,0.2581191747465843,0.24607131435782958,0.5428289403194266,0.3394726548635336,0.2707000138338537,0.2769864937005145
Sakon Nakhon,0.5344785992569051,0.2586192758973207,0.19116769343290646,0.4987709793373866,0.5679488635569881,0.20958962095859301,0.326251116145387,0.5191355986921805,0.12045846207467586,0.5633837348464568,0.4281094851024353,0.2108165626582414,0.18555477623767017,0.6277167531247977,0.4665762735481894,0.2746145670842407,0.6074838592754808,0.21442798175735003,0.6335485092501462,0.5998521394856661,0.6651996346520924,0.3293833817306129,0.5406560067087378,0.6364849678762294,0.5124692325682286,0.1952109519528255,0.18040734421944576,0.5025144748953034,0.5923852886922322,0.4147322706083312,0.16444920505106714,0.6639876937172527,0.18513492571977141,0.7442163521098208,0.5781257076514122,0.20299396758407404,0.23217470502666426,0.15830389305587206,0.1722284906358635,0.1843205271309367,0.44648035685659526,0.4825697194241206,0.21882585471045113,0.40690432709352026,0.432957057025632,0.2479551167475404,0.6126959947294317,0.21824780943817135,0.20278306325764545,0.2393807064811596,0.1955627875212608,0.22723029503786635,0.22808834851258647,0.6574834105755818,0.2633000535619544,1.0,0.2529269184329931,0.1876327888242441,0.2087414274474473,0.22231665376739834,0.20933297731552747,0.5957768107481582,0.3230039838637889,0.2017498383043394,0.4301697087795805,0.2805774084480147,0.19735867878475072,0.6697302813771229,0.5801214302454002,0.18184890310720098,0.1261289169928433,0.5467778088422783,0.6933908640468122,0.4369536533508296,0.5689722853253398,0.15947236325700576,0.6854230492628803
Samut Prakarn,0.16007765987241965,0.6419282383446958,0.6470755153096528,0.2792775818449915,0.12355335774946669,0.7357444024727879,0.500995803918016,0.4073021196152875,0.448371305540198,0.3539401957558975,0.08318255771731552,0.7387281278779416,0.33560826714624703,0.31822622538920453,0.42547688736175043,0.5401185841344186,0.17260091261124494,0.16640535484805968,0.29872692724041094,0.3215890697121325,0.21320867374214492,0.5091889384006723,0.3706320952529801,0.18693630207176537,0.4362290993112067,0.6673984775825816,0.5891178335850041,0.17522148075394284,0.16531695762300208,0.40791093678878987,0.2345860256626401,0.2228219594002137,0.22388352575219114,0.2164787940579674,0.19332105679933426,0.6303924927896305,0.6153629340591164,0.35595773750834303,0.3202416195563653,0.1958776371672921,0.08973952320399656,0.4387552414721914,0.6148281869548693,0.5786696191699838,0.565618708173524,0.6297994871936738,0.25397569152720023,0.40624762651460233,0.3724832623357502,0.49972399212780017,0.17933611422664997,0.39353668186561946,0.6890518476022272,0.3655992322457685,0.3864024098767831,0.2529269184329931,1.0,0.651771992283103,0.42178120339053604,0.6186721446650051,0.20711764278158973,0.16217995279329162,0.5562869643166255,0.19418172935900713,0.5462254546466607,0.5708007059897007,0.2187715483953529,0.23308533997408196,0.23003262026075594,0.24303792905768187,0.32922084345909197,0.13622275960703983,0.22290625097047345,0.4377419558964324,0.38605543818718535,0.33844706654183837,0.3678362110334123
Samut Sakhon,0.2232275544728397,0.6444348701371805,0.8481059953379115,0.23986942145954082,0.14177503117254953,0.7012627397618691,0.4336438762494417,0.27905238874938304,0.5440874426027229,0.2558664438421288,0.12745213163595498,0.6648965776275079,0.36670469248254145,0.2981660894414329,0.33259724525639484,0.4676197028580249,0.15729838805764718,0.23592452053683718,0.2326225363847475,0.23960183584182015,0.13196956229042167,0.45249489087323985,0.26450449787533553,0.20176094232748526,0.3740254635360934,0.7321493515035205,0.7501297117086749,0.23642101827201778,0.15079145113936682,0.3416796596189138,0.3338299193652588,0.16443034424115444,0.3362613226031805,0.17152251829776854,0.23500932728997184,0.7592855606252416,0.6463154167876146,0.42265538681124926,0.4079208916668102,0.28795422307855406,0.12712195295827838,0.35526520955033863,0.5518713699868084,0.4682855041978805,0.46735771106700164,0.6441811084204879,0.22004434868424122,0.4378767674172134,0.4265444958666139,0.45679697542881653,0.29495534874471147,0.38839547188082757,0.617830046727347,0.29884389859776117,0.3811350669345443,0.1876327888242441,0.651771992283103,1.0,0.46386294997147764,0.6905318189684706,0.2974344946152974,0.17317397151407893,0.4692759758628957,0.28693831836799727,0.4836892922606703,0.507968374870795,0.276915512060947,0.2030603990573903,0.1632720988034042,0.31912417063813703,0.456500313410877,0.17274418260876556,0.19929393343022464,0.33660480930838643,0.321065440656364,0.40749405774273717,0.2698988607856795
Samut Songkhram,0.20208457692089732,0.42360713014706974,0.44798333868878903,0.35470876034344495,0.1895146405522461,0.4487551775537636,0.5759317494561315,0.2892100439185803,0.5508153276640362,0.173275591886078,0.24164694781025595,0.4523954511814309,0.4227067757419152,0.22708123640599356,0.40078575746481965,0.47624950204467703,0.15778985669777218,0.3072261882814474,0.16360468805407008,0.1646004658604056,0.25134160315689363,0.5023643907561457,0.21385499415675685,0.16201810179422427,0.26039540604180744,0.4482437997373641,0.4685472242124853,0.22233754515385867,0.1880236872853417,0.4420774589013663,0.3793491852411616,0.24820963061838097,0.36202611069220514,0.17663767630177446,0.20457464521980637,0.43998404535617236,0.43211628367762833,0.44342278592994605,0.3783573611951225,0.334156964430867,0.24186449231286639,0.28929780122722265,0.4822742354536553,0.32646834622049314,0.30254734519455684,0.42616686490620764,0.17166827265908355,0.38473119478378054,0.624580590201382,0.5576130092860372,0.3541263885381657,0.5866026667421942,0.46711872398522253,0.21456654297571173,0.5776028043606791,0.2087414274474473,0.42178120339053604,0.46386294997147764,1.0,0.4319197987602271,0.33395417866620747,0.1938163335462633,0.502808931507667,0.34449200703622795,0.33243362239688684,0.5840172037394269,0.3543820059615455,0.2165036876086226,0.2228258026168323,0.375531594844595,0.45044086280399454,0.1996406264648119,0.16401944622392262,0.44105513577302424,0.19979193009927504,0.43881366116191095,0.2125997463486694
Saraburi,0.22313381554820888,0.7938363273891984,0.7286711956904895,0.1952717632427634,0.20517830854146693,0.6690552011450223,0.47424907662715365,0.32700016124976256,0.5313146093230927,0.3000310936043348,0.15491633105732022,0.6024936127672689,0.31278917636446657,0.25815094113721376,0.3878802835184125,0.5094484326907555,0.23466467327409718,0.2291785602506393,0.2795464642511847,0.2861662004287386,0.19978427795977438,0.4926265073583208,0.29580862785284745,0.23116386181718857,0.3292386681477232,0.7384870953533335,0.7430016329565985,0.19989177873682568,0.23962187991150607,0.3904655515634248,0.2685737039743167,0.22443270087706102,0.26996594452586514,0.22291788290973222,0.216441242278589,0.8072506587150458,0.7955893925975132,0.33205029818465925,0.32583595444091035,0.2517102973456058,0.15979901658243745,0.4204061294224226,0.5605963479466776,0.5143681458985833,0.506690585648824,0.8122685509235013,0.2981787208724202,0.4048374306724407,0.43692134535225546,0.47678361835718075,0.2349322062299321,0.42576047485049384,0.5720648666897067,0.28723375358620856,0.44219809381517594,0.22231665376739834,0.6186721446650051,0.6905318189684706,0.4319197987602271,1.0,0.30439082268220735,0.23803896204020303,0.5156954636115338,0.26207027355093565,0.507254401449245,0.5230144120277188,0.2587460879147878,0.24631512404864686,0.21652989157252497,0.2968433194153378,0.3816217560045081,0.22224378093366587,0.23656081679570984,0.3988569288112983,0.39769592472397786,0.31868011896419596,0.2904211254235749
Satun,0.3753184303705157,0.2667212861752713,0.29740563190585306,0.17720373991832325,0.37815474068061733,0.24235066327968913,0.17631491013814357,0.1334492117690822,0.3941572996099749,0.13208810384243297,0.4008847081477121,0.23244514200816235,0.49691472358594946,0.19250378487095632,0.15120932594272224,0.16390648779923828,0.3168382860685176,0.5651034339377441,0.17057989977028148,0.15258971524200018,0.2464740223947863,0.15984507215271254,0.10195896042356123,0.3146836522628489,0.12019847382251356,0.26953992534463783,0.3428641903050809,0.32266182012028477,0.335214772447253,0.18459504354700373,0.5559056038206708,0.1989455535305077,0.5761007975783518,0.23839008753251306,0.30538638289922293,0.30428638085745074,0.301580731639257,0.4975113032832745,0.5471371663380742,0.5842264511958417,0.3954474971480447,0.14907923571457868,0.20988248250489427,0.15168282328617771,0.13350556083083243,0.28383104939591475,0.2129708288601666,0.5207566247400924,0.3237161183755993,0.23417546714635407,0.5473323160858475,0.28724037461610685,0.23449020897071465,0.14960793025273506,0.27993627949988453,0.20933297731552747,0.20711764278158973,0.2974344946152974,0.33395417866620747,0.30439082268220735,1.0,0.36975399686028443,0.1583443865927996,0.654539920671384,0.14409239100217144,0.19702023582580636,0.5702636428134679,0.2589055720363341,0.22428982810676257,0.6170678187946986,0.42649686998484126,0.39916806181901465,0.24329748559964465,0.17642632264174418,0.1551575305441816,0.5056504902825659,0.14151811936412256
Si Sa Ket,0.6422792678346521,0.24779245652554693,0.19056428218866844,0.3696767141616931,0.7574095204274554,0.15171100727322476,0.2182161536097838,0.366342145036291,0.18081930446808375,0.4128341913861016,0.523152148774943,0.13312237957047152,0.20464163023944112,0.47808346252378536,0.3395782790543528,0.18981372853168813,0.730282651241235,0.3325123366293684,0.48941014780079495,0.4541478584744788,0.5728347051099498,0.2261814680732075,0.3628507375209932,0.7002959816377716,0.33381572110843694,0.1702696563177259,0.21615213695978977,0.5298856214350744,0.7370744254579351,0.32079531156082064,0.25580278764905295,0.5429081552538776,0.2974952129623042,0.6280341775164264,0.5712566413836102,0.219212574627639,0.24908837140585532,0.17993256973656466,0.232242647775311,0.3032929755830207,0.5368609882637173,0.3641091552064223,0.15002264716963892,0.2739598412507165,0.2935264524503248,0.249964789428749,0.5652077822163498,0.251266457377411,0.22496536242483134,0.182130134104178,0.3101470685829776,0.22221671895350986,0.1384532295894434,0.46031733903427374,0.26640355839209967,0.5957768107481582,0.16217995279329162,0.17317397151407893,0.1938163335462633,0.23803896204020303,0.36975399686028443,1.0,0.21178136185867474,0.33987356533823865,0.28736108222835116,0.18190799383203143,0.2887138469255285,0.6026696920917283,0.49991939519957673,0.2832608465364731,0.1986419918155613,0.7905535349106546,0.6137675596599294,0.3223971663071673,0.4646832431205736,0.18679906195203588,0.4751594843025743
Sing Buri,0.1555108612155032,0.5602067338771763,0.48253280371192153,0.4132476780511704,0.19543617383167877,0.538957840973022,0.7424300684430294,0.532324893435096,0.4337925312648833,0.39887407031248845,0.13122790506355791,0.5176700245826844,0.2585525480219486,0.3158953871582699,0.6502413051282634,0.6331104921258264,0.2456728157587622,0.125536176020609,0.34242728425219526,0.3683775627247842,0.34536335940310714,0.754710114439472,0.4437985508220024,0.20844210321009254,0.43211028810342555,0.5244675555484387,0.4447707149386993,0.18087393275695351,0.26210321799945197,0.631924003401859,0.16736325028308008,0.363597289169818,0.1283403739613414,0.3018625424524883,0.20203036264037139,0.4970039388870784,0.5300526404088266,0.2594318506909917,0.18888858111391493,0.12463581682413186,0.14140972661849954,0.5745532994663878,0.5613032852019985,0.5955509713539799,0.5888954009264593,0.5483431574086685,0.3473654620489648,0.2906247173636166,0.5163254370666824,0.5602244474780225,0.1516278963910358,0.5104319221041366,0.509549783301985,0.38255419823456993,0.5977193412965117,0.3230039838637889,0.5562869643166255,0.4692759758628957,0.502808931507667,0.5156954636115338,0.1583443865927996,0.21178136185867474,1.0,0.13073902329335219,0.5578921915923478,0.708016095537564,0.1730046782540328,0.3234323976867042,0.340290306044466,0.21729876095979103,0.2649217974031736,0.1761692170315563,0.28142729558003654,0.6660527447250972,0.4550135325295368,0.24700330865504028,0.41655737344493365
Songkhla,0.36521044035596,0.2295885842112,0.28053679018685923,0.1850149943316615,0.35292371465116446,0.22335937787279253,0.16635879924017924,0.10523049829131549,0.3858024911594649,0.11693262149058498,0.41139715224982154,0.22560544446261288,0.5345527167289099,0.2007077547074393,0.11681885256098808,0.15111782954106157,0.2820161946712607,0.6259360882541019,0.1626472331754023,0.14005519828498358,0.23851561335357516,0.12706432617940383,0.09608987334517957,0.2968334261627543,0.12644147040834433,0.2447388958276943,0.33213466791374746,0.32627390887369434,0.29298742779315123,0.1514770205051056,0.6126223662693954,0.1994947322382435,0.6309576852271768,0.2185258613975583,0.30656915454047307,0.27506275362305843,0.2666286109983963,0.5209695477521661,0.5656415359300949,0.6864865364965698,0.4036707748119733,0.1006701169054059,0.20519554299046225,0.12930638328165017,0.10481593245672716,0.24334841876271085,0.18629552461024418,0.4791001405025888,0.3024108812411321,0.23690968773351595,0.5609610960848873,0.2941670542154263,0.23402541923208559,0.14781023795566406,0.24736381136329322,0.2017498383043394,0.19418172935900713,0.28693831836799727,0.34449200703622795,0.26207027355093565,0.654539920671384,0.33987356533823865,0.13073902329335219,1.0,0.13170053252736844,0.1887904927014845,0.6289723963987095,0.23240206468141894,0.20853602744868693,0.5832807066160932,0.44498886295193746,0.37482265395841574,0.2233411070361251,0.14143655840121358,0.11931859215225853,0.5345583305686072,0.13359566683047605
Sukhothai,0.26927538447327987,0.5448487567728223,0.4989514813446948,0.41134619201754397,0.271192674178054,0.4979030851395751,0.5264230961110296,0.5291840938062923,0.307673309751481,0.4683899033446587,0.13694736680282155,0.4789762212894303,0.27049366913755957,0.4920207276359001,0.5881320415226365,0.4696464601763636,0.3184730217085381,0.13686832935159854,0.45769937960243134,0.457294061789151,0.3757795423287462,0.526318561402743,0.5203685016288561,0.33606083048735846,0.590865478655491,0.49148060092042695,0.4612384359386899,0.2900461039003725,0.31844851808182784,0.5780462099090675,0.19947586915095905,0.4271460719108432,0.14021409823983205,0.4222192709909959,0.3669649996000114,0.5040059011400283,0.5178080554012856,0.26849706800667433,0.20560320685046193,0.1437212277826565,0.14961287189665512,0.5966083079837707,0.4496234058058946,0.724592598772228,0.7375345321299074,0.5296915425481574,0.4708046931115578,0.2723225255202612,0.31245644644207426,0.3646906344393044,0.15406409054524178,0.3115556099672047,0.4554708989476991,0.5444366396115685,0.3574119168933076,0.4301697087795805,0.5462254546466607,0.4836892922606703,0.33243362239688684,0.507254401449245,0.14409239100217144,0.28736108222835116,0.5578921915923478,0.13170053252736844,1.0,0.5350357894346014,0.18611588552547814,0.4685005729941674,0.3136277395658536,0.21255450870861342,0.22733204840268556,0.2471326251076899,0.4301080837072766,0.5558283761397544,0.6106835921091267,0.25706561240228126,0.539872927894206
Suphan Buri,0.13446380770500277,0.5672707117190628,0.5107918155233782,0.3627663370073846,0.15705698927697154,0.5542200411466106,0.7370243639182252,0.46162153888304,0.4478513800425712,0.3131143718507798,0.1299763397443881,0.5434783457125805,0.33983291790720827,0.2777133918164093,0.5564119190760303,0.6204673734973754,0.18651447194073822,0.17059846313186575,0.26817591388583883,0.28454883939547115,0.3088121427278445,0.6270066696907393,0.3681713719458009,0.16229989364523983,0.3910933597691802,0.5351907383449713,0.4931068696064609,0.14992773387086722,0.21015185365850492,0.5763433189005578,0.2306186920269664,0.31213118004263574,0.1913923237301568,0.23820796147445902,0.17136053927769893,0.5158812427676571,0.5499785176241856,0.33263551868605423,0.24642669321972394,0.18142380392931678,0.1387020005714806,0.4532242270734645,0.5941936922996262,0.5578234171821173,0.5267144569865277,0.557476135546088,0.2717352451028241,0.33459287494245693,0.5056385739563427,0.5935385275030837,0.18006245222154554,0.54677276688827,0.5482778819007855,0.3275414289463025,0.5620170595234617,0.2805774084480147,0.5708007059897007,0.507968374870795,0.5840172037394269,0.5230144120277188,0.19702023582580636,0.18190799383203143,0.708016095537564,0.1887904927014845,0.5350357894346014,1.0,0.23292509414533402,0.2688049671627852,0.25287068172956745,0.2486340029159989,0.29418276531793636,0.15117166013659555,0.21822238734376848,0.6056166885827794,0.3790072392859769,0.319772663249938,0.3566154167676686
Surat Thani,0.2905364394557871,0.24000226322914736,0.2700365070054105,0.18531712476736065,0.3162230774556499,0.23577920139699893,0.21938793056496636,0.1462343298985228,0.3869520959898023,0.14374316664472947,0.3646419812127502,0.24053552160519026,0.6036377875122964,0.18461464693133425,0.15740429569236675,0.18463025294942265,0.24681789351175049,0.6447909192097203,0.18039501112110587,0.1612621091644126,0.2617817129441242,0.1529268538381358,0.1443621879713483,0.24422394502773492,0.14376785356908248,0.249875970461412,0.31818763706420655,0.2627331742997144,0.263328376608157,0.19530023640245697,0.6071863470025325,0.2192745948802165,0.5393583712490577,0.21191486747806232,0.2656960531628105,0.26271587808855973,0.27543435085768264,0.5317858053506819,0.5317988933461303,0.6419509124968766,0.36099049419810925,0.12829739063606452,0.23354989069144966,0.1880105486708878,0.1458479383159392,0.2520754302503372,0.1886098632166639,0.45788693018887017,0.29372164568048653,0.26399406716599744,0.4982198089537285,0.322343867143686,0.2553174265665587,0.15160755989167574,0.2561502169999226,0.19735867878475072,0.2187715483953529,0.276915512060947,0.3543820059615455,0.2587460879147878,0.5702636428134679,0.2887138469255285,0.1730046782540328,0.6289723963987095,0.18611588552547814,0.23292509414533402,1.0,0.22947450235630235,0.20872807875844263,0.5893086048720388,0.41271262243069656,0.31211408022744297,0.2058319774261041,0.1884591624742165,0.1368174487589173,0.548284606434332,0.14928816077865886
Surin,0.5646416460310668,0.26326129227176387,0.21599740915269838,0.5165467764239162,0.6023265910996942,0.19125886701164646,0.31800356542963104,0.4998839670245345,0.17062742397823125,0.494931537263128,0.4022791899012981,0.180874743659203,0.19596262244291462,0.6391787372260165,0.5093695964622447,0.22618659617848108,0.6056322380870659,0.24376751980844652,0.5591220355103312,0.5281943847838035,0.5966024275377364,0.3465712138404428,0.488034062460081,0.6502811296421329,0.5090786391839692,0.19278733338997533,0.20430900029154025,0.5358041720091642,0.6120261910275443,0.4800682893841093,0.2199298118429137,0.6065340315003869,0.21224217320128919,0.7338032928476752,0.6438803739125385,0.23178133222653294,0.24941254691763087,0.18838031438453923,0.19434811537087623,0.22061287406883393,0.41534309824496096,0.5377052440880955,0.16491469692084104,0.4195622469486818,0.4508886754731724,0.2590278512922447,0.6234366707220835,0.2206270007863301,0.24655795796069727,0.17352208017305643,0.2640346996247585,0.18958464898618527,0.17581784236302928,0.6302990380909546,0.28610581056048245,0.6697302813771229,0.23308533997408196,0.2030603990573903,0.2165036876086226,0.24631512404864686,0.2589055720363341,0.6026696920917283,0.3234323976867042,0.23240206468141894,0.4685005729941674,0.2688049671627852,0.22947450235630235,1.0,0.5164611364431184,0.2595380672143335,0.18433851962627776,0.5668116041367065,0.7270292858629348,0.45701022412095604,0.5806182732968852,0.19093606410630248,0.6136089720968265
Tak,0.4525688739425316,0.23352565237598927,0.16725202538111822,0.47425154228531097,0.5128811501363896,0.22219194067422876,0.33319929302827994,0.47855537586496655,0.20979023047204445,0.5883810965123711,0.4413813672591367,0.21667068370427872,0.1651812002293255,0.4814935758797972,0.43969993330315404,0.31258553964292113,0.5547877204136424,0.2439177549674381,0.610224784825639,0.6173312349380341,0.5783587661003162,0.3814898423842944,0.5331759051502565,0.5272725909643415,0.40543629802455144,0.21530289086164076,0.15345874352704567,0.4499178720007558,0.5298203854035758,0.36261184252391127,0.15813901574532113,0.5982391170920184,0.1812300263889635,0.5916742043116634,0.46942640110711154,0.18195107839203423,0.20607059235701505,0.14313464446101296,0.1785455299594346,0.19889647516124742,0.45712010034999334,0.4900518177105975,0.23709414915328833,0.3275708201720362,0.3592585588391924,0.22637240251247012,0.5445203271635373,0.2122755038171899,0.30012063077538387,0.2962634467402956,0.21956702379769025,0.29787790341283,0.23472189015854905,0.5119395802736986,0.3506110841946947,0.5801214302454002,0.23003262026075594,0.1632720988034042,0.2228258026168323,0.21652989157252497,0.22428982810676257,0.49991939519957673,0.340290306044466,0.20853602744868693,0.3136277395658536,0.25287068172956745,0.20872807875844263,0.5164611364431184,1.0,0.21381978843658583,0.18315236889391323,0.4777997112606286,0.5604500339786501,0.39476331835017414,0.47384041322039433,0.14866631199905267,0.5363398251563881
Trang,0.31407424577301296,0.2591267243453496,0.3148712114371895,0.24595311042972132,0.3142457288444505,0.2685487594582601,0.236551188833336,0.17129073641062328,0.4389628169383942,0.14700630687150296,0.32086649128559136,0.2662486265981984,0.5669417625515922,0.2155121370099342,0.2166717467460192,0.1889646771686522,0.25130050392096054,0.5417054703051454,0.1701258320673616,0.15978381074497314,0.22324113097572512,0.22506473608904332,0.14737822038356765,0.2597838601739889,0.18337333984240933,0.28776805747373774,0.340513391645632,0.30688914504009124,0.2696160829931912,0.2553344054190559,0.6067167855371999,0.1952520759525776,0.5465493564427316,0.22027503107834523,0.2978029746382388,0.30727271112637256,0.29117865898442097,0.5863437212583207,0.5807997364567499,0.5664535184924588,0.31480276321336204,0.20798174034042927,0.2246955527627767,0.20769815501507377,0.18848516933600773,0.27333799115280855,0.20049891558572536,0.5372633856586977,0.3710616720067434,0.24373648158278302,0.5700986239005057,0.2966729122149516,0.25993378001728856,0.17513206955151167,0.3101100730836087,0.18184890310720098,0.24303792905768185,0.31912417063813703,0.375531594844595,0.2968433194153378,0.6170678187946986,0.2832608465364731,0.21729876095979103,0.5832807066160932,0.21255450870861342,0.2486340029159989,0.5893086048720388,0.2595380672143335,0.21381978843658583,1.0,0.46621176323209756,0.3125741996730329,0.22888182879040236,0.22652712840158423,0.16423940274935311,0.5970204553364384,0.15397053478033754
Trat,0.31291896081151394,0.316928071153602,0.4413672654901738,0.27956760063676067,0.22575718136994755,0.382088054305011,0.2767769208272737,0.1097780116218037,0.561253438307681,0.14243732971709389,0.28739885907613355,0.385169118467381,0.4069681764417021,0.24730327873019597,0.19177602685325873,0.2731990610113358,0.1682323389612691,0.40553824377116304,0.16391558642737586,0.15440092051416876,0.10362701098602822,0.305784211142872,0.14630149046662863,0.22730514847420305,0.23208240796538526,0.408574241506516,0.4557768634487198,0.357874282151693,0.16656278920131912,0.22648908724783232,0.5124618798524299,0.1478360492626843,0.5061878336263897,0.15119757406292206,0.30532036083779107,0.4175269295042249,0.3397068185301595,0.4888380272311622,0.5072857700191185,0.46274208930720834,0.27553323352409975,0.20555163530735537,0.32301291647099006,0.18618629914374796,0.19522644130553712,0.3263493669103672,0.17294935652141924,0.38280507533984043,0.4789987158358507,0.3287017601320539,0.5353656814340702,0.35671459086980317,0.3615196021458147,0.18134196848117556,0.3568807468486711,0.1261289169928433,0.32922084345909197,0.456500313410877,0.45044086280399454,0.3816217560045081,0.42649686998484126,0.1986419918155613,0.2649217974031736,0.44498886295193746,0.22733204840268556,0.29418276531793636,0.41271262243069656,0.18433851962627776,0.18315236889391323,0.46621176323209756,1.0,0.2454945477587412,0.18505611573224526,0.17493225978839572,0.15025055191239678,0.4924771342060131,0.12301353672344777
Ubon Ratchathani,0.6839887989558865,0.21853234593480209,0.18738031553066242,0.36366077592733986,0.7648525603369234,0.13669210452110062,0.1863946776917298,0.3143391054543071,0.20198872156864106,0.37595569947394825,0.5479350409918062,0.11929174347141776,0.215441506946509,0.462898024400388,0.29693052009328136,0.16137575510590563,0.6858085132177181,0.3625029321233595,0.45764026507168465,0.4205550824853345,0.5225086255972845,0.20168544434296964,0.3252162338171467,0.6877353820385823,0.3090425812675403,0.16073237322399142,0.2178965156556032,0.5638857714189689,0.6813320605767914,0.2851191411743462,0.29521214280621916,0.5092155539678705,0.3407204965350871,0.5863955240000993,0.5842929645811016,0.21116137987367956,0.22530164690302457,0.20423401940941197,0.2648491920197157,0.3406826858296097,0.559232459268487,0.325542575419057,0.1268090144389968,0.22487450732748127,0.24819003230458114,0.22266298196586293,0.5327869725811223,0.2541118534967271,0.24072603750617255,0.1634965947153975,0.36060051384875624,0.2157945649664548,0.12097120778059638,0.4261200272526843,0.2581191747465843,0.5467778088422783,0.13622275960703983,0.17274418260876556,0.1996406264648119,0.22224378093366587,0.39916806181901465,0.7905535349106546,0.1761692170315563,0.37482265395841574,0.2471326251076899,0.15117166013659555,0.31211408022744297,0.5668116041367065,0.4777997112606286,0.3125741996730329,0.2454945477587412,1.0,0.5858389705941986,0.27449077833241137,0.42012473584068666,0.2131616079525839,0.4260996690274763
Udon Thani,0.6088531661824403,0.24360513414267443,0.20912739985124093,0.4953204037544189,0.6164577864119876,0.19756341865853827,0.26685444944573944,0.4692951018088037,0.14113062080873642,0.5438003856596828,0.4341292126476297,0.18524301413449246,0.16045605810187466,0.657335542661718,0.4442019536455273,0.22209463402604218,0.6425665352306149,0.2375925165847204,0.6320109766780845,0.5903550045191597,0.5769059970440865,0.31644264826380564,0.5174112077305233,0.7237911164861628,0.5146594145443637,0.20213097698215424,0.19873157188574342,0.5823819115813083,0.6175774451471485,0.398967765831881,0.20156655842188087,0.6391313377348076,0.21488897006321356,0.8222906775693576,0.6898090985933211,0.22157683208168655,0.2254864579654529,0.16317883107352749,0.19273126578920158,0.21469997750952846,0.44747927542045535,0.5099047179799097,0.16097405319171226,0.3833214865699201,0.4283690518910215,0.23761164129725607,0.6722211521437855,0.2034323796770544,0.21816962941476098,0.15879219849756893,0.2611782177398407,0.17042507041258492,0.1801333430505951,0.6442849295614211,0.24607131435782958,0.6933908640468122,0.22290625097047345,0.19929393343022464,0.16401944622392262,0.23656081679570984,0.24329748559964465,0.6137675596599294,0.28142729558003654,0.2233411070361251,0.4301080837072766,0.21822238734376848,0.2058319774261041,0.7270292858629348,0.5604500339786501,0.22888182879040236,0.18505611573224526,0.5858389705941986,1.0,0.3824804199871222,0.5940922663524253,0.16681936329741326,0.6159507835444172
Uthai Thani,0.2261126134670003,0.45771966988855195,0.35322101304497494,0.47274202790131514,0.3066276831250982,0.39417070693648393,0.6600137674125702,0.6167881075174984,0.31655916300327774,0.42681785883315326,0.19270188372902908,0.38011732047951335,0.25180394150728685,0.3769720410526136,0.7573034673133071,0.5208613322955166,0.3515853132043192,0.14471183851740846,0.3874352872517372,0.4050164736896947,0.4800086567353706,0.6266759036932021,0.4751123035276572,0.29952400682252317,0.4533756273534292,0.37598045291830884,0.3218974323743125,0.2294563670855062,0.3814860995247834,0.7460246858230563,0.15901238673997642,0.4567289400819914,0.1126388689915082,0.41858114107285704,0.2771785790147484,0.37409275796920627,0.4327671603019778,0.2271213083851004,0.1506291453833058,0.12526252017873685,0.20646168573392415,0.6015489485693326,0.4372396910668444,0.5898447948094152,0.5777302417040041,0.4479282226839271,0.421933600334799,0.2679831581081704,0.43546424277829276,0.459002129002158,0.1484487344834442,0.44074924226431633,0.3820799344734174,0.44802866200996194,0.5428289403194266,0.4369536533508296,0.4377419558964324,0.33660480930838643,0.44105513577302424,0.3988569288112983,0.17642632264174418,0.3223971663071673,0.6660527447250972,0.14143655840121358,0.5558283761397544,0.6056166885827794,0.1884591624742165,0.45701022412095604,0.39476331835017414,0.22652712840158423,0.17493225978839572,0.27449077833241137,0.3824804199871222,1.0,0.5075259609422709,0.21804598218348883,0.50051436508024
Uttaradit,0.41185908035514895,0.433325235440357,0.3473055807994882,0.42765949505656686,0.45147822246149494,0.3563408469242606,0.41799880851719284,0.5476741174946733,0.20773669354469632,0.5833870543335649,0.2881899938314749,0.3255115857891817,0.14116908991261773,0.5352826327561845,0.5623180827890726,0.4033007746037745,0.5176600243481194,0.13640009002214748,0.6170143668511603,0.6009829082356875,0.5022200848584439,0.4576565431160118,0.5908690372101761,0.508456609703271,0.5511650880337408,0.36402863238580363,0.32017682959934046,0.4018152343658055,0.5085267782171529,0.5233840522200222,0.12649288761972527,0.5840895637931205,0.10355983741336539,0.5918804441533265,0.47340974839447225,0.37384382147186945,0.4037272553367187,0.12849262751087015,0.11622448352807802,0.1137782473236606,0.303997057945441,0.6326748191467281,0.33404674819559177,0.576051653961885,0.6202923826259463,0.4214747699009488,0.6932429659731602,0.18664268918902893,0.265352995407118,0.284934781730927,0.14655237581914476,0.2644440661603665,0.3056472827072727,0.5957196461247234,0.3394726548635336,0.5689722853253398,0.38605543818718535,0.321065440656364,0.19979193009927504,0.39769592472397786,0.1551575305441816,0.4646832431205736,0.4550135325295368,0.11931859215225853,0.6106835921091267,0.3790072392859769,0.1368174487589173,0.5806182732968852,0.47384041322039433,0.16423940274935311,0.15025055191239678,0.42012473584068666,0.5940922663524253,0.5075259609422709,1.0,0.12372587085553338,0.6194803817812748
Yala,0.25509310957454234,0.28817558546422467,0.38404299061397995,0.2620464064902901,0.19634098373048514,0.3493019361382269,0.27218805879569663,0.1678134406533077,0.4375726111426075,0.1306968583317483,0.24556265664377738,0.37238113659776156,0.6510533772397162,0.24577175335442497,0.19672226421112235,0.23315987204527244,0.14323848658320815,0.48082180231741095,0.1375700375205991,0.1315281678547543,0.1645766031784568,0.23645076769767914,0.1488520808487788,0.19123174045827387,0.2485569610265431,0.34510394603867317,0.39783015655086473,0.27474143397485706,0.1500829363518817,0.23340629998451154,0.6155453412134235,0.1422746187843893,0.5618591307179014,0.15263523410103358,0.26105191679639533,0.35181450558804794,0.31197356894148875,0.8774271939147182,0.6665623749664565,0.5368173897628375,0.23874323379026532,0.1658656759530785,0.30617782344966604,0.2419307120652912,0.21784090235809278,0.29503502214262745,0.11671925449164777,0.5630576046679139,0.3506616863269413,0.30348300764588365,0.5241691461393292,0.3108834268972354,0.374897812742796,0.20220628514339198,0.2707000138338537,0.15947236325700576,0.33844706654183837,0.40749405774273717,0.43881366116191095,0.31868011896419596,0.5056504902825659,0.18679906195203588,0.24700330865504028,0.5345583305686072,0.25706561240228126,0.319772663249938,0.548284606434332,0.19093606410630248,0.14866631199905267,0.5970204553364384,0.4924771342060131,0.2131616079525839,0.16681936329741326,0.21804598218348883,0.12372587085553337,1.0,0.1655693247489864
Yasothon,0.43148675798499037,0.33881186104617755,0.2770427361091543,0.5227587515709446,0.4457396724576604,0.30388565944391865,0.38676458470720726,0.6068227930092415,0.15168886886034597,0.6102042819837256,0.3003442253919934,0.3083794012545772,0.18524383359718763,0.6415367982980329,0.5447469068253589,0.34389667524373624,0.5115615108103782,0.14418080292946273,0.6186241062958753,0.6186619136127869,0.5756733101217786,0.41173029846593406,0.6046583060879117,0.5351824372534695,0.6220245108457803,0.27763450799725975,0.23764084403471092,0.4323099621551583,0.4898578683166132,0.47370254314600824,0.1306359078476766,0.5799389222144911,0.13027882740909846,0.6360843788129042,0.502960879006304,0.28151133442271326,0.3028350400492034,0.17058314145680745,0.1624619438538631,0.1260864912308894,0.3165838788960489,0.5802929326435031,0.29467594852326484,0.5312553877022217,0.5648590945878953,0.32229460008512656,0.5710643031717891,0.23146863156245323,0.2080734371904711,0.27584233203455877,0.14380806729083856,0.22294522436738096,0.3124495824222324,0.7545939143976641,0.2769864937005145,0.6854230492628803,0.3678362110334123,0.2698988607856795,0.2125997463486694,0.2904211254235749,0.14151811936412256,0.4751594843025743,0.41655737344493365,0.13359566683047605,0.539872927894206,0.3566154167676686,0.14928816077865886,0.6136089720968265,0.5363398251563881,0.1539705347803375,0.12301353672344777,0.4260996690274763,0.6159507835444172,0.50051436508024,0.6194803817812748,0.1655693247489864,1.0
