province,Amnat Charoen,Ang Thong,Bangkok,Bueng Kan,Buri Ram,Chachoengsao,Chai Nat,Chaiyaphum,Chanthaburi,Chiang Mai,Chiang Rai,Chon Buri,Chumphon,Kalasin,Kamphaeng Phet,Kanchanaburi,Khon Kaen,Krabi,Lampang,Lamphun,Loei,Lop Buri,Mae Hong Son,Maha Sarakham,Mukdahan,Nakhon Nayok,Nakhon Pathom,Nakhon Phanom,Nakhon Ratchasima,Nakhon Sawan,Nakhon Si Thammarat,Nan,Narathiwat,Nong Bua Lam Phu,Nong Khai,Nonthaburi,Pathum Thani,Pattani,Phang-nga,Phatthalung,Phayao,Phetchabun,Phetchaburi,Phichit,Phitsanulok,Phra Nakhon Si Ayutthaya,Phrae,Phuket,Prachin Buri,Prachuap Khiri Khan,Ranong,Ratchaburi,Rayong,Roi Et,Sa kaeo,Sakon Nakhon,Samut Prakarn,Samut Sakhon,Samut Songkhram,Saraburi,Satun,Si Sa Ket,Sing Buri,Songkhla,Sukhothai,Suphan Buri,Surat Thani,Surin,Tak,Trang,Trat,Ubon Ratchathani,Udon Thani,Uthai Thani,Uttaradit,Yala,Yasothon
Amnat Charoen,1.0,0.12830207182444825,0.1571847413796067,0.5423689868130501,0.560295857861784,0.16071746075202556,0.17168312309443914,0.5130379969347492,0.5055160235332362,0.19381402210901877,0.47058518023527984,0.18668408330540184,0.13057051357053368,0.49745895968050513,0.3287264594446932,0.2693168216722089,0.5872089386032083,0.28644585011633683,0.22222805666742235,0.2031784566694235,0.28320238021171473,0.6081765773415161,0.18542350837308258,0.6276490533926559,0.2519971731151659,0.19106430423208037,0.10638859771439763,0.6712757954565924,0.5020398347781958,0.4266519899499672,0.18167834415454542,0.2360102269370369,0.2613938329172334,0.5094063502034323,0.5441535946256947,0.1757843589523817,0.15085911658055792,0.16550628612351387,0.2573961112442261,0.22403259944767112,0.5376167035356828,0.37383293285692043,0.15032780922271177,0.2160230208818238,0.27235737358302675,0.16875194131328286,0.2799136622682569,0.2545807370377068,0.49825202109425903,0.12590176350263527,0.39343204087880584,0.24315038196724664,0.166635151409672,0.4952278129847866,0.6154446914708753,0.5018884996711092,0.16314709134457056,0.25371338226046064,0.2338689842944756,0.15138846837652267,0.35834599825959634,0.5401344074053819,0.2595677289429045,0.24388213962931782,0.210973836987651,0.1428998004969248,0.23536925388123747,0.5192259357578638,0.41069623892482976,0.28657107512725627,0.5031186977357479,0.5280486328015608,0.5074037486677148,0.25481886212406224,0.3226236594205648,0.16375508718934512,0.5287906243957738
Ang Thong,0.12830207182444825,1.0,0.6842337940911105,0.2891610550966646,0.11319407598231783,0.6083444468099373,0.5125989842180815,0.27449662005992526,0.1738542350714543,0.669259453226776,0.183590917532016,0.5294663111518934,0.40798449803343495,0.27973230064300275,0.41394783875629826,0.575373594394044,0.16467610098596625,0.21162022035348854,0.691008901908283,0.6770265326675704,0.47497916237765014,0.23945553922164564,0.6749622414407861,0.15051795012505803,0.630454841880046,0.5301295668795416,0.7295060784549887,0.17682196472513523,0.17005067216813366,0.2744712484888362,0.34601438770694404,0.562368859904846,0.3026151930801084,0.26503948104056746,0.30596771684129614,0.636808990786788,0.6534934430477679,0.41862444634462315,0.33473315325588626,0.2771987320351207,0.14679599414435884,0.41250216722584365,0.5349636673920458,0.5061459916914929,0.4309191889573357,0.5917171437492109,0.5658893171466053,0.43934150850472653,0.17695435091443137,0.6007648922531793,0.21668713150205066,0.3299240911772061,0.5819880666691459,0.20003703673132944,0.10242659410058053,0.26501159766085,0.5854772346041562,0.5015789990550329,0.40812264516937447,0.6457692726077668,0.24458769252149049,0.1485031622065312,0.5111526965035373,0.28424661469139584,0.5065491191388998,0.6064216260409886,0.2610357190479624,0.13959960145146555,0.37674843093249405,0.29391145211561337,0.1680922204539376,0.12626743381672773,0.24745715544336083,0.5172338560485961,0.4367977756119521,0.42346809438187816,0.24596534361897143
Bangkok,0.1571847413796067,0.6842337940911105,1.0,0.280536620664637,0.10530450737050939,0.5983115883821681,0.44862523288785294,0.271444111752818,0.25130499969623804,0.5730430744478628,0.10582809848633447,0.5660276198568912,0.4485141418201233,0.30944287430089645,0.2762121990698811,0.49573490295564693,0.14039503599415004,0.2402436624829905,0.6113516668250275,0.6007026193064373,0.47780351532579046,0.23966026628298398,0.7226888698319937,0.14007195802619166,0.560897705369241,0.5732762486313874,0.6922896066141722,0.1559541009133061,0.11838317681111693,0.17020851252891694,0.3076822906558572,0.5190223373216176,0.35603262131331853,0.33395886455910606,0.3159234838244315,0.7707426057388496,0.7796797631399318,0.49821095061519843,0.4380034126788682,0.2639186865760481,0.12324196017749828,0.2972132419574501,0.5770706006538171,0.41957153107206296,0.39883910505068565,0.5912222150409074,0.5479716354657918,0.5497301592101633,0.1456758441504319,0.618274547176147,0.2250917078634575,0.28439919472884256,0.6095795970159229,0.19821333631921093,0.12388044422748151,0.25362482702835537,0.680066983927098,0.6037449086965039,0.430046192112142,0.6359351499652901,0.2657765673185527,0.12456497793845595,0.5365969088365571,0.2590732212440465,0.4121097799574283,0.4923285121499594,0.2790221366738981,0.1558123582028284,0.3148858450566714,0.3535920133515652,0.20973364638412634,0.10493454730687218,0.25355445765480494,0.3779801591207487,0.3813382338099437,0.4985115625155806,0.2925869274587929
Bueng Kan,0.5423689868130501,0.2891610550966646,0.280536620664637,1.0,0.3726759445050556,0.2175726754267748,0.3334239642899478,0.4189939824637799,0.3566679077022683,0.34230916666974276,0.4536500752785095,0.22710667390891082,0.13853858730203972,0.45106017944908694,0.4241532593386616,0.3242603959796148,0.47180555153549125,0.23594734095799802,0.4191593340953163,0.37696924068296617,0.48308297610671214,0.6440535602827763,0.28796043091052126,0.47059321915176855,0.36602521690048906,0.2777591836746014,0.24709247121345845,0.6046751374148523,0.3656015089538768,0.38277071599391554,0.19813799165520019,0.44872665291993097,0.2877224558831446,0.5887325299521342,0.7132802893812201,0.3144540801943777,0.281720902520957,0.19580067867823536,0.2399872656948589,0.21903825043869865,0.4374735741552924,0.4704932253415486,0.21804474278130137,0.21226381912617814,0.27797048303146327,0.2648618320479872,0.5015887869368132,0.34350245074412655,0.5350188368399607,0.2355717961746846,0.4480608862557288,0.304425948217913,0.22488575618357434,0.3310139678804248,0.4328780761580579,0.47137687938470063,0.2339180014907834,0.23422548809944055,0.3373246923080636,0.31051593476509415,0.4154195684617355,0.3854620494224474,0.4725275868152997,0.2631854848682291,0.22172524520031062,0.23662184607769726,0.20882718305900086,0.3207832250987587,0.4348167441683367,0.3251261708753807,0.3621673607927272,0.3903139282567826,0.49894415658147545,0.43268983627811514,0.3751922986153721,0.19642355988837853,0.3843522714334348
Buri Ram,0.560295857861784,0.11319407598231783,0.10530450737050939,0.3726759445050556,1.0,0.16968054248066083,0.14679630115915865,0.4891059203121659,0.40852614233111206,0.18559572441996552,0.48187356837553763,0.16083413388500784,0.14733287217445012,0.44348823171076746,0.3476189284906703,0.2724198895387932,0.5870930824327834,0.2884435548803359,0.16407432605780692,0.16303914404875924,0.18670651586230988,0.45059083097069813,0.15556908685183124,0.6065178885338176,0.23303603310555043,0.1324682629083264,0.08157109071675503,0.5412795006664257,0.6218869024968837,0.4956268008892664,0.22128882625021995,0.16327524545994593,0.217824454832371,0.3312813097878678,0.3740129147776283,0.11138812110110782,0.09869328365895286,0.139399785361297,0.18926153937816736,0.24849031771664046,0.5201513334515422,0.3590453256036342,0.12332043691478584,0.3014066216437415,0.28840239017093566,0.15341181638445495,0.1750488003453341,0.159141183594797,0.39842236756655464,0.07994282148221674,0.31621264196950283,0.23040215452185406,0.15026962739080077,0.5653403696343943,0.5607804170505077,0.4827106534579104,0.12782062280810058,0.21280928809468086,0.1717341659833062,0.09006851695093916,0.2825405382994532,0.7018327887353639,0.11931102581947872,0.25051492259802277,0.27450552498491726,0.21083064266100662,0.24505438870486235,0.6222890797256773,0.3759662123830454,0.22116932996663513,0.44466278228500494,0.647015333894949,0.45253873335648687,0.23582050653028847,0.28462335505762626,0.1420172690630798,0.4725019121209527
Chachoengsao,0.16071746075202556,0.6083444468099373,0.5983115883821681,0.2175726754267748,0.16968054248066083,1.0,0.42160357665020126,0.40119470340185215,0.22376901708149255,0.5417415898709418,0.14016268508889174,0.6780240616906028,0.3779910508574178,0.38605430207025937,0.372913244961825,0.5510687451611016,0.22100595011644736,0.16815801388760218,0.544335077068921,0.49853264455789487,0.3012736057371423,0.2513807013304175,0.5819983539763515,0.21956694692786044,0.5556110342695575,0.6228469721071129,0.6204566489701723,0.16341088078430815,0.2229192723908481,0.29609064821447556,0.2739355391808229,0.3512243521766624,0.21968041622155315,0.28069947148458435,0.21024811825502515,0.524658530341517,0.5603626948146914,0.3867050788266929,0.3682955181853252,0.21139561085093006,0.1266087681088561,0.40704840037711043,0.6294402011163834,0.5962308592607553,0.5900943702216125,0.6331185469297802,0.3750423244831844,0.3689021101330816,0.14171144003348368,0.5649543430020195,0.10232349468523455,0.25869629226482604,0.6771636784100721,0.32862797361188667,0.130130050104456,0.29471972310553385,0.6150221963567623,0.5561886626299302,0.26450401138622615,0.6163830187323124,0.13129574087426912,0.1905793666219365,0.43064241139079784,0.20795118391231038,0.5885623858853808,0.524845613805331,0.2204211120234624,0.23855804440639405,0.40075329866257814,0.21014872652158517,0.16058271826402704,0.177320028240917,0.28817985754314124,0.39427356267238395,0.5359178740750519,0.3740549956262078,0.3878915667109176
Chai Nat,0.17168312309443914,0.5125989842180815,0.44862523288785294,0.3334239642899478,0.14679630115915865,0.42160357665020126,1.0,0.225598072272237,0.2166928634509722,0.4033028608483038,0.2809671985391589,0.3758018946988146,0.4656845438963394,0.32326953668361924,0.4359146935097734,0.3288258939799676,0.23421674805576026,0.3743271770368536,0.4904198463411724,0.41254495494272875,0.5724907012209621,0.28615482879378246,0.3799594019347922,0.19331471893844762,0.35283270997157534,0.5049946631975188,0.5803180711613859,0.2303149464465205,0.16929879665693015,0.3697205068849045,0.4923751926992277,0.5341056850835846,0.4384378606714015,0.3926789436427348,0.34762265657811375,0.4420843479750393,0.5004080223895849,0.46633077513806304,0.4330924558416737,0.44956053979275334,0.17710469780976393,0.38576159730666104,0.4503442328070352,0.38987333850676414,0.4193670386036951,0.5683732910098999,0.4800669347093087,0.3967538977258956,0.3863105196708674,0.5719260553320168,0.3760307741978066,0.5800327472808403,0.3680625694696531,0.17244742289682474,0.13578532481599823,0.3375857254683524,0.3828537138991303,0.27898981281380375,0.5124869874441097,0.5904901226695243,0.41179301442134597,0.1635932944505384,0.6230250363007594,0.4831547516740576,0.4081311268875416,0.6140997096782709,0.4316577901948685,0.16966677871610641,0.2461999739419634,0.43940061902316424,0.18968679885038253,0.19081471171083272,0.3754376930873631,0.5132347277142469,0.42062078611659043,0.4527498424570486,0.2075396025118592
Chaiyaphum,0.5130379969347492,0.27449662005992526,0.271444111752818,0.4189939824637799,0.4891059203121659,0.40119470340185215,0.225598072272237,1.0,0.3550799376400723,0.32896638967343,0.3498622046578602,0.39586002902677037,0.12236431189502776,0.6413522517098049,0.4204088459724513,0.42674530702354413,0.5807392436367181,0.12586828584490511,0.3447707289001485,0.2774603226552669,0.1889602619092513,0.5356582835369341,0.302577877227091,0.5977201778767507,0.4035403401376355,0.3723725585315379,0.2520448044916167,0.5029772290174533,0.5071749703799558,0.5063863140221134,0.11512927852053163,0.17225222711537805,0.10673702113074456,0.44271258046345885,0.3951309170954662,0.2395157299453711,0.24375186288457273,0.14585930402095704,0.22659283192754065,0.10782153363411326,0.3565860857314398,0.5006344538726477,0.34096830525179345,0.4642006429470905,0.5399416236470619,0.37954365997837336,0.23195637229436553,0.1996200809910359,0.3310069920737708,0.22887538713599914,0.15904873459184665,0.16447921988768213,0.363157339501311,0.622259459892149,0.4136601211509865,0.558387035891285,0.31036725993296493,0.3500519985306534,0.09025424029109892,0.3134294785994812,0.1365603103568776,0.5062505916162543,0.2768244942515023,0.12014554278373024,0.43941019525045755,0.3012597125545396,0.11765163547697649,0.5333017207779972,0.4835282659890652,0.11949735274634277,0.29979737237865056,0.49810363451574113,0.5499215554199537,0.30475676036814486,0.5351661497631501,0.1298019431592513,0.6906951588407896
Chanthaburi,0.5055160235332362,0.1738542350714543,0.25130499969623804,0.3566679077022683,0.40852614233111206,0.22376901708149255,0.21669286345097222,0.3550799376400723,1.0,0.15490449656644523,0.3472978585725239,0.2832633071628766,0.34488604550527713,0.3311296453916104,0.2072422241997775,0.28001691242294235,0.34011636850946025,0.4482477510012016,0.18795697913308448,0.19047645792981469,0.2631203066120532,0.47415841540121684,0.23754593791856526,0.38498457681053605,0.19638567057320092,0.2878756235257656,0.22299918207926464,0.38732133610698033,0.3447380977046044,0.25922804731354,0.34914702646372436,0.2375753469048753,0.4116593720401589,0.4411817632499332,0.394221241112259,0.24707824931154093,0.2415716561319894,0.3561883918588478,0.47820301264912785,0.38097334482493833,0.4693589502610433,0.2402705947334871,0.251369742446202,0.19370707145702837,0.2439362179572831,0.2025953034478299,0.25053296828586086,0.3425112688763836,0.4626205218013089,0.3196289150835753,0.41273764359684745,0.3783249230316693,0.25428716114831124,0.35240457672802733,0.5475930895752893,0.26490246028918235,0.26221392850338854,0.4078233343140632,0.3806612980572288,0.2316839114297643,0.42121095445116796,0.35625864296206877,0.2924928504927635,0.38873619218574096,0.2351901343306635,0.1374753437162797,0.42063296977802916,0.39466773225310814,0.35915234069009916,0.42369850065503295,0.6597125647722927,0.33764705718559473,0.29480666328896743,0.2082074512803982,0.3081660202822492,0.3517679741382177,0.45733432526301177
Chiang Mai,0.19381402210901877,0.669259453226776,0.5730430744478628,0.34230916666974276,0.18559572441996552,0.5417415898709418,0.4033028608483038,0.32896638967343,0.15490449656644523,1.0,0.2472641379419951,0.4714706982704226,0.2959559855887101,0.2961374483520891,0.46239189178653634,0.6062663223142367,0.23461218347841184,0.14748823042732465,0.6586290767870939,0.7363169239182251,0.4240274036762291,0.2905770708407538,0.6400358660973577,0.22444894641786794,0.7362862791459204,0.4239315365252717,0.5585226265263274,0.26150927214744896,0.25568539230739623,0.32772952991531334,0.26942003945880033,0.5269122320067463,0.22058174808678527,0.24488029570800385,0.35006533039261,0.5521663028237579,0.5302214335326064,0.30319832981543104,0.22113383546349374,0.20680973857779048,0.21220783847843364,0.47069662918256905,0.4472446977670886,0.5098574927621908,0.402137779495523,0.4843341057948294,0.5483345394196975,0.37079185147578747,0.18310499708654804,0.45382764480379534,0.2012513190594859,0.2475901461042609,0.5396343344249294,0.25724633501074146,0.15876154422017896,0.3094656101565198,0.5202406947247762,0.4523675098779585,0.3237078898321216,0.5165424190492498,0.20704177068263152,0.23103378897207885,0.41752369911538156,0.21547059018168052,0.49637617348526253,0.5341823092377078,0.17702627941441013,0.18832035143343467,0.4419486764710932,0.21473333186531463,0.17992637361965041,0.1968548439024735,0.26954229266090246,0.5300655306775737,0.4251077594625548,0.31545897418914526,0.2737905363909261
Chiang Rai,0.47058518023527984,0.183590917532016,0.10582809848633447,0.4536500752785095,0.48187356837553763,0.14016268508889174,0.2809671985391589,0.3498622046578602,0.3472978585725239,0.2472641379419951,1.0,0.11149722977571765,0.16922799016172346,0.2985587308811687,0.5023875445758985,0.3074578379018559,0.4911173411376514,0.34421988625288336,0.2439115168836098,0.252197361271764,0.2963844792413643,0.46860917650938816,0.14572343382675595,0.48556531576984346,0.25037545702165154,0.11559831536499704,0.13690919273033506,0.5324990114315875,0.5139977091033137,0.5215058244572105,0.35496362119798597,0.31848649890910974,0.2758927644685762,0.30202137890362923,0.4318073448681762,0.12053295325756504,0.10106303203656442,0.1332933561142109,0.14892544090164464,0.36178166760227826,0.6035295102108765,0.4772721051484935,0.08449634709975068,0.28411006894798263,0.24103355006598962,0.12108130223528316,0.29306122636717163,0.14130458515384692,0.5537587904333908,0.14331278204887096,0.4516048616802648,0.4006824099064909,0.11268775909553064,0.37550330884748095,0.5041574516205976,0.3700987459204449,0.07584091789538328,0.12171520984915737,0.29757145893982323,0.14162141777490073,0.40495108765746823,0.47632556845514806,0.20971485626971187,0.3956985324511893,0.3035666958710169,0.2682800028164092,0.3187790392591062,0.3757465499665705,0.4581225184330879,0.28200277765345605,0.4338465977537723,0.47032724171051904,0.35381380488075687,0.4475660006736478,0.31931723911319887,0.14432941077428663,0.2853373610035117
Chon Buri,0.18668408330540184,0.5294663111518934,0.5660276198568912,0.22710667390891082,0.16083413388500784,0.6780240616906028,0.3758018946988146,0.39586002902677037,0.2832633071628766,0.4714706982704226,0.11149722977571765,1.0,0.3744001292998447,0.37680378125774744,0.30874318022546965,0.4916973585033303,0.19903868468812225,0.179144708280059,0.4848049456042849,0.4424548989088821,0.2721772513819335,0.2714032906242408,0.5350845100566473,0.2090617871417893,0.49207930200710437,0.6312304081188969,0.5633279391996928,0.16002733071116415,0.19735116995138363,0.23538246624401998,0.2500295251925577,0.30486064143876257,0.227773551132381,0.32528715732777364,0.21700805357217476,0.4994911523619194,0.5274945025734193,0.39483198599134905,0.41611353022314407,0.20177978481040076,0.12287294128098993,0.35811164119859473,0.6790740823935765,0.5018529956288161,0.5527380316369942,0.5792734281146887,0.3404979003466806,0.38309298942961667,0.15847573951453162,0.5515307440006615,0.10864757580294124,0.24808289752451557,0.711650008962556,0.3144227068854569,0.15546479618850315,0.2620162861567117,0.6243626417882263,0.5667560761408188,0.2563212013697035,0.5855063747132199,0.13912156930192796,0.17142829861599557,0.4365723936088459,0.19873422676886313,0.5141630199133618,0.42116158847269275,0.22531112993295105,0.23684167141182955,0.3753613662227647,0.22494918698964947,0.19158910420104142,0.1613684396296003,0.27449345459571756,0.33468491588365323,0.5213250024316388,0.3765655572833564,0.41645274539944716
Chumphon,0.13057051357053368,0.40798449803343495,0.4485141418201233,0.13853858730203972,0.14733287217445012,0.3779910508574178,0.4656845438963394,0.12236431189502776,0.34488604550527713,0.2959559855887101,0.16922799016172346,0.3744001292998447,1.0,0.18557314638612565,0.18235096433754583,0.2598907854903813,0.11521612650687205,0.5162560400362172,0.3062482701664213,0.3239785715056175,0.4111615574806428,0.11481523670166452,0.3889831847107267,0.10856748582517461,0.250387649707115,0.4200912346488499,0.48590394568611905,0.09140410295128376,0.11347888335315542,0.17056001861450593,0.5535119384378914,0.3960799370258067,0.5651206989934856,0.2509940217139717,0.17742872664884424,0.44890212110751965,0.48461260801297656,0.6678682130962615,0.5639575264688848,0.5385382448640808,0.18732127320308187,0.14039304918547157,0.4312723795349018,0.2929550019463364,0.2733153026414122,0.41730778086276477,0.34327098697246855,0.4796054373530023,0.24409939153152918,0.5299191397193832,0.3676882868393795,0.486445408089695,0.37684449511647156,0.1489484594608056,0.18329078944523353,0.16560775770088632,0.43055835562938666,0.4179920586148877,0.5419538937253578,0.427799992151563,0.42745005949674963,0.12729582047521765,0.39763399313515335,0.5132837548850101,0.3020863646772076,0.4155905472598094,0.5707602422822161,0.18444644702019675,0.1583388826624852,0.5365718269930912,0.32432794221018,0.13071543802768948,0.1864588922029048,0.2654192479815413,0.2246390533925121,0.6709016053881609,0.18123192556935136
Kalasin,0.49745895968050513,0.27973230064300275,0.30944287430089645,0.45106017944908694,0.44348823171076746,0.38605430207025937,0.32326953668361924,0.6413522517098049,0.3311296453916104,0.2961374483520891,0.2985587308811687,0.37680378125774744,0.18557314638612565,1.0,0.34575242190838196,0.31115753870157103,0.5698281781405896,0.17615135217646244,0.34611697031811195,0.26116006901794275,0.3192414484467292,0.5318293701449636,0.30571147545938704,0.5621577275606054,0.35124711304082573,0.42183924956340274,0.28481676944069245,0.48891746173789663,0.41590590561565244,0.45688127206977547,0.12864444730302932,0.23170438226672269,0.20830085648466065,0.57131762685043,0.4571933986905086,0.30352786064668447,0.3228292660329133,0.2472260252610337,0.3169038187099524,0.14333718628853487,0.2944308716598853,0.4075847845831042,0.3691127575716293,0.39881765371844563,0.5246073869559924,0.45300163252468434,0.2920543510337419,0.3180892135842847,0.3326664814246296,0.2548272217318117,0.22320182130604155,0.1918854875040097,0.3348831308399843,0.5501928644607907,0.3620675707585677,0.6600219372875077,0.33316125922716094,0.33513340186157137,0.1705247776132434,0.358951313195415,0.21800144853628606,0.4539451981177883,0.39194966312652557,0.15304722458618272,0.34701564790738537,0.3325257562729455,0.1687334382456,0.5072485382924443,0.35873038588657036,0.2288312048001882,0.2569773169777039,0.47384506493183237,0.7025615879509999,0.24806570948129464,0.4632447145062373,0.2254558422508433,0.6178199030715359
Kamphaeng Phet,0.3287264594446932,0.41394783875629826,0.2762121990698811,0.4241532593386616,0.3476189284906703,0.372913244961825,0.4359146935097734,0.4204088459724513,0.2072422241997775,0.46239189178653634,0.5023875445758985,0.30874318022546965,0.18235096433754583,0.34575242190838196,1.0,0.5134499786694913,0.423970833897653,0.19734869129575863,0.4688050276576129,0.4275129773584123,0.3142560236594162,0.4442400437661686,0.3152971152547374,0.4017245861081221,0.4647663092117072,0.30480778631095307,0.35522169058450737,0.43293919480212806,0.4475866860613038,0.611247806328483,0.33202868448753137,0.3899623385400756,0.16624854511208503,0.2719075828089852,0.38268766016522443,0.2499384480673003,0.25289909974064956,0.13925823842974344,0.12716951487910597,0.2767767787016878,0.38973696394748497,0.7274425422753781,0.2800177362447502,0.5156516025617651,0.4495496820415177,0.34828109694528864,0.3742090430018522,0.13590870991713055,0.4362642554970054,0.30776871272302875,0.2777061865748098,0.38875800648866,0.3194951114985774,0.3660655970886042,0.30836799316619123,0.39341481614529794,0.24294879162781732,0.21031233390193577,0.2453100570555472,0.36905581006668076,0.24862993348936593,0.380390835151336,0.3246079710488071,0.31776041245085657,0.546050335867031,0.4912834231258661,0.21962779042005984,0.2981307912849806,0.5507053568373247,0.16562385638634639,0.2508044365848823,0.36901972499768004,0.3662594204251943,0.6728261472730059,0.5380021330645531,0.14117292909665063,0.3149148294624028
Kanchanaburi,0.2693168216722089,0.575373594394044,0.49573490295564693,0.3242603959796148,0.2724198895387932,0.5510687451611016,0.3288258939799676,0.42674530702354413,0.28001691242294235,0.6062663223142367,0.3074578379018559,0.4916973585033303,0.2598907854903813,0.31115753870157103,0.5134499786694913,1.0,0.28461855440666645,0.15177996629420992,0.60987916902929,0.581987566115767,0.29047608092092403,0.37960754842419525,0.558162673842973,0.29751896042178994,0.6630865276150191,0.4103297444374215,0.5051512262158464,0.3008673068173724,0.35755438429303377,0.3935182690032908,0.2734984826264954,0.4186698144026401,0.16281776462732186,0.22481161610554903,0.32600637110901587,0.4429700527450344,0.4292346017036357,0.23775960779367228,0.2128787336133991,0.20196843518951446,0.3092148986038048,0.555646414396012,0.41800865624521194,0.5733685986908906,0.45201094079354104,0.43020529690031784,0.44361682363049726,0.2663517073562923,0.2381622916457541,0.4505523616884006,0.1643985563824015,0.2588906851792128,0.5348328071606799,0.3497852449234709,0.27046009937151816,0.2821257972493439,0.4684232085926483,0.5030451807026337,0.260642193759078,0.46819354034823746,0.15945369110902696,0.30130262061011515,0.33191692943307904,0.21411543853193754,0.6033972174040465,0.48926087803031054,0.17701078817195637,0.26343601415241413,0.5929031025567072,0.15348128737913247,0.2935314639405588,0.2497938178598268,0.23772608966781103,0.5449437155878376,0.5344295270012086,0.2469536922035437,0.379959346877588
Khon Kaen,0.5872089386032083,0.16467610098596625,0.14039503599415004,0.47180555153549125,0.5870930824327834,0.22100595011644736,0.23421674805576026,0.5807392436367181,0.34011636850946025,0.23461218347841184,0.4911173411376514,0.19903868468812225,0.11521612650687205,0.5698281781405896,0.423970833897653,0.28461855440666645,1.0,0.2295938824281084,0.24027776100571768,0.20386235720588675,0.25967638760181233,0.526294616879161,0.1752398846255177,0.791140978437072,0.2783011575348159,0.20850808043353328,0.12846173548259984,0.6270924847633703,0.5680006230451357,0.572811742426427,0.1841026571064443,0.21021655627864078,0.19622898335433325,0.4310524054285394,0.4536280230446066,0.14958550224106515,0.14447127651528346,0.1303105465710621,0.17967405824326846,0.20562338729286941,0.4705493533731568,0.4518802761079736,0.17506738387567655,0.3436915587361473,0.38046914000249643,0.24210932520152506,0.23539218135324863,0.18204671907419784,0.44038157597906524,0.10700010598067407,0.31378078357554307,0.23810190784415491,0.17591732187547204,0.5949082118192588,0.49157877545349626,0.6175840922153213,0.15254005371353913,0.18833874697479558,0.16404942962449032,0.17220976397522125,0.2778209919207768,0.6002240845553958,0.22615882968069798,0.222676848734167,0.30607335858422186,0.2699171124601279,0.1993933815128447,0.5716021859544993,0.408326827468346,0.2103548995133303,0.35265780814607944,0.6073406880098609,0.5944979495849828,0.2996130879520198,0.36894136977319464,0.12485685808296973,0.5091030690600982
Krabi,0.28644585011633683,0.21162022035348854,0.2402436624829905,0.23594734095799802,0.2884435548803359,0.16815801388760218,0.3743271770368536,0.12586828584490511,0.4482477510012016,0.14748823042732465,0.34421988625288336,0.179144708280059,0.5162560400362172,0.17615135217646244,0.19734869129575863,0.15177996629420992,0.2295938824281084,1.0,0.1597654197172777,0.1924277682764347,0.38209500114425604,0.22898134935474312,0.20280845760470573,0.22986396293767294,0.11221421882273969,0.234596253137874,0.271058800687041,0.2422931837008212,0.22726622998834123,0.23754245177867056,0.5662995236181764,0.34304857617848694,0.5994398622440563,0.2934010023475354,0.2737997050048347,0.26486635537809355,0.2788780007932742,0.4848608130771237,0.48071192780806465,0.6453876910862931,0.3763340735525794,0.14816702415863478,0.2199318267570821,0.16199063916496254,0.15263614404167844,0.2114357039381104,0.2816803251128324,0.3788434419061955,0.4191114760047091,0.3433617713682777,0.5301527266564883,0.5296191790919996,0.17039096974764553,0.18764868457732242,0.3659878494821984,0.19707820792996955,0.2156624626054467,0.2616781987879965,0.5323897651302381,0.23234586542769162,0.5626332504780103,0.24679667977824934,0.3019627064789418,0.606445181198442,0.18327148425970238,0.26595005043812525,0.6940920883210794,0.26402881396119193,0.18195588655778278,0.5808380738439801,0.4748837358362126,0.2559653739756072,0.22324428020167808,0.24414126716662238,0.1521942293607085,0.4917551763943873,0.18197985513635523
Lampang,0.22222805666742235,0.691008901908283,0.6113516668250275,0.4191593340953163,0.16407432605780692,0.544335077068921,0.4904198463411724,0.3447707289001485,0.18795697913308448,0.6586290767870939,0.2439115168836098,0.4848049456042849,0.3062482701664213,0.34611697031811195,0.4688050276576129,0.60987916902929,0.24027776100571768,0.1597654197172777,1.0,0.6834062985298568,0.5286068361000812,0.37081151169682014,0.6339663341846122,0.22958821093731677,0.6661373710284777,0.4884591774251515,0.6234169018804789,0.2876421696148389,0.22430347675540174,0.3168887978109826,0.27255256225890334,0.6199455699699725,0.2570985207049913,0.35189637482334324,0.4484375854476996,0.5913954400668757,0.58478446592135,0.3357303930235168,0.2772353544664792,0.21512051614458208,0.20679727673841367,0.49922142824541244,0.4720859610958763,0.4769570740976591,0.42185575562152544,0.5442253771753327,0.6682293103557921,0.4248613014110536,0.2389199189925415,0.5197968443176897,0.24145345626954512,0.2904850824313158,0.5318554419393982,0.23840857463519524,0.16296739368539132,0.3337057340771874,0.5279990059764117,0.46715159931461436,0.3767287629873215,0.6055592957853009,0.25314186704569486,0.20776625291249196,0.552253410943036,0.2355672870567297,0.47606417647833055,0.5515836293318568,0.19142076039149508,0.17065570202872,0.4545182441838681,0.2618359779432413,0.18908512390308374,0.18243332849618096,0.31852826338796164,0.5699950001812037,0.4774087566034049,0.3422014743198603,0.2987673387151677
Lamphun,0.2031784566694235,0.6770265326675704,0.6007026193064373,0.37696924068296617,0.16303914404875924,0.49853264455789487,0.41254495494272875,0.2774603226552669,0.19047645792981469,0.7363169239182251,0.252197361271764,0.4424548989088821,0.3239785715056175,0.26116006901794275,0.4275129773584123,0.581987566115767,0.20386235720588675,0.1924277682764347,0.6834062985298568,1.0,0.4914552945817465,0.3056445169669412,0.6623679057221052,0.19767950536753137,0.6801140603313411,0.4102274295691416,0.567918005005941,0.2634904366046695,0.21720942873777752,0.2762734240179674,0.29570585778826836,0.603296074473249,0.2828791105790353,0.274284661466205,0.40088756159482586,0.5992991363146526,0.5613412786878873,0.34243567067759506,0.25668005763619894,0.24229769997870795,0.23447354043577406,0.43568193519247883,0.4246215674396829,0.43770342224416064,0.3386848860225274,0.45441563426479203,0.6266179065253786,0.43100066480699223,0.21331704476702884,0.47410672275871163,0.2669031612246444,0.277407257047217,0.5118312778284745,0.20524167399760734,0.17674788297855268,0.276074934064818,0.5186237836186537,0.4663637846515125,0.39877591892322595,0.5166269472125671,0.2766168139930428,0.2003641211359305,0.4599764233797188,0.25361955757175725,0.4343323663090445,0.5023195179482342,0.21578353201591116,0.15041026817841524,0.4320528599037119,0.28122759601070213,0.22316587480025757,0.16502685644902448,0.24450321234000372,0.5333569765670915,0.38178344607481535,0.359440392197768,0.23774668315601105
Loei,0.28320238021171473,0.47497916237765014,0.47780351532579046,0.48308297610671214,0.18670651586230988,0.3012736057371423,0.5724907012209621,0.18896026190925136,0.2631203066120532,0.4240274036762291,0.2963844792413643,0.2721772513819335,0.4111615574806428,0.3192414484467292,0.3142560236594162,0.29047608092092403,0.25967638760181233,0.38209500114425604,0.5286068361000812,0.4914552945817465,1.0,0.35841864656538686,0.44259772311747936,0.23340173099633113,0.38062509819661106,0.3685632745030687,0.47641269298140493,0.33194417812096944,0.1556828916004865,0.24860676525541192,0.39391290214653346,0.7310845266571967,0.5157025859656554,0.4805972932484589,0.5659166581713432,0.5360734989735283,0.5328607587490841,0.47278363320703404,0.4067139438988727,0.3973202967051771,0.26697080638242665,0.2940834390849171,0.3321461386558306,0.22164855674452122,0.2215379880707301,0.41608708692954294,0.7120669061075839,0.559926593069629,0.3812791986235339,0.4429052207078662,0.5025996784771547,0.44394066795052645,0.3014656140122991,0.14599373611593275,0.22826615897644112,0.3624035058938207,0.38069158120250335,0.31961969165108295,0.6149952523905834,0.46093111342913395,0.5331287248161097,0.20205838342477994,0.6339185501354816,0.4215904687620222,0.2063662480295833,0.44215653928212917,0.3901889819641928,0.17145312983440306,0.24203957107523305,0.5349890643714181,0.28569184762410704,0.2125310340109288,0.3883747092032536,0.4305876294615866,0.234754240275597,0.482167643625168,0.1825989032591759
Lop Buri,0.6081765773415161,0.23945553922164564,0.23966026628298398,0.6440535602827763,0.45059083097069813,0.2513807013304175,0.28615482879378246,0.5356582835369341,0.47415841540121684,0.2905770708407538,0.46860917650938816,0.2714032906242408,0.11481523670166452,0.5318293701449636,0.4442400437661686,0.37960754842419525,0.526294616879161,0.22898134935474315,0.37081151169682014,0.3056445169669412,0.35841864656538686,1.0,0.25353506958516,0.5458053387227992,0.35010922568847536,0.2996105970072127,0.2159956417635588,0.6095995776607348,0.4468334484979406,0.44650751026280955,0.18206754091824434,0.33237794810149524,0.23103336652774187,0.6079456773039578,0.67989811099104,0.24357869706799137,0.22267230072436808,0.15599874420417953,0.25900797576094425,0.19829846997288467,0.4887639909973741,0.5179101670764028,0.22696899450695146,0.2767088638547646,0.36058970699903037,0.2598249939660159,0.3927624575575276,0.2663232413518325,0.5570764385586462,0.23458118979579523,0.3790987497745468,0.2943424064882017,0.24638802502765736,0.43611300356175425,0.5157286269950284,0.48323080434324406,0.22142383273514207,0.2874854358176384,0.26073129766735187,0.2898247465271792,0.34575916013935226,0.44446406420022544,0.41128956850668674,0.24122330876657472,0.30122103718693427,0.2119635219754043,0.20012197305760718,0.4085609230204521,0.526187198626231,0.26499172511515356,0.44302602606730224,0.4392059068487315,0.5114176148811838,0.40380256154487226,0.4797951629220786,0.14903552920131855,0.5225225677988077
Mae Hong Son,0.18542350837308258,0.6749622414407861,0.7226888698319937,0.28796043091052126,0.15556908685183124,0.5819983539763515,0.3799594019347922,0.302577877227091,0.23754593791856526,0.6400358660973577,0.14572343382675593,0.5350845100566473,0.3889831847107267,0.30571147545938704,0.3152971152547374,0.558162673842973,0.1752398846255177,0.20280845760470573,0.6339663341846122,0.6623679057221052,0.44259772311747936,0.25353506958516,1.0,0.17928881159886356,0.6413067506900731,0.48862488978898366,0.6154362258803052,0.19587937750014503,0.18173478477912458,0.2124208531314742,0.27460475734152034,0.5179573686355312,0.3006487492390064,0.2837816030431294,0.32687551057713604,0.6842329333344926,0.6517069240107753,0.42390387426456577,0.353450944207026,0.22772323810117578,0.17075225289378276,0.33824455181489654,0.5144634063233599,0.45724205883483426,0.38287291839644516,0.5241644648134998,0.5532025142215411,0.49541817780864195,0.1270794174729043,0.5261038225946384,0.20242491999257747,0.2293474328945468,0.6037543892794659,0.2392152106425245,0.15850025025118628,0.27177957663024965,0.6423245947993701,0.6006046828318806,0.3786528806872327,0.5521042481804816,0.2316842400196829,0.18146335182699272,0.4504595851559273,0.21987639774178502,0.43735236367863417,0.48738892674057155,0.22929260077773095,0.18936587856902742,0.37295030095090975,0.29442595504319014,0.22738347553599447,0.1455068564408885,0.24611150388615105,0.40001643577880247,0.3740657174960371,0.4338188798637296,0.3068189525012298
Maha Sarakham,0.6276490533926559,0.15051795012505803,0.14007195802619166,0.47059321915176855,0.6065178885338176,0.21956694692786044,0.19331471893844762,0.5977201778767507,0.38498457681053605,0.22444894641786794,0.48556531576984346,0.2090617871417893,0.10856748582517461,0.5621577275606054,0.4017245861081221,0.29751896042178994,0.791140978437072,0.22986396293767294,0.22958821093731677,0.19767950536753137,0.23340173099633113,0.5458053387227992,0.17928881159886356,1.0,0.2780645954052956,0.20455444808674617,0.11547192261311008,0.6341329557290583,0.5785733287779251,0.5419264451807326,0.1700608436100075,0.19133131610981788,0.18988363837675742,0.43453134068914007,0.4557514869838531,0.14578528700772725,0.13535152443939813,0.12514193645170002,0.1897070239688734,0.19448655269488316,0.49463477451307575,0.441798421849037,0.1716047414427433,0.33273690204004663,0.3710444602555095,0.22042775942556275,0.22431250175313855,0.1829633808013606,0.4396007737199116,0.10430841914644395,0.30739467121161074,0.21985017879131874,0.18468755218266436,0.613560659215813,0.5308434921506708,0.5816961996174798,0.1584531543424859,0.21868327777547686,0.15487448400061193,0.15872534284749648,0.27071415249464165,0.6086276547375926,0.2095224085152173,0.20965410357233918,0.30189374688848986,0.2318781012718524,0.19416860039540734,0.5855529483781285,0.4318476813727882,0.20493266562494009,0.3920298653909528,0.603877101440884,0.5630451358101237,0.27958547872935674,0.3723086963248243,0.12027530577908283,0.5407566445325152
Mukdahan,0.2519971731151659,0.630454841880046,0.560897705369241,0.36602521690048906,0.23303603310555043,0.5556110342695575,0.35283270997157534,0.4035403401376355,0.19638567057320092,0.7362862791459204,0.25037545702165154,0.49207930200710437,0.250387649707115,0.35124711304082573,0.4647663092117072,0.6630865276150191,0.2783011575348159,0.11221421882273969,0.6661373710284777,0.6801140603313411,0.38062509819661106,0.35010922568847536,0.6413067506900731,0.2780645954052956,1.0,0.42749264739242077,0.5292920527801948,0.3054336538616289,0.30066734821759894,0.3486526998360252,0.21502616122977103,0.48130450187708335,0.1757367964683505,0.27430475451969083,0.3749073952987253,0.5298151869949954,0.5062482039830712,0.26454683152476577,0.21007734866945854,0.15613109552670731,0.2367334720485133,0.4967962009278739,0.4454807431352615,0.5301008000138685,0.432791906193167,0.48026209822137444,0.525343172391713,0.35029634905591883,0.18284231757119945,0.4283204988991196,0.16864675391646894,0.1980990851089587,0.5538755863883359,0.31767283474915287,0.20484137588547863,0.346304979131138,0.52188582694587,0.4878627553035498,0.27045132802243355,0.5011313723948564,0.16816441539694024,0.27650980527455976,0.3964044803203023,0.16429074131473353,0.514611054204746,0.5019576225229612,0.1333140282448922,0.2411434443849727,0.4882620405037351,0.17321625424868575,0.20806565090784407,0.23506298303099005,0.3017942959716642,0.5053199752190123,0.46472916206587606,0.2741889430508526,0.3545473459049002
Nakhon Nayok,0.19106430423208037,0.5301295668795416,0.5732762486313874,0.2777591836746014,0.1324682629083264,0.6228469721071129,0.5049946631975188,0.3723725585315379,0.2878756235257656,0.4239315365252717,0.11559831536499704,0.6312304081188969,0.4200912346488499,0.42183924956340274,0.30480778631095307,0.4103297444374215,0.20850808043353328,0.234596253137874,0.4884591774251515,0.4102274295691416,0.3685632745030687,0.2996105970072127,0.48862488978898366,0.2045544480867462,0.42749264739242077,1.0,0.6195828788426151,0.171297550861767,0.15001623138518957,0.23679509527610162,0.29768012277530187,0.34889403721612855,0.30715038012307705,0.4330186529951905,0.26913213852996676,0.517329251380663,0.5756997763155124,0.46154946003665004,0.5029574852682375,0.25983547404721885,0.09741958925659605,0.345900755121265,0.6662007204227662,0.44608995112535843,0.5703812210759893,0.6923957727676346,0.3759272485211026,0.4376331314149964,0.23257817694798544,0.6347111674859935,0.1819227637517734,0.3422723835641197,0.5773141773245385,0.2751208284204709,0.1347882324615965,0.3005776389475652,0.5745380023038542,0.5042154293431101,0.33249867526878796,0.7105827794092421,0.22103462752828984,0.1407169826455867,0.5748644154180135,0.26870052086215945,0.4635973583968994,0.4500148455578415,0.2894152327005074,0.2167535090624948,0.3116974604111767,0.3134558337504626,0.1724492571807048,0.15599162101899852,0.3472641685846919,0.3470171105012996,0.5388265992015137,0.4319477185651428,0.3987489197178474
Nakhon Pathom,0.10638859771439763,0.7295060784549887,0.6922896066141722,0.24709247121345845,0.08157109071675503,0.6204566489701723,0.5803180711613859,0.2520448044916167,0.22299918207926464,0.5585226265263274,0.13690919273033506,0.5633279391996928,0.48590394568611905,0.28481676944069245,0.35522169058450737,0.5051512262158464,0.12846173548259984,0.271058800687041,0.6234169018804789,0.567918005005941,0.47641269298140493,0.2159956417635588,0.6154362258803052,0.11547192261311008,0.5292920527801948,0.6195828788426151,1.0,0.12566377658641972,0.11939523996233388,0.23488358571111995,0.3954682244218597,0.5241997525322541,0.3623934328607692,0.30427362991114826,0.26637308740011734,0.6313539687747758,0.6970944173824245,0.5018852175078642,0.4454250062319822,0.3309562072231516,0.10657271498609518,0.35199417762278895,0.5934668608323386,0.47722589562829276,0.45622420625382276,0.6652435216796222,0.5173970703161673,0.47348689374196395,0.19100489107736457,0.732742970607734,0.22735333979290795,0.3941596022898043,0.5859325929572834,0.177541664593483,0.08631322966816776,0.2381379973341773,0.6016802219110956,0.5222742659118661,0.45038753228637396,0.7450284153210922,0.27163907611903193,0.10341732775612286,0.5710323259253985,0.33703288669524095,0.49166794669947905,0.598878543607032,0.3317613779828517,0.13194258304206513,0.315436853487431,0.354000823863233,0.17847554902955656,0.0940190992981279,0.24649559280149164,0.4616698025194527,0.4491233625610742,0.49500155338835067,0.25742195595872686
Nakhon Phanom,0.6712757954565924,0.17682196472513523,0.15595410091330608,0.6046751374148523,0.5412795006664257,0.16341088078430815,0.2303149464465205,0.5029772290174533,0.38732133610698033,0.26150927214744896,0.5324990114315875,0.16002733071116415,0.09140410295128376,0.48891746173789663,0.43293919480212806,0.3008673068173724,0.6270924847633703,0.2422931837008212,0.2876421696148389,0.2634904366046695,0.33194417812096944,0.6095995776607348,0.19587937750014503,0.6341329557290583,0.3054336538616289,0.171297550861767,0.12566377658641972,1.0,0.5228282424266926,0.5057217780114365,0.18521958047897374,0.3015392077044804,0.22700877208522113,0.4797475585603957,0.5795257959495822,0.18006828916450096,0.1523825865098308,0.11800691510663638,0.17180345865391117,0.21290053704855694,0.5307312054402819,0.46078657379233495,0.1323268772606018,0.2553311245151645,0.2831986628370754,0.18446247664362167,0.33685775152835656,0.22073141756246145,0.5148955444294325,0.11025696033944436,0.3999448854045795,0.257101777186221,0.15455282140574061,0.47359571572320946,0.5424308335689335,0.5499794662134299,0.1415844744469647,0.185917963220193,0.23025593338653239,0.16973694203075512,0.35350090673458223,0.5496021707866573,0.2796530047107156,0.24319226802836708,0.24406517420156515,0.21754503159231217,0.19877585289622324,0.48020034826660596,0.4360508817808712,0.2514867336022768,0.41905056173763494,0.5406721375144482,0.537860117664251,0.35554319668918444,0.34133943753238777,0.12045927760468689,0.46073280971813574
Nakhon Ratchasima,0.5020398347781958,0.17005067216813366,0.11838317681111693,0.3656015089538768,0.6218869024968837,0.2229192723908481,0.16929879665693015,0.5071749703799558,0.3447380977046044,0.25568539230739623,0.5139977091033137,0.19735116995138363,0.11347888335315542,0.41590590561565244,0.4475866860613038,0.35755438429303377,0.5680006230451357,0.22726622998834123,0.22430347675540174,0.21720942873777752,0.1556828916004865,0.4468334484979406,0.18173478477912458,0.5785733287779251,0.30066734821759894,0.15001623138518957,0.1193952399623339,0.5228282424266926,1.0,0.5523076171732387,0.2218728597434825,0.17428036510502362,0.14560267051986842,0.27426486454504856,0.3456705981194289,0.10721218402773464,0.09493940261650095,0.08422227152595166,0.12199221871592311,0.2220384943116151,0.5075702272316981,0.457360726534166,0.14471318307993164,0.38396164122453513,0.3426068626991836,0.17699175772261783,0.1822373725559089,0.09463624148885441,0.3906788569223295,0.10160413232688414,0.2622489554589818,0.23412186086967604,0.1934004871301473,0.5625390354122585,0.5039872982203942,0.45680740278904797,0.1377155526994142,0.20380682496608998,0.13098589514952338,0.12783093924729574,0.22152083823088758,0.642894770065583,0.11186050740056425,0.23227084629295475,0.36928890044094137,0.26648635351430744,0.19920052119461915,0.5482715189820107,0.45266411258227757,0.14484946700871038,0.38967875039250743,0.5959185163489806,0.41595569104604285,0.32990765646723613,0.3623071043631114,0.08761566391373546,0.45225020800896887
Nakhon Sawan,0.4266519899499672,0.2744712484888362,0.17020851252891694,0.38277071599391554,0.4956268008892664,0.29609064821447556,0.3697205068849045,0.5063863140221134,0.25922804731354,0.32772952991531334,0.5215058244572105,0.23538246624401998,0.17056001861450593,0.45688127206977547,0.611247806328483,0.3935182690032908,0.572811742426427,0.23754245177867056,0.31688879781098267,0.2762734240179674,0.24860676525541192,0.44650751026280955,0.2124208531314742,0.5419264451807326,0.3486526998360252,0.23679509527610162,0.23488358571111995,0.5057217780114365,0.5523076171732387,1.0,0.30872668016075205,0.2626943378645946,0.17431787950519362,0.2929175368965254,0.3555178221224668,0.1522574861957272,0.1667927040126585,0.12945917067158186,0.13952843116090405,0.2822241493897069,0.4289728321117829,0.5745147723143331,0.21755577263831433,0.4895077806272054,0.4455270996994427,0.3069243282878626,0.24485031029596505,0.10076582356104298,0.4341372189415781,0.19539723508820747,0.27503380879517336,0.3513413160408242,0.22911706197518683,0.503115492202163,0.3907488775311476,0.5302669507026355,0.16677700233156295,0.1644073957037489,0.18726188938708105,0.2491847534600677,0.24448528502547004,0.5214373395720873,0.2203564589956969,0.3078116522033058,0.4748807065486299,0.4481159102973588,0.24052969665482984,0.4713637140805647,0.45006123247063806,0.17044874801379944,0.2971868279848733,0.5165948362333992,0.4913954422606088,0.47028269895337793,0.45584790854147117,0.12659229286510484,0.41322045110874017
Nakhon Si Thammarat,0.18167834415454542,0.34601438770694404,0.3076822906558572,0.19813799165520019,0.22128882625021995,0.2739355391808229,0.4923751926992277,0.11512927852053163,0.34914702646372436,0.26942003945880033,0.35496362119798597,0.2500295251925577,0.5535119384378914,0.12864444730302932,0.33202868448753137,0.2734984826264954,0.1841026571064443,0.5662995236181764,0.27255256225890334,0.29570585778826836,0.39391290214653346,0.18206754091824434,0.27460475734152034,0.1700608436100075,0.21502616122977103,0.29768012277530187,0.3954682244218597,0.18521958047897374,0.2218728597434825,0.30872668016075205,1.0,0.4107300189850845,0.5332571832298275,0.20669500871871477,0.2175581758465579,0.3082271304904232,0.3355938411750975,0.4772048788683856,0.4315469652010224,0.6853928790093966,0.32477710953433714,0.259807231333651,0.29173745732428547,0.2954165056811374,0.23490788101354865,0.3026218620242701,0.32444401113046123,0.32721310149664484,0.3989867589497467,0.44589338699261327,0.4590595800638565,0.6334490333720525,0.25584716776057553,0.15567039467320384,0.2671484421776257,0.16565881869945825,0.2672150107272211,0.2686307697230893,0.5508863138870842,0.3385208869131069,0.49442278607168655,0.20272077950317247,0.33436486579314384,0.7065215296110092,0.33309912221101284,0.4236807652523634,0.6289880413574853,0.1957814564762583,0.2426638328001512,0.5070684030788665,0.3868304042694181,0.20434051655713265,0.17702920098394095,0.39929832430098006,0.25007451605014,0.48485106038939,0.13081366012428652
Nan,0.23601022693703694,0.562368859904846,0.5190223373216176,0.44872665291993097,0.16327524545994593,0.3512243521766624,0.5341056850835846,0.17225222711537805,0.2375753469048753,0.5269122320067463,0.31848649890910974,0.30486064143876257,0.3960799370258067,0.23170438226672269,0.3899623385400756,0.4186698144026401,0.21021655627864078,0.34304857617848694,0.6199455699699725,0.603296074473249,0.7310845266571967,0.33237794810149524,0.5179573686355312,0.1913313161098179,0.48130450187708335,0.34889403721612855,0.5241997525322541,0.3015392077044804,0.17428036510502362,0.2626943378645946,0.4107300189850845,1.0,0.4556826942249742,0.35984673301670883,0.5151202262855341,0.5616676688549235,0.5411931602889954,0.4266179377526179,0.33396121192899597,0.38489894869232977,0.2893400974047635,0.36492748772433015,0.3336977471779914,0.29482357996179087,0.2234943492469135,0.39559202771202456,0.8023065025139873,0.5069239290245028,0.34509511083719113,0.4686634472348551,0.4569769995711637,0.4293989237057415,0.3592499959859786,0.12492191845356607,0.21625562518125493,0.2855781974846572,0.41001611319601305,0.3615737750113035,0.5946431349911486,0.4732207824844675,0.47858529204804434,0.18533351801695547,0.5599982881246303,0.40952668079254695,0.29555369294370776,0.48802253481963653,0.3573699266767759,0.12343300591298503,0.33731800301676307,0.4631021787257261,0.2921090587175051,0.17071001705862782,0.2810852651183434,0.5345386023625434,0.2729796819511122,0.4468415227155216,0.14728818272449115
Narathiwat,0.2613938329172334,0.3026151930801084,0.35603262131331853,0.2877224558831446,0.217824454832371,0.21968041622155315,0.4384378606714015,0.10673702113074456,0.4116593720401589,0.22058174808678527,0.2758927644685762,0.227773551132381,0.5651206989934856,0.20830085648466065,0.16624854511208503,0.16281776462732184,0.19622898335433325,0.5994398622440563,0.2570985207049913,0.2828791105790353,0.5157025859656554,0.23103336652774187,0.3006487492390064,0.18988363837675742,0.1757367964683505,0.30715038012307705,0.3623934328607692,0.22700877208522113,0.14560267051986842,0.17431787950519362,0.5332571832298275,0.4556826942249742,1.0,0.36559078098797765,0.3432881429755012,0.39938831179931394,0.40969343700656746,0.5939012842981343,0.5469035591146083,0.5736456059116252,0.3074125569118542,0.12579339199751477,0.2880788493311584,0.1475851947252349,0.15420486834682143,0.29469158150886043,0.4070918652973998,0.5264428510780931,0.38210803085141143,0.41702019993497114,0.5579276592905178,0.5188707685605318,0.22930960970875533,0.14007973579960858,0.29970371600353973,0.2227310618541425,0.3099982359313135,0.32295447931900995,0.6494927773073038,0.32402805521792066,0.6285744343870339,0.18727640513610938,0.42622545929643996,0.5712983148210806,0.15385608659146038,0.3094646823142788,0.6105140485762653,0.2095799589194206,0.15181842993831074,0.8119937044910172,0.4223818857404313,0.2002147565260836,0.2570507645126521,0.253495986700159,0.13881440995417874,0.6057379231299141,0.16509494671146802
Nong Bua Lam Phu,0.5094063502034323,0.2650394810405675,0.33395886455910606,0.5887325299521342,0.3312813097878678,0.28069947148458435,0.3926789436427348,0.44271258046345885,0.4411817632499332,0.24488029570800385,0.30202137890362923,0.32528715732777364,0.2509940217139717,0.57131762685043,0.2719075828089852,0.22481161610554903,0.4310524054285394,0.2934010023475354,0.35189637482334324,0.274284661466205,0.4805972932484589,0.6079456773039578,0.2837816030431294,0.43453134068914007,0.27430475451969083,0.4330186529951905,0.30427362991114826,0.4797475585603957,0.27426486454504856,0.2929175368965254,0.20669500871871477,0.35984673301670883,0.36559078098797765,1.0,0.6213342997830585,0.35562645382695884,0.36144832709502345,0.33995024820596853,0.44529810280683896,0.24532371060613967,0.3177345052566853,0.3324762761293381,0.34662700259714485,0.1928617203477319,0.36222942552995074,0.3902163988652697,0.42011964579924344,0.44420954928848655,0.4816885024819815,0.336145005206036,0.40638005854483633,0.32563365453420406,0.280350883760491,0.34758048221116145,0.386598905220151,0.48571022668975367,0.3170629307400399,0.3180768141245728,0.35771131319900806,0.4002998571814707,0.4111663011869714,0.32266231515579635,0.5821057827089395,0.2762814105818636,0.19549098985868735,0.21664414593348544,0.2798801064904143,0.3552162806026111,0.30749845710278845,0.40748413414684315,0.3479375993938121,0.35259037699701135,0.572511126160674,0.27427160391050764,0.39741232889354206,0.3186495811183364,0.48243002474490226
Nong Khai,0.5441535946256947,0.30596771684129614,0.3159234838244315,0.7132802893812201,0.3740129147776283,0.21024811825502515,0.34762265657811375,0.3951309170954662,0.394221241112259,0.35006533039261,0.4318073448681762,0.21700805357217476,0.17742872664884424,0.4571933986905086,0.38268766016522443,0.32600637110901587,0.4536280230446066,0.2737997050048347,0.4484375854476996,0.40088756159482586,0.5659166581713432,0.67989811099104,0.32687551057713604,0.4557514869838531,0.3749073952987253,0.26913213852996676,0.26637308740011734,0.5795257959495822,0.3456705981194289,0.3555178221224668,0.2175581758465579,0.5151202262855341,0.3432881429755012,0.6213342997830585,1.0,0.36070474525586826,0.32436955997955413,0.24530700133471642,0.2794092401425164,0.24481852067660909,0.442936199958598,0.4243953538143096,0.21186267588608945,0.19159501739859142,0.238881073405777,0.2665964398447048,0.5750022333875751,0.40593389816969866,0.5160152531040644,0.25159571802583397,0.47871739609147423,0.3113395216919581,0.2258036106590836,0.3154707114785835,0.44360474519896725,0.4758872155921259,0.25714536781509256,0.27584857580574185,0.3996649266892418,0.31051424160563634,0.4583151982812824,0.381812740157398,0.5020060010985353,0.283811690192578,0.19148171256806878,0.2480545792406353,0.23987071709782576,0.3235172117487424,0.41269589441229726,0.3804015446373442,0.4057286643567017,0.3789717115415433,0.5007292337509351,0.4124442937552628,0.3290058481049693,0.2509320260629563,0.3821244563247129
Nonthaburi,0.1757843589523817,0.636808990786788,0.7707426057388496,0.31445408019437765,0.11138812110110782,0.524658530341517,0.4420843479750393,0.2395157299453711,0.24707824931154093,0.5521663028237579,0.12053295325756504,0.4994911523619194,0.44890212110751965,0.30352786064668447,0.2499384480673003,0.4429700527450344,0.14958550224106515,0.26486635537809355,0.5913954400668757,0.5992991363146526,0.5360734989735283,0.24357869706799137,0.6842329333344926,0.14578528700772725,0.5298151869949954,0.517329251380663,0.6313539687747758,0.18006828916450096,0.10721218402773464,0.1522574861957272,0.3082271304904232,0.5616676688549235,0.39938831179931394,0.35562645382695884,0.36070474525586826,1.0,0.774696123919748,0.5140894866502854,0.43536128275245944,0.2782689579465845,0.14139558810231956,0.26400510045911496,0.5231459617392618,0.35979046469200643,0.3377402786090295,0.542709815655547,0.5904452398632414,0.6074768078542084,0.1611003539802599,0.5679445438149949,0.2797985790129524,0.28467055214775094,0.544547224526365,0.17711343747567532,0.1369372776242309,0.2691635607042923,0.632838451713486,0.5620541029051606,0.4731088596618249,0.5818160669731833,0.31977025210218724,0.12965441517867915,0.5462473662391166,0.2731168126976097,0.34225491142832143,0.46693886355276093,0.2937235798002257,0.15054952110385333,0.2823965424958471,0.40078439607085037,0.22229461125611874,0.11342074024544402,0.269456541657935,0.36015238260034266,0.31558262649736957,0.520326392486553,0.2596873310860585
Pathum Thani,0.15085911658055792,0.6534934430477679,0.7796797631399318,0.281720902520957,0.09869328365895286,0.5603626948146914,0.5004080223895849,0.24375186288457273,0.2415716561319894,0.5302214335326064,0.10106303203656442,0.5274945025734193,0.48461260801297656,0.3228292660329133,0.25289909974064956,0.4292346017036357,0.14447127651528346,0.2788780007932742,0.58478446592135,0.5613412786878873,0.5328607587490841,0.22267230072436808,0.6517069240107753,0.13535152443939813,0.5062482039830712,0.5756997763155124,0.6970944173824245,0.1523825865098308,0.09493940261650095,0.1667927040126585,0.3355938411750975,0.5411931602889954,0.40969343700656746,0.36144832709502345,0.32436955997955413,0.774696123919748,1.0,0.5475107251252371,0.4750908894700915,0.30039851509269455,0.10780601822792879,0.2599112780283923,0.5674759560931479,0.3880074289716535,0.38382675404414357,0.6140301520745618,0.5589123294229112,0.5927314564073782,0.15857349665052634,0.625538293775871,0.2632461618907167,0.31848505973084407,0.5580036615315617,0.18111556951350027,0.10956324359539789,0.2778276500226786,0.638432350067082,0.5578547257600803,0.47615053269222807,0.6414425630234064,0.31080311463540033,0.11565482218447393,0.5764649386327358,0.29514486108061394,0.3713187437265045,0.512159909837977,0.31926574540929287,0.15504627105422597,0.25639828657277247,0.40855636510601534,0.19854510364737016,0.10771206250319376,0.2864334704071105,0.35663453935719447,0.34354590042591354,0.5449817709725809,0.2686740585214716
Pattani,0.16550628612351387,0.41862444634462315,0.49821095061519843,0.19580067867823536,0.139399785361297,0.3867050788266929,0.46633077513806304,0.14585930402095704,0.3561883918588478,0.30319832981543104,0.1332933561142109,0.39483198599134905,0.6678682130962615,0.2472260252610337,0.13925823842974344,0.23775960779367228,0.1303105465710621,0.4848608130771237,0.3357303930235168,0.34243567067759506,0.47278363320703404,0.15599874420417953,0.42390387426456577,0.12514193645170002,0.26454683152476577,0.46154946003665004,0.5018852175078642,0.11800691510663638,0.08422227152595166,0.12945917067158186,0.4772048788683856,0.4266179377526179,0.5939012842981343,0.33995024820596853,0.24530700133471642,0.5140894866502854,0.5475107251252371,1.0,0.6296083956857252,0.4790800671008828,0.16614391392215822,0.11664181593794692,0.4599795865849575,0.25599578797765876,0.27521785977024515,0.45225380782277863,0.3968401774158607,0.5847949355207338,0.2376136451107508,0.5416301288970832,0.3810548549657491,0.44208634282923076,0.3930658909403923,0.15332017010119767,0.1834326438788943,0.20970613319523698,0.4749806944392548,0.4546851400210641,0.5637745465029,0.4607063443440271,0.445973909185529,0.12001121955283202,0.46891877492798056,0.46114699710072954,0.25231936134154465,0.38894041693781256,0.5228158567133715,0.18915883747430265,0.14041228754190999,0.5796856207329064,0.3138712903523442,0.12956003571891986,0.24258669813373676,0.2296039321198474,0.21684209711956506,0.8226495852709325,0.21619563358476443
Phang-nga,0.2573961112442261,0.33473315325588626,0.4380034126788682,0.2399872656948589,0.18926153937816736,0.3682955181853252,0.4330924558416737,0.22659283192754065,0.47820301264912785,0.22113383546349374,0.14892544090164464,0.41611353022314407,0.5639575264688848,0.3169038187099524,0.127169514879106,0.2128787336133991,0.17967405824326846,0.48071192780806465,0.2772353544664792,0.25668005763619894,0.4067139438988727,0.25900797576094425,0.353450944207026,0.1897070239688734,0.21007734866945854,0.5029574852682375,0.4454250062319822,0.17180345865391117,0.12199221871592311,0.13952843116090405,0.4315469652010224,0.33396121192899597,0.5469035591146083,0.44529810280683896,0.2794092401425164,0.43536128275245944,0.4750908894700915,0.6296083956857252,1.0,0.4484473970387655,0.20398191766421464,0.1347477244099235,0.464628819897904,0.2281552760463142,0.32190351192037053,0.4384225972693424,0.3256734143076509,0.5317941830659098,0.31593744179065497,0.532341322137171,0.3749532975718904,0.4484520931767108,0.37846072699830746,0.21172491893016265,0.264468541405813,0.22897955685845928,0.437910386506056,0.4598754911360465,0.5027518718162601,0.4532626216585281,0.4343253842119521,0.15432062447513295,0.48518071466341856,0.44344130894239364,0.24666204560116628,0.2933051847420067,0.508317795822592,0.24844220188610056,0.17496550700256985,0.5535414251844377,0.37745930670542877,0.17117942606882447,0.29002002437701124,0.18984008535353142,0.29233695174796104,0.5968711681476497,0.3286202547202805
Phatthalung,0.22403259944767112,0.2771987320351207,0.2639186865760481,0.21903825043869865,0.24849031771664046,0.21139561085093006,0.44956053979275334,0.10782153363411327,0.38097334482493833,0.20680973857779048,0.36178166760227826,0.20177978481040076,0.5385382448640808,0.14333718628853487,0.2767767787016878,0.20196843518951446,0.20562338729286941,0.6453876910862931,0.21512051614458208,0.24229769997870795,0.3973202967051771,0.19829846997288467,0.22772323810117578,0.19448655269488316,0.15613109552670731,0.25983547404721885,0.3309562072231516,0.21290053704855694,0.2220384943116151,0.2822241493897069,0.6853928790093966,0.38489894869232977,0.5736456059116252,0.24532371060613967,0.24481852067660909,0.2782689579465845,0.30039851509269455,0.4790800671008828,0.4484473970387655,1.0,0.3490180336123979,0.21000619135320509,0.24852118473754578,0.22601252169757582,0.19027599292091907,0.25464008553048545,0.3055728768101602,0.3452820823082514,0.4207205485211899,0.38977498444936864,0.5078475301296751,0.5962614936327048,0.20045467517472715,0.1602524408791862,0.30641132784031316,0.18093018981533282,0.22802330384895386,0.24123236491838168,0.5483891603305718,0.2845478368989862,0.542185514428451,0.22040950175405338,0.3218137432503679,0.7130861254479386,0.2559583622023726,0.3517789651560934,0.7144242231156488,0.21989817962288583,0.20567293407899453,0.5497935313627502,0.417766212978401,0.22920622152314996,0.20108975856845024,0.3345683741519077,0.19852708344374587,0.48649593045241885,0.13750768881966025
Phayao,0.5376167035356828,0.14679599414435884,0.12324196017749828,0.4374735741552924,0.5201513334515422,0.1266087681088561,0.17710469780976393,0.3565860857314398,0.4693589502610433,0.21220783847843366,0.6035295102108765,0.12287294128098993,0.18732127320308187,0.2944308716598853,0.38973696394748497,0.3092148986038048,0.4705493533731568,0.3763340735525794,0.20679727673841367,0.23447354043577406,0.26697080638242665,0.4887639909973741,0.17075225289378276,0.49463477451307575,0.2367334720485133,0.09741958925659605,0.10657271498609518,0.5307312054402819,0.5075702272316981,0.4289728321117829,0.32477710953433714,0.2893400974047635,0.3074125569118542,0.3177345052566853,0.442936199958598,0.14139558810231956,0.10780601822792879,0.16614391392215822,0.20398191766421464,0.3490180336123979,1.0,0.39252176507288555,0.07299384153166162,0.23384237511228717,0.18923614447476728,0.07163289410235624,0.2824349569023114,0.1955049069938236,0.5193433054240524,0.13517217459991146,0.45895194394069144,0.34373333209315476,0.12626490161297957,0.3954925486720656,0.6336984687976424,0.33151047393811195,0.10593658581102366,0.21688663801138694,0.3101706054542438,0.09704929012151638,0.4180355180865605,0.4876273966435072,0.17181553386573944,0.3686694824419633,0.25248552533244617,0.1793007191910881,0.33065487173483354,0.40993797468450754,0.4671342863408261,0.3145198900657284,0.5647848294764826,0.4606525530877777,0.3129932048412599,0.34881603708114595,0.2695694123844455,0.18153384778590917,0.33838923916260166
Phetchabun,0.37383293285692043,0.41250216722584365,0.2972132419574501,0.4704932253415486,0.3590453256036342,0.40704840037711043,0.38576159730666104,0.5006344538726477,0.2402705947334871,0.47069662918256905,0.4772721051484935,0.35811164119859473,0.14039304918547157,0.4075847845831042,0.7274425422753781,0.555646414396012,0.4518802761079736,0.14816702415863478,0.49922142824541244,0.43568193519247883,0.2940834390849171,0.5179101670764028,0.33824455181489654,0.441798421849037,0.4967962009278739,0.345900755121265,0.35199417762278895,0.46078657379233495,0.457360726534166,0.5745147723143331,0.259807231333651,0.36492748772433015,0.12579339199751477,0.3324762761293381,0.4243953538143096,0.26400510045911496,0.25991127802839237,0.11664181593794692,0.1347477244099235,0.21000619135320509,0.39252176507288555,1.0,0.3082868747712394,0.5180203348297672,0.49283443406712013,0.3622565641705416,0.37951035127018373,0.14791554960933134,0.4357552700056092,0.310828788691732,0.24370714687514786,0.33162819936006777,0.35813585851755425,0.4111412683185156,0.33342864877360345,0.4069766325683776,0.27448974276226623,0.25928706266646495,0.20194794620388423,0.3903767604942545,0.2117540541651381,0.39128360559563136,0.34821125453518575,0.25213929689531067,0.5514059135040109,0.4344724248562503,0.16570581435527795,0.31966440833753007,0.6325944508965203,0.13313858240366003,0.25763887080068826,0.3791537110054888,0.391621250853976,0.6353513964873446,0.6163396923502208,0.1142883383534343,0.3905068130186964
Phetchaburi,0.15032780922271177,0.5349636673920458,0.5770706006538171,0.21804474278130137,0.12332043691478584,0.6294402011163834,0.4503442328070352,0.34096830525179345,0.251369742446202,0.4472446977670886,0.08449634709975068,0.6790740823935765,0.4312723795349018,0.3691127575716293,0.2800177362447502,0.41800865624521194,0.17506738387567655,0.2199318267570821,0.4720859610958763,0.4246215674396829,0.3321461386558306,0.22696899450695146,0.5144634063233599,0.1716047414427433,0.4454807431352615,0.6662007204227662,0.5934668608323386,0.1323268772606018,0.14471318307993164,0.21755577263831433,0.29173745732428547,0.3336977471779914,0.2880788493311584,0.34662700259714485,0.21186267588608945,0.5231459617392618,0.5674759560931479,0.4599795865849575,0.464628819897904,0.24852118473754578,0.07299384153166162,0.3082868747712394,1.0,0.45872635256887295,0.5278972040354574,0.6271918257260981,0.35512853016622914,0.4271150203611584,0.1612816464424127,0.5824603688970122,0.14451419056038764,0.2974033027081817,0.6307274860444588,0.26502559973104006,0.10677537081988435,0.2740473886088025,0.6240114294944022,0.5150021089780825,0.30972845157070567,0.6205997739776468,0.1847611280834769,0.13736708829772817,0.49000672227441067,0.24522473149751967,0.46370048247951956,0.45358586122634226,0.274077642282055,0.21262895123496456,0.283015691557836,0.28543981167828375,0.15417018386762718,0.1420835739862875,0.2995050659222544,0.32131637013491593,0.4739943208859738,0.4366931410349769,0.367747087505027
Phichit,0.2160230208818238,0.5061459916914929,0.41957153107206296,0.21226381912617814,0.30140662164374143,0.5962308592607553,0.38987333850676414,0.4642006429470905,0.1937070714570284,0.5098574927621908,0.28411006894798263,0.5018529956288161,0.2929550019463364,0.39881765371844563,0.5156516025617651,0.5733685986908906,0.3436915587361473,0.16199063916496254,0.4769570740976591,0.43770342224416064,0.22164855674452122,0.2767088638547646,0.45724205883483426,0.33273690204004663,0.5301008000138685,0.44608995112535843,0.47722589562829276,0.2553311245151645,0.38396164122453513,0.4895077806272054,0.2954165056811374,0.29482357996179087,0.1475851947252349,0.1928617203477319,0.19159501739859142,0.35979046469200643,0.3880074289716535,0.25599578797765876,0.2281552760463142,0.22601252169757582,0.23384237511228717,0.5180203348297672,0.45872635256887295,1.0,0.6019288318306903,0.5078994434638323,0.2933053717528287,0.20749381667529543,0.19506730982099346,0.409740098077987,0.0998327375581751,0.27069117001292303,0.5105826540411128,0.43233145724056266,0.2037387667898883,0.36961692194323204,0.4338185597667365,0.410565168541869,0.18514945875338346,0.45719920497161504,0.10581398620586772,0.3293268166345721,0.28011658445383886,0.22668002488029745,0.7320103187173468,0.571028446140344,0.2037672491882212,0.3383478653751896,0.4709435768907365,0.1287526493654827,0.18510435532498326,0.3085872722457111,0.32788229159049825,0.4581794953007925,0.5468008101336419,0.25069883550239214,0.39815137746235807
Phitsanulok,0.27235737358302675,0.4309191889573357,0.39883910505068565,0.27797048303146327,0.28840239017093566,0.5900943702216125,0.4193670386036951,0.5399416236470619,0.2439362179572831,0.402137779495523,0.24103355006598962,0.5527380316369942,0.2733153026414122,0.5246073869559924,0.4495496820415177,0.45201094079354104,0.38046914000249643,0.15263614404167844,0.42185575562152544,0.3386848860225274,0.2215379880707301,0.36058970699903037,0.38287291839644516,0.3710444602555095,0.432791906193167,0.5703812210759893,0.45622420625382276,0.2831986628370754,0.3426068626991836,0.4455270996994427,0.23490788101354865,0.2234943492469135,0.15420486834682143,0.36222942552995074,0.23888107340577702,0.3377402786090295,0.38382675404414357,0.27521785977024515,0.32190351192037053,0.19027599292091907,0.18923614447476728,0.49283443406712013,0.5278972040354574,0.6019288318306903,1.0,0.577163426841724,0.24836117981333064,0.2400031885442327,0.2582171976681066,0.4311279216680995,0.10501317112888336,0.2756883623560965,0.5002410207930762,0.4568400167644491,0.2109043187070494,0.4223538842542928,0.43291322069508587,0.39186149325996866,0.15789391456027302,0.5175135549470985,0.11462754478456043,0.3047495105088437,0.38857336147057986,0.20156742120654775,0.594352230912022,0.4684181183625889,0.19630945054097432,0.3593620475946573,0.42390714570145155,0.15423157089765033,0.15982330797990882,0.3172507711377391,0.4350191192509457,0.38063717543682823,0.6459746037336531,0.2485740906845828,0.49723387042512657
Phra Nakhon Si Ayutthaya,0.16875194131328286,0.5917171437492109,0.5912222150409074,0.2648618320479872,0.15341181638445495,0.6331185469297802,0.5683732910098999,0.37954365997837336,0.2025953034478299,0.4843341057948294,0.12108130223528316,0.5792734281146887,0.41730778086276477,0.45300163252468434,0.34828109694528864,0.43020529690031784,0.24210932520152506,0.2114357039381104,0.5442253771753327,0.45441563426479203,0.41608708692954294,0.2598249939660159,0.5241644648134998,0.22042775942556275,0.48026209822137444,0.6923957727676346,0.6652435216796222,0.18446247664362167,0.17699175772261783,0.3069243282878626,0.3026218620242701,0.39559202771202456,0.29469158150886043,0.3902163988652697,0.2665964398447048,0.542709815655547,0.6140301520745618,0.45225380782277863,0.4384225972693424,0.25464008553048545,0.07163289410235624,0.3622565641705416,0.6271918257260981,0.5078994434638323,0.577163426841724,1.0,0.4118046340201809,0.42924300357188416,0.1859492760986512,0.6027376283841679,0.1651609827838329,0.328316945755889,0.5627475719675064,0.29472783917933915,0.0930198959913753,0.3819745019641124,0.5697574077513228,0.4672345845619228,0.32918972756712067,0.7158336737279288,0.2034282731006074,0.18155015834767055,0.5625665795905035,0.25869942418379044,0.4906100053240131,0.5820446640003636,0.2686995990666459,0.24574269088124778,0.27480368325965565,0.29336505512873934,0.11701883008396023,0.19409197039852386,0.4047107899222131,0.37821664218967,0.5037763175554514,0.42884237055022656,0.37897023940792485
Phrae,0.2799136622682569,0.5658893171466053,0.5479716354657918,0.5015887869368132,0.1750488003453341,0.3750423244831844,0.4800669347093087,0.23195637229436553,0.25053296828586086,0.5483345394196975,0.29306122636717163,0.3404979003466806,0.34327098697246855,0.2920543510337419,0.3742090430018522,0.44361682363049726,0.23539218135324863,0.2816803251128324,0.6682293103557921,0.6266179065253786,0.7120669061075839,0.3927624575575276,0.5532025142215411,0.22431250175313855,0.525343172391713,0.3759272485211026,0.5173970703161673,0.33685775152835656,0.1822373725559089,0.24485031029596505,0.32444401113046123,0.8023065025139873,0.4070918652973998,0.42011964579924344,0.5750022333875751,0.5904452398632414,0.5589123294229112,0.3968401774158607,0.3256734143076509,0.3055728768101602,0.2824349569023114,0.37951035127018373,0.3551285301662292,0.2933053717528287,0.24836117981333064,0.4118046340201809,1.0,0.5276706500680038,0.3261537497805436,0.4534234669285949,0.41996165611096364,0.349782298199379,0.3922557543965797,0.15951653395152873,0.23141420048418185,0.3210594245051296,0.4437662666932426,0.40285448489533743,0.5316502318302974,0.48905538287105044,0.4351368010163993,0.20006537055697035,0.5878295354795603,0.32884639101779173,0.2882455083219223,0.44390973813856227,0.28795267704904065,0.1446660359717529,0.36760086501532574,0.42246653282675783,0.28493448505215024,0.18261451989239985,0.3192066495728396,0.5056697605469735,0.3038593125161051,0.41387774277486583,0.21147773139100423
Phuket,0.2545807370377068,0.43934150850472653,0.5497301592101633,0.34350245074412655,0.159141183594797,0.3689021101330816,0.3967538977258956,0.1996200809910359,0.3425112688763836,0.37079185147578747,0.14130458515384692,0.38309298942961667,0.4796054373530023,0.3180892135842847,0.13590870991713055,0.2663517073562923,0.18204671907419784,0.3788434419061955,0.4248613014110536,0.43100066480699223,0.559926593069629,0.2663232413518325,0.49541817780864195,0.1829633808013606,0.35029634905591883,0.4376331314149964,0.47348689374196395,0.22073141756246145,0.09463624148885441,0.10076582356104298,0.32721310149664484,0.5069239290245028,0.5264428510780931,0.44420954928848655,0.40593389816969866,0.6074768078542084,0.5927314564073782,0.5847949355207338,0.5317941830659098,0.3452820823082514,0.1955049069938236,0.14791554960933134,0.4271150203611584,0.20749381667529543,0.2400031885442327,0.42924300357188416,0.5276706500680038,1.0,0.23619331657369208,0.47193595367749747,0.39918427103895116,0.3167105961051204,0.39874420621741213,0.17106508119412278,0.21984512137747517,0.2826126978239005,0.5050072037671456,0.4845391026000872,0.5367440713112632,0.4535769752850744,0.4472346820571769,0.15144668735402017,0.5291261411800852,0.3363502481950328,0.18533517024166096,0.3277889555061857,0.38369639153523527,0.19275396552719617,0.19147457518763578,0.5408690141238541,0.30943450257590843,0.1537279479296212,0.31040673139098685,0.234865152620434,0.2042490149051817,0.5897320815053173,0.257955992167693
Prachin Buri,0.49825202109425903,0.17695435091443137,0.1456758441504319,0.5350188368399607,0.39842236756655464,0.14171144003348368,0.3863105196708674,0.3310069920737708,0.4626205218013089,0.18310499708654804,0.5537587904333908,0.15847573951453162,0.24409939153152918,0.3326664814246296,0.4362642554970054,0.2381622916457541,0.44038157597906524,0.4191114760047091,0.2389199189925415,0.21331704476702884,0.3812791986235339,0.5570764385586462,0.1270794174729043,0.4396007737199116,0.18284231757119945,0.23257817694798544,0.19100489107736457,0.5148955444294325,0.3906788569223295,0.4341372189415781,0.3989867589497467,0.34509511083719113,0.38210803085141143,0.4816885024819815,0.5160152531040644,0.16110035398025987,0.15857349665052634,0.2376136451107508,0.31593744179065497,0.4207205485211899,0.5193433054240524,0.4357552700056092,0.1612816464424127,0.19506730982099346,0.2582171976681066,0.1859492760986512,0.3261537497805436,0.23619331657369208,1.0,0.2550301202225742,0.5359382190412451,0.5284230621481071,0.12652428938291435,0.3061874141203872,0.4938879761347583,0.34889260055765825,0.11070150147810191,0.14754275439726466,0.4002292895134091,0.2402785150695272,0.511403151639579,0.37701143729084086,0.3794296347315084,0.4761173791739288,0.24676209486497327,0.22096399782699014,0.4051433638903804,0.3267598510919703,0.4046675377809795,0.40633765476261385,0.47365986405527694,0.3954787955488406,0.3948264561088874,0.43048374026053804,0.3691325964114856,0.23283028184130444,0.3179841519033126
Prachuap Khiri Khan,0.12590176350263527,0.6007648922531793,0.618274547176147,0.2355717961746846,0.07994282148221674,0.5649543430020195,0.5719260553320168,0.22887538713599914,0.3196289150835753,0.45382764480379534,0.14331278204887096,0.5515307440006615,0.5299191397193832,0.2548272217318117,0.30776871272302875,0.4505523616884006,0.10700010598067407,0.3433617713682777,0.5197968443176897,0.47410672275871163,0.4429052207078662,0.23458118979579523,0.5261038225946384,0.10430841914644395,0.4283204988991196,0.6347111674859935,0.732742970607734,0.11025696033944436,0.10160413232688413,0.19539723508820744,0.44589338699261327,0.4686634472348551,0.41702019993497114,0.336145005206036,0.25159571802583397,0.5679445438149949,0.625538293775871,0.5416301288970832,0.532341322137171,0.38977498444936864,0.13517217459991146,0.310828788691732,0.5824603688970122,0.409740098077987,0.4311279216680995,0.6027376283841679,0.4534234669285949,0.47193595367749747,0.2550301202225742,1.0,0.2714052662258519,0.46823394396738505,0.5465148791392258,0.15880606058997565,0.13162028180591223,0.17878900224952826,0.560150147290209,0.5251696966682591,0.4936336865328432,0.6993150794788726,0.3208063211080605,0.0816252619598459,0.5812727022396189,0.40056297439311966,0.4539919857872226,0.5077537085091849,0.40597723155955834,0.12715437272803543,0.30367113175191207,0.41157576556687736,0.2502354525391342,0.07864012368064449,0.21104731574819657,0.4201269613380946,0.449808488143429,0.5275139080081895,0.26396712997830785
Ranong,0.39343204087880584,0.21668713150205066,0.2250917078634575,0.4480608862557288,0.31621264196950283,0.10232349468523455,0.3760307741978066,0.15904873459184665,0.41273764359684745,0.2012513190594859,0.4516048616802648,0.10864757580294124,0.3676882868393795,0.22320182130604155,0.2777061865748098,0.1643985563824015,0.31378078357554307,0.5301527266564883,0.24145345626954512,0.2669031612246444,0.5025996784771547,0.3790987497745468,0.20242491999257747,0.30739467121161074,0.16864675391646894,0.1819227637517734,0.22735333979290795,0.3999448854045795,0.2622489554589818,0.27503380879517336,0.4590595800638565,0.4569769995711637,0.5579276592905178,0.40638005854483633,0.47871739609147423,0.2797985790129524,0.2632461618907167,0.3810548549657491,0.3749532975718904,0.5078475301296751,0.45895194394069144,0.24370714687514786,0.14451419056038764,0.0998327375581751,0.10501317112888336,0.1651609827838329,0.41996165611096364,0.39918427103895116,0.5359382190412451,0.2714052662258519,1.0,0.5005536509871299,0.11288977647452941,0.18017879507981213,0.42012437548180587,0.28179824708215634,0.16580071954004666,0.19088489165768016,0.5556223460382967,0.21762964107223215,0.7339262810119316,0.29181470499278833,0.38240263206012953,0.5362267046198276,0.11877361158393075,0.23197321152264577,0.49992858442783467,0.24549708355155528,0.25107017930161624,0.5775018683281055,0.47212935676505957,0.30391303331970304,0.3096569432604484,0.3370779539660619,0.15714724952645154,0.3940600733926699,0.17423566618624758
Ratchaburi,0.24315038196724664,0.3299240911772061,0.28439919472884256,0.304425948217913,0.23040215452185406,0.25869629226482604,0.5800327472808403,0.16447921988768213,0.3783249230316693,0.2475901461042609,0.4006824099064909,0.24808289752451557,0.486445408089695,0.1918854875040097,0.38875800648866,0.2588906851792128,0.23810190784415491,0.5296191790919996,0.2904850824313158,0.277407257047217,0.44394066795052645,0.2943424064882017,0.2293474328945468,0.21985017879131874,0.1980990851089587,0.3422723835641197,0.3941596022898043,0.257101777186221,0.23412186086967604,0.3513413160408242,0.6334490333720525,0.4293989237057415,0.5188707685605318,0.32563365453420406,0.3113395216919581,0.28467055214775094,0.31848505973084407,0.44208634282923076,0.4484520931767108,0.5962614936327048,0.34373333209315476,0.33162819936006777,0.2974033027081817,0.27069117001292303,0.2756883623560965,0.328316945755889,0.349782298199379,0.3167105961051204,0.5284230621481071,0.46823394396738505,0.5005536509871299,1.0,0.2316431941269666,0.1670689778086834,0.2945377121363034,0.21444677514268437,0.23450765373672122,0.22179742192403173,0.5677747307479257,0.38347391757822796,0.5308269385419457,0.21400018085750788,0.4352593624853943,0.6641905652621816,0.32754304821466557,0.41075946556325005,0.5744148577981588,0.20106711579662429,0.2746392648922481,0.5152587543853777,0.38573522737929317,0.23241646926207993,0.2553837719968755,0.4587537379561297,0.3300335555464075,0.4374816533010416,0.17161415970054814
Rayong,0.166635151409672,0.5819880666691459,0.6095795970159229,0.22488575618357434,0.15026962739080077,0.6771636784100721,0.3680625694696531,0.363157339501311,0.25428716114831124,0.5396343344249294,0.11268775909553064,0.711650008962556,0.37684449511647156,0.3348831308399843,0.3194951114985774,0.5348328071606799,0.17591732187547204,0.17039096974764553,0.5318554419393982,0.5118312778284745,0.3014656140122991,0.24638802502765736,0.6037543892794659,0.18468755218266436,0.5538755863883359,0.5773141773245385,0.5859325929572834,0.15455282140574061,0.1934004871301473,0.22911706197518683,0.25584716776057553,0.3592499959859786,0.22930960970875533,0.280350883760491,0.2258036106590836,0.544547224526365,0.5580036615315617,0.3930658909403923,0.37846072699830746,0.20045467517472715,0.12626490161297957,0.35813585851755425,0.6307274860444588,0.5105826540411128,0.5002410207930762,0.5627475719675064,0.3922557543965797,0.39874420621741213,0.12652428938291435,0.5465148791392258,0.11288977647452941,0.2316431941269666,1.0,0.28728509381803713,0.14188756366483088,0.24951436918093062,0.6754224220261162,0.5861749623107783,0.2776146716150557,0.5760896684843677,0.14221634709465553,0.16938055582334743,0.4211758618784622,0.19411136101936982,0.5146731836075666,0.4517620783948347,0.21365207071580714,0.21446356341779502,0.38000947416255004,0.2221685210553199,0.19112496900734247,0.14607491169729644,0.24342139683800001,0.3634496321620858,0.4797106772909155,0.3846901055068948,0.3757790438299903
Roi Et,0.4952278129847866,0.20003703673132944,0.1982133363192109,0.3310139678804248,0.5653403696343943,0.32862797361188667,0.17244742289682474,0.622259459892149,0.35240457672802733,0.25724633501074146,0.37550330884748095,0.3144227068854569,0.1489484594608056,0.5501928644607907,0.3660655970886042,0.3497852449234709,0.5949082118192588,0.18764868457732242,0.23840857463519524,0.20524167399760734,0.14599373611593275,0.43611300356175425,0.2392152106425245,0.613560659215813,0.31767283474915287,0.2751208284204709,0.177541664593483,0.47359571572320946,0.5625390354122585,0.503115492202163,0.15567039467320384,0.12492191845356607,0.14007973579960858,0.34758048221116145,0.3154707114785835,0.17711343747567532,0.18111556951350027,0.15332017010119767,0.21172491893016265,0.1602524408791862,0.3954925486720656,0.4111412683185156,0.26502559973104006,0.43233145724056266,0.4568400167644491,0.29472783917933915,0.15951653395152873,0.17106508119412278,0.3061874141203872,0.15880606058997565,0.18017879507981213,0.1670689778086834,0.28728509381803713,1.0,0.4453339574612913,0.522265778597958,0.24526502870226086,0.30484862935301177,0.09375562733902143,0.20714417578518846,0.15878217359247632,0.571192653904036,0.16700194767346654,0.15817158670266976,0.39074532522631944,0.2771702772760819,0.169549078848276,0.6225111357058479,0.41891946673873603,0.1424031208903258,0.3324954488775552,0.55997281942664,0.49479978658567203,0.23544192391252616,0.41053097691885904,0.1437343482309244,0.5776191456973468
Sa kaeo,0.6154446914708753,0.10242659410058053,0.12388044422748151,0.4328780761580579,0.5607804170505077,0.130130050104456,0.13578532481599823,0.4136601211509865,0.5475930895752893,0.15876154422017896,0.5041574516205976,0.15546479618850315,0.18329078944523353,0.3620675707585677,0.30836799316619123,0.27046009937151816,0.49157877545349626,0.3659878494821984,0.16296739368539132,0.17674788297855268,0.22826615897644112,0.5157286269950284,0.15850025025118628,0.5308434921506708,0.20484137588547863,0.1347882324615965,0.08631322966816778,0.5424308335689335,0.5039872982203942,0.3907488775311476,0.2671484421776257,0.21625562518125493,0.29970371600353973,0.386598905220151,0.44360474519896725,0.1369372776242309,0.10956324359539789,0.1834326438788943,0.264468541405813,0.30641132784031316,0.6336984687976424,0.33342864877360345,0.10677537081988435,0.2037387667898883,0.2109043187070494,0.0930198959913753,0.23141420048418185,0.21984512137747517,0.4938879761347583,0.13162028180591223,0.42012437548180587,0.2945377121363034,0.14188756366483088,0.4453339574612913,1.0,0.36677139823267146,0.1299759888190504,0.2577282236599635,0.2703133502405714,0.09756988935393976,0.38686065339392917,0.5131046950978423,0.17767631628059846,0.3188588267273353,0.21799541989597054,0.12064970953427294,0.3131391828207988,0.4806121828244118,0.41887149833885706,0.31254428569335857,0.5956701587659091,0.4885462757512288,0.36252357993959,0.2512091580186718,0.2747223787302732,0.18954588981630235,0.4377310833829025
Sakon Nakhon,0.5018884996711092,0.26501159766085,0.25362482702835537,0.47137687938470063,0.4827106534579104,0.29471972310553385,0.3375857254683524,0.558387035891285,0.26490246028918235,0.3094656101565198,0.3700987459204449,0.2620162861567117,0.16560775770088632,0.6600219372875077,0.39341481614529794,0.2821257972493439,0.6175840922153213,0.19707820792996955,0.3337057340771874,0.276074934064818,0.3624035058938207,0.48323080434324406,0.27177957663024965,0.5816961996174798,0.346304979131138,0.3005776389475652,0.2381379973341773,0.5499794662134299,0.45680740278904797,0.5302669507026355,0.16565881869945825,0.2855781974846572,0.2227310618541425,0.48571022668975367,0.4758872155921259,0.2691635607042923,0.2778276500226786,0.20970613319523698,0.22897955685845928,0.18093018981533282,0.33151047393811195,0.4069766325683776,0.2740473886088025,0.36961692194323204,0.4223538842542928,0.3819745019641124,0.3210594245051296,0.2826126978239005,0.34889260055765825,0.17878900224952826,0.28179824708215634,0.21444677514268437,0.24951436918093062,0.522265778597958,0.36677139823267146,1.0,0.2562810169853032,0.23140739398490906,0.19832121019530846,0.28276878479457396,0.26440657796048533,0.5109959867579855,0.3354246052049924,0.19229053004201024,0.3052979305186186,0.3740889273573856,0.18021266140175274,0.5185498266294106,0.31000620403353846,0.2378640176829963,0.25192056391104806,0.5251130972564254,0.7563588974603176,0.29285555870502866,0.36136854222784576,0.1999033580663424,0.5085386035494535
Samut Prakarn,0.16314709134457056,0.5854772346041562,0.680066983927098,0.2339180014907834,0.12782062280810058,0.6150221963567623,0.3828537138991303,0.31036725993296493,0.26221392850338854,0.5202406947247762,0.07584091789538328,0.6243626417882263,0.43055835562938666,0.33316125922716094,0.24294879162781732,0.4684232085926483,0.15254005371353913,0.2156624626054467,0.5279990059764117,0.5186237836186537,0.38069158120250335,0.22142383273514207,0.6423245947993701,0.1584531543424859,0.52188582694587,0.5745380023038542,0.6016802219110956,0.1415844744469647,0.1377155526994142,0.16677700233156295,0.2672150107272211,0.41001611319601305,0.3099982359313135,0.3170629307400399,0.25714536781509256,0.632838451713486,0.638432350067082,0.4749806944392548,0.437910386506056,0.22802330384895386,0.10593658581102366,0.27448974276226623,0.6240114294944022,0.4338185597667365,0.43291322069508587,0.5697574077513228,0.4437662666932426,0.5050072037671456,0.11070150147810191,0.560150147290209,0.16580071954004666,0.23450765373672122,0.6754224220261162,0.24526502870226086,0.1299759888190504,0.2562810169853032,1.0,0.6141110012334787,0.3498649124201244,0.5783820504249763,0.20568321859004451,0.14291700955920333,0.4655285648254802,0.2149734596081346,0.4212313055479512,0.44115824123952385,0.2527450934101062,0.19814763848750347,0.30385054822847535,0.3053396739794909,0.20045350423955588,0.12453758326640735,0.2565599167280532,0.3111069916210469,0.3919258487061026,0.46918374522145523,0.342819499488587
Samut Sakhon,0.25371338226046064,0.5015789990550329,0.6037449086965039,0.23422548809944055,0.21280928809468086,0.5561886626299302,0.2789898128138038,0.3500519985306534,0.4078233343140632,0.4523675098779585,0.12171520984915737,0.5667560761408188,0.4179920586148877,0.3351334018615714,0.21031233390193577,0.5030451807026337,0.18833874697479558,0.2616781987879965,0.46715159931461436,0.4663637846515125,0.31961969165108295,0.2874854358176384,0.6006046828318806,0.21868327777547686,0.4878627553035498,0.5042154293431101,0.5222742659118661,0.185917963220193,0.20380682496608998,0.1644073957037489,0.2686307697230893,0.3615737750113035,0.32295447931900995,0.3180768141245728,0.27584857580574185,0.5620541029051606,0.5578547257600803,0.4546851400210641,0.4598754911360465,0.24123236491838168,0.21688663801138694,0.25928706266646495,0.5150021089780825,0.410565168541869,0.39186149325996866,0.4672345845619228,0.40285448489533743,0.4845391026000872,0.14754275439726466,0.5251696966682591,0.1908848916576802,0.22179742192403173,0.5861749623107783,0.30484862935301177,0.2577282236599635,0.2314073939849091,0.6141110012334787,1.0,0.3504574885519303,0.4828782544695305,0.22567859991312228,0.2038876278955738,0.3869722543118431,0.22324341582188684,0.4096834316899352,0.35838845821469145,0.2785330633125391,0.26296204513775107,0.376331487673217,0.3174657670519013,0.34874669220783994,0.16690956644683116,0.22366435153391068,0.2633254205278006,0.37917207151745846,0.4549190181275131,0.41300529623407556
Samut Songkhram,0.2338689842944756,0.40812264516937447,0.430046192112142,0.3373246923080636,0.1717341659833062,0.26450401138622615,0.5124869874441097,0.09025424029109891,0.3806612980572288,0.3237078898321216,0.29757145893982323,0.2563212013697035,0.5419538937253578,0.1705247776132434,0.2453100570555472,0.260642193759078,0.16404942962449034,0.5323897651302381,0.3767287629873215,0.39877591892322595,0.6149952523905834,0.26073129766735187,0.3786528806872327,0.15487448400061193,0.27045132802243355,0.33249867526878796,0.45038753228637396,0.23025593338653239,0.13098589514952338,0.18726188938708105,0.5508863138870842,0.5946431349911486,0.6494927773073038,0.35771131319900806,0.3996649266892418,0.4731088596618249,0.47615053269222807,0.5637745465029,0.5027518718162601,0.5483891603305718,0.3101706054542438,0.20194794620388423,0.30972845157070567,0.18514945875338346,0.15789391456027302,0.32918972756712067,0.5316502318302974,0.5367440713112632,0.4002292895134091,0.4936336865328432,0.5556223460382967,0.5677747307479257,0.2776146716150557,0.09375562733902143,0.2703133502405714,0.19832121019530846,0.3498649124201244,0.3504574885519303,1.0,0.39717812583171125,0.6151352841768499,0.15502963949686516,0.5025698335252191,0.5710922265558166,0.20657710822127562,0.38334207015845534,0.5522682816025797,0.1433557321362287,0.21740757547743073,0.6555505759624365,0.40915136088140214,0.15569184486748097,0.2241762512058697,0.375185523770023,0.1835238622451627,0.5794292277863353,0.12721308104347623
Saraburi,0.15138846837652267,0.6457692726077668,0.6359351499652901,0.31051593476509415,0.09006851695093916,0.6163830187323124,0.5904901226695243,0.3134294785994812,0.2316839114297643,0.5165424190492498,0.14162141777490073,0.5855063747132199,0.427799992151563,0.358951313195415,0.36905581006668076,0.46819354034823746,0.17220976397522125,0.23234586542769162,0.6055592957853009,0.5166269472125671,0.46093111342913395,0.2898247465271792,0.5521042481804816,0.15872534284749648,0.5011313723948564,0.7105827794092421,0.7450284153210922,0.16973694203075512,0.12783093924729574,0.2491847534600677,0.3385208869131069,0.4732207824844675,0.32402805521792066,0.4002998571814707,0.31051424160563634,0.5818160669731833,0.6414425630234064,0.4607063443440271,0.4532626216585281,0.2845478368989862,0.09704929012151639,0.3903767604942545,0.6205997739776468,0.45719920497161504,0.5175135549470985,0.7158336737279288,0.48905538287105044,0.4535769752850744,0.2402785150695272,0.6993150794788726,0.21762964107223215,0.38347391757822796,0.5760896684843677,0.20714417578518846,0.09756988935393976,0.28276878479457396,0.5783820504249763,0.4828782544695305,0.39717812583171125,1.0,0.25507835517919303,0.11258759314412208,0.6423555235389272,0.30163933399398535,0.4803774814428002,0.5369256575318379,0.2924488302088239,0.1507044277933578,0.32742777557424574,0.3283042583143985,0.15184245982045066,0.1193093536176933,0.31628147113017147,0.45510012395751687,0.5261624062313871,0.44172400064176576,0.31656567133465663
Satun,0.35834599825959634,0.24458769252149049,0.2657765673185527,0.4154195684617355,0.2825405382994532,0.13129574087426912,0.41179301442134597,0.1365603103568776,0.42121095445116796,0.20704177068263152,0.40495108765746823,0.13912156930192796,0.42745005949674963,0.21800144853628606,0.24862993348936593,0.15945369110902696,0.2778209919207768,0.5626332504780103,0.25314186704569486,0.2766168139930428,0.5331287248161097,0.34575916013935226,0.2316842400196829,0.27071415249464165,0.16816441539694024,0.22103462752828984,0.27163907611903193,0.35350090673458223,0.22152083823088758,0.24448528502547004,0.49442278607168655,0.47858529204804434,0.6285744343870339,0.4111663011869714,0.4583151982812824,0.31977025210218724,0.31080311463540033,0.445973909185529,0.4343253842119521,0.542185514428451,0.4180355180865605,0.21175405416513807,0.1847611280834769,0.10581398620586772,0.11462754478456043,0.2034282731006074,0.4351368010163993,0.4472346820571769,0.511403151639579,0.3208063211080605,0.7339262810119316,0.5308269385419457,0.14221634709465555,0.15878217359247632,0.38686065339392917,0.26440657796048533,0.20568321859004451,0.22567859991312228,0.6151352841768499,0.25507835517919303,1.0,0.25541700684035445,0.41444363070502216,0.5709579641627538,0.12318972586677802,0.2554485638024509,0.5433386641208224,0.22757643242719972,0.2229017319310058,0.6542041024026608,0.4666996794314825,0.26915690859207386,0.29847561238264053,0.32317985162591817,0.1522735463382615,0.45782981132674905,0.16578186510352047
Si Sa Ket,0.5401344074053819,0.1485031622065312,0.12456497793845595,0.3854620494224474,0.7018327887353639,0.1905793666219365,0.1635932944505384,0.5062505916162543,0.35625864296206877,0.23103378897207885,0.47632556845514806,0.17142829861599557,0.12729582047521765,0.4539451981177883,0.380390835151336,0.30130262061011515,0.6002240845553958,0.24679667977824934,0.20776625291249196,0.2003641211359305,0.20205838342477994,0.44446406420022544,0.18146335182699272,0.6086276547375926,0.27650980527455976,0.14071698264558669,0.10341732775612286,0.5496021707866573,0.642894770065583,0.5214373395720873,0.20272077950317247,0.18533351801695547,0.18727640513610938,0.32266231515579635,0.381812740157398,0.12965441517867915,0.11565482218447393,0.12001121955283203,0.15432062447513295,0.22040950175405338,0.4876273966435072,0.39128360559563136,0.13736708829772817,0.3293268166345721,0.3047495105088437,0.18155015834767055,0.20006537055697035,0.15144668735402017,0.37701143729084086,0.0816252619598459,0.29181470499278833,0.21400018085750788,0.16938055582334743,0.571192653904036,0.5131046950978423,0.5109959867579855,0.14291700955920333,0.2038876278955738,0.15502963949686516,0.11258759314412208,0.25541700684035445,1.0,0.1308381875799637,0.22468645933765144,0.29571116431485994,0.2475335481518472,0.20846251719538647,0.6147518570035531,0.37946703166008117,0.19022121647642626,0.3960677390832186,0.6830121641121631,0.47255550585115297,0.2683087401135914,0.2998307554647037,0.12337366084399438,0.46958514190494693
Sing Buri,0.2595677289429045,0.5111526965035373,0.5365969088365571,0.47252758681529966,0.11931102581947872,0.43064241139079784,0.6230250363007594,0.2768244942515023,0.2924928504927635,0.41752369911538156,0.20971485626971187,0.4365723936088459,0.3976339931351534,0.39194966312652557,0.3246079710488071,0.33191692943307904,0.22615882968069798,0.3019627064789418,0.552253410943036,0.4599764233797188,0.6339185501354816,0.41128956850668674,0.4504595851559273,0.2095224085152173,0.3964044803203023,0.5748644154180135,0.5710323259253985,0.2796530047107156,0.11186050740056425,0.2203564589956969,0.33436486579314384,0.5599982881246303,0.42622545929643996,0.5821057827089395,0.5020060010985353,0.5462473662391166,0.5764649386327358,0.46891877492798056,0.48518071466341856,0.3218137432503679,0.17181553386573944,0.34821125453518575,0.49000672227441067,0.28011658445383886,0.38857336147057986,0.5625665795905035,0.5878295354795603,0.5291261411800852,0.3794296347315084,0.5812727022396189,0.38240263206012953,0.4352593624853943,0.4211758618784622,0.16700194767346654,0.17767631628059846,0.3354246052049924,0.4655285648254802,0.3869722543118431,0.5025698335252191,0.6423555235389272,0.41444363070502216,0.1308381875799637,1.0,0.3550711822368796,0.3010215105438366,0.42270222472231467,0.33677455919378324,0.14876287877239552,0.28170977044598045,0.4531250442744983,0.21977636887828658,0.1558084051660834,0.40131113673545005,0.4292743493350222,0.4269208474858817,0.4522441234937427,0.2904356805345666
Songkhla,0.24388213962931782,0.28424661469139584,0.2590732212440465,0.2631854848682291,0.25051492259802277,0.20795118391231038,0.4831547516740576,0.12014554278373024,0.38873619218574096,0.21547059018168052,0.3956985324511893,0.19873422676886313,0.5132837548850101,0.15304722458618272,0.31776041245085657,0.21411543853193754,0.222676848734167,0.6064451811984419,0.2355672870567297,0.25361955757175725,0.4215904687620222,0.24122330876657472,0.21987639774178502,0.20965410357233918,0.16429074131473353,0.26870052086215945,0.33703288669524095,0.24319226802836708,0.23227084629295475,0.3078116522033058,0.7065215296110092,0.40952668079254695,0.5712983148210806,0.2762814105818636,0.283811690192578,0.2731168126976097,0.29514486108061394,0.46114699710072954,0.44344130894239364,0.7130861254479385,0.3686694824419633,0.2521392968953106,0.24522473149751967,0.22668002488029745,0.20156742120654775,0.25869942418379044,0.32884639101779173,0.3363502481950328,0.4761173791739288,0.40056297439311966,0.5362267046198276,0.6641905652621816,0.19411136101936982,0.15817158670266976,0.3188588267273353,0.19229053004201024,0.2149734596081346,0.22324341582188686,0.5710922265558166,0.30163933399398535,0.5709579641627538,0.22468645933765144,0.3550711822368796,1.0,0.26648241953411095,0.3589280338680922,0.6569011803261477,0.21260850048317975,0.23403071859527935,0.556070921204773,0.4244693992458296,0.23616035353564604,0.2188767028034407,0.38031147388388803,0.2312725920367436,0.46625217996767465,0.14154956847869893
Sukhothai,0.210973836987651,0.5065491191388998,0.4121097799574283,0.22172524520031062,0.27450552498491726,0.5885623858853808,0.4081311268875416,0.43941019525045755,0.2351901343306635,0.49637617348526253,0.3035666958710169,0.5141630199133618,0.3020863646772076,0.34701564790738537,0.546050335867031,0.6033972174040465,0.30607335858422186,0.18327148425970238,0.47606417647833055,0.4343323663090445,0.2063662480295833,0.30122103718693427,0.43735236367863417,0.30189374688848986,0.514611054204746,0.4635973583968994,0.49166794669947905,0.24406517420156515,0.36928890044094137,0.4748807065486299,0.33309912221101284,0.29555369294370776,0.15385608659146038,0.19549098985868735,0.19148171256806878,0.34225491142832143,0.3713187437265045,0.25231936134154465,0.24666204560116628,0.2559583622023726,0.25248552533244617,0.5514059135040109,0.46370048247951956,0.7320103187173468,0.594352230912022,0.4906100053240131,0.2882455083219223,0.18533517024166096,0.24676209486497327,0.4539919857872226,0.11877361158393075,0.32754304821466557,0.5146731836075666,0.39074532522631944,0.21799541989597054,0.3052979305186186,0.4212313055479512,0.4096834316899352,0.20657710822127562,0.4803774814428002,0.12318972586677802,0.29571116431485994,0.3010215105438366,0.26648241953411095,1.0,0.5447699872417398,0.23110657384422323,0.2971370079325037,0.510199757790927,0.13670639655863595,0.21799986447761538,0.2733583305173534,0.2769668888540928,0.5073480839377813,0.603986706243584,0.24506397718059753,0.3840781276487574
Suphan Buri,0.1428998004969248,0.6064216260409886,0.4923285121499594,0.23662184607769726,0.21083064266100662,0.524845613805331,0.6140997096782709,0.3012597125545396,0.1374753437162797,0.5341823092377078,0.2682800028164092,0.42116158847269275,0.4155905472598094,0.3325257562729455,0.4912834231258661,0.48926087803031054,0.2699171124601279,0.26595005043812525,0.5515836293318568,0.5023195179482342,0.44215653928212917,0.2119635219754043,0.48738892674057155,0.2318781012718524,0.5019576225229612,0.4500148455578415,0.598878543607032,0.21754503159231217,0.26648635351430744,0.44811591029735887,0.4236807652523634,0.48802253481963653,0.3094646823142788,0.21664414593348544,0.2480545792406353,0.46693886355276093,0.512159909837977,0.38894041693781256,0.2933051847420067,0.3517789651560934,0.1793007191910881,0.4344724248562503,0.45358586122634226,0.571028446140344,0.4684181183625889,0.5820446640003636,0.44390973813856227,0.3277889555061857,0.22096399782699014,0.5077537085091849,0.23197321152264577,0.41075946556325005,0.4517620783948347,0.2771702772760819,0.12064970953427294,0.3740889273573856,0.44115824123952385,0.35838845821469145,0.38334207015845534,0.5369256575318379,0.2554485638024509,0.2475335481518472,0.42270222472231467,0.3589280338680922,0.5447699872417398,1.0,0.3201402485151896,0.24040350666761745,0.31981001361680483,0.28903628334061143,0.15590056053244034,0.24008601080334133,0.3415347843000797,0.5217101151350858,0.41840076319616804,0.3900205396303157,0.24562424150153894
Surat Thani,0.23536925388123747,0.2610357190479624,0.2790221366738981,0.20882718305900086,0.24505438870486235,0.2204211120234624,0.4316577901948685,0.11765163547697649,0.42063296977802916,0.1770262794144101,0.3187790392591062,0.22531112993295105,0.5707602422822161,0.1687334382456,0.21962779042005984,0.17701078817195637,0.1993933815128447,0.6940920883210794,0.19142076039149508,0.21578353201591116,0.3901889819641928,0.20012197305760718,0.22929260077773095,0.19416860039540734,0.1333140282448922,0.2894152327005074,0.3317613779828517,0.19877585289622324,0.19920052119461915,0.24052969665482984,0.6289880413574853,0.3573699266767759,0.6105140485762653,0.2798801064904143,0.23987071709782576,0.2937235798002257,0.31926574540929287,0.5228158567133715,0.508317795822592,0.7144242231156488,0.33065487173483354,0.16570581435527795,0.274077642282055,0.2037672491882212,0.19630945054097432,0.2686995990666459,0.28795267704904065,0.38369639153523527,0.4051433638903804,0.40597723155955834,0.49992858442783467,0.5744148577981588,0.21365207071580716,0.169549078848276,0.3131391828207988,0.18021266140175274,0.2527450934101062,0.2785330633125391,0.5522682816025797,0.2924488302088239,0.5433386641208224,0.20846251719538647,0.33677455919378324,0.6569011803261477,0.23110657384422323,0.3201402485151896,1.0,0.23303758774292044,0.18150733034152688,0.585031407454667,0.4329639164809672,0.22096357953325488,0.21048381388138324,0.2766043403222473,0.19080060634195883,0.5256541821308154,0.16831476240535653
Surin,0.5192259357578638,0.13959960145146555,0.15581235820282838,0.3207832250987587,0.6222890797256773,0.23855804440639405,0.16966677871610641,0.5333017207779972,0.39466773225310814,0.18832035143343467,0.3757465499665705,0.23684167141182955,0.18444644702019675,0.5072485382924443,0.2981307912849806,0.26343601415241413,0.5716021859544993,0.26402881396119193,0.17065570202872,0.15041026817841524,0.17145312983440308,0.4085609230204521,0.18936587856902742,0.5855529483781285,0.2411434443849727,0.2167535090624948,0.13194258304206513,0.48020034826660596,0.5482715189820107,0.4713637140805647,0.1957814564762583,0.12343300591298503,0.2095799589194206,0.3552162806026111,0.3235172117487424,0.15054952110385333,0.15504627105422597,0.18915883747430265,0.24844220188610056,0.21989817962288583,0.40993797468450754,0.31966440833753007,0.21262895123496456,0.3383478653751896,0.3593620475946573,0.24574269088124778,0.1446660359717529,0.19275396552719617,0.3267598510919703,0.12715437272803545,0.24549708355155528,0.20106711579662429,0.21446356341779502,0.6225111357058479,0.4806121828244118,0.5185498266294106,0.19814763848750347,0.26296204513775107,0.1433557321362287,0.1507044277933578,0.22757643242719972,0.6147518570035531,0.14876287877239552,0.21260850048317975,0.2971370079325037,0.24040350666761745,0.23303758774292044,1.0,0.3189599513177522,0.2111713180417955,0.38413683428837386,0.6068960178822429,0.49682986826526326,0.1786763855019865,0.31127536537196676,0.18186146579172147,0.5375438506946174
Tak,0.41069623892482976,0.37674843093249405,0.3148858450566714,0.4348167441683367,0.3759662123830454,0.40075329866257814,0.24619997394196338,0.4835282659890652,0.35915234069009916,0.4419486764710932,0.4581225184330879,0.3753613662227647,0.1583388826624852,0.35873038588657036,0.5507053568373247,0.5929031025567072,0.408326827468346,0.18195588655778278,0.4545182441838681,0.4320528599037119,0.24203957107523305,0.526187198626231,0.37295030095090975,0.4318476813727882,0.4882620405037351,0.3116974604111767,0.315436853487431,0.4360508817808712,0.45266411258227757,0.45006123247063806,0.2426638328001512,0.33731800301676307,0.15181842993831074,0.30749845710278845,0.41269589441229726,0.2823965424958471,0.25639828657277247,0.14041228754190999,0.17496550700256985,0.20567293407899453,0.4671342863408261,0.6325944508965203,0.283015691557836,0.4709435768907365,0.42390714570145155,0.27480368325965565,0.36760086501532574,0.19147457518763578,0.4046675377809795,0.30367113175191207,0.25107017930161624,0.2746392648922481,0.38000947416255004,0.41891946673873603,0.41887149833885706,0.31000620403353846,0.30385054822847535,0.376331487673217,0.21740757547743073,0.32742777557424574,0.2229017319310058,0.3794670316600812,0.28170977044598045,0.23403071859527935,0.510199757790927,0.31981001361680483,0.18150733034152688,0.3189599513177522,1.0,0.1577911323656021,0.3817062194542763,0.34496121876346886,0.28743695780120126,0.5205885931303911,0.5483850487101005,0.14641616427924864,0.4143347665520022
Trang,0.28657107512725627,0.29391145211561337,0.3535920133515652,0.3251261708753807,0.22116932996663513,0.21014872652158517,0.43940061902316424,0.11949735274634277,0.42369850065503295,0.21473333186531463,0.282002777653456,0.22494918698964947,0.5365718269930912,0.2288312048001882,0.16562385638634639,0.15348128737913247,0.2103548995133303,0.5808380738439801,0.2618359779432413,0.28122759601070213,0.5349890643714181,0.26499172511515356,0.29442595504319014,0.20493266562494009,0.17321625424868575,0.3134558337504626,0.354000823863233,0.2514867336022768,0.14484946700871038,0.17044874801379944,0.5070684030788665,0.4631021787257261,0.8119937044910172,0.40748413414684315,0.3804015446373442,0.40078439607085037,0.40855636510601534,0.5796856207329064,0.5535414251844377,0.5497935313627502,0.3145198900657284,0.13313858240366003,0.28543981167828375,0.1287526493654827,0.15423157089765033,0.29336505512873934,0.42246653282675783,0.5408690141238541,0.40633765476261385,0.41157576556687736,0.5775018683281055,0.5152587543853777,0.2221685210553199,0.1424031208903258,0.31254428569335857,0.2378640176829963,0.3053396739794909,0.31746576705190127,0.6555505759624366,0.3283042583143985,0.6542041024026608,0.19022121647642626,0.4531250442744983,0.556070921204773,0.13670639655863595,0.28903628334061143,0.585031407454667,0.2111713180417955,0.1577911323656021,1.0,0.42645349086470763,0.20664166138394716,0.2797284478550418,0.2536262584955566,0.14719268145462394,0.5867890256073427,0.17902318039654297
Trat,0.5031186977357479,0.1680922204539376,0.20973364638412634,0.3621673607927272,0.44466278228500494,0.16058271826402704,0.18968679885038253,0.29979737237865056,0.6597125647722927,0.17992637361965041,0.4338465977537723,0.19158910420104142,0.32432794221018,0.2569773169777039,0.2508044365848823,0.2935314639405588,0.35265780814607944,0.4748837358362126,0.18908512390308374,0.22316587480025757,0.28569184762410704,0.44302602606730224,0.22738347553599447,0.3920298653909528,0.20806565090784407,0.1724492571807048,0.17847554902955656,0.41905056173763494,0.38967875039250743,0.2971868279848733,0.3868304042694181,0.2921090587175051,0.4223818857404313,0.3479375993938121,0.4057286643567017,0.22229461125611874,0.19854510364737016,0.3138712903523442,0.37745930670542877,0.417766212978401,0.5647848294764826,0.25763887080068826,0.15417018386762718,0.18510435532498323,0.15982330797990882,0.11701883008396023,0.28493448505215024,0.30943450257590843,0.47365986405527694,0.25023545253913415,0.47212935676505957,0.38573522737929317,0.19112496900734247,0.3324954488775552,0.5956701587659091,0.25192056391104806,0.20045350423955588,0.34874669220783994,0.40915136088140214,0.15184245982045066,0.4666996794314825,0.3960677390832186,0.21977636887828658,0.4244693992458296,0.21799986447761538,0.15590056053244034,0.4329639164809672,0.38413683428837386,0.3817062194542763,0.42645349086470763,1.0,0.3634120864934302,0.252261631670108,0.25704989955206714,0.2318996552594597,0.32607749349256165,0.3645476597790278
Ubon Ratchathani,0.5280486328015608,0.12626743381672775,0.10493454730687218,0.3903139282567826,0.647015333894949,0.177320028240917,0.19081471171083272,0.49810363451574113,0.33764705718559473,0.1968548439024735,0.47032724171051904,0.1613684396296003,0.13071543802768948,0.47384506493183237,0.36901972499768004,0.2497938178598268,0.6073406880098609,0.2559653739756072,0.18243332849618096,0.16502685644902448,0.21253103401092882,0.4392059068487315,0.1455068564408885,0.603877101440884,0.23506298303099005,0.15599162101899852,0.0940190992981279,0.5406721375144482,0.5959185163489806,0.5165948362333992,0.20434051655713265,0.17071001705862782,0.2002147565260836,0.35259037699701135,0.3789717115415433,0.11342074024544402,0.10771206250319376,0.12956003571891986,0.17117942606882447,0.22920622152314996,0.4606525530877777,0.3791537110054888,0.1420835739862875,0.3085872722457111,0.3172507711377391,0.19409197039852386,0.18261451989239985,0.1537279479296212,0.3954787955488406,0.07864012368064449,0.30391303331970304,0.23241646926207993,0.14607491169729644,0.55997281942664,0.4885462757512288,0.5251130972564254,0.12453758326640736,0.16690956644683116,0.15569184486748097,0.1193093536176933,0.26915690859207386,0.6830121641121631,0.1558084051660834,0.23616035353564604,0.2733583305173534,0.24008601080334133,0.22096357953325488,0.6068960178822429,0.34496121876346886,0.20664166138394716,0.3634120864934302,1.0,0.5026489951787325,0.2526936618012984,0.29994459398271633,0.1274590073752543,0.4584870529314183
Udon Thani,0.5074037486677148,0.24745715544336083,0.25355445765480494,0.49894415658147545,0.45253873335648687,0.28817985754314124,0.3754376930873631,0.5499215554199537,0.29480666328896743,0.26954229266090246,0.35381380488075687,0.27449345459571756,0.1864588922029048,0.7025615879509999,0.3662594204251943,0.23772608966781103,0.5944979495849828,0.22324428020167808,0.31852826338796164,0.24450321234000372,0.3883747092032536,0.5114176148811838,0.24611150388615105,0.5630451358101237,0.3017942959716642,0.3472641685846919,0.24649559280149164,0.537860117664251,0.41595569104604285,0.4913954422606088,0.17702920098394095,0.2810852651183434,0.2570507645126521,0.572511126160674,0.5007292337509351,0.269456541657935,0.2864334704071104,0.24258669813373676,0.29002002437701124,0.20108975856845024,0.3129932048412599,0.391621250853976,0.2995050659222544,0.32788229159049825,0.4350191192509457,0.4047107899222131,0.3192066495728396,0.31040673139098685,0.3948264561088874,0.21104731574819657,0.3096569432604484,0.2553837719968755,0.24342139683800001,0.49479978658567203,0.36252357993959,0.7563588974603176,0.2565599167280532,0.22366435153391068,0.2241762512058697,0.31628147113017147,0.29847561238264053,0.47255550585115297,0.40131113673545005,0.2188767028034407,0.2769668888540928,0.3415347843000797,0.21048381388138324,0.49682986826526326,0.28743695780120126,0.2797284478550418,0.252261631670108,0.5026489951787325,1.0,0.2785010677123433,0.3836549377274418,0.22489202169295708,0.5184017938620655
Uthai Thani,0.25481886212406224,0.5172338560485961,0.3779801591207487,0.43268983627811514,0.23582050653028847,0.39427356267238395,0.5132347277142469,0.30475676036814486,0.2082074512803982,0.5300655306775737,0.4475660006736478,0.33468491588365323,0.2654192479815413,0.24806570948129464,0.6728261472730059,0.5449437155878376,0.2996130879520198,0.24414126716662238,0.5699950001812037,0.5333569765670915,0.4305876294615866,0.40380256154487226,0.40001643577880247,0.27958547872935674,0.5053199752190123,0.3470171105012996,0.4616698025194527,0.35554319668918444,0.32990765646723613,0.47028269895337793,0.39929832430098006,0.5345386023625434,0.253495986700159,0.27427160391050764,0.4124442937552628,0.36015238260034266,0.35663453935719447,0.2296039321198474,0.18984008535353142,0.3345683741519077,0.34881603708114595,0.6353513964873446,0.32131637013491593,0.4581794953007925,0.38063717543682823,0.37821664218967,0.5056697605469735,0.234865152620434,0.43048374026053804,0.4201269613380946,0.3370779539660619,0.4587537379561297,0.3634496321620858,0.23544192391252616,0.2512091580186718,0.2928555587050286,0.3111069916210469,0.26332542052780067,0.375185523770023,0.45510012395751687,0.32317985162591817,0.2683087401135914,0.4292743493350222,0.38031147388388803,0.5073480839377813,0.5217101151350858,0.2766043403222473,0.1786763855019865,0.5205885931303911,0.2536262584955566,0.25704989955206714,0.2526936618012984,0.2785010677123433,1.0,0.4985063801809456,0.23771371919622114,0.2204496144399825
Uttaradit,0.3226236594205648,0.4367977756119521,0.3813382338099437,0.3751922986153721,0.28462335505762626,0.5359178740750519,0.42062078611659043,0.5351661497631501,0.3081660202822492,0.4251077594625548,0.31931723911319887,0.5213250024316388,0.2246390533925121,0.4632447145062373,0.5380021330645531,0.5344295270012086,0.36894136977319464,0.1521942293607085,0.4774087566034049,0.38178344607481535,0.234754240275597,0.4797951629220786,0.3740657174960371,0.3723086963248243,0.46472916206587606,0.5388265992015137,0.4491233625610742,0.34133943753238777,0.3623071043631114,0.45584790854147117,0.25007451605014,0.2729796819511122,0.13881440995417874,0.39741232889354206,0.3290058481049693,0.31558262649736957,0.34354590042591354,0.21684209711956506,0.29233695174796104,0.19852708344374587,0.2695694123844455,0.6163396923502208,0.4739943208859738,0.5468008101336419,0.6459746037336531,0.5037763175554514,0.3038593125161051,0.2042490149051817,0.3691325964114856,0.449808488143429,0.15714724952645154,0.3300335555464075,0.4797106772909155,0.41053097691885904,0.2747223787302732,0.36136854222784576,0.3919258487061026,0.37917207151745846,0.1835238622451627,0.5261624062313871,0.1522735463382615,0.2998307554647037,0.4269208474858817,0.2312725920367436,0.603986706243584,0.41840076319616804,0.19080060634195883,0.31127536537196676,0.5483850487101005,0.14719268145462394,0.23189965525945969,0.29994459398271633,0.3836549377274418,0.4985063801809456,1.0,0.19442473795476878,0.4896730257855141
Yala,0.16375508718934512,0.42346809438187816,0.4985115625155806,0.19642355988837856,0.1420172690630798,0.3740549956262078,0.4527498424570486,0.1298019431592513,0.3517679741382177,0.31545897418914526,0.14432941077428663,0.3765655572833564,0.6709016053881609,0.2254558422508433,0.14117292909665063,0.2469536922035437,0.12485685808296973,0.4917551763943873,0.3422014743198603,0.359440392197768,0.482167643625168,0.14903552920131855,0.4338188798637296,0.12027530577908283,0.2741889430508526,0.4319477185651428,0.49500155338835067,0.12045927760468689,0.08761566391373546,0.12659229286510484,0.48485106038939,0.4468415227155216,0.6057379231299141,0.3186495811183364,0.2509320260629563,0.520326392486553,0.5449817709725809,0.8226495852709325,0.5968711681476497,0.48649593045241885,0.18153384778590917,0.1142883383534343,0.4366931410349769,0.25069883550239214,0.2485740906845828,0.42884237055022656,0.41387774277486583,0.5897320815053173,0.23283028184130444,0.5275139080081895,0.3940600733926699,0.4374816533010416,0.3846901055068948,0.1437343482309244,0.18954588981630235,0.1999033580663424,0.46918374522145523,0.4549190181275131,0.5794292277863353,0.44172400064176576,0.45782981132674905,0.12337366084399438,0.4522441234937427,0.46625217996767465,0.24506397718059753,0.3900205396303157,0.5256541821308154,0.18186146579172147,0.14641616427924864,0.5867890256073427,0.32607749349256165,0.1274590073752543,0.22489202169295708,0.23771371919622114,0.19442473795476878,1.0,0.19637538225058176
Yasothon,0.5287906243957738,0.24596534361897143,0.2925869274587929,0.3843522714334348,0.4725019121209527,0.3878915667109176,0.2075396025118592,0.6906951588407896,0.45733432526301177,0.2737905363909261,0.2853373610035117,0.41645274539944716,0.18123192556935136,0.6178199030715359,0.3149148294624028,0.379959346877588,0.5091030690600982,0.18197985513635523,0.2987673387151677,0.23774668315601105,0.1825989032591759,0.5225225677988077,0.3068189525012298,0.5407566445325152,0.3545473459049002,0.3987489197178474,0.25742195595872686,0.46073280971813574,0.45225020800896887,0.41322045110874017,0.13081366012428652,0.14728818272449115,0.16509494671146802,0.48243002474490226,0.3821244563247129,0.2596873310860585,0.2686740585214716,0.21619563358476443,0.3286202547202805,0.13750768881966025,0.33838923916260166,0.3905068130186964,0.367747087505027,0.39815137746235807,0.49723387042512657,0.37897023940792485,0.21147773139100423,0.257955992167693,0.3179841519033126,0.26396712997830785,0.17423566618624758,0.17161415970054816,0.3757790438299903,0.5776191456973468,0.4377310833829025,0.5085386035494535,0.342819499488587,0.41300529623407556,0.12721308104347623,0.31656567133465663,0.16578186510352047,0.46958514190494693,0.2904356805345666,0.14154956847869893,0.3840781276487574,0.24562424150153894,0.16831476240535653,0.5375438506946174,0.4143347665520022,0.17902318039654297,0.3645476597790278,0.4584870529314183,0.5184017938620655,0.2204496144399825,0.4896730257855141,0.19637538225058176,1.0
