year,season,province,variety,area_old,area_updated,_merge,area_diff,area_abs_diff
2015,inseason,Amnat Charoen,กข15,248157.0,8111.0,both,-240046.0,240046.0
2015,inseason,Amnat Charoen,กข6,11971036.0,391272.0,both,-11579764.0,11579764.0
2015,inseason,Amnat Charoen,ขาวดอกมะลิ105,15884608.0,519188.0,both,-15365420.0,15365420.0
2015,inseason,Amnat Charoen,คลองหลวง1,0.0,0.0,both,0.0,0.0
2015,inseason,Amnat Charoen,ชัยนาท1,0.0,0.0,both,0.0,0.0
2015,inseason,Amnat Charoen,ปทุมธานี1,0.0,0.0,both,0.0,0.0
2015,inseason,Amnat Charoen,พันธุ์พื้นเมือง,667096.0,21804.0,both,-645292.0,645292.0
2015,inseason,Amnat Charoen,ราชการไม่ไวต่อช่วงแสง,126297.0,4128.0,both,-122169.0,122169.0
2015,inseason,Amnat Charoen,ราชการไวต่อช่วงแสง,49442.0,1616.0,both,-47826.0,47826.0
2015,inseason,Amnat Charoen,สุพรรณบุรี1,0.0,0.0,both,0.0,0.0
2015,inseason,Amnat Charoen,"สุพรรณบุรี60,90",0.0,0.0,both,0.0,0.0
2015,inseason,Amnat Charoen,หอมสุพรรณบุรี,0.0,0.0,both,0.0,0.0
2015,inseason,Ang Thong,กข15,0.0,0.0,both,0.0,0.0
2015,inseason,Ang Thong,กข6,0.0,0.0,both,0.0,0.0
2015,inseason,Ang Thong,ขาวดอกมะลิ105,194779.0,6357.0,both,-188422.0,188422.0
2015,inseason,Ang Thong,คลองหลวง1,0.0,0.0,both,0.0,0.0
2015,inseason,Ang Thong,ชัยนาท1,295125.0,9632.0,both,-285493.0,285493.0
2015,inseason,Ang Thong,ปทุมธานี1,3849438.0,125635.0,both,-3723803.0,3723803.0
2015,inseason,Ang Thong,พันธุ์พื้นเมือง,160738.0,5246.0,both,-155492.0,155492.0
2015,inseason,Ang Thong,ราชการไม่ไวต่อช่วงแสง,4520824.0,147545.0,both,-4373279.0,4373279.0
2015,inseason,Ang Thong,ราชการไวต่อช่วงแสง,171891.0,5610.0,both,-166281.0,166281.0
2015,inseason,Ang Thong,สุพรรณบุรี1,173913.0,5676.0,both,-168237.0,168237.0
2015,inseason,Ang Thong,"สุพรรณบุรี60,90",160738.0,5246.0,both,-155492.0,155492.0
2015,inseason,Ang Thong,หอมสุพรรณบุรี,0.0,0.0,both,0.0,0.0
2015,inseason,Bangkok,กข15,0.0,0.0,both,0.0,0.0
2015,inseason,Bangkok,กข6,0.0,0.0,both,0.0,0.0
2015,inseason,Bangkok,ขาวดอกมะลิ105,0.0,0.0,both,0.0,0.0
2015,inseason,Bangkok,คลองหลวง1,0.0,0.0,both,0.0,0.0
2015,inseason,Bangkok,ชัยนาท1,0.0,0.0,both,0.0,0.0
2015,inseason,Bangkok,ปทุมธานี1,499425.0,16257.0,both,-483168.0,483168.0
2015,inseason,Bangkok,พันธุ์พื้นเมือง,0.0,0.0,both,0.0,0.0
2015,inseason,Bangkok,ราชการไม่ไวต่อช่วงแสง,1716974.0,55890.0,both,-1661084.0,1661084.0
2015,inseason,Bangkok,ราชการไวต่อช่วงแสง,0.0,0.0,both,0.0,0.0
2015,inseason,Bangkok,สุพรรณบุรี1,265272.0,8635.0,both,-256637.0,256637.0
2015,inseason,Bangkok,"สุพรรณบุรี60,90",0.0,0.0,both,0.0,0.0
2015,inseason,Bangkok,หอมสุพรรณบุรี,0.0,0.0,both,0.0,0.0
2015,inseason,Bueng Kan,กข15,191810.0,6274.0,both,-185536.0,185536.0
2015,inseason,Bueng Kan,กข6,11747796.0,384263.0,both,-11363533.0,11363533.0
2015,inseason,Bueng Kan,ขาวดอกมะลิ105,2563907.0,83864.0,both,-2480043.0,2480043.0
2015,inseason,Bueng Kan,คลองหลวง1,0.0,0.0,both,0.0,0.0
2015,inseason,Bueng Kan,ชัยนาท1,0.0,0.0,both,0.0,0.0
2015,inseason,Bueng Kan,ปทุมธานี1,0.0,0.0,both,0.0,0.0
2015,inseason,Bueng Kan,พันธุ์พื้นเมือง,126294.0,4131.0,both,-122163.0,122163.0
2015,inseason,Bueng Kan,ราชการไม่ไวต่อช่วงแสง,88782.0,2904.0,both,-85878.0,85878.0
2015,inseason,Bueng Kan,ราชการไวต่อช่วงแสง,249836.0,8172.0,both,-241664.0,241664.0
2015,inseason,Bueng Kan,สุพรรณบุรี1,0.0,0.0,both,0.0,0.0
2015,inseason,Bueng Kan,"สุพรรณบุรี60,90",0.0,0.0,both,0.0,0.0
2015,inseason,Bueng Kan,หอมสุพรรณบุรี,0.0,0.0,both,0.0,0.0
2015,inseason,Buri Ram,กข15,2104825.0,68979.0,both,-2035846.0,2035846.0
2015,inseason,Buri Ram,กข6,3780715.0,123901.0,both,-3656814.0,3656814.0
2015,inseason,Buri Ram,ขาวดอกมะลิ105,72407739.0,2372935.0,both,-70034804.0,70034804.0
2015,inseason,Buri Ram,คลองหลวง1,0.0,0.0,both,0.0,0.0
2015,inseason,Buri Ram,ชัยนาท1,0.0,0.0,both,0.0,0.0
2015,inseason,Buri Ram,ปทุมธานี1,0.0,0.0,both,0.0,0.0
2015,inseason,Buri Ram,พันธุ์พื้นเมือง,3518112.0,115295.0,both,-3402817.0,3402817.0
2015,inseason,Buri Ram,ราชการไม่ไวต่อช่วงแสง,904252.0,29634.0,both,-874618.0,874618.0
2015,inseason,Buri Ram,ราชการไวต่อช่วงแสง,405684.0,13295.0,both,-392389.0,392389.0
2015,inseason,Buri Ram,สุพรรณบุรี1,0.0,0.0,both,0.0,0.0
2015,inseason,Buri Ram,"สุพรรณบุรี60,90",0.0,0.0,both,0.0,0.0
2015,inseason,Buri Ram,หอมสุพรรณบุรี,0.0,0.0,both,0.0,0.0
2015,inseason,Chachoengsao,กข15,0.0,0.0,both,0.0,0.0
2015,inseason,Chachoengsao,กข6,68136.0,2214.0,both,-65922.0,65922.0
2015,inseason,Chachoengsao,ขาวดอกมะลิ105,2637602.0,85706.0,both,-2551896.0,2551896.0
2015,inseason,Chachoengsao,คลองหลวง1,0.0,0.0,both,0.0,0.0
2015,inseason,Chachoengsao,ชัยนาท1,0.0,0.0,both,0.0,0.0
2015,inseason,Chachoengsao,ปทุมธานี1,694469.0,22566.0,both,-671903.0,671903.0
2015,inseason,Chachoengsao,พันธุ์พื้นเมือง,88171.0,2865.0,both,-85306.0,85306.0
2015,inseason,Chachoengsao,ราชการไม่ไวต่อช่วงแสง,11353944.0,368933.0,both,-10985011.0,10985011.0
2015,inseason,Chachoengsao,ราชการไวต่อช่วงแสง,1255774.0,40805.0,both,-1214969.0,1214969.0
2015,inseason,Chachoengsao,สุพรรณบุรี1,1954982.0,63525.0,both,-1891457.0,1891457.0
2015,inseason,Chachoengsao,"สุพรรณบุรี60,90",1143168.0,37146.0,both,-1106022.0,1106022.0
2015,inseason,Chachoengsao,หอมสุพรรณบุรี,0.0,0.0,both,0.0,0.0
2015,inseason,Chai Nat,กข15,0.0,0.0,both,0.0,0.0
2015,inseason,Chai Nat,กข6,0.0,0.0,both,0.0,0.0
2015,inseason,Chai Nat,ขาวดอกมะลิ105,466491.0,15275.0,both,-451216.0,451216.0
2015,inseason,Chai Nat,คลองหลวง1,0.0,0.0,both,0.0,0.0
2015,inseason,Chai Nat,ชัยนาท1,0.0,0.0,both,0.0,0.0
2015,inseason,Chai Nat,ปทุมธานี1,5813072.0,190346.0,both,-5622726.0,5622726.0
2015,inseason,Chai Nat,พันธุ์พื้นเมือง,275588.0,9024.0,both,-266564.0,266564.0
2015,inseason,Chai Nat,ราชการไม่ไวต่อช่วงแสง,11911046.0,390022.0,both,-11521024.0,11521024.0
2015,inseason,Chai Nat,ราชการไวต่อช่วงแสง,0.0,0.0,both,0.0,0.0
2015,inseason,Chai Nat,สุพรรณบุรี1,2457269.0,80462.0,both,-2376807.0,2376807.0
2015,inseason,Chai Nat,"สุพรรณบุรี60,90",143536.0,4700.0,both,-138836.0,138836.0
2015,inseason,Chai Nat,หอมสุพรรณบุรี,0.0,0.0,both,0.0,0.0
2015,inseason,Chaiyaphum,กข15,1039330.0,34041.0,both,-1005289.0,1005289.0
2015,inseason,Chaiyaphum,กข6,18625802.0,610047.0,both,-18015755.0,18015755.0
2015,inseason,Chaiyaphum,ขาวดอกมะลิ105,21753836.0,712500.0,both,-21041336.0,21041336.0
2015,inseason,Chaiyaphum,คลองหลวง1,0.0,0.0,both,0.0,0.0
2015,inseason,Chaiyaphum,ชัยนาท1,0.0,0.0,both,0.0,0.0
2015,inseason,Chaiyaphum,ปทุมธานี1,0.0,0.0,both,0.0,0.0
2015,inseason,Chaiyaphum,พันธุ์พื้นเมือง,3741385.0,122541.0,both,-3618844.0,3618844.0
2015,inseason,Chaiyaphum,ราชการไม่ไวต่อช่วงแสง,520260.0,17040.0,both,-503220.0,503220.0
2015,inseason,Chaiyaphum,ราชการไวต่อช่วงแสง,1820392.0,59623.0,both,-1760769.0,1760769.0
2015,inseason,Chaiyaphum,สุพรรณบุรี1,0.0,0.0,both,0.0,0.0
2015,inseason,Chaiyaphum,"สุพรรณบุรี60,90",0.0,0.0,both,0.0,0.0
2015,inseason,Chaiyaphum,หอมสุพรรณบุรี,0.0,0.0,both,0.0,0.0
2015,inseason,Chanthaburi,กข15,0.0,0.0,both,0.0,0.0
2015,inseason,Chanthaburi,กข6,0.0,0.0,both,0.0,0.0
2015,inseason,Chanthaburi,ขาวดอกมะลิ105,367398.0,11982.0,both,-355416.0,355416.0
2015,inseason,Chanthaburi,คลองหลวง1,0.0,0.0,both,0.0,0.0
2015,inseason,Chanthaburi,ชัยนาท1,7512.0,245.0,both,-7267.0,7267.0
2015,inseason,Chanthaburi,ปทุมธานี1,26766.0,873.0,both,-25893.0,25893.0
2015,inseason,Chanthaburi,พันธุ์พื้นเมือง,161946.0,5281.0,both,-156665.0,156665.0
2015,inseason,Chanthaburi,ราชการไม่ไวต่อช่วงแสง,24007.0,783.0,both,-23224.0,23224.0
2015,inseason,Chanthaburi,ราชการไวต่อช่วงแสง,20174.0,658.0,both,-19516.0,19516.0
2015,inseason,Chanthaburi,สุพรรณบุรี1,0.0,0.0,both,0.0,0.0
2015,inseason,Chanthaburi,"สุพรรณบุรี60,90",0.0,0.0,both,0.0,0.0
2015,inseason,Chanthaburi,หอมสุพรรณบุรี,0.0,0.0,both,0.0,0.0
2015,inseason,Chiang Mai,กข15,79004.0,2563.0,both,-76441.0,76441.0
2015,inseason,Chiang Mai,กข6,5889159.0,191053.0,both,-5698106.0,5698106.0
2015,inseason,Chiang Mai,ขาวดอกมะลิ105,1304047.0,42305.0,both,-1261742.0,1261742.0
2015,inseason,Chiang Mai,คลองหลวง1,0.0,0.0,both,0.0,0.0
2015,inseason,Chiang Mai,ชัยนาท1,0.0,0.0,both,0.0,0.0
2015,inseason,Chiang Mai,ปทุมธานี1,130574.0,4236.0,both,-126338.0,126338.0
2015,inseason,Chiang Mai,พันธุ์พื้นเมือง,2770819.0,89889.0,both,-2680930.0,2680930.0
2015,inseason,Chiang Mai,ราชการไม่ไวต่อช่วงแสง,2785431.0,90363.0,both,-2695068.0,2695068.0
2015,inseason,Chiang Mai,ราชการไวต่อช่วงแสง,292960.0,9504.0,both,-283456.0,283456.0
2015,inseason,Chiang Mai,สุพรรณบุรี1,0.0,0.0,both,0.0,0.0
2015,inseason,Chiang Mai,"สุพรรณบุรี60,90",0.0,0.0,both,0.0,0.0
2015,inseason,Chiang Mai,หอมสุพรรณบุรี,0.0,0.0,both,0.0,0.0
2015,inseason,Chiang Rai,กข15,4188848.0,136097.0,both,-4052751.0,4052751.0
2015,inseason,Chiang Rai,กข6,22855640.0,742588.0,both,-22113052.0,22113052.0
2015,inseason,Chiang Rai,ขาวดอกมะลิ105,4833810.0,157052.0,both,-4676758.0,4676758.0
2015,inseason,Chiang Rai,คลองหลวง1,0.0,0.0,both,0.0,0.0
2015,inseason,Chiang Rai,ชัยนาท1,47214.0,1534.0,both,-45680.0,45680.0
2015,inseason,Chiang Rai,ปทุมธานี1,190919.0,6203.0,both,-184716.0,184716.0
2015,inseason,Chiang Rai,พันธุ์พื้นเมือง,1502509.0,48817.0,both,-1453692.0,1453692.0
2015,inseason,Chiang Rai,ราชการไม่ไวต่อช่วงแสง,1250188.0,40619.0,both,-1209569.0,1209569.0
2015,inseason,Chiang Rai,ราชการไวต่อช่วงแสง,1185799.0,38527.0,both,-1147272.0,1147272.0
2015,inseason,Chiang Rai,สุพรรณบุรี1,131547.0,4274.0,both,-127273.0,127273.0
2015,inseason,Chiang Rai,"สุพรรณบุรี60,90",277683.0,9022.0,both,-268661.0,268661.0
2015,inseason,Chiang Rai,หอมสุพรรณบุรี,0.0,0.0,both,0.0,0.0
2015,inseason,Chon Buri,กข15,0.0,0.0,both,0.0,0.0
2015,inseason,Chon Buri,กข6,0.0,0.0,both,0.0,0.0
2015,inseason,Chon Buri,ขาวดอกมะลิ105,746738.0,24176.0,both,-722562.0,722562.0
2015,inseason,Chon Buri,คลองหลวง1,7568.0,245.0,both,-7323.0,7323.0
2015,inseason,Chon Buri,ชัยนาท1,29187.0,945.0,both,-28242.0,28242.0
2015,inseason,Chon Buri,ปทุมธานี1,300122.0,9717.0,both,-290405.0,290405.0
2015,inseason,Chon Buri,พันธุ์พื้นเมือง,49109.0,1590.0,both,-47519.0,47519.0
2015,inseason,Chon Buri,ราชการไม่ไวต่อช่วงแสง,759123.0,24578.0,both,-734545.0,734545.0
2015,inseason,Chon Buri,ราชการไวต่อช่วงแสง,133738.0,4330.0,both,-129408.0,129408.0
2015,inseason,Chon Buri,สุพรรณบุรี1,34871.0,1129.0,both,-33742.0,33742.0
2015,inseason,Chon Buri,"สุพรรณบุรี60,90",60630.0,1963.0,both,-58667.0,58667.0
2015,inseason,Chon Buri,หอมสุพรรณบุรี,0.0,0.0,both,0.0,0.0
2015,inseason,Chumphon,กข15,0.0,0.0,both,0.0,0.0
2015,inseason,Chumphon,กข6,0.0,0.0,both,0.0,0.0
2015,inseason,Chumphon,ขาวดอกมะลิ105,6244.0,202.0,both,-6042.0,6042.0
2015,inseason,Chumphon,คลองหลวง1,0.0,0.0,both,0.0,0.0
2015,inseason,Chumphon,ชัยนาท1,0.0,0.0,both,0.0,0.0
2015,inseason,Chumphon,ปทุมธานี1,67451.0,2181.0,both,-65270.0,65270.0
2015,inseason,Chumphon,พันธุ์พื้นเมือง,65009.0,2103.0,both,-62906.0,62906.0
2015,inseason,Chumphon,ราชการไม่ไวต่อช่วงแสง,0.0,0.0,both,0.0,0.0
2015,inseason,Chumphon,ราชการไวต่อช่วงแสง,18207.0,589.0,both,-17618.0,17618.0
2015,inseason,Chumphon,สุพรรณบุรี1,0.0,0.0,both,0.0,0.0
2015,inseason,Chumphon,"สุพรรณบุรี60,90",0.0,0.0,both,0.0,0.0
2015,inseason,Chumphon,หอมสุพรรณบุรี,0.0,0.0,both,0.0,0.0
2015,inseason,Kalasin,กข15,226093.0,7415.0,both,-218678.0,218678.0
2015,inseason,Kalasin,กข6,31868165.0,1045156.0,both,-30823009.0,30823009.0
2015,inseason,Kalasin,ขาวดอกมะลิ105,10061977.0,329995.0,both,-9731982.0,9731982.0
2015,inseason,Kalasin,คลองหลวง1,0.0,0.0,both,0.0,0.0
2015,inseason,Kalasin,ชัยนาท1,31589.0,1036.0,both,-30553.0,30553.0
2015,inseason,Kalasin,ปทุมธานี1,0.0,0.0,both,0.0,0.0
2015,inseason,Kalasin,พันธุ์พื้นเมือง,777559.0,25501.0,both,-752058.0,752058.0
2015,inseason,Kalasin,ราชการไม่ไวต่อช่วงแสง,354278.0,11619.0,both,-342659.0,342659.0
2015,inseason,Kalasin,ราชการไวต่อช่วงแสง,567260.0,18604.0,both,-548656.0,548656.0
2015,inseason,Kalasin,สุพรรณบุรี1,0.0,0.0,both,0.0,0.0
2015,inseason,Kalasin,"สุพรรณบุรี60,90",0.0,0.0,both,0.0,0.0
2015,inseason,Kalasin,หอมสุพรรณบุรี,0.0,0.0,both,0.0,0.0
2015,inseason,Kamphaeng Phet,กข15,0.0,0.0,both,0.0,0.0
2015,inseason,Kamphaeng Phet,กข6,262827.0,8547.0,both,-254280.0,254280.0
2015,inseason,Kamphaeng Phet,ขาวดอกมะลิ105,2662405.0,86580.0,both,-2575825.0,2575825.0
2015,inseason,Kamphaeng Phet,คลองหลวง1,0.0,0.0,both,0.0,0.0
2015,inseason,Kamphaeng Phet,ชัยนาท1,625687.0,20347.0,both,-605340.0,605340.0
2015,inseason,Kamphaeng Phet,ปทุมธานี1,1663649.0,54101.0,both,-1609548.0,1609548.0
2015,inseason,Kamphaeng Phet,พันธุ์พื้นเมือง,482572.0,15693.0,both,-466879.0,466879.0
2015,inseason,Kamphaeng Phet,ราชการไม่ไวต่อช่วงแสง,26325883.0,856105.0,both,-25469778.0,25469778.0
2015,inseason,Kamphaeng Phet,ราชการไวต่อช่วงแสง,1202049.0,39090.0,both,-1162959.0,1162959.0
2015,inseason,Kamphaeng Phet,สุพรรณบุรี1,2621413.0,85247.0,both,-2536166.0,2536166.0
2015,inseason,Kamphaeng Phet,"สุพรรณบุรี60,90",940882.0,30597.0,both,-910285.0,910285.0
2015,inseason,Kamphaeng Phet,หอมสุพรรณบุรี,0.0,0.0,both,0.0,0.0
2015,inseason,Kanchanaburi,กข15,0.0,0.0,both,0.0,0.0
2015,inseason,Kanchanaburi,กข6,0.0,0.0,both,0.0,0.0
2015,inseason,Kanchanaburi,ขาวดอกมะลิ105,1233391.0,39803.0,both,-1193588.0,1193588.0
2015,inseason,Kanchanaburi,คลองหลวง1,0.0,0.0,both,0.0,0.0
2015,inseason,Kanchanaburi,ชัยนาท1,887262.0,28633.0,both,-858629.0,858629.0
2015,inseason,Kanchanaburi,ปทุมธานี1,1298744.0,41912.0,both,-1256832.0,1256832.0
2015,inseason,Kanchanaburi,พันธุ์พื้นเมือง,1106095.0,35695.0,both,-1070400.0,1070400.0
2015,inseason,Kanchanaburi,ราชการไม่ไวต่อช่วงแสง,1946690.0,62822.0,both,-1883868.0,1883868.0
2015,inseason,Kanchanaburi,ราชการไวต่อช่วงแสง,1483707.0,47881.0,both,-1435826.0,1435826.0
2015,inseason,Kanchanaburi,สุพรรณบุรี1,3493860.0,112750.0,both,-3381110.0,3381110.0
2015,inseason,Kanchanaburi,"สุพรรณบุรี60,90",111151.0,3587.0,both,-107564.0,107564.0
2015,inseason,Kanchanaburi,หอมสุพรรณบุรี,351955.0,11358.0,both,-340597.0,340597.0
2015,inseason,Khon Kaen,กข15,804647.0,26455.0,both,-778192.0,778192.0
2015,inseason,Khon Kaen,กข6,49784053.0,1636787.0,both,-48147266.0,48147266.0
2015,inseason,Khon Kaen,ขาวดอกมะลิ105,15966113.0,524930.0,both,-15441183.0,15441183.0
2015,inseason,Khon Kaen,คลองหลวง1,0.0,0.0,both,0.0,0.0
2015,inseason,Khon Kaen,ชัยนาท1,399358.0,13130.0,both,-386228.0,386228.0
2015,inseason,Khon Kaen,ปทุมธานี1,0.0,0.0,both,0.0,0.0
2015,inseason,Khon Kaen,พันธุ์พื้นเมือง,1600991.0,52637.0,both,-1548354.0,1548354.0
2015,inseason,Khon Kaen,ราชการไม่ไวต่อช่วงแสง,1297747.0,42667.0,both,-1255080.0,1255080.0
2015,inseason,Khon Kaen,ราชการไวต่อช่วงแสง,626928.0,20612.0,both,-606316.0,606316.0
2015,inseason,Khon Kaen,สุพรรณบุรี1,0.0,0.0,both,0.0,0.0
2015,inseason,Khon Kaen,"สุพรรณบุรี60,90",0.0,0.0,both,0.0,0.0
2015,inseason,Khon Kaen,หอมสุพรรณบุรี,0.0,0.0,both,0.0,0.0
2015,inseason,Krabi,กข15,0.0,0.0,both,0.0,0.0
2015,inseason,Krabi,กข6,0.0,0.0,both,0.0,0.0
2015,inseason,Krabi,ขาวดอกมะลิ105,0.0,0.0,both,0.0,0.0
2015,inseason,Krabi,คลองหลวง1,0.0,0.0,both,0.0,0.0
2015,inseason,Krabi,ชัยนาท1,0.0,0.0,both,0.0,0.0
2015,inseason,Krabi,ปทุมธานี1,0.0,0.0,both,0.0,0.0
2015,inseason,Krabi,พันธุ์พื้นเมือง,62606.0,2046.0,both,-60560.0,60560.0
2015,inseason,Krabi,ราชการไม่ไวต่อช่วงแสง,0.0,0.0,both,0.0,0.0
2015,inseason,Krabi,ราชการไวต่อช่วงแสง,141123.0,4610.0,both,-136513.0,136513.0
2015,inseason,Krabi,สุพรรณบุรี1,0.0,0.0,both,0.0,0.0
2015,inseason,Krabi,"สุพรรณบุรี60,90",0.0,0.0,both,0.0,0.0
2015,inseason,Krabi,หอมสุพรรณบุรี,0.0,0.0,both,0.0,0.0
2015,inseason,Lampang,กข15,132779.0,4297.0,both,-128482.0,128482.0
2015,inseason,Lampang,กข6,9081998.0,293912.0,both,-8788086.0,8788086.0
2015,inseason,Lampang,ขาวดอกมะลิ105,938816.0,30382.0,both,-908434.0,908434.0
2015,inseason,Lampang,คลองหลวง1,0.0,0.0,both,0.0,0.0
2015,inseason,Lampang,ชัยนาท1,0.0,0.0,both,0.0,0.0
2015,inseason,Lampang,ปทุมธานี1,0.0,0.0,both,0.0,0.0
2015,inseason,Lampang,พันธุ์พื้นเมือง,211853.0,6856.0,both,-204997.0,204997.0
2015,inseason,Lampang,ราชการไม่ไวต่อช่วงแสง,1306901.0,42293.0,both,-1264608.0,1264608.0
2015,inseason,Lampang,ราชการไวต่อช่วงแสง,608213.0,19683.0,both,-588530.0,588530.0
2015,inseason,Lampang,สุพรรณบุรี1,0.0,0.0,both,0.0,0.0
2015,inseason,Lampang,"สุพรรณบุรี60,90",0.0,0.0,both,0.0,0.0
2015,inseason,Lampang,หอมสุพรรณบุรี,0.0,0.0,both,0.0,0.0
2015,inseason,Lamphun,กข15,0.0,0.0,both,0.0,0.0
2015,inseason,Lamphun,กข6,1855439.0,60247.0,both,-1795192.0,1795192.0
2015,inseason,Lamphun,ขาวดอกมะลิ105,348717.0,11323.0,both,-337394.0,337394.0
2015,inseason,Lamphun,คลองหลวง1,0.0,0.0,both,0.0,0.0
2015,inseason,Lamphun,ชัยนาท1,0.0,0.0,both,0.0,0.0
2015,inseason,Lamphun,ปทุมธานี1,18263.0,593.0,both,-17670.0,17670.0
2015,inseason,Lamphun,พันธุ์พื้นเมือง,313546.0,10181.0,both,-303365.0,303365.0
2015,inseason,Lamphun,ราชการไม่ไวต่อช่วงแสง,517978.0,16819.0,both,-501159.0,501159.0
2015,inseason,Lamphun,ราชการไวต่อช่วงแสง,155988.0,5065.0,both,-150923.0,150923.0
2015,inseason,Lamphun,สุพรรณบุรี1,0.0,0.0,both,0.0,0.0
2015,inseason,Lamphun,"สุพรรณบุรี60,90",0.0,0.0,both,0.0,0.0
2015,inseason,Lamphun,หอมสุพรรณบุรี,0.0,0.0,both,0.0,0.0
2015,inseason,Loei,กข15,30545.0,992.0,both,-29553.0,29553.0
2015,inseason,Loei,กข6,5481855.0,178032.0,both,-5303823.0,5303823.0
2015,inseason,Loei,ขาวดอกมะลิ105,207288.0,6732.0,both,-200556.0,200556.0
2015,inseason,Loei,คลองหลวง1,0.0,0.0,both,0.0,0.0
2015,inseason,Loei,ชัยนาท1,0.0,0.0,both,0.0,0.0
2015,inseason,Loei,ปทุมธานี1,0.0,0.0,both,0.0,0.0
2015,inseason,Loei,พันธุ์พื้นเมือง,1653129.0,53689.0,both,-1599440.0,1599440.0
2015,inseason,Loei,ราชการไม่ไวต่อช่วงแสง,1186547.0,38535.0,both,-1148012.0,1148012.0
2015,inseason,Loei,ราชการไวต่อช่วงแสง,1824544.0,59256.0,both,-1765288.0,1765288.0
2015,inseason,Loei,สุพรรณบุรี1,0.0,0.0,both,0.0,0.0
2015,inseason,Loei,"สุพรรณบุรี60,90",0.0,0.0,both,0.0,0.0
2015,inseason,Loei,หอมสุพรรณบุรี,0.0,0.0,both,0.0,0.0
2015,inseason,Lop Buri,กข15,0.0,0.0,both,0.0,0.0
2015,inseason,Lop Buri,กข6,0.0,0.0,both,0.0,0.0
2015,inseason,Lop Buri,ขาวดอกมะลิ105,6246825.0,203475.0,both,-6043350.0,6043350.0
2015,inseason,Lop Buri,คลองหลวง1,0.0,0.0,both,0.0,0.0
2015,inseason,Lop Buri,ชัยนาท1,1389974.0,45275.0,both,-1344699.0,1344699.0
2015,inseason,Lop Buri,ปทุมธานี1,2469349.0,80433.0,both,-2388916.0,2388916.0
2015,inseason,Lop Buri,พันธุ์พื้นเมือง,787043.0,25636.0,both,-761407.0,761407.0
2015,inseason,Lop Buri,ราชการไม่ไวต่อช่วงแสง,5871724.0,191257.0,both,-5680467.0,5680467.0
2015,inseason,Lop Buri,ราชการไวต่อช่วงแสง,160749.0,5236.0,both,-155513.0,155513.0
2015,inseason,Lop Buri,สุพรรณบุรี1,1951429.0,63563.0,both,-1887866.0,1887866.0
2015,inseason,Lop Buri,"สุพรรณบุรี60,90",0.0,0.0,both,0.0,0.0
2015,inseason,Lop Buri,หอมสุพรรณบุรี,0.0,0.0,both,0.0,0.0
2015,inseason,Mae Hong Son,กข15,0.0,0.0,both,0.0,0.0
2015,inseason,Mae Hong Son,กข6,180731.0,5886.0,both,-174845.0,174845.0
2015,inseason,Mae Hong Son,ขาวดอกมะลิ105,1042994.0,33968.0,both,-1009026.0,1009026.0
2015,inseason,Mae Hong Son,คลองหลวง1,0.0,0.0,both,0.0,0.0
2015,inseason,Mae Hong Son,ชัยนาท1,0.0,0.0,both,0.0,0.0
2015,inseason,Mae Hong Son,ปทุมธานี1,0.0,0.0,both,0.0,0.0
2015,inseason,Mae Hong Son,พันธุ์พื้นเมือง,1534339.0,49970.0,both,-1484369.0,1484369.0
2015,inseason,Mae Hong Son,ราชการไม่ไวต่อช่วงแสง,1564123.0,50940.0,both,-1513183.0,1513183.0
2015,inseason,Mae Hong Son,ราชการไวต่อช่วงแสง,362536.0,11807.0,both,-350729.0,350729.0
2015,inseason,Mae Hong Son,สุพรรณบุรี1,0.0,0.0,both,0.0,0.0
2015,inseason,Mae Hong Son,"สุพรรณบุรี60,90",0.0,0.0,both,0.0,0.0
2015,inseason,Mae Hong Son,หอมสุพรรณบุรี,0.0,0.0,both,0.0,0.0
2015,inseason,Maha Sarakham,กข15,1317142.0,43381.0,both,-1273761.0,1273761.0
2015,inseason,Maha Sarakham,กข6,29545730.0,973108.0,both,-28572622.0,28572622.0
2015,inseason,Maha Sarakham,ขาวดอกมะลิ105,30544707.0,1006011.0,both,-29538696.0,29538696.0
2015,inseason,Maha Sarakham,คลองหลวง1,0.0,0.0,both,0.0,0.0
2015,inseason,Maha Sarakham,ชัยนาท1,231815.0,7635.0,both,-224180.0,224180.0
2015,inseason,Maha Sarakham,ปทุมธานี1,0.0,0.0,both,0.0,0.0
2015,inseason,Maha Sarakham,พันธุ์พื้นเมือง,488345.0,16084.0,both,-472261.0,472261.0
2015,inseason,Maha Sarakham,ราชการไม่ไวต่อช่วงแสง,751464.0,24750.0,both,-726714.0,726714.0
2015,inseason,Maha Sarakham,ราชการไวต่อช่วงแสง,766949.0,25260.0,both,-741689.0,741689.0
2015,inseason,Maha Sarakham,สุพรรณบุรี1,0.0,0.0,both,0.0,0.0
2015,inseason,Maha Sarakham,"สุพรรณบุรี60,90",0.0,0.0,both,0.0,0.0
2015,inseason,Maha Sarakham,หอมสุพรรณบุรี,0.0,0.0,both,0.0,0.0
2015,inseason,Mukdahan,กข15,333020.0,10756.0,both,-322264.0,322264.0
2015,inseason,Mukdahan,กข6,10164502.0,328297.0,both,-9836205.0,9836205.0
2015,inseason,Mukdahan,ขาวดอกมะลิ105,2738310.0,88443.0,both,-2649867.0,2649867.0
2015,inseason,Mukdahan,คลองหลวง1,0.0,0.0,both,0.0,0.0
2015,inseason,Mukdahan,ชัยนาท1,0.0,0.0,both,0.0,0.0
2015,inseason,Mukdahan,ปทุมธานี1,0.0,0.0,both,0.0,0.0
2015,inseason,Mukdahan,พันธุ์พื้นเมือง,892150.0,28815.0,both,-863335.0,863335.0
2015,inseason,Mukdahan,ราชการไม่ไวต่อช่วงแสง,463150.0,14959.0,both,-448191.0,448191.0
2015,inseason,Mukdahan,ราชการไวต่อช่วงแสง,471726.0,15236.0,both,-456490.0,456490.0
2015,inseason,Mukdahan,สุพรรณบุรี1,0.0,0.0,both,0.0,0.0
2015,inseason,Mukdahan,"สุพรรณบุรี60,90",0.0,0.0,both,0.0,0.0
2015,inseason,Mukdahan,หอมสุพรรณบุรี,0.0,0.0,both,0.0,0.0
2015,inseason,Nakhon Nayok,กข15,0.0,0.0,both,0.0,0.0
2015,inseason,Nakhon Nayok,กข6,0.0,0.0,both,0.0,0.0
2015,inseason,Nakhon Nayok,ขาวดอกมะลิ105,626075.0,20468.0,both,-605607.0,605607.0
2015,inseason,Nakhon Nayok,คลองหลวง1,0.0,0.0,both,0.0,0.0
2015,inseason,Nakhon Nayok,ชัยนาท1,0.0,0.0,both,0.0,0.0
2015,inseason,Nakhon Nayok,ปทุมธานี1,550003.0,17980.0,both,-532023.0,532023.0
2015,inseason,Nakhon Nayok,พันธุ์พื้นเมือง,378251.0,12366.0,both,-365885.0,365885.0
2015,inseason,Nakhon Nayok,ราชการไม่ไวต่อช่วงแสง,6178378.0,201988.0,both,-5976390.0,5976390.0
2015,inseason,Nakhon Nayok,ราชการไวต่อช่วงแสง,3239300.0,105900.0,both,-3133400.0,3133400.0
2015,inseason,Nakhon Nayok,สุพรรณบุรี1,194386.0,6356.0,both,-188030.0,188030.0
2015,inseason,Nakhon Nayok,"สุพรรณบุรี60,90",85616.0,2799.0,both,-82817.0,82817.0
2015,inseason,Nakhon Nayok,หอมสุพรรณบุรี,0.0,0.0,both,0.0,0.0
2015,inseason,Nakhon Pathom,กข15,0.0,0.0,both,0.0,0.0
2015,inseason,Nakhon Pathom,กข6,0.0,0.0,both,0.0,0.0
2015,inseason,Nakhon Pathom,ขาวดอกมะลิ105,0.0,0.0,both,0.0,0.0
2015,inseason,Nakhon Pathom,คลองหลวง1,0.0,0.0,both,0.0,0.0
2015,inseason,Nakhon Pathom,ชัยนาท1,258969.0,8454.0,both,-250515.0,250515.0
2015,inseason,Nakhon Pathom,ปทุมธานี1,384931.0,12566.0,both,-372365.0,372365.0
2015,inseason,Nakhon Pathom,พันธุ์พื้นเมือง,72539.0,2368.0,both,-70171.0,70171.0
2015,inseason,Nakhon Pathom,ราชการไม่ไวต่อช่วงแสง,8433519.0,275310.0,both,-8158209.0,8158209.0
2015,inseason,Nakhon Pathom,ราชการไวต่อช่วงแสง,0.0,0.0,both,0.0,0.0
2015,inseason,Nakhon Pathom,สุพรรณบุรี1,822947.0,26865.0,both,-796082.0,796082.0
2015,inseason,Nakhon Pathom,"สุพรรณบุรี60,90",264942.0,8649.0,both,-256293.0,256293.0
2015,inseason,Nakhon Pathom,หอมสุพรรณบุรี,0.0,0.0,both,0.0,0.0
2015,inseason,Nakhon Phanom,กข15,2611924.0,85791.0,both,-2526133.0,2526133.0
2015,inseason,Nakhon Phanom,กข6,17384605.0,571013.0,both,-16813592.0,16813592.0
2015,inseason,Nakhon Phanom,ขาวดอกมะลิ105,12457658.0,409183.0,both,-12048475.0,12048475.0
2015,inseason,Nakhon Phanom,คลองหลวง1,0.0,0.0,both,0.0,0.0
2015,inseason,Nakhon Phanom,ชัยนาท1,0.0,0.0,both,0.0,0.0
2015,inseason,Nakhon Phanom,ปทุมธานี1,27036.0,888.0,both,-26148.0,26148.0
2015,inseason,Nakhon Phanom,พันธุ์พื้นเมือง,2641182.0,86752.0,both,-2554430.0,2554430.0
2015,inseason,Nakhon Phanom,ราชการไม่ไวต่อช่วงแสง,3567142.0,117166.0,both,-3449976.0,3449976.0
2015,inseason,Nakhon Phanom,ราชการไวต่อช่วงแสง,1060528.0,34834.0,both,-1025694.0,1025694.0
2015,inseason,Nakhon Phanom,สุพรรณบุรี1,0.0,0.0,both,0.0,0.0
2015,inseason,Nakhon Phanom,"สุพรรณบุรี60,90",0.0,0.0,both,0.0,0.0
2015,inseason,Nakhon Phanom,หอมสุพรรณบุรี,0.0,0.0,both,0.0,0.0
2015,inseason,Nakhon Ratchasima,กข15,1578008.0,51632.0,both,-1526376.0,1526376.0
2015,inseason,Nakhon Ratchasima,กข6,5096191.0,166746.0,both,-4929445.0,4929445.0
2015,inseason,Nakhon Ratchasima,ขาวดอกมะลิ105,80449199.0,2632274.0,both,-77816925.0,77816925.0
2015,inseason,Nakhon Ratchasima,คลองหลวง1,0.0,0.0,both,0.0,0.0
2015,inseason,Nakhon Ratchasima,ชัยนาท1,3615219.0,118289.0,both,-3496930.0,3496930.0
2015,inseason,Nakhon Ratchasima,ปทุมธานี1,474056.0,15511.0,both,-458545.0,458545.0
2015,inseason,Nakhon Ratchasima,พันธุ์พื้นเมือง,6876585.0,225000.0,both,-6651585.0,6651585.0
2015,inseason,Nakhon Ratchasima,ราชการไม่ไวต่อช่วงแสง,2490944.0,81504.0,both,-2409440.0,2409440.0
2015,inseason,Nakhon Ratchasima,ราชการไวต่อช่วงแสง,4129649.0,135121.0,both,-3994528.0,3994528.0
2015,inseason,Nakhon Ratchasima,สุพรรณบุรี1,804408.0,26320.0,both,-778088.0,778088.0
2015,inseason,Nakhon Ratchasima,"สุพรรณบุรี60,90",543250.0,17775.0,both,-525475.0,525475.0
2015,inseason,Nakhon Ratchasima,หอมสุพรรณบุรี,25092.0,821.0,both,-24271.0,24271.0
2015,inseason,Nakhon Sawan,กข15,0.0,0.0,both,0.0,0.0
2015,inseason,Nakhon Sawan,กข6,130674.0,4256.0,both,-126418.0,126418.0
2015,inseason,Nakhon Sawan,ขาวดอกมะลิ105,23118767.0,752966.0,both,-22365801.0,22365801.0
2015,inseason,Nakhon Sawan,คลองหลวง1,0.0,0.0,both,0.0,0.0
2015,inseason,Nakhon Sawan,ชัยนาท1,12184785.0,396852.0,both,-11787933.0,11787933.0
2015,inseason,Nakhon Sawan,ปทุมธานี1,1937397.0,63100.0,both,-1874297.0,1874297.0
2015,inseason,Nakhon Sawan,พันธุ์พื้นเมือง,3209570.0,104534.0,both,-3105036.0,3105036.0
2015,inseason,Nakhon Sawan,ราชการไม่ไวต่อช่วงแสง,17560464.0,571934.0,both,-16988530.0,16988530.0
2015,inseason,Nakhon Sawan,ราชการไวต่อช่วงแสง,624665.0,20345.0,both,-604320.0,604320.0
2015,inseason,Nakhon Sawan,สุพรรณบุรี1,6868180.0,223693.0,both,-6644487.0,6644487.0
2015,inseason,Nakhon Sawan,"สุพรรณบุรี60,90",183945.0,5991.0,both,-177954.0,177954.0
2015,inseason,Nakhon Sawan,หอมสุพรรณบุรี,71693.0,2335.0,both,-69358.0,69358.0
2015,inseason,Nakhon Si Thammarat,กข15,0.0,0.0,both,0.0,0.0
2015,inseason,Nakhon Si Thammarat,กข6,0.0,0.0,both,0.0,0.0
2015,inseason,Nakhon Si Thammarat,ขาวดอกมะลิ105,163851.0,3735.0,both,-160116.0,160116.0
2015,inseason,Nakhon Si Thammarat,คลองหลวง1,0.0,0.0,both,0.0,0.0
2015,inseason,Nakhon Si Thammarat,ชัยนาท1,0.0,0.0,both,0.0,0.0
2015,inseason,Nakhon Si Thammarat,ปทุมธานี1,3402479.0,77543.0,both,-3324936.0,3324936.0
2015,inseason,Nakhon Si Thammarat,พันธุ์พื้นเมือง,1302223.0,29679.0,both,-1272544.0,1272544.0
2015,inseason,Nakhon Si Thammarat,ราชการไม่ไวต่อช่วงแสง,2534800.0,57767.0,both,-2477033.0,2477033.0
2015,inseason,Nakhon Si Thammarat,ราชการไวต่อช่วงแสง,1297828.0,29580.0,both,-1268248.0,1268248.0
2015,inseason,Nakhon Si Thammarat,สุพรรณบุรี1,0.0,0.0,both,0.0,0.0
2015,inseason,Nakhon Si Thammarat,"สุพรรณบุรี60,90",92306.0,2105.0,both,-90201.0,90201.0
2015,inseason,Nakhon Si Thammarat,หอมสุพรรณบุรี,0.0,0.0,both,0.0,0.0
2015,inseason,Nan,กข15,0.0,0.0,both,0.0,0.0
2015,inseason,Nan,กข6,2695825.0,87570.0,both,-2608255.0,2608255.0
2015,inseason,Nan,ขาวดอกมะลิ105,189327.0,6150.0,both,-183177.0,183177.0
2015,inseason,Nan,คลองหลวง1,0.0,0.0,both,0.0,0.0
2015,inseason,Nan,ชัยนาท1,0.0,0.0,both,0.0,0.0
2015,inseason,Nan,ปทุมธานี1,0.0,0.0,both,0.0,0.0
2015,inseason,Nan,พันธุ์พื้นเมือง,630965.0,20496.0,both,-610469.0,610469.0
2015,inseason,Nan,ราชการไม่ไวต่อช่วงแสง,1699198.0,55196.0,both,-1644002.0,1644002.0
2015,inseason,Nan,ราชการไวต่อช่วงแสง,1182352.0,38407.0,both,-1143945.0,1143945.0
2015,inseason,Nan,สุพรรณบุรี1,0.0,0.0,both,0.0,0.0
2015,inseason,Nan,"สุพรรณบุรี60,90",0.0,0.0,both,0.0,0.0
2015,inseason,Nan,หอมสุพรรณบุรี,0.0,0.0,both,0.0,0.0
2015,inseason,Narathiwat,กข15,0.0,0.0,both,0.0,0.0
2015,inseason,Narathiwat,กข6,0.0,0.0,both,0.0,0.0
2015,inseason,Narathiwat,ขาวดอกมะลิ105,0.0,0.0,both,0.0,0.0
2015,inseason,Narathiwat,คลองหลวง1,0.0,0.0,both,0.0,0.0
2015,inseason,Narathiwat,ชัยนาท1,0.0,0.0,both,0.0,0.0
2015,inseason,Narathiwat,ปทุมธานี1,0.0,0.0,both,0.0,0.0
2015,inseason,Narathiwat,พันธุ์พื้นเมือง,1180319.0,38566.0,both,-1141753.0,1141753.0
2015,inseason,Narathiwat,ราชการไม่ไวต่อช่วงแสง,231253.0,7556.0,both,-223697.0,223697.0
2015,inseason,Narathiwat,ราชการไวต่อช่วงแสง,237680.0,7765.0,both,-229915.0,229915.0
2015,inseason,Narathiwat,สุพรรณบุรี1,0.0,0.0,both,0.0,0.0
2015,inseason,Narathiwat,"สุพรรณบุรี60,90",0.0,0.0,both,0.0,0.0
2015,inseason,Narathiwat,หอมสุพรรณบุรี,0.0,0.0,both,0.0,0.0
2015,inseason,Nong Bua Lam Phu,กข15,556534.0,18284.0,both,-538250.0,538250.0
2015,inseason,Nong Bua Lam Phu,กข6,15470936.0,508272.0,both,-14962664.0,14962664.0
2015,inseason,Nong Bua Lam Phu,ขาวดอกมะลิ105,3469449.0,113983.0,both,-3355466.0,3355466.0
2015,inseason,Nong Bua Lam Phu,คลองหลวง1,0.0,0.0,both,0.0,0.0
2015,inseason,Nong Bua Lam Phu,ชัยนาท1,0.0,0.0,both,0.0,0.0
2015,inseason,Nong Bua Lam Phu,ปทุมธานี1,0.0,0.0,both,0.0,0.0
2015,inseason,Nong Bua Lam Phu,พันธุ์พื้นเมือง,837997.0,27531.0,both,-810466.0,810466.0
2015,inseason,Nong Bua Lam Phu,ราชการไม่ไวต่อช่วงแสง,390980.0,12845.0,both,-378135.0,378135.0
2015,inseason,Nong Bua Lam Phu,ราชการไวต่อช่วงแสง,592055.0,19451.0,both,-572604.0,572604.0
2015,inseason,Nong Bua Lam Phu,สุพรรณบุรี1,0.0,0.0,both,0.0,0.0
2015,inseason,Nong Bua Lam Phu,"สุพรรณบุรี60,90",0.0,0.0,both,0.0,0.0
2015,inseason,Nong Bua Lam Phu,หอมสุพรรณบุรี,0.0,0.0,both,0.0,0.0
2015,inseason,Nong Khai,กข15,696455.0,22721.0,both,-673734.0,673734.0
2015,inseason,Nong Khai,กข6,9036602.0,294808.0,both,-8741794.0,8741794.0
2015,inseason,Nong Khai,ขาวดอกมะลิ105,2781714.0,90750.0,both,-2690964.0,2690964.0
2015,inseason,Nong Khai,คลองหลวง1,0.0,0.0,both,0.0,0.0
2015,inseason,Nong Khai,ชัยนาท1,0.0,0.0,both,0.0,0.0
2015,inseason,Nong Khai,ปทุมธานี1,0.0,0.0,both,0.0,0.0
2015,inseason,Nong Khai,พันธุ์พื้นเมือง,288777.0,9421.0,both,-279356.0,279356.0
2015,inseason,Nong Khai,ราชการไม่ไวต่อช่วงแสง,595977.0,19443.0,both,-576534.0,576534.0
2015,inseason,Nong Khai,ราชการไวต่อช่วงแสง,875374.0,28558.0,both,-846816.0,846816.0
2015,inseason,Nong Khai,สุพรรณบุรี1,0.0,0.0,both,0.0,0.0
2015,inseason,Nong Khai,"สุพรรณบุรี60,90",0.0,0.0,both,0.0,0.0
2015,inseason,Nong Khai,หอมสุพรรณบุรี,0.0,0.0,both,0.0,0.0
2015,inseason,Nonthaburi,กข15,0.0,0.0,both,0.0,0.0
2015,inseason,Nonthaburi,กข6,0.0,0.0,both,0.0,0.0
2015,inseason,Nonthaburi,ขาวดอกมะลิ105,0.0,0.0,both,0.0,0.0
2015,inseason,Nonthaburi,คลองหลวง1,0.0,0.0,both,0.0,0.0
2015,inseason,Nonthaburi,ชัยนาท1,0.0,0.0,both,0.0,0.0
2015,inseason,Nonthaburi,ปทุมธานี1,93903.0,3079.0,both,-90824.0,90824.0
2015,inseason,Nonthaburi,พันธุ์พื้นเมือง,0.0,0.0,both,0.0,0.0
2015,inseason,Nonthaburi,ราชการไม่ไวต่อช่วงแสง,2533888.0,83083.0,both,-2450805.0,2450805.0
2015,inseason,Nonthaburi,ราชการไวต่อช่วงแสง,0.0,0.0,both,0.0,0.0
2015,inseason,Nonthaburi,สุพรรณบุรี1,109427.0,3588.0,both,-105839.0,105839.0
2015,inseason,Nonthaburi,"สุพรรณบุรี60,90",0.0,0.0,both,0.0,0.0
2015,inseason,Nonthaburi,หอมสุพรรณบุรี,0.0,0.0,both,0.0,0.0
2015,inseason,Pathum Thani,กข15,0.0,0.0,both,0.0,0.0
2015,inseason,Pathum Thani,กข6,0.0,0.0,both,0.0,0.0
2015,inseason,Pathum Thani,ขาวดอกมะลิ105,0.0,0.0,both,0.0,0.0
2015,inseason,Pathum Thani,คลองหลวง1,0.0,0.0,both,0.0,0.0
2015,inseason,Pathum Thani,ชัยนาท1,0.0,0.0,both,0.0,0.0
2015,inseason,Pathum Thani,ปทุมธานี1,387263.0,12535.0,both,-374728.0,374728.0
2015,inseason,Pathum Thani,พันธุ์พื้นเมือง,0.0,0.0,both,0.0,0.0
2015,inseason,Pathum Thani,ราชการไม่ไวต่อช่วงแสง,8893971.0,287884.0,both,-8606087.0,8606087.0
2015,inseason,Pathum Thani,ราชการไวต่อช่วงแสง,0.0,0.0,both,0.0,0.0
2015,inseason,Pathum Thani,สุพรรณบุรี1,484920.0,15696.0,both,-469224.0,469224.0
2015,inseason,Pathum Thani,"สุพรรณบุรี60,90",41553.0,1345.0,both,-40208.0,40208.0
2015,inseason,Pathum Thani,หอมสุพรรณบุรี,0.0,0.0,both,0.0,0.0
2015,inseason,Pattani,กข15,0.0,0.0,both,0.0,0.0
2015,inseason,Pattani,กข6,0.0,0.0,both,0.0,0.0
2015,inseason,Pattani,ขาวดอกมะลิ105,0.0,0.0,both,0.0,0.0
2015,inseason,Pattani,คลองหลวง1,0.0,0.0,both,0.0,0.0
2015,inseason,Pattani,ชัยนาท1,0.0,0.0,both,0.0,0.0
2015,inseason,Pattani,ปทุมธานี1,0.0,0.0,both,0.0,0.0
2015,inseason,Pattani,พันธุ์พื้นเมือง,1671540.0,55593.0,both,-1615947.0,1615947.0
2015,inseason,Pattani,ราชการไม่ไวต่อช่วงแสง,311584.0,10363.0,both,-301221.0,301221.0
2015,inseason,Pattani,ราชการไวต่อช่วงแสง,511679.0,17018.0,both,-494661.0,494661.0
2015,inseason,Pattani,สุพรรณบุรี1,0.0,0.0,both,0.0,0.0
2015,inseason,Pattani,"สุพรรณบุรี60,90",0.0,0.0,both,0.0,0.0
2015,inseason,Pattani,หอมสุพรรณบุรี,0.0,0.0,both,0.0,0.0
2015,inseason,Phang-nga,กข15,0.0,0.0,both,0.0,0.0
2015,inseason,Phang-nga,กข6,0.0,0.0,both,0.0,0.0
2015,inseason,Phang-nga,ขาวดอกมะลิ105,7817.0,254.0,both,-7563.0,7563.0
2015,inseason,Phang-nga,คลองหลวง1,0.0,0.0,both,0.0,0.0
2015,inseason,Phang-nga,ชัยนาท1,0.0,0.0,both,0.0,0.0
2015,inseason,Phang-nga,ปทุมธานี1,9971.0,324.0,both,-9647.0,9647.0
2015,inseason,Phang-nga,พันธุ์พื้นเมือง,10464.0,339.0,both,-10125.0,10125.0
2015,inseason,Phang-nga,ราชการไม่ไวต่อช่วงแสง,0.0,0.0,both,0.0,0.0
2015,inseason,Phang-nga,ราชการไวต่อช่วงแสง,13510.0,439.0,both,-13071.0,13071.0
2015,inseason,Phang-nga,สุพรรณบุรี1,0.0,0.0,both,0.0,0.0
2015,inseason,Phang-nga,"สุพรรณบุรี60,90",0.0,0.0,both,0.0,0.0
2015,inseason,Phang-nga,หอมสุพรรณบุรี,0.0,0.0,both,0.0,0.0
2015,inseason,Phatthalung,กข15,0.0,0.0,both,0.0,0.0
2015,inseason,Phatthalung,กข6,0.0,0.0,both,0.0,0.0
2015,inseason,Phatthalung,ขาวดอกมะลิ105,0.0,0.0,both,0.0,0.0
2015,inseason,Phatthalung,คลองหลวง1,0.0,0.0,both,0.0,0.0
2015,inseason,Phatthalung,ชัยนาท1,125178.0,3337.0,both,-121841.0,121841.0
2015,inseason,Phatthalung,ปทุมธานี1,230437.0,6144.0,both,-224293.0,224293.0
2015,inseason,Phatthalung,พันธุ์พื้นเมือง,1916102.0,51088.0,both,-1865014.0,1865014.0
2015,inseason,Phatthalung,ราชการไม่ไวต่อช่วงแสง,520294.0,13871.0,both,-506423.0,506423.0
2015,inseason,Phatthalung,ราชการไวต่อช่วงแสง,1201236.0,32027.0,both,-1169209.0,1169209.0
2015,inseason,Phatthalung,สุพรรณบุรี1,0.0,0.0,both,0.0,0.0
2015,inseason,Phatthalung,"สุพรรณบุรี60,90",0.0,0.0,both,0.0,0.0
2015,inseason,Phatthalung,หอมสุพรรณบุรี,0.0,0.0,both,0.0,0.0
2015,inseason,Phayao,กข15,3882020.0,126759.0,both,-3755261.0,3755261.0
2015,inseason,Phayao,กข6,5370527.0,175363.0,both,-5195164.0,5195164.0
2015,inseason,Phayao,ขาวดอกมะลิ105,7421374.0,242329.0,both,-7179045.0,7179045.0
2015,inseason,Phayao,คลองหลวง1,0.0,0.0,both,0.0,0.0
2015,inseason,Phayao,ชัยนาท1,0.0,0.0,both,0.0,0.0
2015,inseason,Phayao,ปทุมธานี1,36873.0,1204.0,both,-35669.0,35669.0
2015,inseason,Phayao,พันธุ์พื้นเมือง,475334.0,15521.0,both,-459813.0,459813.0
2015,inseason,Phayao,ราชการไม่ไวต่อช่วงแสง,1014276.0,33119.0,both,-981157.0,981157.0
2015,inseason,Phayao,ราชการไวต่อช่วงแสง,503356.0,16436.0,both,-486920.0,486920.0
2015,inseason,Phayao,สุพรรณบุรี1,0.0,0.0,both,0.0,0.0
2015,inseason,Phayao,"สุพรรณบุรี60,90",0.0,0.0,both,0.0,0.0
2015,inseason,Phayao,หอมสุพรรณบุรี,0.0,0.0,both,0.0,0.0
2015,inseason,Phetchabun,กข15,56174.0,1829.0,both,-54345.0,54345.0
2015,inseason,Phetchabun,กข6,1611618.0,52474.0,both,-1559144.0,1559144.0
2015,inseason,Phetchabun,ขาวดอกมะลิ105,6673624.0,217292.0,both,-6456332.0,6456332.0
2015,inseason,Phetchabun,คลองหลวง1,0.0,0.0,both,0.0,0.0
2015,inseason,Phetchabun,ชัยนาท1,1609684.0,52411.0,both,-1557273.0,1557273.0
2015,inseason,Phetchabun,ปทุมธานี1,389376.0,12678.0,both,-376698.0,376698.0
2015,inseason,Phetchabun,พันธุ์พื้นเมือง,3459417.0,112638.0,both,-3346779.0,3346779.0
2015,inseason,Phetchabun,ราชการไม่ไวต่อช่วงแสง,15294464.0,497984.0,both,-14796480.0,14796480.0
2015,inseason,Phetchabun,ราชการไวต่อช่วงแสง,849237.0,27651.0,both,-821586.0,821586.0
2015,inseason,Phetchabun,สุพรรณบุรี1,787351.0,25636.0,both,-761715.0,761715.0
2015,inseason,Phetchabun,"สุพรรณบุรี60,90",672547.0,21898.0,both,-650649.0,650649.0
2015,inseason,Phetchabun,หอมสุพรรณบุรี,87992.0,2865.0,both,-85127.0,85127.0
2015,inseason,Phetchaburi,กข15,0.0,0.0,both,0.0,0.0
2015,inseason,Phetchaburi,กข6,0.0,0.0,both,0.0,0.0
2015,inseason,Phetchaburi,ขาวดอกมะลิ105,79524.0,2576.0,both,-76948.0,76948.0
2015,inseason,Phetchaburi,คลองหลวง1,0.0,0.0,both,0.0,0.0
2015,inseason,Phetchaburi,ชัยนาท1,650642.0,21075.0,both,-629567.0,629567.0
2015,inseason,Phetchaburi,ปทุมธานี1,119348.0,3866.0,both,-115482.0,115482.0
2015,inseason,Phetchaburi,พันธุ์พื้นเมือง,166612.0,5397.0,both,-161215.0,161215.0
2015,inseason,Phetchaburi,ราชการไม่ไวต่อช่วงแสง,4458480.0,144422.0,both,-4314058.0,4314058.0
2015,inseason,Phetchaburi,ราชการไวต่อช่วงแสง,869302.0,28159.0,both,-841143.0,841143.0
2015,inseason,Phetchaburi,สุพรรณบุรี1,2319847.0,75146.0,both,-2244701.0,2244701.0
2015,inseason,Phetchaburi,"สุพรรณบุรี60,90",482733.0,15637.0,both,-467096.0,467096.0
2015,inseason,Phetchaburi,หอมสุพรรณบุรี,0.0,0.0,both,0.0,0.0
2015,inseason,Phichit,กข15,313851.0,10237.0,both,-303614.0,303614.0
2015,inseason,Phichit,กข6,0.0,0.0,both,0.0,0.0
2015,inseason,Phichit,ขาวดอกมะลิ105,9276588.0,302578.0,both,-8974010.0,8974010.0
2015,inseason,Phichit,คลองหลวง1,0.0,0.0,both,0.0,0.0
2015,inseason,Phichit,ชัยนาท1,2715240.0,88564.0,both,-2626676.0,2626676.0
2015,inseason,Phichit,ปทุมธานี1,484067.0,15789.0,both,-468278.0,468278.0
2015,inseason,Phichit,พันธุ์พื้นเมือง,2528222.0,82464.0,both,-2445758.0,2445758.0
2015,inseason,Phichit,ราชการไม่ไวต่อช่วงแสง,24232847.0,790412.0,both,-23442435.0,23442435.0
2015,inseason,Phichit,ราชการไวต่อช่วงแสง,2072423.0,67597.0,both,-2004826.0,2004826.0
2015,inseason,Phichit,สุพรรณบุรี1,6243481.0,203646.0,both,-6039835.0,6039835.0
2015,inseason,Phichit,"สุพรรณบุรี60,90",233311.0,7610.0,both,-225701.0,225701.0
2015,inseason,Phichit,หอมสุพรรณบุรี,0.0,0.0,both,0.0,0.0
2015,inseason,Phitsanulok,กข15,110077.0,3586.0,both,-106491.0,106491.0
2015,inseason,Phitsanulok,กข6,1695909.0,55248.0,both,-1640661.0,1640661.0
2015,inseason,Phitsanulok,ขาวดอกมะลิ105,6960355.0,226749.0,both,-6733606.0,6733606.0
2015,inseason,Phitsanulok,คลองหลวง1,0.0,0.0,both,0.0,0.0
2015,inseason,Phitsanulok,ชัยนาท1,3693010.0,120308.0,both,-3572702.0,3572702.0
2015,inseason,Phitsanulok,ปทุมธานี1,595631.0,19404.0,both,-576227.0,576227.0
2015,inseason,Phitsanulok,พันธุ์พื้นเมือง,1960204.0,63858.0,both,-1896346.0,1896346.0
2015,inseason,Phitsanulok,ราชการไม่ไวต่อช่วงแสง,21687304.0,706512.0,both,-20980792.0,20980792.0
2015,inseason,Phitsanulok,ราชการไวต่อช่วงแสง,1004383.0,32720.0,both,-971663.0,971663.0
2015,inseason,Phitsanulok,สุพรรณบุรี1,3177804.0,103524.0,both,-3074280.0,3074280.0
2015,inseason,Phitsanulok,"สุพรรณบุรี60,90",448933.0,14625.0,both,-434308.0,434308.0
2015,inseason,Phitsanulok,หอมสุพรรณบุรี,0.0,0.0,both,0.0,0.0
2015,inseason,Phra Nakhon Si Ayutthaya,กข15,0.0,0.0,both,0.0,0.0
2015,inseason,Phra Nakhon Si Ayutthaya,กข6,0.0,0.0,both,0.0,0.0
2015,inseason,Phra Nakhon Si Ayutthaya,ขาวดอกมะลิ105,80816.0,2633.0,both,-78183.0,78183.0
2015,inseason,Phra Nakhon Si Ayutthaya,คลองหลวง1,0.0,0.0,both,0.0,0.0
2015,inseason,Phra Nakhon Si Ayutthaya,ชัยนาท1,569763.0,18563.0,both,-551200.0,551200.0
2015,inseason,Phra Nakhon Si Ayutthaya,ปทุมธานี1,471912.0,15375.0,both,-456537.0,456537.0
2015,inseason,Phra Nakhon Si Ayutthaya,พันธุ์พื้นเมือง,766202.0,24963.0,both,-741239.0,741239.0
2015,inseason,Phra Nakhon Si Ayutthaya,ราชการไม่ไวต่อช่วงแสง,15930049.0,519003.0,both,-15411046.0,15411046.0
2015,inseason,Phra Nakhon Si Ayutthaya,ราชการไวต่อช่วงแสง,692476.0,22561.0,both,-669915.0,669915.0
2015,inseason,Phra Nakhon Si Ayutthaya,สุพรรณบุรี1,2148361.0,69994.0,both,-2078367.0,2078367.0
2015,inseason,Phra Nakhon Si Ayutthaya,"สุพรรณบุรี60,90",499353.0,16269.0,both,-483084.0,483084.0
2015,inseason,Phra Nakhon Si Ayutthaya,หอมสุพรรณบุรี,0.0,0.0,both,0.0,0.0
2015,inseason,Phrae,กข15,0.0,0.0,both,0.0,0.0
2015,inseason,Phrae,กข6,3542342.0,114507.0,both,-3427835.0,3427835.0
2015,inseason,Phrae,ขาวดอกมะลิ105,1039312.0,33596.0,both,-1005716.0,1005716.0
2015,inseason,Phrae,คลองหลวง1,0.0,0.0,both,0.0,0.0
2015,inseason,Phrae,ชัยนาท1,0.0,0.0,both,0.0,0.0
2015,inseason,Phrae,ปทุมธานี1,0.0,0.0,both,0.0,0.0
2015,inseason,Phrae,พันธุ์พื้นเมือง,272697.0,8815.0,both,-263882.0,263882.0
2015,inseason,Phrae,ราชการไม่ไวต่อช่วงแสง,3150636.0,101845.0,both,-3048791.0,3048791.0
2015,inseason,Phrae,ราชการไวต่อช่วงแสง,316997.0,10247.0,both,-306750.0,306750.0
2015,inseason,Phrae,สุพรรณบุรี1,0.0,0.0,both,0.0,0.0
2015,inseason,Phrae,"สุพรรณบุรี60,90",0.0,0.0,both,0.0,0.0
2015,inseason,Phrae,หอมสุพรรณบุรี,0.0,0.0,both,0.0,0.0
2015,inseason,Phuket,กข15,0.0,0.0,both,0.0,0.0
2015,inseason,Phuket,กข6,0.0,0.0,both,0.0,0.0
2015,inseason,Phuket,ขาวดอกมะลิ105,0.0,0.0,both,0.0,0.0
2015,inseason,Phuket,คลองหลวง1,0.0,0.0,both,0.0,0.0
2015,inseason,Phuket,ชัยนาท1,0.0,0.0,both,0.0,0.0
2015,inseason,Phuket,ปทุมธานี1,0.0,0.0,both,0.0,0.0
2015,inseason,Phuket,พันธุ์พื้นเมือง,480.0,0.0,both,-480.0,480.0
2015,inseason,Phuket,ราชการไม่ไวต่อช่วงแสง,0.0,0.0,both,0.0,0.0
2015,inseason,Phuket,ราชการไวต่อช่วงแสง,1590.0,0.0,both,-1590.0,1590.0
2015,inseason,Phuket,สุพรรณบุรี1,0.0,0.0,both,0.0,0.0
2015,inseason,Phuket,"สุพรรณบุรี60,90",0.0,0.0,both,0.0,0.0
2015,inseason,Phuket,หอมสุพรรณบุรี,0.0,0.0,both,0.0,0.0
2015,inseason,Prachin Buri,กข15,0.0,0.0,both,0.0,0.0
2015,inseason,Prachin Buri,กข6,29089.0,953.0,both,-28136.0,28136.0
2015,inseason,Prachin Buri,ขาวดอกมะลิ105,2214908.0,72564.0,both,-2142344.0,2142344.0
2015,inseason,Prachin Buri,คลองหลวง1,0.0,0.0,both,0.0,0.0
2015,inseason,Prachin Buri,ชัยนาท1,0.0,0.0,both,0.0,0.0
2015,inseason,Prachin Buri,ปทุมธานี1,119194.0,3905.0,both,-115289.0,115289.0
2015,inseason,Prachin Buri,พันธุ์พื้นเมือง,621642.0,20366.0,both,-601276.0,601276.0
2015,inseason,Prachin Buri,ราชการไม่ไวต่อช่วงแสง,3318454.0,108718.0,both,-3209736.0,3209736.0
2015,inseason,Prachin Buri,ราชการไวต่อช่วงแสง,4708983.0,154273.0,both,-4554710.0,4554710.0
2015,inseason,Prachin Buri,สุพรรณบุรี1,385573.0,12632.0,both,-372941.0,372941.0
2015,inseason,Prachin Buri,"สุพรรณบุรี60,90",413166.0,13536.0,both,-399630.0,399630.0
2015,inseason,Prachin Buri,หอมสุพรรณบุรี,0.0,0.0,both,0.0,0.0
2015,inseason,Prachuap Khiri Khan,กข15,0.0,0.0,both,0.0,0.0
2015,inseason,Prachuap Khiri Khan,กข6,0.0,0.0,both,0.0,0.0
2015,inseason,Prachuap Khiri Khan,ขาวดอกมะลิ105,37175.0,1207.0,both,-35968.0,35968.0
2015,inseason,Prachuap Khiri Khan,คลองหลวง1,0.0,0.0,both,0.0,0.0
2015,inseason,Prachuap Khiri Khan,ชัยนาท1,232474.0,7548.0,both,-224926.0,224926.0
2015,inseason,Prachuap Khiri Khan,ปทุมธานี1,22022.0,715.0,both,-21307.0,21307.0
2015,inseason,Prachuap Khiri Khan,พันธุ์พื้นเมือง,31508.0,1023.0,both,-30485.0,30485.0
2015,inseason,Prachuap Khiri Khan,ราชการไม่ไวต่อช่วงแสง,172785.0,5610.0,both,-167175.0,167175.0
2015,inseason,Prachuap Khiri Khan,ราชการไวต่อช่วงแสง,0.0,0.0,both,0.0,0.0
2015,inseason,Prachuap Khiri Khan,สุพรรณบุรี1,161605.0,5247.0,both,-156358.0,156358.0
2015,inseason,Prachuap Khiri Khan,"สุพรรณบุรี60,90",0.0,0.0,both,0.0,0.0
2015,inseason,Prachuap Khiri Khan,หอมสุพรรณบุรี,0.0,0.0,both,0.0,0.0
2015,inseason,Ranong,กข15,0.0,0.0,both,0.0,0.0
2015,inseason,Ranong,กข6,0.0,0.0,both,0.0,0.0
2015,inseason,Ranong,ขาวดอกมะลิ105,0.0,0.0,both,0.0,0.0
2015,inseason,Ranong,คลองหลวง1,0.0,0.0,both,0.0,0.0
2015,inseason,Ranong,ชัยนาท1,0.0,0.0,both,0.0,0.0
2015,inseason,Ranong,ปทุมธานี1,0.0,0.0,both,0.0,0.0
2015,inseason,Ranong,พันธุ์พื้นเมือง,19714.0,649.0,both,-19065.0,19065.0
2015,inseason,Ranong,ราชการไม่ไวต่อช่วงแสง,0.0,0.0,both,0.0,0.0
2015,inseason,Ranong,ราชการไวต่อช่วงแสง,13700.0,451.0,both,-13249.0,13249.0
2015,inseason,Ranong,สุพรรณบุรี1,0.0,0.0,both,0.0,0.0
2015,inseason,Ranong,"สุพรรณบุรี60,90",0.0,0.0,both,0.0,0.0
2015,inseason,Ranong,หอมสุพรรณบุรี,0.0,0.0,both,0.0,0.0
2015,inseason,Ratchaburi,กข15,0.0,0.0,both,0.0,0.0
2015,inseason,Ratchaburi,กข6,0.0,0.0,both,0.0,0.0
2015,inseason,Ratchaburi,ขาวดอกมะลิ105,505075.0,16307.0,both,-488768.0,488768.0
2015,inseason,Ratchaburi,คลองหลวง1,0.0,0.0,both,0.0,0.0
2015,inseason,Ratchaburi,ชัยนาท1,475372.0,15348.0,both,-460024.0,460024.0
2015,inseason,Ratchaburi,ปทุมธานี1,631073.0,20375.0,both,-610698.0,610698.0
2015,inseason,Ratchaburi,พันธุ์พื้นเมือง,264725.0,8547.0,both,-256178.0,256178.0
2015,inseason,Ratchaburi,ราชการไม่ไวต่อช่วงแสง,1709921.0,55207.0,both,-1654714.0,1654714.0
2015,inseason,Ratchaburi,ราชการไวต่อช่วงแสง,653528.0,21100.0,both,-632428.0,632428.0
2015,inseason,Ratchaburi,สุพรรณบุรี1,4550755.0,146927.0,both,-4403828.0,4403828.0
2015,inseason,Ratchaburi,"สุพรรณบุรี60,90",0.0,0.0,both,0.0,0.0
2015,inseason,Ratchaburi,หอมสุพรรณบุรี,0.0,0.0,both,0.0,0.0
2015,inseason,Rayong,กข15,0.0,0.0,both,0.0,0.0
2015,inseason,Rayong,กข6,0.0,0.0,both,0.0,0.0
2015,inseason,Rayong,ขาวดอกมะลิ105,149399.0,4834.0,both,-144565.0,144565.0
2015,inseason,Rayong,คลองหลวง1,0.0,0.0,both,0.0,0.0
2015,inseason,Rayong,ชัยนาท1,0.0,0.0,both,0.0,0.0
2015,inseason,Rayong,ปทุมธานี1,57658.0,1866.0,both,-55792.0,55792.0
2015,inseason,Rayong,พันธุ์พื้นเมือง,13534.0,438.0,both,-13096.0,13096.0
2015,inseason,Rayong,ราชการไม่ไวต่อช่วงแสง,195594.0,6330.0,both,-189264.0,189264.0
2015,inseason,Rayong,ราชการไวต่อช่วงแสง,0.0,0.0,both,0.0,0.0
2015,inseason,Rayong,สุพรรณบุรี1,87878.0,2844.0,both,-85034.0,85034.0
2015,inseason,Rayong,"สุพรรณบุรี60,90",38501.0,1246.0,both,-37255.0,37255.0
2015,inseason,Rayong,หอมสุพรรณบุรี,0.0,0.0,both,0.0,0.0
2015,inseason,Roi Et,กข15,2182996.0,71385.0,both,-2111611.0,2111611.0
2015,inseason,Roi Et,กข6,24039073.0,786089.0,both,-23252984.0,23252984.0
2015,inseason,Roi Et,ขาวดอกมะลิ105,64875581.0,2121462.0,both,-62754119.0,62754119.0
2015,inseason,Roi Et,คลองหลวง1,0.0,0.0,both,0.0,0.0
2015,inseason,Roi Et,ชัยนาท1,0.0,0.0,both,0.0,0.0
2015,inseason,Roi Et,ปทุมธานี1,0.0,0.0,both,0.0,0.0
2015,inseason,Roi Et,พันธุ์พื้นเมือง,893687.0,29224.0,both,-864463.0,864463.0
2015,inseason,Roi Et,ราชการไม่ไวต่อช่วงแสง,376142.0,12300.0,both,-363842.0,363842.0
2015,inseason,Roi Et,ราชการไวต่อช่วงแสง,447150.0,14622.0,both,-432528.0,432528.0
2015,inseason,Roi Et,สุพรรณบุรี1,0.0,0.0,both,0.0,0.0
2015,inseason,Roi Et,"สุพรรณบุรี60,90",21437.0,701.0,both,-20736.0,20736.0
2015,inseason,Roi Et,หอมสุพรรณบุรี,0.0,0.0,both,0.0,0.0
2015,inseason,Sa kaeo,กข15,0.0,0.0,both,0.0,0.0
2015,inseason,Sa kaeo,กข6,452840.0,14898.0,both,-437942.0,437942.0
2015,inseason,Sa kaeo,ขาวดอกมะลิ105,17138936.0,563854.0,both,-16575082.0,16575082.0
2015,inseason,Sa kaeo,คลองหลวง1,0.0,0.0,both,0.0,0.0
2015,inseason,Sa kaeo,ชัยนาท1,0.0,0.0,both,0.0,0.0
2015,inseason,Sa kaeo,ปทุมธานี1,77935.0,2564.0,both,-75371.0,75371.0
2015,inseason,Sa kaeo,พันธุ์พื้นเมือง,407063.0,13392.0,both,-393671.0,393671.0
2015,inseason,Sa kaeo,ราชการไม่ไวต่อช่วงแสง,2046046.0,67313.0,both,-1978733.0,1978733.0
2015,inseason,Sa kaeo,ราชการไวต่อช่วงแสง,2253681.0,74143.0,both,-2179538.0,2179538.0
2015,inseason,Sa kaeo,สุพรรณบุรี1,0.0,0.0,both,0.0,0.0
2015,inseason,Sa kaeo,"สุพรรณบุรี60,90",0.0,0.0,both,0.0,0.0
2015,inseason,Sa kaeo,หอมสุพรรณบุรี,0.0,0.0,both,0.0,0.0
2015,inseason,Sakon Nakhon,กข15,2867389.0,93945.0,both,-2773444.0,2773444.0
2015,inseason,Sakon Nakhon,กข6,42186256.0,1382159.0,both,-40804097.0,40804097.0
2015,inseason,Sakon Nakhon,ขาวดอกมะลิ105,10603709.0,347412.0,both,-10256297.0,10256297.0
2015,inseason,Sakon Nakhon,คลองหลวง1,0.0,0.0,both,0.0,0.0
2015,inseason,Sakon Nakhon,ชัยนาท1,0.0,0.0,both,0.0,0.0
2015,inseason,Sakon Nakhon,ปทุมธานี1,0.0,0.0,both,0.0,0.0
2015,inseason,Sakon Nakhon,พันธุ์พื้นเมือง,1886565.0,61810.0,both,-1824755.0,1824755.0
2015,inseason,Sakon Nakhon,ราชการไม่ไวต่อช่วงแสง,2545779.0,83408.0,both,-2462371.0,2462371.0
2015,inseason,Sakon Nakhon,ราชการไวต่อช่วงแสง,1021449.0,33466.0,both,-987983.0,987983.0
2015,inseason,Sakon Nakhon,สุพรรณบุรี1,0.0,0.0,both,0.0,0.0
2015,inseason,Sakon Nakhon,"สุพรรณบุรี60,90",0.0,0.0,both,0.0,0.0
2015,inseason,Sakon Nakhon,หอมสุพรรณบุรี,0.0,0.0,both,0.0,0.0
2015,inseason,Samut Prakarn,กข15,0.0,0.0,both,0.0,0.0
2015,inseason,Samut Prakarn,กข6,0.0,0.0,both,0.0,0.0
2015,inseason,Samut Prakarn,ขาวดอกมะลิ105,0.0,0.0,both,0.0,0.0
2015,inseason,Samut Prakarn,คลองหลวง1,0.0,0.0,both,0.0,0.0
2015,inseason,Samut Prakarn,ชัยนาท1,0.0,0.0,both,0.0,0.0
2015,inseason,Samut Prakarn,ปทุมธานี1,60933.0,1984.0,both,-58949.0,58949.0
2015,inseason,Samut Prakarn,พันธุ์พื้นเมือง,0.0,0.0,both,0.0,0.0
2015,inseason,Samut Prakarn,ราชการไม่ไวต่อช่วงแสง,570694.0,18583.0,both,-552111.0,552111.0
2015,inseason,Samut Prakarn,ราชการไวต่อช่วงแสง,0.0,0.0,both,0.0,0.0
2015,inseason,Samut Prakarn,สุพรรณบุรี1,0.0,0.0,both,0.0,0.0
2015,inseason,Samut Prakarn,"สุพรรณบุรี60,90",28378.0,925.0,both,-27453.0,27453.0
2015,inseason,Samut Prakarn,หอมสุพรรณบุรี,0.0,0.0,both,0.0,0.0
2015,inseason,Samut Sakhon,กข15,0.0,0.0,both,0.0,0.0
2015,inseason,Samut Sakhon,กข6,0.0,0.0,both,0.0,0.0
2015,inseason,Samut Sakhon,ขาวดอกมะลิ105,0.0,0.0,both,0.0,0.0
2015,inseason,Samut Sakhon,คลองหลวง1,0.0,0.0,both,0.0,0.0
2015,inseason,Samut Sakhon,ชัยนาท1,0.0,0.0,both,0.0,0.0
2015,inseason,Samut Sakhon,ปทุมธานี1,32213.0,1047.0,both,-31166.0,31166.0
2015,inseason,Samut Sakhon,พันธุ์พื้นเมือง,0.0,0.0,both,0.0,0.0
2015,inseason,Samut Sakhon,ราชการไม่ไวต่อช่วงแสง,182292.0,5926.0,both,-176366.0,176366.0
2015,inseason,Samut Sakhon,ราชการไวต่อช่วงแสง,14091.0,458.0,both,-13633.0,13633.0
2015,inseason,Samut Sakhon,สุพรรณบุรี1,17322.0,563.0,both,-16759.0,16759.0
2015,inseason,Samut Sakhon,"สุพรรณบุรี60,90",0.0,0.0,both,0.0,0.0
2015,inseason,Samut Sakhon,หอมสุพรรณบุรี,0.0,0.0,both,0.0,0.0
2015,inseason,Samut Songkhram,กข15,0.0,0.0,both,0.0,0.0
2015,inseason,Samut Songkhram,กข6,0.0,0.0,both,0.0,0.0
2015,inseason,Samut Songkhram,ขาวดอกมะลิ105,0.0,0.0,both,0.0,0.0
2015,inseason,Samut Songkhram,คลองหลวง1,0.0,0.0,both,0.0,0.0
2015,inseason,Samut Songkhram,ชัยนาท1,0.0,0.0,both,0.0,0.0
2015,inseason,Samut Songkhram,ปทุมธานี1,0.0,0.0,both,0.0,0.0
2015,inseason,Samut Songkhram,พันธุ์พื้นเมือง,0.0,0.0,both,0.0,0.0
2015,inseason,Samut Songkhram,ราชการไม่ไวต่อช่วงแสง,58416.0,1892.0,both,-56524.0,56524.0
2015,inseason,Samut Songkhram,ราชการไวต่อช่วงแสง,0.0,0.0,both,0.0,0.0
2015,inseason,Samut Songkhram,สุพรรณบุรี1,51561.0,1669.0,both,-49892.0,49892.0
2015,inseason,Samut Songkhram,"สุพรรณบุรี60,90",0.0,0.0,both,0.0,0.0
2015,inseason,Samut Songkhram,หอมสุพรรณบุรี,0.0,0.0,both,0.0,0.0
2015,inseason,Saraburi,กข15,0.0,0.0,both,0.0,0.0
2015,inseason,Saraburi,กข6,0.0,0.0,both,0.0,0.0
2015,inseason,Saraburi,ขาวดอกมะลิ105,515537.0,16735.0,both,-498802.0,498802.0
2015,inseason,Saraburi,คลองหลวง1,0.0,0.0,both,0.0,0.0
2015,inseason,Saraburi,ชัยนาท1,232985.0,7563.0,both,-225422.0,225422.0
2015,inseason,Saraburi,ปทุมธานี1,421825.0,13693.0,both,-408132.0,408132.0
2015,inseason,Saraburi,พันธุ์พื้นเมือง,314128.0,10197.0,both,-303931.0,303931.0
2015,inseason,Saraburi,ราชการไม่ไวต่อช่วงแสง,5397040.0,175196.0,both,-5221844.0,5221844.0
2015,inseason,Saraburi,ราชการไวต่อช่วงแสง,303161.0,9841.0,both,-293320.0,293320.0
2015,inseason,Saraburi,สุพรรณบุรี1,2144614.0,69617.0,both,-2074997.0,2074997.0
2015,inseason,Saraburi,"สุพรรณบุรี60,90",0.0,0.0,both,0.0,0.0
2015,inseason,Saraburi,หอมสุพรรณบุรี,0.0,0.0,both,0.0,0.0
2015,inseason,Satun,กข15,0.0,0.0,both,0.0,0.0
2015,inseason,Satun,กข6,0.0,0.0,both,0.0,0.0
2015,inseason,Satun,ขาวดอกมะลิ105,0.0,0.0,both,0.0,0.0
2015,inseason,Satun,คลองหลวง1,0.0,0.0,both,0.0,0.0
2015,inseason,Satun,ชัยนาท1,0.0,0.0,both,0.0,0.0
2015,inseason,Satun,ปทุมธานี1,27788.0,916.0,both,-26872.0,26872.0
2015,inseason,Satun,พันธุ์พื้นเมือง,687999.0,22679.0,both,-665320.0,665320.0
2015,inseason,Satun,ราชการไม่ไวต่อช่วงแสง,0.0,0.0,both,0.0,0.0
2015,inseason,Satun,ราชการไวต่อช่วงแสง,42987.0,1417.0,both,-41570.0,41570.0
2015,inseason,Satun,สุพรรณบุรี1,0.0,0.0,both,0.0,0.0
2015,inseason,Satun,"สุพรรณบุรี60,90",0.0,0.0,both,0.0,0.0
2015,inseason,Satun,หอมสุพรรณบุรี,0.0,0.0,both,0.0,0.0
2015,inseason,Si Sa Ket,กข15,3500753.0,113962.0,both,-3386791.0,3386791.0
2015,inseason,Si Sa Ket,กข6,4831391.0,157279.0,both,-4674112.0,4674112.0
2015,inseason,Si Sa Ket,ขาวดอกมะลิ105,79522714.0,2588747.0,both,-76933967.0,76933967.0
2015,inseason,Si Sa Ket,คลองหลวง1,0.0,0.0,both,0.0,0.0
2015,inseason,Si Sa Ket,ชัยนาท1,0.0,0.0,both,0.0,0.0
2015,inseason,Si Sa Ket,ปทุมธานี1,0.0,0.0,both,0.0,0.0
2015,inseason,Si Sa Ket,พันธุ์พื้นเมือง,1911618.0,62230.0,both,-1849388.0,1849388.0
2015,inseason,Si Sa Ket,ราชการไม่ไวต่อช่วงแสง,534688.0,17406.0,both,-517282.0,517282.0
2015,inseason,Si Sa Ket,ราชการไวต่อช่วงแสง,508331.0,16548.0,both,-491783.0,491783.0
2015,inseason,Si Sa Ket,สุพรรณบุรี1,0.0,0.0,both,0.0,0.0
2015,inseason,Si Sa Ket,"สุพรรณบุรี60,90",0.0,0.0,both,0.0,0.0
2015,inseason,Si Sa Ket,หอมสุพรรณบุรี,0.0,0.0,both,0.0,0.0
2015,inseason,Sing Buri,กข15,0.0,0.0,both,0.0,0.0
2015,inseason,Sing Buri,กข6,0.0,0.0,both,0.0,0.0
2015,inseason,Sing Buri,ขาวดอกมะลิ105,19609.0,641.0,both,-18968.0,18968.0
2015,inseason,Sing Buri,คลองหลวง1,0.0,0.0,both,0.0,0.0
2015,inseason,Sing Buri,ชัยนาท1,0.0,0.0,both,0.0,0.0
2015,inseason,Sing Buri,ปทุมธานี1,1925202.0,62933.0,both,-1862269.0,1862269.0
2015,inseason,Sing Buri,พันธุ์พื้นเมือง,0.0,0.0,both,0.0,0.0
2015,inseason,Sing Buri,ราชการไม่ไวต่อช่วงแสง,5583616.0,182524.0,both,-5401092.0,5401092.0
2015,inseason,Sing Buri,ราชการไวต่อช่วงแสง,0.0,0.0,both,0.0,0.0
2015,inseason,Sing Buri,สุพรรณบุรี1,623328.0,20376.0,both,-602952.0,602952.0
2015,inseason,Sing Buri,"สุพรรณบุรี60,90",0.0,0.0,both,0.0,0.0
2015,inseason,Sing Buri,หอมสุพรรณบุรี,0.0,0.0,both,0.0,0.0
2015,inseason,Songkhla,กข15,0.0,0.0,both,0.0,0.0
2015,inseason,Songkhla,กข6,0.0,0.0,both,0.0,0.0
2015,inseason,Songkhla,ขาวดอกมะลิ105,0.0,0.0,both,0.0,0.0
2015,inseason,Songkhla,คลองหลวง1,0.0,0.0,both,0.0,0.0
2015,inseason,Songkhla,ชัยนาท1,115303.0,3283.0,both,-112020.0,112020.0
2015,inseason,Songkhla,ปทุมธานี1,880144.0,25059.0,both,-855085.0,855085.0
2015,inseason,Songkhla,พันธุ์พื้นเมือง,2317868.0,65998.0,both,-2251870.0,2251870.0
2015,inseason,Songkhla,ราชการไม่ไวต่อช่วงแสง,1140717.0,32480.0,both,-1108237.0,1108237.0
2015,inseason,Songkhla,ราชการไวต่อช่วงแสง,1726600.0,49162.0,both,-1677438.0,1677438.0
2015,inseason,Songkhla,สุพรรณบุรี1,0.0,0.0,both,0.0,0.0
2015,inseason,Songkhla,"สุพรรณบุรี60,90",0.0,0.0,both,0.0,0.0
2015,inseason,Songkhla,หอมสุพรรณบุรี,0.0,0.0,both,0.0,0.0
2015,inseason,Sukhothai,กข15,98565.0,3203.0,both,-95362.0,95362.0
2015,inseason,Sukhothai,กข6,478362.0,15545.0,both,-462817.0,462817.0
2015,inseason,Sukhothai,ขาวดอกมะลิ105,2388885.0,77629.0,both,-2311256.0,2311256.0
2015,inseason,Sukhothai,คลองหลวง1,0.0,0.0,both,0.0,0.0
2015,inseason,Sukhothai,ชัยนาท1,629855.0,20468.0,both,-609387.0,609387.0
2015,inseason,Sukhothai,ปทุมธานี1,1315902.0,42762.0,both,-1273140.0,1273140.0
2015,inseason,Sukhothai,พันธุ์พื้นเมือง,1219184.0,39619.0,both,-1179565.0,1179565.0
2015,inseason,Sukhothai,ราชการไม่ไวต่อช่วงแสง,20370481.0,661966.0,both,-19708515.0,19708515.0
2015,inseason,Sukhothai,ราชการไวต่อช่วงแสง,0.0,0.0,both,0.0,0.0
2015,inseason,Sukhothai,สุพรรณบุรี1,1384094.0,44977.0,both,-1339117.0,1339117.0
2015,inseason,Sukhothai,"สุพรรณบุรี60,90",942568.0,30630.0,both,-911938.0,911938.0
2015,inseason,Sukhothai,หอมสุพรรณบุรี,50252.0,1633.0,both,-48619.0,48619.0
2015,inseason,Suphan Buri,กข15,0.0,0.0,both,0.0,0.0
2015,inseason,Suphan Buri,กข6,0.0,0.0,both,0.0,0.0
2015,inseason,Suphan Buri,ขาวดอกมะลิ105,1975497.0,64253.0,both,-1911244.0,1911244.0
2015,inseason,Suphan Buri,คลองหลวง1,0.0,0.0,both,0.0,0.0
2015,inseason,Suphan Buri,ชัยนาท1,0.0,0.0,both,0.0,0.0
2015,inseason,Suphan Buri,ปทุมธานี1,3147181.0,102362.0,both,-3044819.0,3044819.0
2015,inseason,Suphan Buri,พันธุ์พื้นเมือง,64996.0,2114.0,both,-62882.0,62882.0
2015,inseason,Suphan Buri,ราชการไม่ไวต่อช่วงแสง,32978007.0,1072611.0,both,-31905396.0,31905396.0
2015,inseason,Suphan Buri,ราชการไวต่อช่วงแสง,0.0,0.0,both,0.0,0.0
2015,inseason,Suphan Buri,สุพรรณบุรี1,2078372.0,67599.0,both,-2010773.0,2010773.0
2015,inseason,Suphan Buri,"สุพรรณบุรี60,90",0.0,0.0,both,0.0,0.0
2015,inseason,Suphan Buri,หอมสุพรรณบุรี,0.0,0.0,both,0.0,0.0
2015,inseason,Surat Thani,กข15,0.0,0.0,both,0.0,0.0
2015,inseason,Surat Thani,กข6,0.0,0.0,both,0.0,0.0
2015,inseason,Surat Thani,ขาวดอกมะลิ105,15549.0,514.0,both,-15035.0,15035.0
2015,inseason,Surat Thani,คลองหลวง1,0.0,0.0,both,0.0,0.0
2015,inseason,Surat Thani,ชัยนาท1,0.0,0.0,both,0.0,0.0
2015,inseason,Surat Thani,ปทุมธานี1,114617.0,3789.0,both,-110828.0,110828.0
2015,inseason,Surat Thani,พันธุ์พื้นเมือง,7199.0,238.0,both,-6961.0,6961.0
2015,inseason,Surat Thani,ราชการไม่ไวต่อช่วงแสง,0.0,0.0,both,0.0,0.0
2015,inseason,Surat Thani,ราชการไวต่อช่วงแสง,22808.0,754.0,both,-22054.0,22054.0
2015,inseason,Surat Thani,สุพรรณบุรี1,0.0,0.0,both,0.0,0.0
2015,inseason,Surat Thani,"สุพรรณบุรี60,90",0.0,0.0,both,0.0,0.0
2015,inseason,Surat Thani,หอมสุพรรณบุรี,0.0,0.0,both,0.0,0.0
2015,inseason,Surin,กข15,14916472.0,487562.0,both,-14428910.0,14428910.0
2015,inseason,Surin,กข6,232729.0,7607.0,both,-225122.0,225122.0
2015,inseason,Surin,ขาวดอกมะลิ105,78136280.0,2553974.0,both,-75582306.0,75582306.0
2015,inseason,Surin,คลองหลวง1,0.0,0.0,both,0.0,0.0
2015,inseason,Surin,ชัยนาท1,0.0,0.0,both,0.0,0.0
2015,inseason,Surin,ปทุมธานี1,0.0,0.0,both,0.0,0.0
2015,inseason,Surin,พันธุ์พื้นเมือง,787765.0,25749.0,both,-762016.0,762016.0
2015,inseason,Surin,ราชการไม่ไวต่อช่วงแสง,38732.0,1266.0,both,-37466.0,37466.0
2015,inseason,Surin,ราชการไวต่อช่วงแสง,201033.0,6571.0,both,-194462.0,194462.0
2015,inseason,Surin,สุพรรณบุรี1,0.0,0.0,both,0.0,0.0
2015,inseason,Surin,"สุพรรณบุรี60,90",0.0,0.0,both,0.0,0.0
2015,inseason,Surin,หอมสุพรรณบุรี,0.0,0.0,both,0.0,0.0
2015,inseason,Tak,กข15,35293.0,1149.0,both,-34144.0,34144.0
2015,inseason,Tak,กข6,616236.0,20062.0,both,-596174.0,596174.0
2015,inseason,Tak,ขาวดอกมะลิ105,2570949.0,83699.0,both,-2487250.0,2487250.0
2015,inseason,Tak,คลองหลวง1,0.0,0.0,both,0.0,0.0
2015,inseason,Tak,ชัยนาท1,231050.0,7522.0,both,-223528.0,223528.0
2015,inseason,Tak,ปทุมธานี1,38765.0,1262.0,both,-37503.0,37503.0
2015,inseason,Tak,พันธุ์พื้นเมือง,2327888.0,75786.0,both,-2252102.0,2252102.0
2015,inseason,Tak,ราชการไม่ไวต่อช่วงแสง,470916.0,15331.0,both,-455585.0,455585.0
2015,inseason,Tak,ราชการไวต่อช่วงแสง,98539.0,3208.0,both,-95331.0,95331.0
2015,inseason,Tak,สุพรรณบุรี1,130146.0,4237.0,both,-125909.0,125909.0
2015,inseason,Tak,"สุพรรณบุรี60,90",37013.0,1205.0,both,-35808.0,35808.0
2015,inseason,Tak,หอมสุพรรณบุรี,0.0,0.0,both,0.0,0.0
2015,inseason,Trang,กข15,0.0,0.0,both,0.0,0.0
2015,inseason,Trang,กข6,0.0,0.0,both,0.0,0.0
2015,inseason,Trang,ขาวดอกมะลิ105,0.0,0.0,both,0.0,0.0
2015,inseason,Trang,คลองหลวง1,0.0,0.0,both,0.0,0.0
2015,inseason,Trang,ชัยนาท1,0.0,0.0,both,0.0,0.0
2015,inseason,Trang,ปทุมธานี1,9870.0,324.0,both,-9546.0,9546.0
2015,inseason,Trang,พันธุ์พื้นเมือง,340566.0,11181.0,both,-329385.0,329385.0
2015,inseason,Trang,ราชการไม่ไวต่อช่วงแสง,24035.0,789.0,both,-23246.0,23246.0
2015,inseason,Trang,ราชการไวต่อช่วงแสง,0.0,0.0,both,0.0,0.0
2015,inseason,Trang,สุพรรณบุรี1,0.0,0.0,both,0.0,0.0
2015,inseason,Trang,"สุพรรณบุรี60,90",0.0,0.0,both,0.0,0.0
2015,inseason,Trang,หอมสุพรรณบุรี,0.0,0.0,both,0.0,0.0
2015,inseason,Trat,กข15,0.0,0.0,both,0.0,0.0
2015,inseason,Trat,กข6,0.0,0.0,both,0.0,0.0
2015,inseason,Trat,ขาวดอกมะลิ105,381779.0,12500.0,both,-369279.0,369279.0
2015,inseason,Trat,คลองหลวง1,0.0,0.0,both,0.0,0.0
2015,inseason,Trat,ชัยนาท1,0.0,0.0,both,0.0,0.0
2015,inseason,Trat,ปทุมธานี1,11117.0,364.0,both,-10753.0,10753.0
2015,inseason,Trat,พันธุ์พื้นเมือง,48135.0,1576.0,both,-46559.0,46559.0
2015,inseason,Trat,ราชการไม่ไวต่อช่วงแสง,31275.0,1024.0,both,-30251.0,30251.0
2015,inseason,Trat,ราชการไวต่อช่วงแสง,24648.0,807.0,both,-23841.0,23841.0
2015,inseason,Trat,สุพรรณบุรี1,0.0,0.0,both,0.0,0.0
2015,inseason,Trat,"สุพรรณบุรี60,90",0.0,0.0,both,0.0,0.0
2015,inseason,Trat,หอมสุพรรณบุรี,0.0,0.0,both,0.0,0.0
2015,inseason,Ubon Ratchathani,กข15,9305629.0,302627.0,both,-9003002.0,9003002.0
2015,inseason,Ubon Ratchathani,กข6,35110979.0,1141838.0,both,-33969141.0,33969141.0
2015,inseason,Ubon Ratchathani,ขาวดอกมะลิ105,66367261.0,2158320.0,both,-64208941.0,64208941.0
2015,inseason,Ubon Ratchathani,คลองหลวง1,0.0,0.0,both,0.0,0.0
2015,inseason,Ubon Ratchathani,ชัยนาท1,0.0,0.0,both,0.0,0.0
2015,inseason,Ubon Ratchathani,ปทุมธานี1,0.0,0.0,both,0.0,0.0
2015,inseason,Ubon Ratchathani,พันธุ์พื้นเมือง,2029098.0,65988.0,both,-1963110.0,1963110.0
2015,inseason,Ubon Ratchathani,ราชการไม่ไวต่อช่วงแสง,1472932.0,47901.0,both,-1425031.0,1425031.0
2015,inseason,Ubon Ratchathani,ราชการไวต่อช่วงแสง,2584280.0,84043.0,both,-2500237.0,2500237.0
2015,inseason,Ubon Ratchathani,สุพรรณบุรี1,0.0,0.0,both,0.0,0.0
2015,inseason,Ubon Ratchathani,"สุพรรณบุรี60,90",0.0,0.0,both,0.0,0.0
2015,inseason,Ubon Ratchathani,หอมสุพรรณบุรี,0.0,0.0,both,0.0,0.0
2015,inseason,Udon Thani,กข15,1961672.0,63646.0,both,-1898026.0,1898026.0
2015,inseason,Udon Thani,กข6,38965437.0,1264226.0,both,-37701211.0,37701211.0
2015,inseason,Udon Thani,ขาวดอกมะลิ105,7162755.0,232394.0,both,-6930361.0,6930361.0
2015,inseason,Udon Thani,คลองหลวง1,0.0,0.0,both,0.0,0.0
2015,inseason,Udon Thani,ชัยนาท1,0.0,0.0,both,0.0,0.0
2015,inseason,Udon Thani,ปทุมธานี1,0.0,0.0,both,0.0,0.0
2015,inseason,Udon Thani,พันธุ์พื้นเมือง,1524899.0,49475.0,both,-1475424.0,1475424.0
2015,inseason,Udon Thani,ราชการไม่ไวต่อช่วงแสง,679616.0,22050.0,both,-657566.0,657566.0
2015,inseason,Udon Thani,ราชการไวต่อช่วงแสง,1550080.0,50292.0,both,-1499788.0,1499788.0
2015,inseason,Udon Thani,สุพรรณบุรี1,0.0,0.0,both,0.0,0.0
2015,inseason,Udon Thani,"สุพรรณบุรี60,90",0.0,0.0,both,0.0,0.0
2015,inseason,Udon Thani,หอมสุพรรณบุรี,0.0,0.0,both,0.0,0.0
2015,inseason,Uthai Thani,กข15,0.0,0.0,both,0.0,0.0
2015,inseason,Uthai Thani,กข6,111078.0,3612.0,both,-107466.0,107466.0
2015,inseason,Uthai Thani,ขาวดอกมะลิ105,790124.0,25693.0,both,-764431.0,764431.0
2015,inseason,Uthai Thani,คลองหลวง1,0.0,0.0,both,0.0,0.0
2015,inseason,Uthai Thani,ชัยนาท1,2934496.0,95423.0,both,-2839073.0,2839073.0
2015,inseason,Uthai Thani,ปทุมธานี1,813465.0,26452.0,both,-787013.0,787013.0
2015,inseason,Uthai Thani,พันธุ์พื้นเมือง,306971.0,9982.0,both,-296989.0,296989.0
2015,inseason,Uthai Thani,ราชการไม่ไวต่อช่วงแสง,7584981.0,246647.0,both,-7338334.0,7338334.0
2015,inseason,Uthai Thani,ราชการไวต่อช่วงแสง,0.0,0.0,both,0.0,0.0
2015,inseason,Uthai Thani,สุพรรณบุรี1,829272.0,26966.0,both,-802306.0,802306.0
2015,inseason,Uthai Thani,"สุพรรณบุรี60,90",418941.0,13623.0,both,-405318.0,405318.0
2015,inseason,Uthai Thani,หอมสุพรรณบุรี,0.0,0.0,both,0.0,0.0
2015,inseason,Uttaradit,กข15,0.0,0.0,both,0.0,0.0
2015,inseason,Uttaradit,กข6,1243430.0,40363.0,both,-1203067.0,1203067.0
2015,inseason,Uttaradit,ขาวดอกมะลิ105,2010905.0,65277.0,both,-1945628.0,1945628.0
2015,inseason,Uttaradit,คลองหลวง1,0.0,0.0,both,0.0,0.0
2015,inseason,Uttaradit,ชัยนาท1,75845.0,2462.0,both,-73383.0,73383.0
2015,inseason,Uttaradit,ปทุมธานี1,3452235.0,112063.0,both,-3340172.0,3340172.0
2015,inseason,Uttaradit,พันธุ์พื้นเมือง,254028.0,8246.0,both,-245782.0,245782.0
2015,inseason,Uttaradit,ราชการไม่ไวต่อช่วงแสง,7065833.0,229363.0,both,-6836470.0,6836470.0
2015,inseason,Uttaradit,ราชการไวต่อช่วงแสง,71131.0,2309.0,both,-68822.0,68822.0
2015,inseason,Uttaradit,สุพรรณบุรี1,1654108.0,53694.0,both,-1600414.0,1600414.0
2015,inseason,Uttaradit,"สุพรรณบุรี60,90",334771.0,10867.0,both,-323904.0,323904.0
2015,inseason,Uttaradit,หอมสุพรรณบุรี,113213.0,3675.0,both,-109538.0,109538.0
2015,inseason,Yala,กข15,0.0,0.0,both,0.0,0.0
2015,inseason,Yala,กข6,0.0,0.0,both,0.0,0.0
2015,inseason,Yala,ขาวดอกมะลิ105,0.0,0.0,both,0.0,0.0
2015,inseason,Yala,คลองหลวง1,0.0,0.0,both,0.0,0.0
2015,inseason,Yala,ชัยนาท1,0.0,0.0,both,0.0,0.0
2015,inseason,Yala,ปทุมธานี1,46943.0,1548.0,both,-45395.0,45395.0
2015,inseason,Yala,พันธุ์พื้นเมือง,626125.0,20634.0,both,-605491.0,605491.0
2015,inseason,Yala,ราชการไม่ไวต่อช่วงแสง,74829.0,2466.0,both,-72363.0,72363.0
2015,inseason,Yala,ราชการไวต่อช่วงแสง,52253.0,1721.0,both,-50532.0,50532.0
2015,inseason,Yala,สุพรรณบุรี1,0.0,0.0,both,0.0,0.0
2015,inseason,Yala,"สุพรรณบุรี60,90",0.0,0.0,both,0.0,0.0
2015,inseason,Yala,หอมสุพรรณบุรี,0.0,0.0,both,0.0,0.0
2015,inseason,Yasothon,กข15,528553.0,17263.0,both,-511290.0,511290.0
2015,inseason,Yasothon,กข6,17612648.0,575244.0,both,-17037404.0,17037404.0
2015,inseason,Yasothon,ขาวดอกมะลิ105,19941338.0,651300.0,both,-19290038.0,19290038.0
2015,inseason,Yasothon,คลองหลวง1,0.0,0.0,both,0.0,0.0
2015,inseason,Yasothon,ชัยนาท1,0.0,0.0,both,0.0,0.0
2015,inseason,Yasothon,ปทุมธานี1,0.0,0.0,both,0.0,0.0
2015,inseason,Yasothon,พันธุ์พื้นเมือง,871043.0,28449.0,both,-842594.0,842594.0
2015,inseason,Yasothon,ราชการไม่ไวต่อช่วงแสง,233215.0,7617.0,both,-225598.0,225598.0
2015,inseason,Yasothon,ราชการไวต่อช่วงแสง,584094.0,19077.0,both,-565017.0,565017.0
2015,inseason,Yasothon,สุพรรณบุรี1,0.0,0.0,both,0.0,0.0
2015,inseason,Yasothon,"สุพรรณบุรี60,90",0.0,0.0,both,0.0,0.0
2015,inseason,Yasothon,หอมสุพรรณบุรี,0.0,0.0,both,0.0,0.0
2015,offseason,Amnat Charoen,กข10,3653.0,115.0,both,-3538.0,3538.0
2015,offseason,Amnat Charoen,กขไม่ไวต่อช่วงแสง,23568.0,740.0,both,-22828.0,22828.0
2015,offseason,Amnat Charoen,"ชัยนาท1,2",60604.0,1899.0,both,-58705.0,58705.0
2015,offseason,Amnat Charoen,ปทุมธานี1,5737.0,180.0,both,-5557.0,5557.0
2015,offseason,Amnat Charoen,"พิษณุโลก2,60-2",0.0,0.0,both,0.0,0.0
2015,offseason,Amnat Charoen,ราชการไม่ไวต่อช่วงแสง,14575.0,457.0,both,-14118.0,14118.0
2015,offseason,Amnat Charoen,สุพรรณบุรี1,13409.0,419.0,both,-12990.0,12990.0
2015,offseason,Amnat Charoen,"สุพรรณบุรี60,90",0.0,0.0,both,0.0,0.0
2015,offseason,Amnat Charoen,หอมสุพรรณบุรี,0.0,0.0,both,0.0,0.0
2015,offseason,Ang Thong,กข10,0.0,0.0,both,0.0,0.0
2015,offseason,Ang Thong,กขไม่ไวต่อช่วงแสง,2503927.0,76737.0,both,-2427190.0,2427190.0
2015,offseason,Ang Thong,"ชัยนาท1,2",6324.0,193.0,both,-6131.0,6131.0
2015,offseason,Ang Thong,ปทุมธานี1,859329.0,26336.0,both,-832993.0,832993.0
2015,offseason,Ang Thong,"พิษณุโลก2,60-2",125164.0,3836.0,both,-121328.0,121328.0
2015,offseason,Ang Thong,ราชการไม่ไวต่อช่วงแสง,86339.0,2646.0,both,-83693.0,83693.0
2015,offseason,Ang Thong,สุพรรณบุรี1,87282.0,2675.0,both,-84607.0,84607.0
2015,offseason,Ang Thong,"สุพรรณบุรี60,90",2462.0,76.0,both,-2386.0,2386.0
2015,offseason,Ang Thong,หอมสุพรรณบุรี,0.0,0.0,both,0.0,0.0
2015,offseason,Bangkok,กข10,0.0,0.0,both,0.0,0.0
2015,offseason,Bangkok,กขไม่ไวต่อช่วงแสง,2329689.0,79551.0,both,-2250138.0,2250138.0
2015,offseason,Bangkok,"ชัยนาท1,2",3622.0,123.0,both,-3499.0,3499.0
2015,offseason,Bangkok,ปทุมธานี1,455788.0,15564.0,both,-440224.0,440224.0
2015,offseason,Bangkok,"พิษณุโลก2,60-2",194763.0,6651.0,both,-188112.0,188112.0
2015,offseason,Bangkok,ราชการไม่ไวต่อช่วงแสง,272617.0,9310.0,both,-263307.0,263307.0
2015,offseason,Bangkok,สุพรรณบุรี1,106378.0,3634.0,both,-102744.0,102744.0
2015,offseason,Bangkok,"สุพรรณบุรี60,90",19169.0,655.0,both,-18514.0,18514.0
2015,offseason,Bangkok,หอมสุพรรณบุรี,0.0,0.0,both,0.0,0.0
2015,offseason,Bueng Kan,กข10,109847.0,4153.0,both,-105694.0,105694.0
2015,offseason,Bueng Kan,กขไม่ไวต่อช่วงแสง,76676.0,2899.0,both,-73777.0,73777.0
2015,offseason,Bueng Kan,"ชัยนาท1,2",11405.0,431.0,both,-10974.0,10974.0
2015,offseason,Bueng Kan,ปทุมธานี1,24342.0,919.0,both,-23423.0,23423.0
2015,offseason,Bueng Kan,"พิษณุโลก2,60-2",0.0,0.0,both,0.0,0.0
2015,offseason,Bueng Kan,ราชการไม่ไวต่อช่วงแสง,117942.0,4461.0,both,-113481.0,113481.0
2015,offseason,Bueng Kan,สุพรรณบุรี1,0.0,0.0,both,0.0,0.0
2015,offseason,Bueng Kan,"สุพรรณบุรี60,90",0.0,0.0,both,0.0,0.0
2015,offseason,Bueng Kan,หอมสุพรรณบุรี,0.0,0.0,both,0.0,0.0
2015,offseason,Buri Ram,กข10,13145.0,432.0,both,-12713.0,12713.0
2015,offseason,Buri Ram,กขไม่ไวต่อช่วงแสง,96834.0,3180.0,both,-93654.0,93654.0
2015,offseason,Buri Ram,"ชัยนาท1,2",553141.0,18173.0,both,-534968.0,534968.0
2015,offseason,Buri Ram,ปทุมธานี1,96156.0,3159.0,both,-92997.0,92997.0
2015,offseason,Buri Ram,"พิษณุโลก2,60-2",4598.0,153.0,both,-4445.0,4445.0
2015,offseason,Buri Ram,ราชการไม่ไวต่อช่วงแสง,91896.0,3019.0,both,-88877.0,88877.0
2015,offseason,Buri Ram,สุพรรณบุรี1,0.0,0.0,both,0.0,0.0
2015,offseason,Buri Ram,"สุพรรณบุรี60,90",0.0,0.0,both,0.0,0.0
2015,offseason,Buri Ram,หอมสุพรรณบุรี,0.0,0.0,both,0.0,0.0
2015,offseason,Chachoengsao,กข10,0.0,0.0,both,0.0,0.0
2015,offseason,Chachoengsao,กขไม่ไวต่อช่วงแสง,6357486.0,207087.0,both,-6150399.0,6150399.0
2015,offseason,Chachoengsao,"ชัยนาท1,2",60475.0,1969.0,both,-58506.0,58506.0
2015,offseason,Chachoengsao,ปทุมธานี1,707186.0,23037.0,both,-684149.0,684149.0
2015,offseason,Chachoengsao,"พิษณุโลก2,60-2",2115187.0,68899.0,both,-2046288.0,2046288.0
2015,offseason,Chachoengsao,ราชการไม่ไวต่อช่วงแสง,1840608.0,59955.0,both,-1780653.0,1780653.0
2015,offseason,Chachoengsao,สุพรรณบุรี1,542846.0,17684.0,both,-525162.0,525162.0
2015,offseason,Chachoengsao,"สุพรรณบุรี60,90",884970.0,28826.0,both,-856144.0,856144.0
2015,offseason,Chachoengsao,หอมสุพรรณบุรี,7919.0,257.0,both,-7662.0,7662.0
2015,offseason,Chai Nat,กข10,0.0,0.0,both,0.0,0.0
2015,offseason,Chai Nat,กขไม่ไวต่อช่วงแสง,3985993.0,139643.0,both,-3846350.0,3846350.0
2015,offseason,Chai Nat,"ชัยนาท1,2",144017.0,5045.0,both,-138972.0,138972.0
2015,offseason,Chai Nat,ปทุมธานี1,1739420.0,60937.0,both,-1678483.0,1678483.0
2015,offseason,Chai Nat,"พิษณุโลก2,60-2",78942.0,2765.0,both,-76177.0,76177.0
2015,offseason,Chai Nat,ราชการไม่ไวต่อช่วงแสง,82692.0,2899.0,both,-79793.0,79793.0
2015,offseason,Chai Nat,สุพรรณบุรี1,226069.0,7920.0,both,-218149.0,218149.0
2015,offseason,Chai Nat,"สุพรรณบุรี60,90",31334.0,1096.0,both,-30238.0,30238.0
2015,offseason,Chai Nat,หอมสุพรรณบุรี,0.0,0.0,both,0.0,0.0
2015,offseason,Chaiyaphum,กข10,241279.0,9305.0,both,-231974.0,231974.0
2015,offseason,Chaiyaphum,กขไม่ไวต่อช่วงแสง,167152.0,6444.0,both,-160708.0,160708.0
2015,offseason,Chaiyaphum,"ชัยนาท1,2",696303.0,26851.0,both,-669452.0,669452.0
2015,offseason,Chaiyaphum,ปทุมธานี1,323489.0,12475.0,both,-311014.0,311014.0
2015,offseason,Chaiyaphum,"พิษณุโลก2,60-2",299518.0,11551.0,both,-287967.0,287967.0
2015,offseason,Chaiyaphum,ราชการไม่ไวต่อช่วงแสง,221612.0,8546.0,both,-213066.0,213066.0
2015,offseason,Chaiyaphum,สุพรรณบุรี1,320323.0,12353.0,both,-307970.0,307970.0
2015,offseason,Chaiyaphum,"สุพรรณบุรี60,90",432188.0,16666.0,both,-415522.0,415522.0
2015,offseason,Chaiyaphum,หอมสุพรรณบุรี,0.0,0.0,both,0.0,0.0
2015,offseason,Chanthaburi,กข10,0.0,0.0,both,0.0,0.0
2015,offseason,Chanthaburi,กขไม่ไวต่อช่วงแสง,0.0,0.0,both,0.0,0.0
2015,offseason,Chanthaburi,"ชัยนาท1,2",0.0,0.0,both,0.0,0.0
2015,offseason,Chanthaburi,ปทุมธานี1,0.0,0.0,both,0.0,0.0
2015,offseason,Chanthaburi,"พิษณุโลก2,60-2",0.0,0.0,both,0.0,0.0
2015,offseason,Chanthaburi,ราชการไม่ไวต่อช่วงแสง,0.0,0.0,both,0.0,0.0
2015,offseason,Chanthaburi,สุพรรณบุรี1,0.0,0.0,both,0.0,0.0
2015,offseason,Chanthaburi,"สุพรรณบุรี60,90",0.0,0.0,both,0.0,0.0
2015,offseason,Chanthaburi,หอมสุพรรณบุรี,0.0,0.0,both,0.0,0.0
2015,offseason,Chiang Mai,กข10,128318.0,4570.0,both,-123748.0,123748.0
2015,offseason,Chiang Mai,กขไม่ไวต่อช่วงแสง,230517.0,8208.0,both,-222309.0,222309.0
2015,offseason,Chiang Mai,"ชัยนาท1,2",0.0,0.0,both,0.0,0.0
2015,offseason,Chiang Mai,ปทุมธานี1,45529.0,1620.0,both,-43909.0,43909.0
2015,offseason,Chiang Mai,"พิษณุโลก2,60-2",59277.0,2111.0,both,-57166.0,57166.0
2015,offseason,Chiang Mai,ราชการไม่ไวต่อช่วงแสง,2933609.0,104446.0,both,-2829163.0,2829163.0
2015,offseason,Chiang Mai,สุพรรณบุรี1,19740.0,703.0,both,-19037.0,19037.0
2015,offseason,Chiang Mai,"สุพรรณบุรี60,90",26447.0,941.0,both,-25506.0,25506.0
2015,offseason,Chiang Mai,หอมสุพรรณบุรี,0.0,0.0,both,0.0,0.0
2015,offseason,Chiang Rai,กข10,436970.0,14700.0,both,-422270.0,422270.0
2015,offseason,Chiang Rai,กขไม่ไวต่อช่วงแสง,1065568.0,35841.0,both,-1029727.0,1029727.0
2015,offseason,Chiang Rai,"ชัยนาท1,2",59872.0,2015.0,both,-57857.0,57857.0
2015,offseason,Chiang Rai,ปทุมธานี1,467339.0,15719.0,both,-451620.0,451620.0
2015,offseason,Chiang Rai,"พิษณุโลก2,60-2",4135988.0,139119.0,both,-3996869.0,3996869.0
2015,offseason,Chiang Rai,ราชการไม่ไวต่อช่วงแสง,3184959.0,107129.0,both,-3077830.0,3077830.0
2015,offseason,Chiang Rai,สุพรรณบุรี1,4028651.0,135508.0,both,-3893143.0,3893143.0
2015,offseason,Chiang Rai,"สุพรรณบุรี60,90",83395.0,2805.0,both,-80590.0,80590.0
2015,offseason,Chiang Rai,หอมสุพรรณบุรี,86922.0,2926.0,both,-83996.0,83996.0
2015,offseason,Chon Buri,กข10,0.0,0.0,both,0.0,0.0
2015,offseason,Chon Buri,กขไม่ไวต่อช่วงแสง,555171.0,21488.0,both,-533683.0,533683.0
2015,offseason,Chon Buri,"ชัยนาท1,2",156463.0,6057.0,both,-150406.0,150406.0
2015,offseason,Chon Buri,ปทุมธานี1,51155.0,1981.0,both,-49174.0,49174.0
2015,offseason,Chon Buri,"พิษณุโลก2,60-2",137907.0,5339.0,both,-132568.0,132568.0
2015,offseason,Chon Buri,ราชการไม่ไวต่อช่วงแสง,289981.0,11224.0,both,-278757.0,278757.0
2015,offseason,Chon Buri,สุพรรณบุรี1,0.0,0.0,both,0.0,0.0
2015,offseason,Chon Buri,"สุพรรณบุรี60,90",165512.0,6406.0,both,-159106.0,159106.0
2015,offseason,Chon Buri,หอมสุพรรณบุรี,0.0,0.0,both,0.0,0.0
2015,offseason,Chumphon,กข10,0.0,0.0,both,0.0,0.0
2015,offseason,Chumphon,กขไม่ไวต่อช่วงแสง,354.0,12.0,both,-342.0,342.0
2015,offseason,Chumphon,"ชัยนาท1,2",2708.0,88.0,both,-2620.0,2620.0
2015,offseason,Chumphon,ปทุมธานี1,12394.0,397.0,both,-11997.0,11997.0
2015,offseason,Chumphon,"พิษณุโลก2,60-2",0.0,0.0,both,0.0,0.0
2015,offseason,Chumphon,ราชการไม่ไวต่อช่วงแสง,12540.0,403.0,both,-12137.0,12137.0
2015,offseason,Chumphon,สุพรรณบุรี1,0.0,0.0,both,0.0,0.0
2015,offseason,Chumphon,"สุพรรณบุรี60,90",1090.0,35.0,both,-1055.0,1055.0
2015,offseason,Chumphon,หอมสุพรรณบุรี,0.0,0.0,both,0.0,0.0
2015,offseason,Kalasin,กข10,1721116.0,52763.0,both,-1668353.0,1668353.0
2015,offseason,Kalasin,กขไม่ไวต่อช่วงแสง,214954.0,6588.0,both,-208366.0,208366.0
2015,offseason,Kalasin,"ชัยนาท1,2",2926333.0,89712.0,both,-2836621.0,2836621.0
2015,offseason,Kalasin,ปทุมธานี1,24546.0,752.0,both,-23794.0,23794.0
2015,offseason,Kalasin,"พิษณุโลก2,60-2",1369513.0,41984.0,both,-1327529.0,1327529.0
2015,offseason,Kalasin,ราชการไม่ไวต่อช่วงแสง,998034.0,30597.0,both,-967437.0,967437.0
2015,offseason,Kalasin,สุพรรณบุรี1,11337.0,348.0,both,-10989.0,10989.0
2015,offseason,Kalasin,"สุพรรณบุรี60,90",0.0,0.0,both,0.0,0.0
2015,offseason,Kalasin,หอมสุพรรณบุรี,0.0,0.0,both,0.0,0.0
2015,offseason,Kamphaeng Phet,กข10,2380.0,66.0,both,-2314.0,2314.0
2015,offseason,Kamphaeng Phet,กขไม่ไวต่อช่วงแสง,9937152.0,278045.0,both,-9659107.0,9659107.0
2015,offseason,Kamphaeng Phet,"ชัยนาท1,2",773114.0,21630.0,both,-751484.0,751484.0
2015,offseason,Kamphaeng Phet,ปทุมธานี1,488025.0,13655.0,both,-474370.0,474370.0
2015,offseason,Kamphaeng Phet,"พิษณุโลก2,60-2",2920794.0,81724.0,both,-2839070.0,2839070.0
2015,offseason,Kamphaeng Phet,ราชการไม่ไวต่อช่วงแสง,1922780.0,53801.0,both,-1868979.0,1868979.0
2015,offseason,Kamphaeng Phet,สุพรรณบุรี1,1843887.0,51592.0,both,-1792295.0,1792295.0
2015,offseason,Kamphaeng Phet,"สุพรรณบุรี60,90",171542.0,4801.0,both,-166741.0,166741.0
2015,offseason,Kamphaeng Phet,หอมสุพรรณบุรี,20166.0,564.0,both,-19602.0,19602.0
2015,offseason,Kanchanaburi,กข10,0.0,0.0,both,0.0,0.0
2015,offseason,Kanchanaburi,กขไม่ไวต่อช่วงแสง,64551.0,2083.0,both,-62468.0,62468.0
2015,offseason,Kanchanaburi,"ชัยนาท1,2",30758.0,993.0,both,-29765.0,29765.0
2015,offseason,Kanchanaburi,ปทุมธานี1,58242.0,1882.0,both,-56360.0,56360.0
2015,offseason,Kanchanaburi,"พิษณุโลก2,60-2",2404.0,77.0,both,-2327.0,2327.0
2015,offseason,Kanchanaburi,ราชการไม่ไวต่อช่วงแสง,19854.0,642.0,both,-19212.0,19212.0
2015,offseason,Kanchanaburi,สุพรรณบุรี1,256610.0,8287.0,both,-248323.0,248323.0
2015,offseason,Kanchanaburi,"สุพรรณบุรี60,90",12375.0,401.0,both,-11974.0,11974.0
2015,offseason,Kanchanaburi,หอมสุพรรณบุรี,601.0,22.0,both,-579.0,579.0
2015,offseason,Khon Kaen,กข10,478735.0,18105.0,both,-460630.0,460630.0
2015,offseason,Khon Kaen,กขไม่ไวต่อช่วงแสง,35771.0,1352.0,both,-34419.0,34419.0
2015,offseason,Khon Kaen,"ชัยนาท1,2",428422.0,16202.0,both,-412220.0,412220.0
2015,offseason,Khon Kaen,ปทุมธานี1,55158.0,2087.0,both,-53071.0,53071.0
2015,offseason,Khon Kaen,"พิษณุโลก2,60-2",271167.0,10255.0,both,-260912.0,260912.0
2015,offseason,Khon Kaen,ราชการไม่ไวต่อช่วงแสง,96666.0,3657.0,both,-93009.0,93009.0
2015,offseason,Khon Kaen,สุพรรณบุรี1,22180.0,838.0,both,-21342.0,21342.0
2015,offseason,Khon Kaen,"สุพรรณบุรี60,90",7609.0,288.0,both,-7321.0,7321.0
2015,offseason,Khon Kaen,หอมสุพรรณบุรี,0.0,0.0,both,0.0,0.0
2015,offseason,Krabi,กข10,0.0,,left_only,0.0,0.0
2015,offseason,Krabi,กขไม่ไวต่อช่วงแสง,0.0,,left_only,0.0,0.0
2015,offseason,Krabi,"ชัยนาท1,2",0.0,,left_only,0.0,0.0
2015,offseason,Krabi,ปทุมธานี1,0.0,,left_only,0.0,0.0
2015,offseason,Krabi,"พิษณุโลก2,60-2",0.0,,left_only,0.0,0.0
2015,offseason,Krabi,ราชการไม่ไวต่อช่วงแสง,0.0,,left_only,0.0,0.0
2015,offseason,Krabi,สุพรรณบุรี1,0.0,,left_only,0.0,0.0
2015,offseason,Krabi,"สุพรรณบุรี60,90",0.0,,left_only,0.0,0.0
2015,offseason,Krabi,หอมสุพรรณบุรี,0.0,,left_only,0.0,0.0
2015,offseason,Lampang,กข10,88405.0,3234.0,both,-85171.0,85171.0
2015,offseason,Lampang,กขไม่ไวต่อช่วงแสง,109143.0,3993.0,both,-105150.0,105150.0
2015,offseason,Lampang,"ชัยนาท1,2",8650.0,318.0,both,-8332.0,8332.0
2015,offseason,Lampang,ปทุมธานี1,31618.0,1156.0,both,-30462.0,30462.0
2015,offseason,Lampang,"พิษณุโลก2,60-2",27157.0,995.0,both,-26162.0,26162.0
2015,offseason,Lampang,ราชการไม่ไวต่อช่วงแสง,180698.0,6610.0,both,-174088.0,174088.0
2015,offseason,Lampang,สุพรรณบุรี1,8228.0,301.0,both,-7927.0,7927.0
2015,offseason,Lampang,"สุพรรณบุรี60,90",2442.0,90.0,both,-2352.0,2352.0
2015,offseason,Lampang,หอมสุพรรณบุรี,0.0,0.0,both,0.0,0.0
2015,offseason,Lamphun,กข10,8668.0,322.0,both,-8346.0,8346.0
2015,offseason,Lamphun,กขไม่ไวต่อช่วงแสง,75914.0,2813.0,both,-73101.0,73101.0
2015,offseason,Lamphun,"ชัยนาท1,2",0.0,0.0,both,0.0,0.0
2015,offseason,Lamphun,ปทุมธานี1,59298.0,2198.0,both,-57100.0,57100.0
2015,offseason,Lamphun,"พิษณุโลก2,60-2",301.0,11.0,both,-290.0,290.0
2015,offseason,Lamphun,ราชการไม่ไวต่อช่วงแสง,281612.0,10438.0,both,-271174.0,271174.0
2015,offseason,Lamphun,สุพรรณบุรี1,1350.0,49.0,both,-1301.0,1301.0
2015,offseason,Lamphun,"สุพรรณบุรี60,90",0.0,0.0,both,0.0,0.0
2015,offseason,Lamphun,หอมสุพรรณบุรี,0.0,0.0,both,0.0,0.0
2015,offseason,Loei,กข10,3162.0,129.0,both,-3033.0,3033.0
2015,offseason,Loei,กขไม่ไวต่อช่วงแสง,2046.0,83.0,both,-1963.0,1963.0
2015,offseason,Loei,"ชัยนาท1,2",1302.0,53.0,both,-1249.0,1249.0
2015,offseason,Loei,ปทุมธานี1,992.0,41.0,both,-951.0,951.0
2015,offseason,Loei,"พิษณุโลก2,60-2",0.0,0.0,both,0.0,0.0
2015,offseason,Loei,ราชการไม่ไวต่อช่วงแสง,2139.0,87.0,both,-2052.0,2052.0
2015,offseason,Loei,สุพรรณบุรี1,0.0,0.0,both,0.0,0.0
2015,offseason,Loei,"สุพรรณบุรี60,90",0.0,0.0,both,0.0,0.0
2015,offseason,Loei,หอมสุพรรณบุรี,0.0,0.0,both,0.0,0.0
2015,offseason,Lop Buri,กข10,0.0,0.0,both,0.0,0.0
2015,offseason,Lop Buri,กขไม่ไวต่อช่วงแสง,952255.0,31570.0,both,-920685.0,920685.0
2015,offseason,Lop Buri,"ชัยนาท1,2",139341.0,4620.0,both,-134721.0,134721.0
2015,offseason,Lop Buri,ปทุมธานี1,304408.0,10095.0,both,-294313.0,294313.0
2015,offseason,Lop Buri,"พิษณุโลก2,60-2",0.0,0.0,both,0.0,0.0
2015,offseason,Lop Buri,ราชการไม่ไวต่อช่วงแสง,84520.0,2803.0,both,-81717.0,81717.0
2015,offseason,Lop Buri,สุพรรณบุรี1,201591.0,6684.0,both,-194907.0,194907.0
2015,offseason,Lop Buri,"สุพรรณบุรี60,90",9575.0,317.0,both,-9258.0,9258.0
2015,offseason,Lop Buri,หอมสุพรรณบุรี,0.0,0.0,both,0.0,0.0
2015,offseason,Mae Hong Son,กข10,0.0,0.0,both,0.0,0.0
2015,offseason,Mae Hong Son,กขไม่ไวต่อช่วงแสง,1818.0,62.0,both,-1756.0,1756.0
2015,offseason,Mae Hong Son,"ชัยนาท1,2",0.0,0.0,both,0.0,0.0
2015,offseason,Mae Hong Son,ปทุมธานี1,0.0,0.0,both,0.0,0.0
2015,offseason,Mae Hong Son,"พิษณุโลก2,60-2",0.0,0.0,both,0.0,0.0
2015,offseason,Mae Hong Son,ราชการไม่ไวต่อช่วงแสง,211.0,8.0,both,-203.0,203.0
2015,offseason,Mae Hong Son,สุพรรณบุรี1,0.0,0.0,both,0.0,0.0
2015,offseason,Mae Hong Son,"สุพรรณบุรี60,90",0.0,0.0,both,0.0,0.0
2015,offseason,Mae Hong Son,หอมสุพรรณบุรี,0.0,0.0,both,0.0,0.0
2015,offseason,Maha Sarakham,กข10,22465.0,683.0,both,-21782.0,21782.0
2015,offseason,Maha Sarakham,กขไม่ไวต่อช่วงแสง,33680.0,1023.0,both,-32657.0,32657.0
2015,offseason,Maha Sarakham,"ชัยนาท1,2",218425.0,6637.0,both,-211788.0,211788.0
2015,offseason,Maha Sarakham,ปทุมธานี1,3184.0,98.0,both,-3086.0,3086.0
2015,offseason,Maha Sarakham,"พิษณุโลก2,60-2",77463.0,2355.0,both,-75108.0,75108.0
2015,offseason,Maha Sarakham,ราชการไม่ไวต่อช่วงแสง,27130.0,825.0,both,-26305.0,26305.0
2015,offseason,Maha Sarakham,สุพรรณบุรี1,1206.0,36.0,both,-1170.0,1170.0
2015,offseason,Maha Sarakham,"สุพรรณบุรี60,90",2440.0,74.0,both,-2366.0,2366.0
2015,offseason,Maha Sarakham,หอมสุพรรณบุรี,0.0,0.0,both,0.0,0.0
2015,offseason,Mukdahan,กข10,4992.0,112.0,both,-4880.0,4880.0
2015,offseason,Mukdahan,กขไม่ไวต่อช่วงแสง,0.0,0.0,both,0.0,0.0
2015,offseason,Mukdahan,"ชัยนาท1,2",2217.0,50.0,both,-2167.0,2167.0
2015,offseason,Mukdahan,ปทุมธานี1,3606.0,82.0,both,-3524.0,3524.0
2015,offseason,Mukdahan,"พิษณุโลก2,60-2",0.0,0.0,both,0.0,0.0
2015,offseason,Mukdahan,ราชการไม่ไวต่อช่วงแสง,831.0,18.0,both,-813.0,813.0
2015,offseason,Mukdahan,สุพรรณบุรี1,0.0,0.0,both,0.0,0.0
2015,offseason,Mukdahan,"สุพรรณบุรี60,90",0.0,0.0,both,0.0,0.0
2015,offseason,Mukdahan,หอมสุพรรณบุรี,0.0,0.0,both,0.0,0.0
2015,offseason,Nakhon Nayok,กข10,0.0,0.0,both,0.0,0.0
2015,offseason,Nakhon Nayok,กขไม่ไวต่อช่วงแสง,3149760.0,110361.0,both,-3039399.0,3039399.0
2015,offseason,Nakhon Nayok,"ชัยนาท1,2",83431.0,2923.0,both,-80508.0,80508.0
2015,offseason,Nakhon Nayok,ปทุมธานี1,429025.0,15033.0,both,-413992.0,413992.0
2015,offseason,Nakhon Nayok,"พิษณุโลก2,60-2",209184.0,7330.0,both,-201854.0,201854.0
2015,offseason,Nakhon Nayok,ราชการไม่ไวต่อช่วงแสง,1287683.0,45117.0,both,-1242566.0,1242566.0
2015,offseason,Nakhon Nayok,สุพรรณบุรี1,91788.0,3215.0,both,-88573.0,88573.0
2015,offseason,Nakhon Nayok,"สุพรรณบุรี60,90",84733.0,2969.0,both,-81764.0,81764.0
2015,offseason,Nakhon Nayok,หอมสุพรรณบุรี,0.0,0.0,both,0.0,0.0
2015,offseason,Nakhon Pathom,กข10,0.0,0.0,both,0.0,0.0
2015,offseason,Nakhon Pathom,กขไม่ไวต่อช่วงแสง,5149418.0,177399.0,both,-4972019.0,4972019.0
2015,offseason,Nakhon Pathom,"ชัยนาท1,2",57072.0,1967.0,both,-55105.0,55105.0
2015,offseason,Nakhon Pathom,ปทุมธานี1,242205.0,8344.0,both,-233861.0,233861.0
2015,offseason,Nakhon Pathom,"พิษณุโลก2,60-2",416763.0,14358.0,both,-402405.0,402405.0
2015,offseason,Nakhon Pathom,ราชการไม่ไวต่อช่วงแสง,561527.0,19347.0,both,-542180.0,542180.0
2015,offseason,Nakhon Pathom,สุพรรณบุรี1,1104192.0,38040.0,both,-1066152.0,1066152.0
2015,offseason,Nakhon Pathom,"สุพรรณบุรี60,90",57710.0,1988.0,both,-55722.0,55722.0
2015,offseason,Nakhon Pathom,หอมสุพรรณบุรี,2400.0,81.0,both,-2319.0,2319.0
2015,offseason,Nakhon Phanom,กข10,497081.0,18386.0,both,-478695.0,478695.0
2015,offseason,Nakhon Phanom,กขไม่ไวต่อช่วงแสง,195156.0,7219.0,both,-187937.0,187937.0
2015,offseason,Nakhon Phanom,"ชัยนาท1,2",290510.0,10746.0,both,-279764.0,279764.0
2015,offseason,Nakhon Phanom,ปทุมธานี1,12395.0,459.0,both,-11936.0,11936.0
2015,offseason,Nakhon Phanom,"พิษณุโลก2,60-2",0.0,0.0,both,0.0,0.0
2015,offseason,Nakhon Phanom,ราชการไม่ไวต่อช่วงแสง,735742.0,27213.0,both,-708529.0,708529.0
2015,offseason,Nakhon Phanom,สุพรรณบุรี1,0.0,0.0,both,0.0,0.0
2015,offseason,Nakhon Phanom,"สุพรรณบุรี60,90",0.0,0.0,both,0.0,0.0
2015,offseason,Nakhon Phanom,หอมสุพรรณบุรี,0.0,0.0,both,0.0,0.0
2015,offseason,Nakhon Ratchasima,กข10,1253.0,41.0,both,-1212.0,1212.0
2015,offseason,Nakhon Ratchasima,กขไม่ไวต่อช่วงแสง,301820.0,10259.0,both,-291561.0,291561.0
2015,offseason,Nakhon Ratchasima,"ชัยนาท1,2",941738.0,32011.0,both,-909727.0,909727.0
2015,offseason,Nakhon Ratchasima,ปทุมธานี1,59602.0,2026.0,both,-57576.0,57576.0
2015,offseason,Nakhon Ratchasima,"พิษณุโลก2,60-2",53606.0,1822.0,both,-51784.0,51784.0
2015,offseason,Nakhon Ratchasima,ราชการไม่ไวต่อช่วงแสง,121111.0,4116.0,both,-116995.0,116995.0
2015,offseason,Nakhon Ratchasima,สุพรรณบุรี1,225486.0,7665.0,both,-217821.0,217821.0
2015,offseason,Nakhon Ratchasima,"สุพรรณบุรี60,90",220504.0,7495.0,both,-213009.0,213009.0
2015,offseason,Nakhon Ratchasima,หอมสุพรรณบุรี,15394.0,523.0,both,-14871.0,14871.0
2015,offseason,Nakhon Sawan,กข10,0.0,0.0,both,0.0,0.0
2015,offseason,Nakhon Sawan,กขไม่ไวต่อช่วงแสง,13342491.0,397224.0,both,-12945267.0,12945267.0
2015,offseason,Nakhon Sawan,"ชัยนาท1,2",1211578.0,36070.0,both,-1175508.0,1175508.0
2015,offseason,Nakhon Sawan,ปทุมธานี1,384163.0,11437.0,both,-372726.0,372726.0
2015,offseason,Nakhon Sawan,"พิษณุโลก2,60-2",747576.0,22256.0,both,-725320.0,725320.0
2015,offseason,Nakhon Sawan,ราชการไม่ไวต่อช่วงแสง,944639.0,28123.0,both,-916516.0,916516.0
2015,offseason,Nakhon Sawan,สุพรรณบุรี1,1006651.0,29969.0,both,-976682.0,976682.0
2015,offseason,Nakhon Sawan,"สุพรรณบุรี60,90",77917.0,2319.0,both,-75598.0,75598.0
2015,offseason,Nakhon Sawan,หอมสุพรรณบุรี,8562.0,254.0,both,-8308.0,8308.0
2015,offseason,Nakhon Si Thammarat,กข10,0.0,0.0,both,0.0,0.0
2015,offseason,Nakhon Si Thammarat,กขไม่ไวต่อช่วงแสง,1844451.0,60601.0,both,-1783850.0,1783850.0
2015,offseason,Nakhon Si Thammarat,"ชัยนาท1,2",394414.0,12959.0,both,-381455.0,381455.0
2015,offseason,Nakhon Si Thammarat,ปทุมธานี1,552769.0,18162.0,both,-534607.0,534607.0
2015,offseason,Nakhon Si Thammarat,"พิษณุโลก2,60-2",565522.0,18582.0,both,-546940.0,546940.0
2015,offseason,Nakhon Si Thammarat,ราชการไม่ไวต่อช่วงแสง,74232.0,2439.0,both,-71793.0,71793.0
2015,offseason,Nakhon Si Thammarat,สุพรรณบุรี1,74506.0,2448.0,both,-72058.0,72058.0
2015,offseason,Nakhon Si Thammarat,"สุพรรณบุรี60,90",57310.0,1883.0,both,-55427.0,55427.0
2015,offseason,Nakhon Si Thammarat,หอมสุพรรณบุรี,1400.0,46.0,both,-1354.0,1354.0
2015,offseason,Nan,กข10,38702.0,1139.0,both,-37563.0,37563.0
2015,offseason,Nan,กขไม่ไวต่อช่วงแสง,5140.0,151.0,both,-4989.0,4989.0
2015,offseason,Nan,"ชัยนาท1,2",0.0,0.0,both,0.0,0.0
2015,offseason,Nan,ปทุมธานี1,0.0,0.0,both,0.0,0.0
2015,offseason,Nan,"พิษณุโลก2,60-2",0.0,0.0,both,0.0,0.0
2015,offseason,Nan,ราชการไม่ไวต่อช่วงแสง,104775.0,3084.0,both,-101691.0,101691.0
2015,offseason,Nan,สุพรรณบุรี1,0.0,0.0,both,0.0,0.0
2015,offseason,Nan,"สุพรรณบุรี60,90",0.0,0.0,both,0.0,0.0
2015,offseason,Nan,หอมสุพรรณบุรี,0.0,0.0,both,0.0,0.0
2015,offseason,Narathiwat,กข10,0.0,0.0,both,0.0,0.0
2015,offseason,Narathiwat,กขไม่ไวต่อช่วงแสง,0.0,0.0,both,0.0,0.0
2015,offseason,Narathiwat,"ชัยนาท1,2",19566.0,641.0,both,-18925.0,18925.0
2015,offseason,Narathiwat,ปทุมธานี1,0.0,0.0,both,0.0,0.0
2015,offseason,Narathiwat,"พิษณุโลก2,60-2",3358.0,110.0,both,-3248.0,3248.0
2015,offseason,Narathiwat,ราชการไม่ไวต่อช่วงแสง,5555.0,182.0,both,-5373.0,5373.0
2015,offseason,Narathiwat,สุพรรณบุรี1,0.0,0.0,both,0.0,0.0
2015,offseason,Narathiwat,"สุพรรณบุรี60,90",0.0,0.0,both,0.0,0.0
2015,offseason,Narathiwat,หอมสุพรรณบุรี,0.0,0.0,both,0.0,0.0
2015,offseason,Nong Bua Lam Phu,กข10,97998.0,3481.0,both,-94517.0,94517.0
2015,offseason,Nong Bua Lam Phu,กขไม่ไวต่อช่วงแสง,123606.0,4390.0,both,-119216.0,119216.0
2015,offseason,Nong Bua Lam Phu,"ชัยนาท1,2",175033.0,6217.0,both,-168816.0,168816.0
2015,offseason,Nong Bua Lam Phu,ปทุมธานี1,21174.0,752.0,both,-20422.0,20422.0
2015,offseason,Nong Bua Lam Phu,"พิษณุโลก2,60-2",3106.0,110.0,both,-2996.0,2996.0
2015,offseason,Nong Bua Lam Phu,ราชการไม่ไวต่อช่วงแสง,54201.0,1925.0,both,-52276.0,52276.0
2015,offseason,Nong Bua Lam Phu,สุพรรณบุรี1,664.0,25.0,both,-639.0,639.0
2015,offseason,Nong Bua Lam Phu,"สุพรรณบุรี60,90",0.0,0.0,both,0.0,0.0
2015,offseason,Nong Bua Lam Phu,หอมสุพรรณบุรี,0.0,0.0,both,0.0,0.0
2015,offseason,Nong Khai,กข10,1410724.0,47645.0,both,-1363079.0,1363079.0
2015,offseason,Nong Khai,กขไม่ไวต่อช่วงแสง,204542.0,6908.0,both,-197634.0,197634.0
2015,offseason,Nong Khai,"ชัยนาท1,2",85906.0,2902.0,both,-83004.0,83004.0
2015,offseason,Nong Khai,ปทุมธานี1,58267.0,1967.0,both,-56300.0,56300.0
2015,offseason,Nong Khai,"พิษณุโลก2,60-2",0.0,0.0,both,0.0,0.0
2015,offseason,Nong Khai,ราชการไม่ไวต่อช่วงแสง,432960.0,14624.0,both,-418336.0,418336.0
2015,offseason,Nong Khai,สุพรรณบุรี1,0.0,0.0,both,0.0,0.0
2015,offseason,Nong Khai,"สุพรรณบุรี60,90",12925.0,437.0,both,-12488.0,12488.0
2015,offseason,Nong Khai,หอมสุพรรณบุรี,2374.0,80.0,both,-2294.0,2294.0
2015,offseason,Nonthaburi,กข10,0.0,0.0,both,0.0,0.0
2015,offseason,Nonthaburi,กขไม่ไวต่อช่วงแสง,2736195.0,106049.0,both,-2630146.0,2630146.0
2015,offseason,Nonthaburi,"ชัยนาท1,2",0.0,0.0,both,0.0,0.0
2015,offseason,Nonthaburi,ปทุมธานี1,35734.0,1385.0,both,-34349.0,34349.0
2015,offseason,Nonthaburi,"พิษณุโลก2,60-2",25528.0,989.0,both,-24539.0,24539.0
2015,offseason,Nonthaburi,ราชการไม่ไวต่อช่วงแสง,125915.0,4878.0,both,-121037.0,121037.0
2015,offseason,Nonthaburi,สุพรรณบุรี1,34431.0,1334.0,both,-33097.0,33097.0
2015,offseason,Nonthaburi,"สุพรรณบุรี60,90",8904.0,346.0,both,-8558.0,8558.0
2015,offseason,Nonthaburi,หอมสุพรรณบุรี,0.0,0.0,both,0.0,0.0
2015,offseason,Pathum Thani,กข10,0.0,0.0,both,0.0,0.0
2015,offseason,Pathum Thani,กขไม่ไวต่อช่วงแสง,6040509.0,209025.0,both,-5831484.0,5831484.0
2015,offseason,Pathum Thani,"ชัยนาท1,2",6680.0,231.0,both,-6449.0,6449.0
2015,offseason,Pathum Thani,ปทุมธานี1,221129.0,7651.0,both,-213478.0,213478.0
2015,offseason,Pathum Thani,"พิษณุโลก2,60-2",308359.0,10670.0,both,-297689.0,297689.0
2015,offseason,Pathum Thani,ราชการไม่ไวต่อช่วงแสง,1381964.0,47821.0,both,-1334143.0,1334143.0
2015,offseason,Pathum Thani,สุพรรณบุรี1,149344.0,5168.0,both,-144176.0,144176.0
2015,offseason,Pathum Thani,"สุพรรณบุรี60,90",6499.0,224.0,both,-6275.0,6275.0
2015,offseason,Pathum Thani,หอมสุพรรณบุรี,0.0,0.0,both,0.0,0.0
2015,offseason,Pattani,กข10,0.0,0.0,both,0.0,0.0
2015,offseason,Pattani,กขไม่ไวต่อช่วงแสง,333718.0,10951.0,both,-322767.0,322767.0
2015,offseason,Pattani,"ชัยนาท1,2",338929.0,11121.0,both,-327808.0,327808.0
2015,offseason,Pattani,ปทุมธานี1,0.0,0.0,both,0.0,0.0
2015,offseason,Pattani,"พิษณุโลก2,60-2",0.0,0.0,both,0.0,0.0
2015,offseason,Pattani,ราชการไม่ไวต่อช่วงแสง,0.0,0.0,both,0.0,0.0
2015,offseason,Pattani,สุพรรณบุรี1,0.0,0.0,both,0.0,0.0
2015,offseason,Pattani,"สุพรรณบุรี60,90",0.0,0.0,both,0.0,0.0
2015,offseason,Pattani,หอมสุพรรณบุรี,17919.0,588.0,both,-17331.0,17331.0
2015,offseason,Phang-nga,กข10,0.0,,left_only,0.0,0.0
2015,offseason,Phang-nga,กขไม่ไวต่อช่วงแสง,0.0,,left_only,0.0,0.0
2015,offseason,Phang-nga,"ชัยนาท1,2",0.0,,left_only,0.0,0.0
2015,offseason,Phang-nga,ปทุมธานี1,0.0,,left_only,0.0,0.0
2015,offseason,Phang-nga,"พิษณุโลก2,60-2",0.0,,left_only,0.0,0.0
2015,offseason,Phang-nga,ราชการไม่ไวต่อช่วงแสง,0.0,,left_only,0.0,0.0
2015,offseason,Phang-nga,สุพรรณบุรี1,0.0,,left_only,0.0,0.0
2015,offseason,Phang-nga,"สุพรรณบุรี60,90",0.0,,left_only,0.0,0.0
2015,offseason,Phang-nga,หอมสุพรรณบุรี,0.0,,left_only,0.0,0.0
2015,offseason,Phatthalung,กข10,0.0,0.0,both,0.0,0.0
2015,offseason,Phatthalung,กขไม่ไวต่อช่วงแสง,819153.0,26809.0,both,-792344.0,792344.0
2015,offseason,Phatthalung,"ชัยนาท1,2",252284.0,8256.0,both,-244028.0,244028.0
2015,offseason,Phatthalung,ปทุมธานี1,95695.0,3132.0,both,-92563.0,92563.0
2015,offseason,Phatthalung,"พิษณุโลก2,60-2",117725.0,3852.0,both,-113873.0,113873.0
2015,offseason,Phatthalung,ราชการไม่ไวต่อช่วงแสง,347338.0,11370.0,both,-335968.0,335968.0
2015,offseason,Phatthalung,สุพรรณบุรี1,7333.0,240.0,both,-7093.0,7093.0
2015,offseason,Phatthalung,"สุพรรณบุรี60,90",25818.0,846.0,both,-24972.0,24972.0
2015,offseason,Phatthalung,หอมสุพรรณบุรี,0.0,0.0,both,0.0,0.0
2015,offseason,Phayao,กข10,81215.0,3097.0,both,-78118.0,78118.0
2015,offseason,Phayao,กขไม่ไวต่อช่วงแสง,32899.0,1253.0,both,-31646.0,31646.0
2015,offseason,Phayao,"ชัยนาท1,2",0.0,0.0,both,0.0,0.0
2015,offseason,Phayao,ปทุมธานี1,0.0,0.0,both,0.0,0.0
2015,offseason,Phayao,"พิษณุโลก2,60-2",981295.0,37419.0,both,-943876.0,943876.0
2015,offseason,Phayao,ราชการไม่ไวต่อช่วงแสง,427131.0,16287.0,both,-410844.0,410844.0
2015,offseason,Phayao,สุพรรณบุรี1,12336.0,469.0,both,-11867.0,11867.0
2015,offseason,Phayao,"สุพรรณบุรี60,90",49846.0,1898.0,both,-47948.0,47948.0
2015,offseason,Phayao,หอมสุพรรณบุรี,7020.0,266.0,both,-6754.0,6754.0
2015,offseason,Phetchabun,กข10,31942.0,1229.0,both,-30713.0,30713.0
2015,offseason,Phetchabun,กขไม่ไวต่อช่วงแสง,347068.0,13364.0,both,-333704.0,333704.0
2015,offseason,Phetchabun,"ชัยนาท1,2",120479.0,4639.0,both,-115840.0,115840.0
2015,offseason,Phetchabun,ปทุมธานี1,12935.0,498.0,both,-12437.0,12437.0
2015,offseason,Phetchabun,"พิษณุโลก2,60-2",96683.0,3723.0,both,-92960.0,92960.0
2015,offseason,Phetchabun,ราชการไม่ไวต่อช่วงแสง,205690.0,7919.0,both,-197771.0,197771.0
2015,offseason,Phetchabun,สุพรรณบุรี1,407050.0,15673.0,both,-391377.0,391377.0
2015,offseason,Phetchabun,"สุพรรณบุรี60,90",18185.0,700.0,both,-17485.0,17485.0
2015,offseason,Phetchabun,หอมสุพรรณบุรี,5553.0,213.0,both,-5340.0,5340.0
2015,offseason,Phetchaburi,กข10,0.0,0.0,both,0.0,0.0
2015,offseason,Phetchaburi,กขไม่ไวต่อช่วงแสง,40798.0,1314.0,both,-39484.0,39484.0
2015,offseason,Phetchaburi,"ชัยนาท1,2",52627.0,1696.0,both,-50931.0,50931.0
2015,offseason,Phetchaburi,ปทุมธานี1,5224.0,169.0,both,-5055.0,5055.0
2015,offseason,Phetchaburi,"พิษณุโลก2,60-2",23177.0,748.0,both,-22429.0,22429.0
2015,offseason,Phetchaburi,ราชการไม่ไวต่อช่วงแสง,15611.0,503.0,both,-15108.0,15108.0
2015,offseason,Phetchaburi,สุพรรณบุรี1,59652.0,1923.0,both,-57729.0,57729.0
2015,offseason,Phetchaburi,"สุพรรณบุรี60,90",7384.0,238.0,both,-7146.0,7146.0
2015,offseason,Phetchaburi,หอมสุพรรณบุรี,0.0,0.0,both,0.0,0.0
2015,offseason,Phichit,กข10,0.0,0.0,both,0.0,0.0
2015,offseason,Phichit,กขไม่ไวต่อช่วงแสง,11281118.0,379460.0,both,-10901658.0,10901658.0
2015,offseason,Phichit,"ชัยนาท1,2",680786.0,22900.0,both,-657886.0,657886.0
2015,offseason,Phichit,ปทุมธานี1,87401.0,2940.0,both,-84461.0,84461.0
2015,offseason,Phichit,"พิษณุโลก2,60-2",1569538.0,52794.0,both,-1516744.0,1516744.0
2015,offseason,Phichit,ราชการไม่ไวต่อช่วงแสง,2633973.0,88597.0,both,-2545376.0,2545376.0
2015,offseason,Phichit,สุพรรณบุรี1,1464852.0,49272.0,both,-1415580.0,1415580.0
2015,offseason,Phichit,"สุพรรณบุรี60,90",232700.0,7826.0,both,-224874.0,224874.0
2015,offseason,Phichit,หอมสุพรรณบุรี,14413.0,485.0,both,-13928.0,13928.0
2015,offseason,Phitsanulok,กข10,17332.0,630.0,both,-16702.0,16702.0
2015,offseason,Phitsanulok,กขไม่ไวต่อช่วงแสง,5343895.0,194016.0,both,-5149879.0,5149879.0
2015,offseason,Phitsanulok,"ชัยนาท1,2",280820.0,10195.0,both,-270625.0,270625.0
2015,offseason,Phitsanulok,ปทุมธานี1,85474.0,3101.0,both,-82373.0,82373.0
2015,offseason,Phitsanulok,"พิษณุโลก2,60-2",2067081.0,75048.0,both,-1992033.0,1992033.0
2015,offseason,Phitsanulok,ราชการไม่ไวต่อช่วงแสง,4588010.0,166574.0,both,-4421436.0,4421436.0
2015,offseason,Phitsanulok,สุพรรณบุรี1,1232600.0,44752.0,both,-1187848.0,1187848.0
2015,offseason,Phitsanulok,"สุพรรณบุรี60,90",134602.0,4887.0,both,-129715.0,129715.0
2015,offseason,Phitsanulok,หอมสุพรรณบุรี,12869.0,467.0,both,-12402.0,12402.0
2015,offseason,Phra Nakhon Si Ayutthaya,กข10,0.0,0.0,both,0.0,0.0
2015,offseason,Phra Nakhon Si Ayutthaya,กขไม่ไวต่อช่วงแสง,10335131.0,367212.0,both,-9967919.0,9967919.0
2015,offseason,Phra Nakhon Si Ayutthaya,"ชัยนาท1,2",70070.0,2491.0,both,-67579.0,67579.0
2015,offseason,Phra Nakhon Si Ayutthaya,ปทุมธานี1,442649.0,15728.0,both,-426921.0,426921.0
2015,offseason,Phra Nakhon Si Ayutthaya,"พิษณุโลก2,60-2",2655106.0,94337.0,both,-2560769.0,2560769.0
2015,offseason,Phra Nakhon Si Ayutthaya,ราชการไม่ไวต่อช่วงแสง,1957580.0,69553.0,both,-1888027.0,1888027.0
2015,offseason,Phra Nakhon Si Ayutthaya,สุพรรณบุรี1,1114914.0,39614.0,both,-1075300.0,1075300.0
2015,offseason,Phra Nakhon Si Ayutthaya,"สุพรรณบุรี60,90",90265.0,3207.0,both,-87058.0,87058.0
2015,offseason,Phra Nakhon Si Ayutthaya,หอมสุพรรณบุรี,10339.0,368.0,both,-9971.0,9971.0
2015,offseason,Phrae,กข10,129364.0,4332.0,both,-125032.0,125032.0
2015,offseason,Phrae,กขไม่ไวต่อช่วงแสง,281100.0,9414.0,both,-271686.0,271686.0
2015,offseason,Phrae,"ชัยนาท1,2",0.0,0.0,both,0.0,0.0
2015,offseason,Phrae,ปทุมธานี1,0.0,0.0,both,0.0,0.0
2015,offseason,Phrae,"พิษณุโลก2,60-2",1353.0,44.0,both,-1309.0,1309.0
2015,offseason,Phrae,ราชการไม่ไวต่อช่วงแสง,431820.0,14459.0,both,-417361.0,417361.0
2015,offseason,Phrae,สุพรรณบุรี1,0.0,0.0,both,0.0,0.0
2015,offseason,Phrae,"สุพรรณบุรี60,90",0.0,0.0,both,0.0,0.0
2015,offseason,Phrae,หอมสุพรรณบุรี,0.0,0.0,both,0.0,0.0
2015,offseason,Phuket,กข10,0.0,,left_only,0.0,0.0
2015,offseason,Phuket,กขไม่ไวต่อช่วงแสง,0.0,,left_only,0.0,0.0
2015,offseason,Phuket,"ชัยนาท1,2",0.0,,left_only,0.0,0.0
2015,offseason,Phuket,ปทุมธานี1,0.0,,left_only,0.0,0.0
2015,offseason,Phuket,"พิษณุโลก2,60-2",0.0,,left_only,0.0,0.0
2015,offseason,Phuket,ราชการไม่ไวต่อช่วงแสง,0.0,,left_only,0.0,0.0
2015,offseason,Phuket,สุพรรณบุรี1,0.0,,left_only,0.0,0.0
2015,offseason,Phuket,"สุพรรณบุรี60,90",0.0,,left_only,0.0,0.0
2015,offseason,Phuket,หอมสุพรรณบุรี,0.0,,left_only,0.0,0.0
2015,offseason,Prachin Buri,กข10,0.0,0.0,both,0.0,0.0
2015,offseason,Prachin Buri,กขไม่ไวต่อช่วงแสง,1825453.0,65734.0,both,-1759719.0,1759719.0
2015,offseason,Prachin Buri,"ชัยนาท1,2",108431.0,3905.0,both,-104526.0,104526.0
2015,offseason,Prachin Buri,ปทุมธานี1,71965.0,2591.0,both,-69374.0,69374.0
2015,offseason,Prachin Buri,"พิษณุโลก2,60-2",55242.0,1988.0,both,-53254.0,53254.0
2015,offseason,Prachin Buri,ราชการไม่ไวต่อช่วงแสง,811149.0,29210.0,both,-781939.0,781939.0
2015,offseason,Prachin Buri,สุพรรณบุรี1,1338029.0,48181.0,both,-1289848.0,1289848.0
2015,offseason,Prachin Buri,"สุพรรณบุรี60,90",129713.0,4670.0,both,-125043.0,125043.0
2015,offseason,Prachin Buri,หอมสุพรรณบุรี,0.0,0.0,both,0.0,0.0
2015,offseason,Prachuap Khiri Khan,กข10,0.0,0.0,both,0.0,0.0
2015,offseason,Prachuap Khiri Khan,กขไม่ไวต่อช่วงแสง,19082.0,782.0,both,-18300.0,18300.0
2015,offseason,Prachuap Khiri Khan,"ชัยนาท1,2",674642.0,27673.0,both,-646969.0,646969.0
2015,offseason,Prachuap Khiri Khan,ปทุมธานี1,86226.0,3536.0,both,-82690.0,82690.0
2015,offseason,Prachuap Khiri Khan,"พิษณุโลก2,60-2",3990.0,165.0,both,-3825.0,3825.0
2015,offseason,Prachuap Khiri Khan,ราชการไม่ไวต่อช่วงแสง,10383.0,426.0,both,-9957.0,9957.0
2015,offseason,Prachuap Khiri Khan,สุพรรณบุรี1,32402.0,1330.0,both,-31072.0,31072.0
2015,offseason,Prachuap Khiri Khan,"สุพรรณบุรี60,90",57962.0,2376.0,both,-55586.0,55586.0
2015,offseason,Prachuap Khiri Khan,หอมสุพรรณบุรี,0.0,0.0,both,0.0,0.0
2015,offseason,Ranong,กข10,0.0,,left_only,0.0,0.0
2015,offseason,Ranong,กขไม่ไวต่อช่วงแสง,0.0,,left_only,0.0,0.0
2015,offseason,Ranong,"ชัยนาท1,2",0.0,,left_only,0.0,0.0
2015,offseason,Ranong,ปทุมธานี1,0.0,,left_only,0.0,0.0
2015,offseason,Ranong,"พิษณุโลก2,60-2",0.0,,left_only,0.0,0.0
2015,offseason,Ranong,ราชการไม่ไวต่อช่วงแสง,0.0,,left_only,0.0,0.0
2015,offseason,Ranong,สุพรรณบุรี1,0.0,,left_only,0.0,0.0
2015,offseason,Ranong,"สุพรรณบุรี60,90",0.0,,left_only,0.0,0.0
2015,offseason,Ranong,หอมสุพรรณบุรี,0.0,,left_only,0.0,0.0
2015,offseason,Ratchaburi,กข10,0.0,0.0,both,0.0,0.0
2015,offseason,Ratchaburi,กขไม่ไวต่อช่วงแสง,95661.0,4141.0,both,-91520.0,91520.0
2015,offseason,Ratchaburi,"ชัยนาท1,2",63512.0,2747.0,both,-60765.0,60765.0
2015,offseason,Ratchaburi,ปทุมธานี1,39222.0,1697.0,both,-37525.0,37525.0
2015,offseason,Ratchaburi,"พิษณุโลก2,60-2",13786.0,596.0,both,-13190.0,13190.0
2015,offseason,Ratchaburi,ราชการไม่ไวต่อช่วงแสง,33862.0,1465.0,both,-32397.0,32397.0
2015,offseason,Ratchaburi,สุพรรณบุรี1,185512.0,8025.0,both,-177487.0,177487.0
2015,offseason,Ratchaburi,"สุพรรณบุรี60,90",5779.0,252.0,both,-5527.0,5527.0
2015,offseason,Ratchaburi,หอมสุพรรณบุรี,9270.0,402.0,both,-8868.0,8868.0
2015,offseason,Rayong,กข10,0.0,0.0,both,0.0,0.0
2015,offseason,Rayong,กขไม่ไวต่อช่วงแสง,30441.0,1162.0,both,-29279.0,29279.0
2015,offseason,Rayong,"ชัยนาท1,2",25382.0,970.0,both,-24412.0,24412.0
2015,offseason,Rayong,ปทุมธานี1,266.0,9.0,both,-257.0,257.0
2015,offseason,Rayong,"พิษณุโลก2,60-2",3699.0,141.0,both,-3558.0,3558.0
2015,offseason,Rayong,ราชการไม่ไวต่อช่วงแสง,14289.0,547.0,both,-13742.0,13742.0
2015,offseason,Rayong,สุพรรณบุรี1,7336.0,282.0,both,-7054.0,7054.0
2015,offseason,Rayong,"สุพรรณบุรี60,90",18371.0,704.0,both,-17667.0,17667.0
2015,offseason,Rayong,หอมสุพรรณบุรี,0.0,0.0,both,0.0,0.0
2015,offseason,Roi Et,กข10,91879.0,3271.0,both,-88608.0,88608.0
2015,offseason,Roi Et,กขไม่ไวต่อช่วงแสง,556079.0,19789.0,both,-536290.0,536290.0
2015,offseason,Roi Et,"ชัยนาท1,2",2532635.0,90129.0,both,-2442506.0,2442506.0
2015,offseason,Roi Et,ปทุมธานี1,57577.0,2049.0,both,-55528.0,55528.0
2015,offseason,Roi Et,"พิษณุโลก2,60-2",377260.0,13426.0,both,-363834.0,363834.0
2015,offseason,Roi Et,ราชการไม่ไวต่อช่วงแสง,102905.0,3661.0,both,-99244.0,99244.0
2015,offseason,Roi Et,สุพรรณบุรี1,146437.0,5209.0,both,-141228.0,141228.0
2015,offseason,Roi Et,"สุพรรณบุรี60,90",11517.0,410.0,both,-11107.0,11107.0
2015,offseason,Roi Et,หอมสุพรรณบุรี,23762.0,847.0,both,-22915.0,22915.0
2015,offseason,Sa kaeo,กข10,2869.0,95.0,both,-2774.0,2774.0
2015,offseason,Sa kaeo,กขไม่ไวต่อช่วงแสง,28940.0,957.0,both,-27983.0,27983.0
2015,offseason,Sa kaeo,"ชัยนาท1,2",63683.0,2105.0,both,-61578.0,61578.0
2015,offseason,Sa kaeo,ปทุมธานี1,268593.0,8880.0,both,-259713.0,259713.0
2015,offseason,Sa kaeo,"พิษณุโลก2,60-2",7602.0,252.0,both,-7350.0,7350.0
2015,offseason,Sa kaeo,ราชการไม่ไวต่อช่วงแสง,32696.0,1081.0,both,-31615.0,31615.0
2015,offseason,Sa kaeo,สุพรรณบุรี1,3052.0,101.0,both,-2951.0,2951.0
2015,offseason,Sa kaeo,"สุพรรณบุรี60,90",24790.0,819.0,both,-23971.0,23971.0
2015,offseason,Sa kaeo,หอมสุพรรณบุรี,0.0,0.0,both,0.0,0.0
2015,offseason,Sakon Nakhon,กข10,553550.0,21217.0,both,-532333.0,532333.0
2015,offseason,Sakon Nakhon,กขไม่ไวต่อช่วงแสง,137569.0,5273.0,both,-132296.0,132296.0
2015,offseason,Sakon Nakhon,"ชัยนาท1,2",112915.0,4328.0,both,-108587.0,108587.0
2015,offseason,Sakon Nakhon,ปทุมธานี1,42385.0,1625.0,both,-40760.0,40760.0
2015,offseason,Sakon Nakhon,"พิษณุโลก2,60-2",0.0,0.0,both,0.0,0.0
2015,offseason,Sakon Nakhon,ราชการไม่ไวต่อช่วงแสง,945952.0,36259.0,both,-909693.0,909693.0
2015,offseason,Sakon Nakhon,สุพรรณบุรี1,4166.0,161.0,both,-4005.0,4005.0
2015,offseason,Sakon Nakhon,"สุพรรณบุรี60,90",0.0,0.0,both,0.0,0.0
2015,offseason,Sakon Nakhon,หอมสุพรรณบุรี,0.0,0.0,both,0.0,0.0
2015,offseason,Samut Prakarn,กข10,0.0,0.0,both,0.0,0.0
2015,offseason,Samut Prakarn,กขไม่ไวต่อช่วงแสง,145351.0,4898.0,both,-140453.0,140453.0
2015,offseason,Samut Prakarn,"ชัยนาท1,2",13658.0,461.0,both,-13197.0,13197.0
2015,offseason,Samut Prakarn,ปทุมธานี1,75553.0,2546.0,both,-73007.0,73007.0
2015,offseason,Samut Prakarn,"พิษณุโลก2,60-2",221114.0,7450.0,both,-213664.0,213664.0
2015,offseason,Samut Prakarn,ราชการไม่ไวต่อช่วงแสง,7479.0,252.0,both,-7227.0,7227.0
2015,offseason,Samut Prakarn,สุพรรณบุรี1,12445.0,420.0,both,-12025.0,12025.0
2015,offseason,Samut Prakarn,"สุพรรณบุรี60,90",136176.0,4588.0,both,-131588.0,131588.0
2015,offseason,Samut Prakarn,หอมสุพรรณบุรี,0.0,0.0,both,0.0,0.0
2015,offseason,Samut Sakhon,กข10,0.0,0.0,both,0.0,0.0
2015,offseason,Samut Sakhon,กขไม่ไวต่อช่วงแสง,55529.0,1787.0,both,-53742.0,53742.0
2015,offseason,Samut Sakhon,"ชัยนาท1,2",5356.0,172.0,both,-5184.0,5184.0
2015,offseason,Samut Sakhon,ปทุมธานี1,7716.0,248.0,both,-7468.0,7468.0
2015,offseason,Samut Sakhon,"พิษณุโลก2,60-2",42214.0,1359.0,both,-40855.0,40855.0
2015,offseason,Samut Sakhon,ราชการไม่ไวต่อช่วงแสง,5204.0,169.0,both,-5035.0,5035.0
2015,offseason,Samut Sakhon,สุพรรณบุรี1,19217.0,618.0,both,-18599.0,18599.0
2015,offseason,Samut Sakhon,"สุพรรณบุรี60,90",1968.0,64.0,both,-1904.0,1904.0
2015,offseason,Samut Sakhon,หอมสุพรรณบุรี,0.0,0.0,both,0.0,0.0
2015,offseason,Samut Songkhram,กข10,0.0,0.0,both,0.0,0.0
2015,offseason,Samut Songkhram,กขไม่ไวต่อช่วงแสง,4784.0,163.0,both,-4621.0,4621.0
2015,offseason,Samut Songkhram,"ชัยนาท1,2",4930.0,168.0,both,-4762.0,4762.0
2015,offseason,Samut Songkhram,ปทุมธานี1,0.0,0.0,both,0.0,0.0
2015,offseason,Samut Songkhram,"พิษณุโลก2,60-2",3550.0,121.0,both,-3429.0,3429.0
2015,offseason,Samut Songkhram,ราชการไม่ไวต่อช่วงแสง,0.0,0.0,both,0.0,0.0
2015,offseason,Samut Songkhram,สุพรรณบุรี1,0.0,0.0,both,0.0,0.0
2015,offseason,Samut Songkhram,"สุพรรณบุรี60,90",0.0,0.0,both,0.0,0.0
2015,offseason,Samut Songkhram,หอมสุพรรณบุรี,0.0,0.0,both,0.0,0.0
2015,offseason,Saraburi,กข10,0.0,0.0,both,0.0,0.0
2015,offseason,Saraburi,กขไม่ไวต่อช่วงแสง,748498.0,21887.0,both,-726611.0,726611.0
2015,offseason,Saraburi,"ชัยนาท1,2",74289.0,2172.0,both,-72117.0,72117.0
2015,offseason,Saraburi,ปทุมธานี1,157030.0,4592.0,both,-152438.0,152438.0
2015,offseason,Saraburi,"พิษณุโลก2,60-2",71228.0,2083.0,both,-69145.0,69145.0
2015,offseason,Saraburi,ราชการไม่ไวต่อช่วงแสง,19934.0,583.0,both,-19351.0,19351.0
2015,offseason,Saraburi,สุพรรณบุรี1,923502.0,27004.0,both,-896498.0,896498.0
2015,offseason,Saraburi,"สุพรรณบุรี60,90",0.0,0.0,both,0.0,0.0
2015,offseason,Saraburi,หอมสุพรรณบุรี,0.0,0.0,both,0.0,0.0
2015,offseason,Satun,กข10,0.0,0.0,both,0.0,0.0
2015,offseason,Satun,กขไม่ไวต่อช่วงแสง,5447.0,185.0,both,-5262.0,5262.0
2015,offseason,Satun,"ชัยนาท1,2",0.0,0.0,both,0.0,0.0
2015,offseason,Satun,ปทุมธานี1,6536.0,222.0,both,-6314.0,6314.0
2015,offseason,Satun,"พิษณุโลก2,60-2",0.0,0.0,both,0.0,0.0
2015,offseason,Satun,ราชการไม่ไวต่อช่วงแสง,6007.0,204.0,both,-5803.0,5803.0
2015,offseason,Satun,สุพรรณบุรี1,0.0,0.0,both,0.0,0.0
2015,offseason,Satun,"สุพรรณบุรี60,90",0.0,0.0,both,0.0,0.0
2015,offseason,Satun,หอมสุพรรณบุรี,0.0,0.0,both,0.0,0.0
2015,offseason,Si Sa Ket,กข10,46312.0,1564.0,both,-44748.0,44748.0
2015,offseason,Si Sa Ket,กขไม่ไวต่อช่วงแสง,371613.0,12549.0,both,-359064.0,359064.0
2015,offseason,Si Sa Ket,"ชัยนาท1,2",1399488.0,47258.0,both,-1352230.0,1352230.0
2015,offseason,Si Sa Ket,ปทุมธานี1,132258.0,4467.0,both,-127791.0,127791.0
2015,offseason,Si Sa Ket,"พิษณุโลก2,60-2",8898.0,300.0,both,-8598.0,8598.0
2015,offseason,Si Sa Ket,ราชการไม่ไวต่อช่วงแสง,416385.0,14060.0,both,-402325.0,402325.0
2015,offseason,Si Sa Ket,สุพรรณบุรี1,3573.0,121.0,both,-3452.0,3452.0
2015,offseason,Si Sa Ket,"สุพรรณบุรี60,90",1261.0,43.0,both,-1218.0,1218.0
2015,offseason,Si Sa Ket,หอมสุพรรณบุรี,0.0,0.0,both,0.0,0.0
2015,offseason,Sing Buri,กข10,0.0,0.0,both,0.0,0.0
2015,offseason,Sing Buri,กขไม่ไวต่อช่วงแสง,939933.0,30424.0,both,-909509.0,909509.0
2015,offseason,Sing Buri,"ชัยนาท1,2",3394.0,108.0,both,-3286.0,3286.0
2015,offseason,Sing Buri,ปทุมธานี1,493684.0,15980.0,both,-477704.0,477704.0
2015,offseason,Sing Buri,"พิษณุโลก2,60-2",47102.0,1524.0,both,-45578.0,45578.0
2015,offseason,Sing Buri,ราชการไม่ไวต่อช่วงแสง,54737.0,1772.0,both,-52965.0,52965.0
2015,offseason,Sing Buri,สุพรรณบุรี1,128585.0,4160.0,both,-124425.0,124425.0
2015,offseason,Sing Buri,"สุพรรณบุรี60,90",2211.0,71.0,both,-2140.0,2140.0
2015,offseason,Sing Buri,หอมสุพรรณบุรี,0.0,0.0,both,0.0,0.0
2015,offseason,Songkhla,กข10,0.0,0.0,both,0.0,0.0
2015,offseason,Songkhla,กขไม่ไวต่อช่วงแสง,1935406.0,63680.0,both,-1871726.0,1871726.0
2015,offseason,Songkhla,"ชัยนาท1,2",410027.0,13491.0,both,-396536.0,396536.0
2015,offseason,Songkhla,ปทุมธานี1,143757.0,4730.0,both,-139027.0,139027.0
2015,offseason,Songkhla,"พิษณุโลก2,60-2",150930.0,4965.0,both,-145965.0,145965.0
2015,offseason,Songkhla,ราชการไม่ไวต่อช่วงแสง,43431.0,1429.0,both,-42002.0,42002.0
2015,offseason,Songkhla,สุพรรณบุรี1,81543.0,2683.0,both,-78860.0,78860.0
2015,offseason,Songkhla,"สุพรรณบุรี60,90",52853.0,1740.0,both,-51113.0,51113.0
2015,offseason,Songkhla,หอมสุพรรณบุรี,5561.0,183.0,both,-5378.0,5378.0
2015,offseason,Sukhothai,กข10,0.0,0.0,both,0.0,0.0
2015,offseason,Sukhothai,กขไม่ไวต่อช่วงแสง,3258650.0,106797.0,both,-3151853.0,3151853.0
2015,offseason,Sukhothai,"ชัยนาท1,2",604199.0,19801.0,both,-584398.0,584398.0
2015,offseason,Sukhothai,ปทุมธานี1,124624.0,4085.0,both,-120539.0,120539.0
2015,offseason,Sukhothai,"พิษณุโลก2,60-2",4762102.0,156074.0,both,-4606028.0,4606028.0
2015,offseason,Sukhothai,ราชการไม่ไวต่อช่วงแสง,3032197.0,99375.0,both,-2932822.0,2932822.0
2015,offseason,Sukhothai,สุพรรณบุรี1,1768656.0,57965.0,both,-1710691.0,1710691.0
2015,offseason,Sukhothai,"สุพรรณบุรี60,90",928880.0,30442.0,both,-898438.0,898438.0
2015,offseason,Sukhothai,หอมสุพรรณบุรี,6897.0,225.0,both,-6672.0,6672.0
2015,offseason,Suphan Buri,กข10,0.0,0.0,both,0.0,0.0
2015,offseason,Suphan Buri,กขไม่ไวต่อช่วงแสง,14132792.0,482983.0,both,-13649809.0,13649809.0
2015,offseason,Suphan Buri,"ชัยนาท1,2",83072.0,2839.0,both,-80233.0,80233.0
2015,offseason,Suphan Buri,ปทุมธานี1,827370.0,28274.0,both,-799096.0,799096.0
2015,offseason,Suphan Buri,"พิษณุโลก2,60-2",1308302.0,44710.0,both,-1263592.0,1263592.0
2015,offseason,Suphan Buri,ราชการไม่ไวต่อช่วงแสง,407611.0,13930.0,both,-393681.0,393681.0
2015,offseason,Suphan Buri,สุพรรณบุรี1,1199656.0,40998.0,both,-1158658.0,1158658.0
2015,offseason,Suphan Buri,"สุพรรณบุรี60,90",233146.0,7968.0,both,-225178.0,225178.0
2015,offseason,Suphan Buri,หอมสุพรรณบุรี,7443.0,255.0,both,-7188.0,7188.0
2015,offseason,Surat Thani,กข10,0.0,0.0,both,0.0,0.0
2015,offseason,Surat Thani,กขไม่ไวต่อช่วงแสง,6117.0,207.0,both,-5910.0,5910.0
2015,offseason,Surat Thani,"ชัยนาท1,2",6333.0,217.0,both,-6116.0,6116.0
2015,offseason,Surat Thani,ปทุมธานี1,82074.0,2798.0,both,-79276.0,79276.0
2015,offseason,Surat Thani,"พิษณุโลก2,60-2",5262.0,177.0,both,-5085.0,5085.0
2015,offseason,Surat Thani,ราชการไม่ไวต่อช่วงแสง,4528.0,155.0,both,-4373.0,4373.0
2015,offseason,Surat Thani,สุพรรณบุรี1,2417.0,82.0,both,-2335.0,2335.0
2015,offseason,Surat Thani,"สุพรรณบุรี60,90",12849.0,439.0,both,-12410.0,12410.0
2015,offseason,Surat Thani,หอมสุพรรณบุรี,0.0,0.0,both,0.0,0.0
2015,offseason,Surin,กข10,54147.0,1823.0,both,-52324.0,52324.0
2015,offseason,Surin,กขไม่ไวต่อช่วงแสง,401724.0,13519.0,both,-388205.0,388205.0
2015,offseason,Surin,"ชัยนาท1,2",175291.0,5900.0,both,-169391.0,169391.0
2015,offseason,Surin,ปทุมธานี1,343252.0,11552.0,both,-331700.0,331700.0
2015,offseason,Surin,"พิษณุโลก2,60-2",2577.0,86.0,both,-2491.0,2491.0
2015,offseason,Surin,ราชการไม่ไวต่อช่วงแสง,448322.0,15088.0,both,-433234.0,433234.0
2015,offseason,Surin,สุพรรณบุรี1,16873.0,569.0,both,-16304.0,16304.0
2015,offseason,Surin,"สุพรรณบุรี60,90",0.0,0.0,both,0.0,0.0
2015,offseason,Surin,หอมสุพรรณบุรี,0.0,0.0,both,0.0,0.0
2015,offseason,Tak,กข10,0.0,0.0,both,0.0,0.0
2015,offseason,Tak,กขไม่ไวต่อช่วงแสง,48692.0,1447.0,both,-47245.0,47245.0
2015,offseason,Tak,"ชัยนาท1,2",55313.0,1644.0,both,-53669.0,53669.0
2015,offseason,Tak,ปทุมธานี1,1701.0,51.0,both,-1650.0,1650.0
2015,offseason,Tak,"พิษณุโลก2,60-2",43192.0,1283.0,both,-41909.0,41909.0
2015,offseason,Tak,ราชการไม่ไวต่อช่วงแสง,76332.0,2272.0,both,-74060.0,74060.0
2015,offseason,Tak,สุพรรณบุรี1,38970.0,1160.0,both,-37810.0,37810.0
2015,offseason,Tak,"สุพรรณบุรี60,90",18134.0,541.0,both,-17593.0,17593.0
2015,offseason,Tak,หอมสุพรรณบุรี,0.0,0.0,both,0.0,0.0
2015,offseason,Trang,กข10,0.0,0.0,both,0.0,0.0
2015,offseason,Trang,กขไม่ไวต่อช่วงแสง,6155.0,209.0,both,-5946.0,5946.0
2015,offseason,Trang,"ชัยนาท1,2",0.0,0.0,both,0.0,0.0
2015,offseason,Trang,ปทุมธานี1,0.0,0.0,both,0.0,0.0
2015,offseason,Trang,"พิษณุโลก2,60-2",0.0,0.0,both,0.0,0.0
2015,offseason,Trang,ราชการไม่ไวต่อช่วงแสง,2534.0,86.0,both,-2448.0,2448.0
2015,offseason,Trang,สุพรรณบุรี1,0.0,0.0,both,0.0,0.0
2015,offseason,Trang,"สุพรรณบุรี60,90",0.0,0.0,both,0.0,0.0
2015,offseason,Trang,หอมสุพรรณบุรี,0.0,0.0,both,0.0,0.0
2015,offseason,Trat,กข10,0.0,0.0,both,0.0,0.0
2015,offseason,Trat,กขไม่ไวต่อช่วงแสง,12776.0,362.0,both,-12414.0,12414.0
2015,offseason,Trat,"ชัยนาท1,2",8755.0,248.0,both,-8507.0,8507.0
2015,offseason,Trat,ปทุมธานี1,10426.0,296.0,both,-10130.0,10130.0
2015,offseason,Trat,"พิษณุโลก2,60-2",0.0,0.0,both,0.0,0.0
2015,offseason,Trat,ราชการไม่ไวต่อช่วงแสง,23884.0,677.0,both,-23207.0,23207.0
2015,offseason,Trat,สุพรรณบุรี1,0.0,0.0,both,0.0,0.0
2015,offseason,Trat,"สุพรรณบุรี60,90",1578.0,44.0,both,-1534.0,1534.0
2015,offseason,Trat,หอมสุพรรณบุรี,0.0,0.0,both,0.0,0.0
2015,offseason,Ubon Ratchathani,กข10,686292.0,25865.0,both,-660427.0,660427.0
2015,offseason,Ubon Ratchathani,กขไม่ไวต่อช่วงแสง,2216584.0,83540.0,both,-2133044.0,2133044.0
2015,offseason,Ubon Ratchathani,"ชัยนาท1,2",604315.0,22776.0,both,-581539.0,581539.0
2015,offseason,Ubon Ratchathani,ปทุมธานี1,40070.0,1509.0,both,-38561.0,38561.0
2015,offseason,Ubon Ratchathani,"พิษณุโลก2,60-2",2748.0,103.0,both,-2645.0,2645.0
2015,offseason,Ubon Ratchathani,ราชการไม่ไวต่อช่วงแสง,611530.0,23047.0,both,-588483.0,588483.0
2015,offseason,Ubon Ratchathani,สุพรรณบุรี1,22858.0,863.0,both,-21995.0,21995.0
2015,offseason,Ubon Ratchathani,"สุพรรณบุรี60,90",4830.0,182.0,both,-4648.0,4648.0
2015,offseason,Ubon Ratchathani,หอมสุพรรณบุรี,10357.0,390.0,both,-9967.0,9967.0
2015,offseason,Udon Thani,กข10,698773.0,25603.0,both,-673170.0,673170.0
2015,offseason,Udon Thani,กขไม่ไวต่อช่วงแสง,399633.0,14642.0,both,-384991.0,384991.0
2015,offseason,Udon Thani,"ชัยนาท1,2",127004.0,4653.0,both,-122351.0,122351.0
2015,offseason,Udon Thani,ปทุมธานี1,44916.0,1645.0,both,-43271.0,43271.0
2015,offseason,Udon Thani,"พิษณุโลก2,60-2",27865.0,1020.0,both,-26845.0,26845.0
2015,offseason,Udon Thani,ราชการไม่ไวต่อช่วงแสง,214624.0,7864.0,both,-206760.0,206760.0
2015,offseason,Udon Thani,สุพรรณบุรี1,891.0,33.0,both,-858.0,858.0
2015,offseason,Udon Thani,"สุพรรณบุรี60,90",0.0,0.0,both,0.0,0.0
2015,offseason,Udon Thani,หอมสุพรรณบุรี,0.0,0.0,both,0.0,0.0
2015,offseason,Uthai Thani,กข10,0.0,0.0,both,0.0,0.0
2015,offseason,Uthai Thani,กขไม่ไวต่อช่วงแสง,2131500.0,75741.0,both,-2055759.0,2055759.0
2015,offseason,Uthai Thani,"ชัยนาท1,2",225319.0,8007.0,both,-217312.0,217312.0
2015,offseason,Uthai Thani,ปทุมธานี1,262786.0,9337.0,both,-253449.0,253449.0
2015,offseason,Uthai Thani,"พิษณุโลก2,60-2",137380.0,4881.0,both,-132499.0,132499.0
2015,offseason,Uthai Thani,ราชการไม่ไวต่อช่วงแสง,194418.0,6908.0,both,-187510.0,187510.0
2015,offseason,Uthai Thani,สุพรรณบุรี1,95264.0,3385.0,both,-91879.0,91879.0
2015,offseason,Uthai Thani,"สุพรรณบุรี60,90",30965.0,1100.0,both,-29865.0,29865.0
2015,offseason,Uthai Thani,หอมสุพรรณบุรี,0.0,0.0,both,0.0,0.0
2015,offseason,Uttaradit,กข10,1928.0,65.0,both,-1863.0,1863.0
2015,offseason,Uttaradit,กขไม่ไวต่อช่วงแสง,1181998.0,40764.0,both,-1141234.0,1141234.0
2015,offseason,Uttaradit,"ชัยนาท1,2",42700.0,1473.0,both,-41227.0,41227.0
2015,offseason,Uttaradit,ปทุมธานี1,322121.0,11109.0,both,-311012.0,311012.0
2015,offseason,Uttaradit,"พิษณุโลก2,60-2",2566411.0,88511.0,both,-2477900.0,2477900.0
2015,offseason,Uttaradit,ราชการไม่ไวต่อช่วงแสง,915187.0,31561.0,both,-883626.0,883626.0
2015,offseason,Uttaradit,สุพรรณบุรี1,613176.0,21146.0,both,-592030.0,592030.0
2015,offseason,Uttaradit,"สุพรรณบุรี60,90",250988.0,8655.0,both,-242333.0,242333.0
2015,offseason,Uttaradit,หอมสุพรรณบุรี,32200.0,1112.0,both,-31088.0,31088.0
2015,offseason,Yala,กข10,0.0,0.0,both,0.0,0.0
2015,offseason,Yala,กขไม่ไวต่อช่วงแสง,3212.0,105.0,both,-3107.0,3107.0
2015,offseason,Yala,"ชัยนาท1,2",2600.0,85.0,both,-2515.0,2515.0
2015,offseason,Yala,ปทุมธานี1,0.0,0.0,both,0.0,0.0
2015,offseason,Yala,"พิษณุโลก2,60-2",0.0,0.0,both,0.0,0.0
2015,offseason,Yala,ราชการไม่ไวต่อช่วงแสง,0.0,0.0,both,0.0,0.0
2015,offseason,Yala,สุพรรณบุรี1,0.0,0.0,both,0.0,0.0
2015,offseason,Yala,"สุพรรณบุรี60,90",0.0,0.0,both,0.0,0.0
2015,offseason,Yala,หอมสุพรรณบุรี,0.0,0.0,both,0.0,0.0
2015,offseason,Yasothon,กข10,144666.0,4236.0,both,-140430.0,140430.0
2015,offseason,Yasothon,กขไม่ไวต่อช่วงแสง,122198.0,3579.0,both,-118619.0,118619.0
2015,offseason,Yasothon,"ชัยนาท1,2",977376.0,28614.0,both,-948762.0,948762.0
2015,offseason,Yasothon,ปทุมธานี1,87526.0,2563.0,both,-84963.0,84963.0
2015,offseason,Yasothon,"พิษณุโลก2,60-2",0.0,0.0,both,0.0,0.0
2015,offseason,Yasothon,ราชการไม่ไวต่อช่วงแสง,42469.0,1243.0,both,-41226.0,41226.0
2015,offseason,Yasothon,สุพรรณบุรี1,23515.0,688.0,both,-22827.0,22827.0
2015,offseason,Yasothon,"สุพรรณบุรี60,90",28322.0,828.0,both,-27494.0,27494.0
2015,offseason,Yasothon,หอมสุพรรณบุรี,3576.0,105.0,both,-3471.0,3471.0
2016,inseason,Amnat Charoen,กข15,588930.0,19207.0,both,-569723.0,569723.0
2016,inseason,Amnat Charoen,กข6,9691590.0,316092.0,both,-9375498.0,9375498.0
2016,inseason,Amnat Charoen,ขาวดอกมะลิ105,17837024.0,581756.0,both,-17255268.0,17255268.0
2016,inseason,Amnat Charoen,คลองหลวง1,0.0,0.0,both,0.0,0.0
2016,inseason,Amnat Charoen,ชัยนาท1,0.0,0.0,both,0.0,0.0
2016,inseason,Amnat Charoen,ปทุมธานี1,0.0,0.0,both,0.0,0.0
2016,inseason,Amnat Charoen,พันธุ์พื้นเมือง,571331.0,18634.0,both,-552697.0,552697.0
2016,inseason,Amnat Charoen,ราชการไม่ไวต่อช่วงแสง,97716.0,3187.0,both,-94529.0,94529.0
2016,inseason,Amnat Charoen,ราชการไวต่อช่วงแสง,0.0,0.0,both,0.0,0.0
2016,inseason,Amnat Charoen,สุพรรณบุรี1,0.0,0.0,both,0.0,0.0
2016,inseason,Amnat Charoen,"สุพรรณบุรี60,90",0.0,0.0,both,0.0,0.0
2016,inseason,Amnat Charoen,หอมสุพรรณบุรี,0.0,0.0,both,0.0,0.0
2016,inseason,Ang Thong,กข15,0.0,0.0,both,0.0,0.0
2016,inseason,Ang Thong,กข6,0.0,0.0,both,0.0,0.0
2016,inseason,Ang Thong,ขาวดอกมะลิ105,222264.0,7236.0,both,-215028.0,215028.0
2016,inseason,Ang Thong,คลองหลวง1,0.0,0.0,both,0.0,0.0
2016,inseason,Ang Thong,ชัยนาท1,0.0,0.0,both,0.0,0.0
2016,inseason,Ang Thong,ปทุมธานี1,3951565.0,128648.0,both,-3822917.0,3822917.0
2016,inseason,Ang Thong,พันธุ์พื้นเมือง,286246.0,9319.0,both,-276927.0,276927.0
2016,inseason,Ang Thong,ราชการไม่ไวต่อช่วงแสง,5091387.0,165758.0,both,-4925629.0,4925629.0
2016,inseason,Ang Thong,ราชการไวต่อช่วงแสง,72583.0,2364.0,both,-70219.0,70219.0
2016,inseason,Ang Thong,สุพรรณบุรี1,94852.0,3089.0,both,-91763.0,91763.0
2016,inseason,Ang Thong,"สุพรรณบุรี60,90",0.0,0.0,both,0.0,0.0
2016,inseason,Ang Thong,หอมสุพรรณบุรี,0.0,0.0,both,0.0,0.0
2016,inseason,Bangkok,กข15,0.0,0.0,both,0.0,0.0
2016,inseason,Bangkok,กข6,0.0,0.0,both,0.0,0.0
2016,inseason,Bangkok,ขาวดอกมะลิ105,0.0,0.0,both,0.0,0.0
2016,inseason,Bangkok,คลองหลวง1,0.0,0.0,both,0.0,0.0
2016,inseason,Bangkok,ชัยนาท1,0.0,0.0,both,0.0,0.0
2016,inseason,Bangkok,ปทุมธานี1,558706.0,18263.0,both,-540443.0,540443.0
2016,inseason,Bangkok,พันธุ์พื้นเมือง,0.0,0.0,both,0.0,0.0
2016,inseason,Bangkok,ราชการไม่ไวต่อช่วงแสง,1976277.0,64597.0,both,-1911680.0,1911680.0
2016,inseason,Bangkok,ราชการไวต่อช่วงแสง,0.0,0.0,both,0.0,0.0
2016,inseason,Bangkok,สุพรรณบุรี1,184390.0,6025.0,both,-178365.0,178365.0
2016,inseason,Bangkok,"สุพรรณบุรี60,90",0.0,0.0,both,0.0,0.0
2016,inseason,Bangkok,หอมสุพรรณบุรี,0.0,0.0,both,0.0,0.0
2016,inseason,Bueng Kan,กข15,0.0,0.0,both,0.0,0.0
2016,inseason,Bueng Kan,กข6,11513553.0,377660.0,both,-11135893.0,11135893.0
2016,inseason,Bueng Kan,ขาวดอกมะลิ105,2754834.0,90363.0,both,-2664471.0,2664471.0
2016,inseason,Bueng Kan,คลองหลวง1,0.0,0.0,both,0.0,0.0
2016,inseason,Bueng Kan,ชัยนาท1,0.0,0.0,both,0.0,0.0
2016,inseason,Bueng Kan,ปทุมธานี1,0.0,0.0,both,0.0,0.0
2016,inseason,Bueng Kan,พันธุ์พื้นเมือง,112282.0,3683.0,both,-108599.0,108599.0
2016,inseason,Bueng Kan,ราชการไม่ไวต่อช่วงแสง,199169.0,6533.0,both,-192636.0,192636.0
2016,inseason,Bueng Kan,ราชการไวต่อช่วงแสง,331878.0,10886.0,both,-320992.0,320992.0
2016,inseason,Bueng Kan,สุพรรณบุรี1,0.0,0.0,both,0.0,0.0
2016,inseason,Bueng Kan,"สุพรรณบุรี60,90",0.0,0.0,both,0.0,0.0
2016,inseason,Bueng Kan,หอมสุพรรณบุรี,0.0,0.0,both,0.0,0.0
2016,inseason,Buri Ram,กข15,2293925.0,75043.0,both,-2218882.0,2218882.0
2016,inseason,Buri Ram,กข6,4279414.0,139994.0,both,-4139420.0,4139420.0
2016,inseason,Buri Ram,ขาวดอกมะลิ105,73448920.0,2402760.0,both,-71046160.0,71046160.0
2016,inseason,Buri Ram,คลองหลวง1,0.0,0.0,both,0.0,0.0
2016,inseason,Buri Ram,ชัยนาท1,0.0,0.0,both,0.0,0.0
2016,inseason,Buri Ram,ปทุมธานี1,0.0,0.0,both,0.0,0.0
2016,inseason,Buri Ram,พันธุ์พื้นเมือง,3029068.0,99091.0,both,-2929977.0,2929977.0
2016,inseason,Buri Ram,ราชการไม่ไวต่อช่วงแสง,121418.0,3972.0,both,-117446.0,117446.0
2016,inseason,Buri Ram,ราชการไวต่อช่วงแสง,372845.0,12197.0,both,-360648.0,360648.0
2016,inseason,Buri Ram,สุพรรณบุรี1,0.0,0.0,both,0.0,0.0
2016,inseason,Buri Ram,"สุพรรณบุรี60,90",0.0,0.0,both,0.0,0.0
2016,inseason,Buri Ram,หอมสุพรรณบุรี,0.0,0.0,both,0.0,0.0
2016,inseason,Chachoengsao,กข15,0.0,0.0,both,0.0,0.0
2016,inseason,Chachoengsao,กข6,92163.0,3011.0,both,-89152.0,89152.0
2016,inseason,Chachoengsao,ขาวดอกมะลิ105,2530120.0,82633.0,both,-2447487.0,2447487.0
2016,inseason,Chachoengsao,คลองหลวง1,0.0,0.0,both,0.0,0.0
2016,inseason,Chachoengsao,ชัยนาท1,0.0,0.0,both,0.0,0.0
2016,inseason,Chachoengsao,ปทุมธานี1,876952.0,28641.0,both,-848311.0,848311.0
2016,inseason,Chachoengsao,พันธุ์พื้นเมือง,53981.0,1763.0,both,-52218.0,52218.0
2016,inseason,Chachoengsao,ราชการไม่ไวต่อช่วงแสง,7883781.0,257483.0,both,-7626298.0,7626298.0
2016,inseason,Chachoengsao,ราชการไวต่อช่วงแสง,5010945.0,163655.0,both,-4847290.0,4847290.0
2016,inseason,Chachoengsao,สุพรรณบุรี1,1631215.0,53274.0,both,-1577941.0,1577941.0
2016,inseason,Chachoengsao,"สุพรรณบุรี60,90",872482.0,28494.0,both,-843988.0,843988.0
2016,inseason,Chachoengsao,หอมสุพรรณบุรี,0.0,0.0,both,0.0,0.0
2016,inseason,Chai Nat,กข15,0.0,0.0,both,0.0,0.0
2016,inseason,Chai Nat,กข6,0.0,0.0,both,0.0,0.0
2016,inseason,Chai Nat,ขาวดอกมะลิ105,535985.0,17426.0,both,-518559.0,518559.0
2016,inseason,Chai Nat,คลองหลวง1,0.0,0.0,both,0.0,0.0
2016,inseason,Chai Nat,ชัยนาท1,426481.0,13865.0,both,-412616.0,412616.0
2016,inseason,Chai Nat,ปทุมธานี1,6448277.0,209634.0,both,-6238643.0,6238643.0
2016,inseason,Chai Nat,พันธุ์พื้นเมือง,92986.0,3023.0,both,-89963.0,89963.0
2016,inseason,Chai Nat,ราชการไม่ไวต่อช่วงแสง,13901437.0,451939.0,both,-13449498.0,13449498.0
2016,inseason,Chai Nat,ราชการไวต่อช่วงแสง,0.0,0.0,both,0.0,0.0
2016,inseason,Chai Nat,สุพรรณบุรี1,1612138.0,52412.0,both,-1559726.0,1559726.0
2016,inseason,Chai Nat,"สุพรรณบุรี60,90",0.0,0.0,both,0.0,0.0
2016,inseason,Chai Nat,หอมสุพรรณบุรี,0.0,0.0,both,0.0,0.0
2016,inseason,Chaiyaphum,กข15,1037252.0,33967.0,both,-1003285.0,1003285.0
2016,inseason,Chaiyaphum,กข6,18107804.0,592943.0,both,-17514861.0,17514861.0
2016,inseason,Chaiyaphum,ขาวดอกมะลิ105,22634335.0,741165.0,both,-21893170.0,21893170.0
2016,inseason,Chaiyaphum,คลองหลวง1,0.0,0.0,both,0.0,0.0
2016,inseason,Chaiyaphum,ชัยนาท1,0.0,0.0,both,0.0,0.0
2016,inseason,Chaiyaphum,ปทุมธานี1,0.0,0.0,both,0.0,0.0
2016,inseason,Chaiyaphum,พันธุ์พื้นเมือง,2773967.0,90834.0,both,-2683133.0,2683133.0
2016,inseason,Chaiyaphum,ราชการไม่ไวต่อช่วงแสง,1789180.0,58587.0,both,-1730593.0,1730593.0
2016,inseason,Chaiyaphum,ราชการไวต่อช่วงแสง,1232090.0,40343.0,both,-1191747.0,1191747.0
2016,inseason,Chaiyaphum,สุพรรณบุรี1,0.0,0.0,both,0.0,0.0
2016,inseason,Chaiyaphum,"สุพรรณบุรี60,90",0.0,0.0,both,0.0,0.0
2016,inseason,Chaiyaphum,หอมสุพรรณบุรี,0.0,0.0,both,0.0,0.0
2016,inseason,Chanthaburi,กข15,0.0,0.0,both,0.0,0.0
2016,inseason,Chanthaburi,กข6,0.0,0.0,both,0.0,0.0
2016,inseason,Chanthaburi,ขาวดอกมะลิ105,339129.0,11041.0,both,-328088.0,328088.0
2016,inseason,Chanthaburi,คลองหลวง1,0.0,0.0,both,0.0,0.0
2016,inseason,Chanthaburi,ชัยนาท1,8416.0,274.0,both,-8142.0,8142.0
2016,inseason,Chanthaburi,ปทุมธานี1,22975.0,748.0,both,-22227.0,22227.0
2016,inseason,Chanthaburi,พันธุ์พื้นเมือง,107442.0,3499.0,both,-103943.0,103943.0
2016,inseason,Chanthaburi,ราชการไม่ไวต่อช่วงแสง,22637.0,737.0,both,-21900.0,21900.0
2016,inseason,Chanthaburi,ราชการไวต่อช่วงแสง,16740.0,545.0,both,-16195.0,16195.0
2016,inseason,Chanthaburi,สุพรรณบุรี1,0.0,0.0,both,0.0,0.0
2016,inseason,Chanthaburi,"สุพรรณบุรี60,90",0.0,0.0,both,0.0,0.0
2016,inseason,Chanthaburi,หอมสุพรรณบุรี,0.0,0.0,both,0.0,0.0
2016,inseason,Chiang Mai,กข15,31635.0,1026.0,both,-30609.0,30609.0
2016,inseason,Chiang Mai,กข6,5026653.0,163028.0,both,-4863625.0,4863625.0
2016,inseason,Chiang Mai,ขาวดอกมะลิ105,1093101.0,35452.0,both,-1057649.0,1057649.0
2016,inseason,Chiang Mai,คลองหลวง1,0.0,0.0,both,0.0,0.0
2016,inseason,Chiang Mai,ชัยนาท1,0.0,0.0,both,0.0,0.0
2016,inseason,Chiang Mai,ปทุมธานี1,95675.0,3103.0,both,-92572.0,92572.0
2016,inseason,Chiang Mai,พันธุ์พื้นเมือง,2639635.0,85611.0,both,-2554024.0,2554024.0
2016,inseason,Chiang Mai,ราชการไม่ไวต่อช่วงแสง,4444459.0,144145.0,both,-4300314.0,4300314.0
2016,inseason,Chiang Mai,ราชการไวต่อช่วงแสง,235689.0,7644.0,both,-228045.0,228045.0
2016,inseason,Chiang Mai,สุพรรณบุรี1,0.0,0.0,both,0.0,0.0
2016,inseason,Chiang Mai,"สุพรรณบุรี60,90",0.0,0.0,both,0.0,0.0
2016,inseason,Chiang Mai,หอมสุพรรณบุรี,0.0,0.0,both,0.0,0.0
2016,inseason,Chiang Rai,กข15,4000776.0,129913.0,both,-3870863.0,3870863.0
2016,inseason,Chiang Rai,กข6,23036798.0,748044.0,both,-22288754.0,22288754.0
2016,inseason,Chiang Rai,ขาวดอกมะลิ105,3648069.0,118460.0,both,-3529609.0,3529609.0
2016,inseason,Chiang Rai,คลองหลวง1,0.0,0.0,both,0.0,0.0
2016,inseason,Chiang Rai,ชัยนาท1,77391.0,2513.0,both,-74878.0,74878.0
2016,inseason,Chiang Rai,ปทุมธานี1,192691.0,6257.0,both,-186434.0,186434.0
2016,inseason,Chiang Rai,พันธุ์พื้นเมือง,903772.0,29347.0,both,-874425.0,874425.0
2016,inseason,Chiang Rai,ราชการไม่ไวต่อช่วงแสง,4165165.0,135250.0,both,-4029915.0,4029915.0
2016,inseason,Chiang Rai,ราชการไวต่อช่วงแสง,435302.0,14136.0,both,-421166.0,421166.0
2016,inseason,Chiang Rai,สุพรรณบุรี1,88231.0,2865.0,both,-85366.0,85366.0
2016,inseason,Chiang Rai,"สุพรรณบุรี60,90",433516.0,14076.0,both,-419440.0,419440.0
2016,inseason,Chiang Rai,หอมสุพรรณบุรี,20757.0,674.0,both,-20083.0,20083.0
2016,inseason,Chon Buri,กข15,0.0,0.0,both,0.0,0.0
2016,inseason,Chon Buri,กข6,0.0,0.0,both,0.0,0.0
2016,inseason,Chon Buri,ขาวดอกมะลิ105,634721.0,20550.0,both,-614171.0,614171.0
2016,inseason,Chon Buri,คลองหลวง1,20571.0,666.0,both,-19905.0,19905.0
2016,inseason,Chon Buri,ชัยนาท1,17111.0,554.0,both,-16557.0,16557.0
2016,inseason,Chon Buri,ปทุมธานี1,292620.0,9472.0,both,-283148.0,283148.0
2016,inseason,Chon Buri,พันธุ์พื้นเมือง,31350.0,1015.0,both,-30335.0,30335.0
2016,inseason,Chon Buri,ราชการไม่ไวต่อช่วงแสง,1039059.0,33642.0,both,-1005417.0,1005417.0
2016,inseason,Chon Buri,ราชการไวต่อช่วงแสง,108320.0,3507.0,both,-104813.0,104813.0
2016,inseason,Chon Buri,สุพรรณบุรี1,11397.0,369.0,both,-11028.0,11028.0
2016,inseason,Chon Buri,"สุพรรณบุรี60,90",61496.0,1992.0,both,-59504.0,59504.0
2016,inseason,Chon Buri,หอมสุพรรณบุรี,0.0,0.0,both,0.0,0.0
2016,inseason,Chumphon,กข15,0.0,0.0,both,0.0,0.0
2016,inseason,Chumphon,กข6,0.0,0.0,both,0.0,0.0
2016,inseason,Chumphon,ขาวดอกมะลิ105,4530.0,148.0,both,-4382.0,4382.0
2016,inseason,Chumphon,คลองหลวง1,0.0,0.0,both,0.0,0.0
2016,inseason,Chumphon,ชัยนาท1,0.0,0.0,both,0.0,0.0
2016,inseason,Chumphon,ปทุมธานี1,67581.0,2208.0,both,-65373.0,65373.0
2016,inseason,Chumphon,พันธุ์พื้นเมือง,25863.0,845.0,both,-25018.0,25018.0
2016,inseason,Chumphon,ราชการไม่ไวต่อช่วงแสง,0.0,0.0,both,0.0,0.0
2016,inseason,Chumphon,ราชการไวต่อช่วงแสง,23323.0,762.0,both,-22561.0,22561.0
2016,inseason,Chumphon,สุพรรณบุรี1,0.0,0.0,both,0.0,0.0
2016,inseason,Chumphon,"สุพรรณบุรี60,90",0.0,0.0,both,0.0,0.0
2016,inseason,Chumphon,หอมสุพรรณบุรี,0.0,0.0,both,0.0,0.0
2016,inseason,Kalasin,กข15,72278.0,2367.0,both,-69911.0,69911.0
2016,inseason,Kalasin,กข6,31874666.0,1044296.0,both,-30830370.0,30830370.0
2016,inseason,Kalasin,ขาวดอกมะลิ105,11200931.0,366972.0,both,-10833959.0,10833959.0
2016,inseason,Kalasin,คลองหลวง1,0.0,0.0,both,0.0,0.0
2016,inseason,Kalasin,ชัยนาท1,0.0,0.0,both,0.0,0.0
2016,inseason,Kalasin,ปทุมธานี1,0.0,0.0,both,0.0,0.0
2016,inseason,Kalasin,พันธุ์พื้นเมือง,617930.0,20244.0,both,-597686.0,597686.0
2016,inseason,Kalasin,ราชการไม่ไวต่อช่วงแสง,38886.0,1274.0,both,-37612.0,37612.0
2016,inseason,Kalasin,ราชการไวต่อช่วงแสง,271010.0,8879.0,both,-262131.0,262131.0
2016,inseason,Kalasin,สุพรรณบุรี1,0.0,0.0,both,0.0,0.0
2016,inseason,Kalasin,"สุพรรณบุรี60,90",0.0,0.0,both,0.0,0.0
2016,inseason,Kalasin,หอมสุพรรณบุรี,0.0,0.0,both,0.0,0.0
2016,inseason,Kamphaeng Phet,กข15,0.0,0.0,both,0.0,0.0
2016,inseason,Kamphaeng Phet,กข6,335133.0,10928.0,both,-324205.0,324205.0
2016,inseason,Kamphaeng Phet,ขาวดอกมะลิ105,2771141.0,90354.0,both,-2680787.0,2680787.0
2016,inseason,Kamphaeng Phet,คลองหลวง1,0.0,0.0,both,0.0,0.0
2016,inseason,Kamphaeng Phet,ชัยนาท1,316731.0,10326.0,both,-306405.0,306405.0
2016,inseason,Kamphaeng Phet,ปทุมธานี1,1287932.0,41992.0,both,-1245940.0,1245940.0
2016,inseason,Kamphaeng Phet,พันธุ์พื้นเมือง,379421.0,12370.0,both,-367051.0,367051.0
2016,inseason,Kamphaeng Phet,ราชการไม่ไวต่อช่วงแสง,27825566.0,907253.0,both,-26918313.0,26918313.0
2016,inseason,Kamphaeng Phet,ราชการไวต่อช่วงแสง,1253980.0,40887.0,both,-1213093.0,1213093.0
2016,inseason,Kamphaeng Phet,สุพรรณบุรี1,1618311.0,52765.0,both,-1565546.0,1565546.0
2016,inseason,Kamphaeng Phet,"สุพรรณบุรี60,90",358381.0,11687.0,both,-346694.0,346694.0
2016,inseason,Kamphaeng Phet,หอมสุพรรณบุรี,75356.0,2456.0,both,-72900.0,72900.0
2016,inseason,Kanchanaburi,กข15,0.0,0.0,both,0.0,0.0
2016,inseason,Kanchanaburi,กข6,0.0,0.0,both,0.0,0.0
2016,inseason,Kanchanaburi,ขาวดอกมะลิ105,2776342.0,89646.0,both,-2686696.0,2686696.0
2016,inseason,Kanchanaburi,คลองหลวง1,0.0,0.0,both,0.0,0.0
2016,inseason,Kanchanaburi,ชัยนาท1,267615.0,8641.0,both,-258974.0,258974.0
2016,inseason,Kanchanaburi,ปทุมธานี1,1984893.0,64090.0,both,-1920803.0,1920803.0
2016,inseason,Kanchanaburi,พันธุ์พื้นเมือง,1074116.0,34682.0,both,-1039434.0,1039434.0
2016,inseason,Kanchanaburi,ราชการไม่ไวต่อช่วงแสง,2115000.0,68292.0,both,-2046708.0,2046708.0
2016,inseason,Kanchanaburi,ราชการไวต่อช่วงแสง,165568.0,5348.0,both,-160220.0,160220.0
2016,inseason,Kanchanaburi,สุพรรณบุรี1,3194535.0,103148.0,both,-3091387.0,3091387.0
2016,inseason,Kanchanaburi,"สุพรรณบุรี60,90",0.0,0.0,both,0.0,0.0
2016,inseason,Kanchanaburi,หอมสุพรรณบุรี,131036.0,4231.0,both,-126805.0,126805.0
2016,inseason,Khon Kaen,กข15,466205.0,15363.0,both,-450842.0,450842.0
2016,inseason,Khon Kaen,กข6,49967919.0,1646500.0,both,-48321419.0,48321419.0
2016,inseason,Khon Kaen,ขาวดอกมะลิ105,17535720.0,577822.0,both,-16957898.0,16957898.0
2016,inseason,Khon Kaen,คลองหลวง1,0.0,0.0,both,0.0,0.0
2016,inseason,Khon Kaen,ชัยนาท1,0.0,0.0,both,0.0,0.0
2016,inseason,Khon Kaen,ปทุมธานี1,0.0,0.0,both,0.0,0.0
2016,inseason,Khon Kaen,พันธุ์พื้นเมือง,1620096.0,53384.0,both,-1566712.0,1566712.0
2016,inseason,Khon Kaen,ราชการไม่ไวต่อช่วงแสง,1066640.0,35147.0,both,-1031493.0,1031493.0
2016,inseason,Khon Kaen,ราชการไวต่อช่วงแสง,360898.0,11893.0,both,-349005.0,349005.0
2016,inseason,Khon Kaen,สุพรรณบุรี1,0.0,0.0,both,0.0,0.0
2016,inseason,Khon Kaen,"สุพรรณบุรี60,90",0.0,0.0,both,0.0,0.0
2016,inseason,Khon Kaen,หอมสุพรรณบุรี,0.0,0.0,both,0.0,0.0
2016,inseason,Krabi,กข15,0.0,0.0,both,0.0,0.0
2016,inseason,Krabi,กข6,0.0,0.0,both,0.0,0.0
2016,inseason,Krabi,ขาวดอกมะลิ105,11441.0,373.0,both,-11068.0,11068.0
2016,inseason,Krabi,คลองหลวง1,0.0,0.0,both,0.0,0.0
2016,inseason,Krabi,ชัยนาท1,0.0,0.0,both,0.0,0.0
2016,inseason,Krabi,ปทุมธานี1,3374.0,110.0,both,-3264.0,3264.0
2016,inseason,Krabi,พันธุ์พื้นเมือง,44383.0,1449.0,both,-42934.0,42934.0
2016,inseason,Krabi,ราชการไม่ไวต่อช่วงแสง,0.0,0.0,both,0.0,0.0
2016,inseason,Krabi,ราชการไวต่อช่วงแสง,105606.0,3442.0,both,-102164.0,102164.0
2016,inseason,Krabi,สุพรรณบุรี1,0.0,0.0,both,0.0,0.0
2016,inseason,Krabi,"สุพรรณบุรี60,90",0.0,0.0,both,0.0,0.0
2016,inseason,Krabi,หอมสุพรรณบุรี,0.0,0.0,both,0.0,0.0
2016,inseason,Lampang,กข15,0.0,0.0,both,0.0,0.0
2016,inseason,Lampang,กข6,9352050.0,302461.0,both,-9049589.0,9049589.0
2016,inseason,Lampang,ขาวดอกมะลิ105,1099665.0,35565.0,both,-1064100.0,1064100.0
2016,inseason,Lampang,คลองหลวง1,0.0,0.0,both,0.0,0.0
2016,inseason,Lampang,ชัยนาท1,0.0,0.0,both,0.0,0.0
2016,inseason,Lampang,ปทุมธานี1,0.0,0.0,both,0.0,0.0
2016,inseason,Lampang,พันธุ์พื้นเมือง,178191.0,5764.0,both,-172427.0,172427.0
2016,inseason,Lampang,ราชการไม่ไวต่อช่วงแสง,2195031.0,70990.0,both,-2124041.0,2124041.0
2016,inseason,Lampang,ราชการไวต่อช่วงแสง,219871.0,7112.0,both,-212759.0,212759.0
2016,inseason,Lampang,สุพรรณบุรี1,0.0,0.0,both,0.0,0.0
2016,inseason,Lampang,"สุพรรณบุรี60,90",0.0,0.0,both,0.0,0.0
2016,inseason,Lampang,หอมสุพรรณบุรี,0.0,0.0,both,0.0,0.0
2016,inseason,Lamphun,กข15,22459.0,727.0,both,-21732.0,21732.0
2016,inseason,Lamphun,กข6,2195558.0,71069.0,both,-2124489.0,2124489.0
2016,inseason,Lamphun,ขาวดอกมะลิ105,343931.0,11133.0,both,-332798.0,332798.0
2016,inseason,Lamphun,คลองหลวง1,0.0,0.0,both,0.0,0.0
2016,inseason,Lamphun,ชัยนาท1,0.0,0.0,both,0.0,0.0
2016,inseason,Lamphun,ปทุมธานี1,25363.0,820.0,both,-24543.0,24543.0
2016,inseason,Lamphun,พันธุ์พื้นเมือง,263671.0,8534.0,both,-255137.0,255137.0
2016,inseason,Lamphun,ราชการไม่ไวต่อช่วงแสง,687614.0,22259.0,both,-665355.0,665355.0
2016,inseason,Lamphun,ราชการไวต่อช่วงแสง,74792.0,2421.0,both,-72371.0,72371.0
2016,inseason,Lamphun,สุพรรณบุรี1,0.0,0.0,both,0.0,0.0
2016,inseason,Lamphun,"สุพรรณบุรี60,90",0.0,0.0,both,0.0,0.0
2016,inseason,Lamphun,หอมสุพรรณบุรี,0.0,0.0,both,0.0,0.0
2016,inseason,Loei,กข15,0.0,0.0,both,0.0,0.0
2016,inseason,Loei,กข6,6924475.0,224636.0,both,-6699839.0,6699839.0
2016,inseason,Loei,ขาวดอกมะลิ105,297003.0,9635.0,both,-287368.0,287368.0
2016,inseason,Loei,คลองหลวง1,0.0,0.0,both,0.0,0.0
2016,inseason,Loei,ชัยนาท1,0.0,0.0,both,0.0,0.0
2016,inseason,Loei,ปทุมธานี1,0.0,0.0,both,0.0,0.0
2016,inseason,Loei,พันธุ์พื้นเมือง,1572160.0,51002.0,both,-1521158.0,1521158.0
2016,inseason,Loei,ราชการไม่ไวต่อช่วงแสง,1570002.0,50931.0,both,-1519071.0,1519071.0
2016,inseason,Loei,ราชการไวต่อช่วงแสง,1099821.0,35678.0,both,-1064143.0,1064143.0
2016,inseason,Loei,สุพรรณบุรี1,0.0,0.0,both,0.0,0.0
2016,inseason,Loei,"สุพรรณบุรี60,90",0.0,0.0,both,0.0,0.0
2016,inseason,Loei,หอมสุพรรณบุรี,0.0,0.0,both,0.0,0.0
2016,inseason,Lop Buri,กข15,0.0,0.0,both,0.0,0.0
2016,inseason,Lop Buri,กข6,0.0,0.0,both,0.0,0.0
2016,inseason,Lop Buri,ขาวดอกมะลิ105,7340223.0,238545.0,both,-7101678.0,7101678.0
2016,inseason,Lop Buri,คลองหลวง1,0.0,0.0,both,0.0,0.0
2016,inseason,Lop Buri,ชัยนาท1,938013.0,30487.0,both,-907526.0,907526.0
2016,inseason,Lop Buri,ปทุมธานี1,3582015.0,116410.0,both,-3465605.0,3465605.0
2016,inseason,Lop Buri,พันธุ์พื้นเมือง,723819.0,23524.0,both,-700295.0,700295.0
2016,inseason,Lop Buri,ราชการไม่ไวต่อช่วงแสง,7209971.0,234314.0,both,-6975657.0,6975657.0
2016,inseason,Lop Buri,ราชการไวต่อช่วงแสง,81050.0,2634.0,both,-78416.0,78416.0
2016,inseason,Lop Buri,สุพรรณบุรี1,1805470.0,58676.0,both,-1746794.0,1746794.0
2016,inseason,Lop Buri,"สุพรรณบุรี60,90",0.0,0.0,both,0.0,0.0
2016,inseason,Lop Buri,หอมสุพรรณบุรี,0.0,0.0,both,0.0,0.0
2016,inseason,Mae Hong Son,กข15,0.0,0.0,both,0.0,0.0
2016,inseason,Mae Hong Son,กข6,185077.0,6023.0,both,-179054.0,179054.0
2016,inseason,Mae Hong Son,ขาวดอกมะลิ105,1264073.0,41138.0,both,-1222935.0,1222935.0
2016,inseason,Mae Hong Son,คลองหลวง1,0.0,0.0,both,0.0,0.0
2016,inseason,Mae Hong Son,ชัยนาท1,0.0,0.0,both,0.0,0.0
2016,inseason,Mae Hong Son,ปทุมธานี1,0.0,0.0,both,0.0,0.0
2016,inseason,Mae Hong Son,พันธุ์พื้นเมือง,1547573.0,50362.0,both,-1497211.0,1497211.0
2016,inseason,Mae Hong Son,ราชการไม่ไวต่อช่วงแสง,1836420.0,59765.0,both,-1776655.0,1776655.0
2016,inseason,Mae Hong Son,ราชการไวต่อช่วงแสง,103094.0,3354.0,both,-99740.0,99740.0
2016,inseason,Mae Hong Son,สุพรรณบุรี1,0.0,0.0,both,0.0,0.0
2016,inseason,Mae Hong Son,"สุพรรณบุรี60,90",0.0,0.0,both,0.0,0.0
2016,inseason,Mae Hong Son,หอมสุพรรณบุรี,0.0,0.0,both,0.0,0.0
2016,inseason,Maha Sarakham,กข15,868967.0,28650.0,both,-840317.0,840317.0
2016,inseason,Maha Sarakham,กข6,29861706.0,984541.0,both,-28877165.0,28877165.0
2016,inseason,Maha Sarakham,ขาวดอกมะลิ105,30648286.0,1010476.0,both,-29637810.0,29637810.0
2016,inseason,Maha Sarakham,คลองหลวง1,0.0,0.0,both,0.0,0.0
2016,inseason,Maha Sarakham,ชัยนาท1,0.0,0.0,both,0.0,0.0
2016,inseason,Maha Sarakham,ปทุมธานี1,0.0,0.0,both,0.0,0.0
2016,inseason,Maha Sarakham,พันธุ์พื้นเมือง,463103.0,15268.0,both,-447835.0,447835.0
2016,inseason,Maha Sarakham,ราชการไม่ไวต่อช่วงแสง,590019.0,19452.0,both,-570567.0,570567.0
2016,inseason,Maha Sarakham,ราชการไวต่อช่วงแสง,378351.0,12474.0,both,-365877.0,365877.0
2016,inseason,Maha Sarakham,สุพรรณบุรี1,0.0,0.0,both,0.0,0.0
2016,inseason,Maha Sarakham,"สุพรรณบุรี60,90",0.0,0.0,both,0.0,0.0
2016,inseason,Maha Sarakham,หอมสุพรรณบุรี,0.0,0.0,both,0.0,0.0
2016,inseason,Mukdahan,กข15,296509.0,9630.0,both,-286879.0,286879.0
2016,inseason,Mukdahan,กข6,9818353.0,318880.0,both,-9499473.0,9499473.0
2016,inseason,Mukdahan,ขาวดอกมะลิ105,3048961.0,99024.0,both,-2949937.0,2949937.0
2016,inseason,Mukdahan,คลองหลวง1,0.0,0.0,both,0.0,0.0
2016,inseason,Mukdahan,ชัยนาท1,0.0,0.0,both,0.0,0.0
2016,inseason,Mukdahan,ปทุมธานี1,0.0,0.0,both,0.0,0.0
2016,inseason,Mukdahan,พันธุ์พื้นเมือง,986731.0,32047.0,both,-954684.0,954684.0
2016,inseason,Mukdahan,ราชการไม่ไวต่อช่วงแสง,630243.0,20468.0,both,-609775.0,609775.0
2016,inseason,Mukdahan,ราชการไวต่อช่วงแสง,303098.0,9844.0,both,-293254.0,293254.0
2016,inseason,Mukdahan,สุพรรณบุรี1,0.0,0.0,both,0.0,0.0
2016,inseason,Mukdahan,"สุพรรณบุรี60,90",0.0,0.0,both,0.0,0.0
2016,inseason,Mukdahan,หอมสุพรรณบุรี,0.0,0.0,both,0.0,0.0
2016,inseason,Nakhon Nayok,กข15,0.0,0.0,both,0.0,0.0
2016,inseason,Nakhon Nayok,กข6,0.0,0.0,both,0.0,0.0
2016,inseason,Nakhon Nayok,ขาวดอกมะลิ105,601089.0,19559.0,both,-581530.0,581530.0
2016,inseason,Nakhon Nayok,คลองหลวง1,0.0,0.0,both,0.0,0.0
2016,inseason,Nakhon Nayok,ชัยนาท1,176024.0,5727.0,both,-170297.0,170297.0
2016,inseason,Nakhon Nayok,ปทุมธานี1,625273.0,20347.0,both,-604926.0,604926.0
2016,inseason,Nakhon Nayok,พันธุ์พื้นเมือง,879907.0,28634.0,both,-851273.0,851273.0
2016,inseason,Nakhon Nayok,ราชการไม่ไวต่อช่วงแสง,6143738.0,199923.0,both,-5943815.0,5943815.0
2016,inseason,Nakhon Nayok,ราชการไวต่อช่วงแสง,2445043.0,79563.0,both,-2365480.0,2365480.0
2016,inseason,Nakhon Nayok,สุพรรณบุรี1,63827.0,2078.0,both,-61749.0,61749.0
2016,inseason,Nakhon Nayok,"สุพรรณบุรี60,90",0.0,0.0,both,0.0,0.0
2016,inseason,Nakhon Nayok,หอมสุพรรณบุรี,0.0,0.0,both,0.0,0.0
2016,inseason,Nakhon Pathom,กข15,0.0,0.0,both,0.0,0.0
2016,inseason,Nakhon Pathom,กข6,0.0,0.0,both,0.0,0.0
2016,inseason,Nakhon Pathom,ขาวดอกมะลิ105,0.0,0.0,both,0.0,0.0
2016,inseason,Nakhon Pathom,คลองหลวง1,0.0,0.0,both,0.0,0.0
2016,inseason,Nakhon Pathom,ชัยนาท1,0.0,0.0,both,0.0,0.0
2016,inseason,Nakhon Pathom,ปทุมธานี1,1101315.0,35920.0,both,-1065395.0,1065395.0
2016,inseason,Nakhon Pathom,พันธุ์พื้นเมือง,29588.0,965.0,both,-28623.0,28623.0
2016,inseason,Nakhon Pathom,ราชการไม่ไวต่อช่วงแสง,8373513.0,273099.0,both,-8100414.0,8100414.0
2016,inseason,Nakhon Pathom,ราชการไวต่อช่วงแสง,0.0,0.0,both,0.0,0.0
2016,inseason,Nakhon Pathom,สุพรรณบุรี1,329392.0,10744.0,both,-318648.0,318648.0
2016,inseason,Nakhon Pathom,"สุพรรณบุรี60,90",34433.0,1124.0,both,-33309.0,33309.0
2016,inseason,Nakhon Pathom,หอมสุพรรณบุรี,0.0,0.0,both,0.0,0.0
2016,inseason,Nakhon Phanom,กข15,2211793.0,72634.0,both,-2139159.0,2139159.0
2016,inseason,Nakhon Phanom,กข6,17427441.0,572315.0,both,-16855126.0,16855126.0
2016,inseason,Nakhon Phanom,ขาวดอกมะลิ105,14943327.0,490738.0,both,-14452589.0,14452589.0
2016,inseason,Nakhon Phanom,คลองหลวง1,0.0,0.0,both,0.0,0.0
2016,inseason,Nakhon Phanom,ชัยนาท1,0.0,0.0,both,0.0,0.0
2016,inseason,Nakhon Phanom,ปทุมธานี1,0.0,0.0,both,0.0,0.0
2016,inseason,Nakhon Phanom,พันธุ์พื้นเมือง,2748062.0,90246.0,both,-2657816.0,2657816.0
2016,inseason,Nakhon Phanom,ราชการไม่ไวต่อช่วงแสง,1664714.0,54668.0,both,-1610046.0,1610046.0
2016,inseason,Nakhon Phanom,ราชการไวต่อช่วงแสง,1641602.0,53909.0,both,-1587693.0,1587693.0
2016,inseason,Nakhon Phanom,สุพรรณบุรี1,0.0,0.0,both,0.0,0.0
2016,inseason,Nakhon Phanom,"สุพรรณบุรี60,90",0.0,0.0,both,0.0,0.0
2016,inseason,Nakhon Phanom,หอมสุพรรณบุรี,0.0,0.0,both,0.0,0.0
2016,inseason,Nakhon Ratchasima,กข15,1531421.0,50324.0,both,-1481097.0,1481097.0
2016,inseason,Nakhon Ratchasima,กข6,5822686.0,191343.0,both,-5631343.0,5631343.0
2016,inseason,Nakhon Ratchasima,ขาวดอกมะลิ105,82377455.0,2707058.0,both,-79670397.0,79670397.0
2016,inseason,Nakhon Ratchasima,คลองหลวง1,0.0,0.0,both,0.0,0.0
2016,inseason,Nakhon Ratchasima,ชัยนาท1,1901640.0,62490.0,both,-1839150.0,1839150.0
2016,inseason,Nakhon Ratchasima,ปทุมธานี1,424811.0,13960.0,both,-410851.0,410851.0
2016,inseason,Nakhon Ratchasima,พันธุ์พื้นเมือง,6130979.0,201473.0,both,-5929506.0,5929506.0
2016,inseason,Nakhon Ratchasima,ราชการไม่ไวต่อช่วงแสง,3379138.0,111044.0,both,-3268094.0,3268094.0
2016,inseason,Nakhon Ratchasima,ราชการไวต่อช่วงแสง,3622522.0,119043.0,both,-3503479.0,3503479.0
2016,inseason,Nakhon Ratchasima,สุพรรณบุรี1,749415.0,24627.0,both,-724788.0,724788.0
2016,inseason,Nakhon Ratchasima,"สุพรรณบุรี60,90",111924.0,3678.0,both,-108246.0,108246.0
2016,inseason,Nakhon Ratchasima,หอมสุพรรณบุรี,0.0,0.0,both,0.0,0.0
2016,inseason,Nakhon Sawan,กข15,0.0,0.0,both,0.0,0.0
2016,inseason,Nakhon Sawan,กข6,149417.0,4877.0,both,-144540.0,144540.0
2016,inseason,Nakhon Sawan,ขาวดอกมะลิ105,22594336.0,737486.0,both,-21856850.0,21856850.0
2016,inseason,Nakhon Sawan,คลองหลวง1,0.0,0.0,both,0.0,0.0
2016,inseason,Nakhon Sawan,ชัยนาท1,2793360.0,91176.0,both,-2702184.0,2702184.0
2016,inseason,Nakhon Sawan,ปทุมธานี1,2001547.0,65332.0,both,-1936215.0,1936215.0
2016,inseason,Nakhon Sawan,พันธุ์พื้นเมือง,2419282.0,78964.0,both,-2340318.0,2340318.0
2016,inseason,Nakhon Sawan,ราชการไม่ไวต่อช่วงแสง,29108071.0,950094.0,both,-28157977.0,28157977.0
2016,inseason,Nakhon Sawan,ราชการไวต่อช่วงแสง,387160.0,12637.0,both,-374523.0,374523.0
2016,inseason,Nakhon Sawan,สุพรรณบุรี1,8764452.0,286074.0,both,-8478378.0,8478378.0
2016,inseason,Nakhon Sawan,"สุพรรณบุรี60,90",407074.0,13287.0,both,-393787.0,393787.0
2016,inseason,Nakhon Sawan,หอมสุพรรณบุรี,130330.0,4254.0,both,-126076.0,126076.0
2016,inseason,Nakhon Si Thammarat,กข15,0.0,0.0,both,0.0,0.0
2016,inseason,Nakhon Si Thammarat,กข6,0.0,0.0,both,0.0,0.0
2016,inseason,Nakhon Si Thammarat,ขาวดอกมะลิ105,133323.0,3612.0,both,-129711.0,129711.0
2016,inseason,Nakhon Si Thammarat,คลองหลวง1,0.0,0.0,both,0.0,0.0
2016,inseason,Nakhon Si Thammarat,ชัยนาท1,40810.0,1105.0,both,-39705.0,39705.0
2016,inseason,Nakhon Si Thammarat,ปทุมธานี1,1707617.0,46248.0,both,-1661369.0,1661369.0
2016,inseason,Nakhon Si Thammarat,พันธุ์พื้นเมือง,1175180.0,31830.0,both,-1143350.0,1143350.0
2016,inseason,Nakhon Si Thammarat,ราชการไม่ไวต่อช่วงแสง,3514770.0,95198.0,both,-3419572.0,3419572.0
2016,inseason,Nakhon Si Thammarat,ราชการไวต่อช่วงแสง,171355.0,4642.0,both,-166713.0,166713.0
2016,inseason,Nakhon Si Thammarat,สุพรรณบุรี1,0.0,0.0,both,0.0,0.0
2016,inseason,Nakhon Si Thammarat,"สุพรรณบุรี60,90",0.0,0.0,both,0.0,0.0
2016,inseason,Nakhon Si Thammarat,หอมสุพรรณบุรี,0.0,0.0,both,0.0,0.0
2016,inseason,Nan,กข15,0.0,0.0,both,0.0,0.0
2016,inseason,Nan,กข6,2432240.0,78962.0,both,-2353278.0,2353278.0
2016,inseason,Nan,ขาวดอกมะลิ105,132051.0,4287.0,both,-127764.0,127764.0
2016,inseason,Nan,คลองหลวง1,0.0,0.0,both,0.0,0.0
2016,inseason,Nan,ชัยนาท1,0.0,0.0,both,0.0,0.0
2016,inseason,Nan,ปทุมธานี1,0.0,0.0,both,0.0,0.0
2016,inseason,Nan,พันธุ์พื้นเมือง,628128.0,20394.0,both,-607734.0,607734.0
2016,inseason,Nan,ราชการไม่ไวต่อช่วงแสง,1056747.0,34308.0,both,-1022439.0,1022439.0
2016,inseason,Nan,ราชการไวต่อช่วงแสง,2576674.0,83650.0,both,-2493024.0,2493024.0
2016,inseason,Nan,สุพรรณบุรี1,0.0,0.0,both,0.0,0.0
2016,inseason,Nan,"สุพรรณบุรี60,90",0.0,0.0,both,0.0,0.0
2016,inseason,Nan,หอมสุพรรณบุรี,0.0,0.0,both,0.0,0.0
2016,inseason,Narathiwat,กข15,0.0,0.0,both,0.0,0.0
2016,inseason,Narathiwat,กข6,0.0,0.0,both,0.0,0.0
2016,inseason,Narathiwat,ขาวดอกมะลิ105,0.0,0.0,both,0.0,0.0
2016,inseason,Narathiwat,คลองหลวง1,0.0,0.0,both,0.0,0.0
2016,inseason,Narathiwat,ชัยนาท1,0.0,0.0,both,0.0,0.0
2016,inseason,Narathiwat,ปทุมธานี1,0.0,0.0,both,0.0,0.0
2016,inseason,Narathiwat,พันธุ์พื้นเมือง,1191153.0,39054.0,both,-1152099.0,1152099.0
2016,inseason,Narathiwat,ราชการไม่ไวต่อช่วงแสง,171929.0,5637.0,both,-166292.0,166292.0
2016,inseason,Narathiwat,ราชการไวต่อช่วงแสง,99004.0,3246.0,both,-95758.0,95758.0
2016,inseason,Narathiwat,สุพรรณบุรี1,0.0,0.0,both,0.0,0.0
2016,inseason,Narathiwat,"สุพรรณบุรี60,90",0.0,0.0,both,0.0,0.0
2016,inseason,Narathiwat,หอมสุพรรณบุรี,0.0,0.0,both,0.0,0.0
2016,inseason,Nong Bua Lam Phu,กข15,404875.0,13252.0,both,-391623.0,391623.0
2016,inseason,Nong Bua Lam Phu,กข6,15201720.0,497569.0,both,-14704151.0,14704151.0
2016,inseason,Nong Bua Lam Phu,ขาวดอกมะลิ105,3495116.0,114400.0,both,-3380716.0,3380716.0
2016,inseason,Nong Bua Lam Phu,คลองหลวง1,0.0,0.0,both,0.0,0.0
2016,inseason,Nong Bua Lam Phu,ชัยนาท1,0.0,0.0,both,0.0,0.0
2016,inseason,Nong Bua Lam Phu,ปทุมธานี1,0.0,0.0,both,0.0,0.0
2016,inseason,Nong Bua Lam Phu,พันธุ์พื้นเมือง,924075.0,30246.0,both,-893829.0,893829.0
2016,inseason,Nong Bua Lam Phu,ราชการไม่ไวต่อช่วงแสง,775623.0,25387.0,both,-750236.0,750236.0
2016,inseason,Nong Bua Lam Phu,ราชการไวต่อช่วงแสง,532674.0,17435.0,both,-515239.0,515239.0
2016,inseason,Nong Bua Lam Phu,สุพรรณบุรี1,0.0,0.0,both,0.0,0.0
2016,inseason,Nong Bua Lam Phu,"สุพรรณบุรี60,90",0.0,0.0,both,0.0,0.0
2016,inseason,Nong Bua Lam Phu,หอมสุพรรณบุรี,0.0,0.0,both,0.0,0.0
2016,inseason,Nong Khai,กข15,535754.0,17462.0,both,-518292.0,518292.0
2016,inseason,Nong Khai,กข6,9062896.0,295371.0,both,-8767525.0,8767525.0
2016,inseason,Nong Khai,ขาวดอกมะลิ105,2934327.0,95635.0,both,-2838692.0,2838692.0
2016,inseason,Nong Khai,คลองหลวง1,0.0,0.0,both,0.0,0.0
2016,inseason,Nong Khai,ชัยนาท1,0.0,0.0,both,0.0,0.0
2016,inseason,Nong Khai,ปทุมธานี1,0.0,0.0,both,0.0,0.0
2016,inseason,Nong Khai,พันธุ์พื้นเมือง,447847.0,14596.0,both,-433251.0,433251.0
2016,inseason,Nong Khai,ราชการไม่ไวต่อช่วงแสง,1688019.0,55016.0,both,-1633003.0,1633003.0
2016,inseason,Nong Khai,ราชการไวต่อช่วงแสง,1273033.0,41489.0,both,-1231544.0,1231544.0
2016,inseason,Nong Khai,สุพรรณบุรี1,0.0,0.0,both,0.0,0.0
2016,inseason,Nong Khai,"สุพรรณบุรี60,90",0.0,0.0,both,0.0,0.0
2016,inseason,Nong Khai,หอมสุพรรณบุรี,0.0,0.0,both,0.0,0.0
2016,inseason,Nonthaburi,กข15,0.0,0.0,both,0.0,0.0
2016,inseason,Nonthaburi,กข6,0.0,0.0,both,0.0,0.0
2016,inseason,Nonthaburi,ขาวดอกมะลิ105,0.0,0.0,both,0.0,0.0
2016,inseason,Nonthaburi,คลองหลวง1,0.0,0.0,both,0.0,0.0
2016,inseason,Nonthaburi,ชัยนาท1,0.0,0.0,both,0.0,0.0
2016,inseason,Nonthaburi,ปทุมธานี1,10864.0,355.0,both,-10509.0,10509.0
2016,inseason,Nonthaburi,พันธุ์พื้นเมือง,0.0,0.0,both,0.0,0.0
2016,inseason,Nonthaburi,ราชการไม่ไวต่อช่วงแสง,2676340.0,87451.0,both,-2588889.0,2588889.0
2016,inseason,Nonthaburi,ราชการไวต่อช่วงแสง,0.0,0.0,both,0.0,0.0
2016,inseason,Nonthaburi,สุพรรณบุรี1,0.0,0.0,both,0.0,0.0
2016,inseason,Nonthaburi,"สุพรรณบุรี60,90",0.0,0.0,both,0.0,0.0
2016,inseason,Nonthaburi,หอมสุพรรณบุรี,0.0,0.0,both,0.0,0.0
2016,inseason,Pathum Thani,กข15,0.0,0.0,both,0.0,0.0
2016,inseason,Pathum Thani,กข6,0.0,0.0,both,0.0,0.0
2016,inseason,Pathum Thani,ขาวดอกมะลิ105,0.0,0.0,both,0.0,0.0
2016,inseason,Pathum Thani,คลองหลวง1,0.0,0.0,both,0.0,0.0
2016,inseason,Pathum Thani,ชัยนาท1,0.0,0.0,both,0.0,0.0
2016,inseason,Pathum Thani,ปทุมธานี1,624223.0,20345.0,both,-603878.0,603878.0
2016,inseason,Pathum Thani,พันธุ์พื้นเมือง,0.0,0.0,both,0.0,0.0
2016,inseason,Pathum Thani,ราชการไม่ไวต่อช่วงแสง,8779493.0,286160.0,both,-8493333.0,8493333.0
2016,inseason,Pathum Thani,ราชการไวต่อช่วงแสง,0.0,0.0,both,0.0,0.0
2016,inseason,Pathum Thani,สุพรรณบุรี1,149322.0,4867.0,both,-144455.0,144455.0
2016,inseason,Pathum Thani,"สุพรรณบุรี60,90",0.0,0.0,both,0.0,0.0
2016,inseason,Pathum Thani,หอมสุพรรณบุรี,0.0,0.0,both,0.0,0.0
2016,inseason,Pattani,กข15,0.0,0.0,both,0.0,0.0
2016,inseason,Pattani,กข6,0.0,0.0,both,0.0,0.0
2016,inseason,Pattani,ขาวดอกมะลิ105,0.0,0.0,both,0.0,0.0
2016,inseason,Pattani,คลองหลวง1,0.0,0.0,both,0.0,0.0
2016,inseason,Pattani,ชัยนาท1,0.0,0.0,both,0.0,0.0
2016,inseason,Pattani,ปทุมธานี1,0.0,0.0,both,0.0,0.0
2016,inseason,Pattani,พันธุ์พื้นเมือง,2329673.0,76335.0,both,-2253338.0,2253338.0
2016,inseason,Pattani,ราชการไม่ไวต่อช่วงแสง,386824.0,12674.0,both,-374150.0,374150.0
2016,inseason,Pattani,ราชการไวต่อช่วงแสง,312114.0,10227.0,both,-301887.0,301887.0
2016,inseason,Pattani,สุพรรณบุรี1,0.0,0.0,both,0.0,0.0
2016,inseason,Pattani,"สุพรรณบุรี60,90",0.0,0.0,both,0.0,0.0
2016,inseason,Pattani,หอมสุพรรณบุรี,0.0,0.0,both,0.0,0.0
2016,inseason,Phang-nga,กข15,0.0,0.0,both,0.0,0.0
2016,inseason,Phang-nga,กข6,0.0,0.0,both,0.0,0.0
2016,inseason,Phang-nga,ขาวดอกมะลิ105,11583.0,378.0,both,-11205.0,11205.0
2016,inseason,Phang-nga,คลองหลวง1,0.0,0.0,both,0.0,0.0
2016,inseason,Phang-nga,ชัยนาท1,0.0,0.0,both,0.0,0.0
2016,inseason,Phang-nga,ปทุมธานี1,17221.0,562.0,both,-16659.0,16659.0
2016,inseason,Phang-nga,พันธุ์พื้นเมือง,15168.0,495.0,both,-14673.0,14673.0
2016,inseason,Phang-nga,ราชการไม่ไวต่อช่วงแสง,16547.0,540.0,both,-16007.0,16007.0
2016,inseason,Phang-nga,ราชการไวต่อช่วงแสง,0.0,0.0,both,0.0,0.0
2016,inseason,Phang-nga,สุพรรณบุรี1,0.0,0.0,both,0.0,0.0
2016,inseason,Phang-nga,"สุพรรณบุรี60,90",0.0,0.0,both,0.0,0.0
2016,inseason,Phang-nga,หอมสุพรรณบุรี,0.0,0.0,both,0.0,0.0
2016,inseason,Phatthalung,กข15,0.0,0.0,both,0.0,0.0
2016,inseason,Phatthalung,กข6,0.0,0.0,both,0.0,0.0
2016,inseason,Phatthalung,ขาวดอกมะลิ105,0.0,0.0,both,0.0,0.0
2016,inseason,Phatthalung,คลองหลวง1,0.0,0.0,both,0.0,0.0
2016,inseason,Phatthalung,ชัยนาท1,317231.0,7572.0,both,-309659.0,309659.0
2016,inseason,Phatthalung,ปทุมธานี1,245542.0,5861.0,both,-239681.0,239681.0
2016,inseason,Phatthalung,พันธุ์พื้นเมือง,2278751.0,54396.0,both,-2224355.0,2224355.0
2016,inseason,Phatthalung,ราชการไม่ไวต่อช่วงแสง,789436.0,18845.0,both,-770591.0,770591.0
2016,inseason,Phatthalung,ราชการไวต่อช่วงแสง,315701.0,7535.0,both,-308166.0,308166.0
2016,inseason,Phatthalung,สุพรรณบุรี1,0.0,0.0,both,0.0,0.0
2016,inseason,Phatthalung,"สุพรรณบุรี60,90",0.0,0.0,both,0.0,0.0
2016,inseason,Phatthalung,หอมสุพรรณบุรี,0.0,0.0,both,0.0,0.0
2016,inseason,Phayao,กข15,1900880.0,61984.0,both,-1838896.0,1838896.0
2016,inseason,Phayao,กข6,5687459.0,185459.0,both,-5502000.0,5502000.0
2016,inseason,Phayao,ขาวดอกมะลิ105,7870657.0,256651.0,both,-7614006.0,7614006.0
2016,inseason,Phayao,คลองหลวง1,0.0,0.0,both,0.0,0.0
2016,inseason,Phayao,ชัยนาท1,86419.0,2819.0,both,-83600.0,83600.0
2016,inseason,Phayao,ปทุมธานี1,61732.0,2014.0,both,-59718.0,59718.0
2016,inseason,Phayao,พันธุ์พื้นเมือง,513239.0,16735.0,both,-496504.0,496504.0
2016,inseason,Phayao,ราชการไม่ไวต่อช่วงแสง,837479.0,27310.0,both,-810169.0,810169.0
2016,inseason,Phayao,ราชการไวต่อช่วงแสง,2136431.0,69666.0,both,-2066765.0,2066765.0
2016,inseason,Phayao,สุพรรณบุรี1,0.0,0.0,both,0.0,0.0
2016,inseason,Phayao,"สุพรรณบุรี60,90",0.0,0.0,both,0.0,0.0
2016,inseason,Phayao,หอมสุพรรณบุรี,0.0,0.0,both,0.0,0.0
2016,inseason,Phetchabun,กข15,0.0,0.0,both,0.0,0.0
2016,inseason,Phetchabun,กข6,2201647.0,71816.0,both,-2129831.0,2129831.0
2016,inseason,Phetchabun,ขาวดอกมะลิ105,6603531.0,215402.0,both,-6388129.0,6388129.0
2016,inseason,Phetchabun,คลองหลวง1,0.0,0.0,both,0.0,0.0
2016,inseason,Phetchabun,ชัยนาท1,2049958.0,66867.0,both,-1983091.0,1983091.0
2016,inseason,Phetchabun,ปทุมธานี1,1020871.0,33300.0,both,-987571.0,987571.0
2016,inseason,Phetchabun,พันธุ์พื้นเมือง,3698342.0,120638.0,both,-3577704.0,3577704.0
2016,inseason,Phetchabun,ราชการไม่ไวต่อช่วงแสง,15366586.0,501245.0,both,-14865341.0,14865341.0
2016,inseason,Phetchabun,ราชการไวต่อช่วงแสง,1039847.0,33920.0,both,-1005927.0,1005927.0
2016,inseason,Phetchabun,สุพรรณบุรี1,467424.0,15247.0,both,-452177.0,452177.0
2016,inseason,Phetchabun,"สุพรรณบุรี60,90",255984.0,8351.0,both,-247633.0,247633.0
2016,inseason,Phetchabun,หอมสุพรรณบุรี,0.0,0.0,both,0.0,0.0
2016,inseason,Phetchaburi,กข15,0.0,0.0,both,0.0,0.0
2016,inseason,Phetchaburi,กข6,0.0,0.0,both,0.0,0.0
2016,inseason,Phetchaburi,ขาวดอกมะลิ105,46819.0,1523.0,both,-45296.0,45296.0
2016,inseason,Phetchaburi,คลองหลวง1,0.0,0.0,both,0.0,0.0
2016,inseason,Phetchaburi,ชัยนาท1,1233287.0,40117.0,both,-1193170.0,1193170.0
2016,inseason,Phetchaburi,ปทุมธานี1,298162.0,9700.0,both,-288462.0,288462.0
2016,inseason,Phetchaburi,พันธุ์พื้นเมือง,57363.0,1865.0,both,-55498.0,55498.0
2016,inseason,Phetchaburi,ราชการไม่ไวต่อช่วงแสง,5374380.0,174827.0,both,-5199553.0,5199553.0
2016,inseason,Phetchaburi,ราชการไวต่อช่วงแสง,0.0,0.0,both,0.0,0.0
2016,inseason,Phetchaburi,สุพรรณบุรี1,1817836.0,59132.0,both,-1758704.0,1758704.0
2016,inseason,Phetchaburi,"สุพรรณบุรี60,90",81250.0,2643.0,both,-78607.0,78607.0
2016,inseason,Phetchaburi,หอมสุพรรณบุรี,0.0,0.0,both,0.0,0.0
2016,inseason,Phichit,กข15,64114.0,2093.0,both,-62021.0,62021.0
2016,inseason,Phichit,กข6,0.0,0.0,both,0.0,0.0
2016,inseason,Phichit,ขาวดอกมะลิ105,9817064.0,320477.0,both,-9496587.0,9496587.0
2016,inseason,Phichit,คลองหลวง1,0.0,0.0,both,0.0,0.0
2016,inseason,Phichit,ชัยนาท1,1539199.0,50248.0,both,-1488951.0,1488951.0
2016,inseason,Phichit,ปทุมธานี1,1193020.0,38944.0,both,-1154076.0,1154076.0
2016,inseason,Phichit,พันธุ์พื้นเมือง,936563.0,30574.0,both,-905989.0,905989.0
2016,inseason,Phichit,ราชการไม่ไวต่อช่วงแสง,25055222.0,817926.0,both,-24237296.0,24237296.0
2016,inseason,Phichit,ราชการไวต่อช่วงแสง,1623225.0,52989.0,both,-1570236.0,1570236.0
2016,inseason,Phichit,สุพรรณบุรี1,7032770.0,229583.0,both,-6803187.0,6803187.0
2016,inseason,Phichit,"สุพรรณบุรี60,90",404994.0,13219.0,both,-391775.0,391775.0
2016,inseason,Phichit,หอมสุพรรณบุรี,123327.0,4026.0,both,-119301.0,119301.0
2016,inseason,Phitsanulok,กข15,99229.0,3247.0,both,-95982.0,95982.0
2016,inseason,Phitsanulok,กข6,1586893.0,51943.0,both,-1534950.0,1534950.0
2016,inseason,Phitsanulok,ขาวดอกมะลิ105,7153868.0,234164.0,both,-6919704.0,6919704.0
2016,inseason,Phitsanulok,คลองหลวง1,0.0,0.0,both,0.0,0.0
2016,inseason,Phitsanulok,ชัยนาท1,1840404.0,60242.0,both,-1780162.0,1780162.0
2016,inseason,Phitsanulok,ปทุมธานี1,1430383.0,46820.0,both,-1383563.0,1383563.0
2016,inseason,Phitsanulok,พันธุ์พื้นเมือง,924433.0,30258.0,both,-894175.0,894175.0
2016,inseason,Phitsanulok,ราชการไม่ไวต่อช่วงแสง,22377179.0,732462.0,both,-21644717.0,21644717.0
2016,inseason,Phitsanulok,ราชการไวต่อช่วงแสง,1237913.0,40519.0,both,-1197394.0,1197394.0
2016,inseason,Phitsanulok,สุพรรณบุรี1,2984404.0,97688.0,both,-2886716.0,2886716.0
2016,inseason,Phitsanulok,"สุพรรณบุรี60,90",208997.0,6843.0,both,-202154.0,202154.0
2016,inseason,Phitsanulok,หอมสุพรรณบุรี,0.0,0.0,both,0.0,0.0
2016,inseason,Phra Nakhon Si Ayutthaya,กข15,0.0,0.0,both,0.0,0.0
2016,inseason,Phra Nakhon Si Ayutthaya,กข6,0.0,0.0,both,0.0,0.0
2016,inseason,Phra Nakhon Si Ayutthaya,ขาวดอกมะลิ105,92760.0,3024.0,both,-89736.0,89736.0
2016,inseason,Phra Nakhon Si Ayutthaya,คลองหลวง1,0.0,0.0,both,0.0,0.0
2016,inseason,Phra Nakhon Si Ayutthaya,ชัยนาท1,0.0,0.0,both,0.0,0.0
2016,inseason,Phra Nakhon Si Ayutthaya,ปทุมธานี1,929047.0,30288.0,both,-898759.0,898759.0
2016,inseason,Phra Nakhon Si Ayutthaya,พันธุ์พื้นเมือง,606655.0,19777.0,both,-586878.0,586878.0
2016,inseason,Phra Nakhon Si Ayutthaya,ราชการไม่ไวต่อช่วงแสง,17643428.0,575178.0,both,-17068250.0,17068250.0
2016,inseason,Phra Nakhon Si Ayutthaya,ราชการไวต่อช่วงแสง,391993.0,12778.0,both,-379215.0,379215.0
2016,inseason,Phra Nakhon Si Ayutthaya,สุพรรณบุรี1,2308154.0,75247.0,both,-2232907.0,2232907.0
2016,inseason,Phra Nakhon Si Ayutthaya,"สุพรรณบุรี60,90",0.0,0.0,both,0.0,0.0
2016,inseason,Phra Nakhon Si Ayutthaya,หอมสุพรรณบุรี,0.0,0.0,both,0.0,0.0
2016,inseason,Phrae,กข15,25067.0,812.0,both,-24255.0,24255.0
2016,inseason,Phrae,กข6,3651798.0,118296.0,both,-3533502.0,3533502.0
2016,inseason,Phrae,ขาวดอกมะลิ105,587898.0,19043.0,both,-568855.0,568855.0
2016,inseason,Phrae,คลองหลวง1,0.0,0.0,both,0.0,0.0
2016,inseason,Phrae,ชัยนาท1,0.0,0.0,both,0.0,0.0
2016,inseason,Phrae,ปทุมธานี1,0.0,0.0,both,0.0,0.0
2016,inseason,Phrae,พันธุ์พื้นเมือง,281292.0,9112.0,both,-272180.0,272180.0
2016,inseason,Phrae,ราชการไม่ไวต่อช่วงแสง,3220383.0,104320.0,both,-3116063.0,3116063.0
2016,inseason,Phrae,ราชการไวต่อช่วงแสง,989370.0,32049.0,both,-957321.0,957321.0
2016,inseason,Phrae,สุพรรณบุรี1,0.0,0.0,both,0.0,0.0
2016,inseason,Phrae,"สุพรรณบุรี60,90",0.0,0.0,both,0.0,0.0
2016,inseason,Phrae,หอมสุพรรณบุรี,0.0,0.0,both,0.0,0.0
2016,inseason,Phuket,กข15,0.0,0.0,both,0.0,0.0
2016,inseason,Phuket,กข6,0.0,0.0,both,0.0,0.0
2016,inseason,Phuket,ขาวดอกมะลิ105,0.0,0.0,both,0.0,0.0
2016,inseason,Phuket,คลองหลวง1,0.0,0.0,both,0.0,0.0
2016,inseason,Phuket,ชัยนาท1,0.0,0.0,both,0.0,0.0
2016,inseason,Phuket,ปทุมธานี1,0.0,0.0,both,0.0,0.0
2016,inseason,Phuket,พันธุ์พื้นเมือง,0.0,0.0,both,0.0,0.0
2016,inseason,Phuket,ราชการไม่ไวต่อช่วงแสง,2214.0,72.0,both,-2142.0,2142.0
2016,inseason,Phuket,ราชการไวต่อช่วงแสง,0.0,0.0,both,0.0,0.0
2016,inseason,Phuket,สุพรรณบุรี1,0.0,0.0,both,0.0,0.0
2016,inseason,Phuket,"สุพรรณบุรี60,90",0.0,0.0,both,0.0,0.0
2016,inseason,Phuket,หอมสุพรรณบุรี,0.0,0.0,both,0.0,0.0
2016,inseason,Prachin Buri,กข15,0.0,0.0,both,0.0,0.0
2016,inseason,Prachin Buri,กข6,160355.0,5268.0,both,-155087.0,155087.0
2016,inseason,Prachin Buri,ขาวดอกมะลิ105,2311898.0,75966.0,both,-2235932.0,2235932.0
2016,inseason,Prachin Buri,คลองหลวง1,0.0,0.0,both,0.0,0.0
2016,inseason,Prachin Buri,ชัยนาท1,0.0,0.0,both,0.0,0.0
2016,inseason,Prachin Buri,ปทุมธานี1,128491.0,4222.0,both,-124269.0,124269.0
2016,inseason,Prachin Buri,พันธุ์พื้นเมือง,385687.0,12673.0,both,-373014.0,373014.0
2016,inseason,Prachin Buri,ราชการไม่ไวต่อช่วงแสง,3594528.0,118110.0,both,-3476418.0,3476418.0
2016,inseason,Prachin Buri,ราชการไวต่อช่วงแสง,5272066.0,173230.0,both,-5098836.0,5098836.0
2016,inseason,Prachin Buri,สุพรรณบุรี1,87193.0,2865.0,both,-84328.0,84328.0
2016,inseason,Prachin Buri,"สุพรรณบุรี60,90",173107.0,5687.0,both,-167420.0,167420.0
2016,inseason,Prachin Buri,หอมสุพรรณบุรี,0.0,0.0,both,0.0,0.0
2016,inseason,Prachuap Khiri Khan,กข15,0.0,0.0,both,0.0,0.0
2016,inseason,Prachuap Khiri Khan,กข6,0.0,0.0,both,0.0,0.0
2016,inseason,Prachuap Khiri Khan,ขาวดอกมะลิ105,28897.0,939.0,both,-27958.0,27958.0
2016,inseason,Prachuap Khiri Khan,คลองหลวง1,0.0,0.0,both,0.0,0.0
2016,inseason,Prachuap Khiri Khan,ชัยนาท1,48130.0,1564.0,both,-46566.0,46566.0
2016,inseason,Prachuap Khiri Khan,ปทุมธานี1,44899.0,1459.0,both,-43440.0,43440.0
2016,inseason,Prachuap Khiri Khan,พันธุ์พื้นเมือง,19233.0,625.0,both,-18608.0,18608.0
2016,inseason,Prachuap Khiri Khan,ราชการไม่ไวต่อช่วงแสง,84135.0,2734.0,both,-81401.0,81401.0
2016,inseason,Prachuap Khiri Khan,ราชการไวต่อช่วงแสง,0.0,0.0,both,0.0,0.0
2016,inseason,Prachuap Khiri Khan,สุพรรณบุรี1,38744.0,1259.0,both,-37485.0,37485.0
2016,inseason,Prachuap Khiri Khan,"สุพรรณบุรี60,90",0.0,0.0,both,0.0,0.0
2016,inseason,Prachuap Khiri Khan,หอมสุพรรณบุรี,0.0,0.0,both,0.0,0.0
2016,inseason,Ranong,กข15,0.0,0.0,both,0.0,0.0
2016,inseason,Ranong,กข6,0.0,0.0,both,0.0,0.0
2016,inseason,Ranong,ขาวดอกมะลิ105,0.0,0.0,both,0.0,0.0
2016,inseason,Ranong,คลองหลวง1,0.0,0.0,both,0.0,0.0
2016,inseason,Ranong,ชัยนาท1,0.0,0.0,both,0.0,0.0
2016,inseason,Ranong,ปทุมธานี1,0.0,0.0,both,0.0,0.0
2016,inseason,Ranong,พันธุ์พื้นเมือง,12871.0,421.0,both,-12450.0,12450.0
2016,inseason,Ranong,ราชการไม่ไวต่อช่วงแสง,0.0,0.0,both,0.0,0.0
2016,inseason,Ranong,ราชการไวต่อช่วงแสง,7381.0,242.0,both,-7139.0,7139.0
2016,inseason,Ranong,สุพรรณบุรี1,0.0,0.0,both,0.0,0.0
2016,inseason,Ranong,"สุพรรณบุรี60,90",0.0,0.0,both,0.0,0.0
2016,inseason,Ranong,หอมสุพรรณบุรี,0.0,0.0,both,0.0,0.0
2016,inseason,Ratchaburi,กข15,0.0,0.0,both,0.0,0.0
2016,inseason,Ratchaburi,กข6,0.0,0.0,both,0.0,0.0
2016,inseason,Ratchaburi,ขาวดอกมะลิ105,393158.0,12695.0,both,-380463.0,380463.0
2016,inseason,Ratchaburi,คลองหลวง1,0.0,0.0,both,0.0,0.0
2016,inseason,Ratchaburi,ชัยนาท1,654624.0,21138.0,both,-633486.0,633486.0
2016,inseason,Ratchaburi,ปทุมธานี1,907823.0,29318.0,both,-878505.0,878505.0
2016,inseason,Ratchaburi,พันธุ์พื้นเมือง,215638.0,6963.0,both,-208675.0,208675.0
2016,inseason,Ratchaburi,ราชการไม่ไวต่อช่วงแสง,2865193.0,92531.0,both,-2772662.0,2772662.0
2016,inseason,Ratchaburi,ราชการไวต่อช่วงแสง,0.0,0.0,both,0.0,0.0
2016,inseason,Ratchaburi,สุพรรณบุรี1,2866647.0,92577.0,both,-2774070.0,2774070.0
2016,inseason,Ratchaburi,"สุพรรณบุรี60,90",0.0,0.0,both,0.0,0.0
2016,inseason,Ratchaburi,หอมสุพรรณบุรี,0.0,0.0,both,0.0,0.0
2016,inseason,Rayong,กข15,0.0,0.0,both,0.0,0.0
2016,inseason,Rayong,กข6,0.0,0.0,both,0.0,0.0
2016,inseason,Rayong,ขาวดอกมะลิ105,130469.0,4235.0,both,-126234.0,126234.0
2016,inseason,Rayong,คลองหลวง1,0.0,0.0,both,0.0,0.0
2016,inseason,Rayong,ชัยนาท1,0.0,0.0,both,0.0,0.0
2016,inseason,Rayong,ปทุมธานี1,31108.0,1009.0,both,-30099.0,30099.0
2016,inseason,Rayong,พันธุ์พื้นเมือง,18234.0,592.0,both,-17642.0,17642.0
2016,inseason,Rayong,ราชการไม่ไวต่อช่วงแสง,243567.0,7907.0,both,-235660.0,235660.0
2016,inseason,Rayong,ราชการไวต่อช่วงแสง,0.0,0.0,both,0.0,0.0
2016,inseason,Rayong,สุพรรณบุรี1,37391.0,1214.0,both,-36177.0,36177.0
2016,inseason,Rayong,"สุพรรณบุรี60,90",21745.0,706.0,both,-21039.0,21039.0
2016,inseason,Rayong,หอมสุพรรณบุรี,0.0,0.0,both,0.0,0.0
2016,inseason,Roi Et,กข15,2262649.0,74180.0,both,-2188469.0,2188469.0
2016,inseason,Roi Et,กข6,21461974.0,703622.0,both,-20758352.0,20758352.0
2016,inseason,Roi Et,ขาวดอกมะลิ105,68053650.0,2231111.0,both,-65822539.0,65822539.0
2016,inseason,Roi Et,คลองหลวง1,0.0,0.0,both,0.0,0.0
2016,inseason,Roi Et,ชัยนาท1,0.0,0.0,both,0.0,0.0
2016,inseason,Roi Et,ปทุมธานี1,0.0,0.0,both,0.0,0.0
2016,inseason,Roi Et,พันธุ์พื้นเมือง,822246.0,26957.0,both,-795289.0,795289.0
2016,inseason,Roi Et,ราชการไม่ไวต่อช่วงแสง,344979.0,11310.0,both,-333669.0,333669.0
2016,inseason,Roi Et,ราชการไวต่อช่วงแสง,411992.0,13508.0,both,-398484.0,398484.0
2016,inseason,Roi Et,สุพรรณบุรี1,0.0,0.0,both,0.0,0.0
2016,inseason,Roi Et,"สุพรรณบุรี60,90",0.0,0.0,both,0.0,0.0
2016,inseason,Roi Et,หอมสุพรรณบุรี,0.0,0.0,both,0.0,0.0
2016,inseason,Sa kaeo,กข15,0.0,0.0,both,0.0,0.0
2016,inseason,Sa kaeo,กข6,427773.0,14060.0,both,-413713.0,413713.0
2016,inseason,Sa kaeo,ขาวดอกมะลิ105,18386071.0,604442.0,both,-17781629.0,17781629.0
2016,inseason,Sa kaeo,คลองหลวง1,0.0,0.0,both,0.0,0.0
2016,inseason,Sa kaeo,ชัยนาท1,0.0,0.0,both,0.0,0.0
2016,inseason,Sa kaeo,ปทุมธานี1,74281.0,2441.0,both,-71840.0,71840.0
2016,inseason,Sa kaeo,พันธุ์พื้นเมือง,700807.0,23039.0,both,-677768.0,677768.0
2016,inseason,Sa kaeo,ราชการไม่ไวต่อช่วงแสง,941446.0,30951.0,both,-910495.0,910495.0
2016,inseason,Sa kaeo,ราชการไวต่อช่วงแสง,1398147.0,45963.0,both,-1352184.0,1352184.0
2016,inseason,Sa kaeo,สุพรรณบุรี1,0.0,0.0,both,0.0,0.0
2016,inseason,Sa kaeo,"สุพรรณบุรี60,90",0.0,0.0,both,0.0,0.0
2016,inseason,Sa kaeo,หอมสุพรรณบุรี,0.0,0.0,both,0.0,0.0
2016,inseason,Sakon Nakhon,กข15,3145005.0,102995.0,both,-3042010.0,3042010.0
2016,inseason,Sakon Nakhon,กข6,44896938.0,1470319.0,both,-43426619.0,43426619.0
2016,inseason,Sakon Nakhon,ขาวดอกมะลิ105,11963018.0,391774.0,both,-11571244.0,11571244.0
2016,inseason,Sakon Nakhon,คลองหลวง1,0.0,0.0,both,0.0,0.0
2016,inseason,Sakon Nakhon,ชัยนาท1,0.0,0.0,both,0.0,0.0
2016,inseason,Sakon Nakhon,ปทุมธานี1,0.0,0.0,both,0.0,0.0
2016,inseason,Sakon Nakhon,พันธุ์พื้นเมือง,1686934.0,55246.0,both,-1631688.0,1631688.0
2016,inseason,Sakon Nakhon,ราชการไม่ไวต่อช่วงแสง,1383961.0,45322.0,both,-1338639.0,1338639.0
2016,inseason,Sakon Nakhon,ราชการไวต่อช่วงแสง,832978.0,27279.0,both,-805699.0,805699.0
2016,inseason,Sakon Nakhon,สุพรรณบุรี1,0.0,0.0,both,0.0,0.0
2016,inseason,Sakon Nakhon,"สุพรรณบุรี60,90",0.0,0.0,both,0.0,0.0
2016,inseason,Sakon Nakhon,หอมสุพรรณบุรี,0.0,0.0,both,0.0,0.0
2016,inseason,Samut Prakarn,กข15,0.0,0.0,both,0.0,0.0
2016,inseason,Samut Prakarn,กข6,0.0,0.0,both,0.0,0.0
2016,inseason,Samut Prakarn,ขาวดอกมะลิ105,0.0,0.0,both,0.0,0.0
2016,inseason,Samut Prakarn,คลองหลวง1,0.0,0.0,both,0.0,0.0
2016,inseason,Samut Prakarn,ชัยนาท1,0.0,0.0,both,0.0,0.0
2016,inseason,Samut Prakarn,ปทุมธานี1,146711.0,4818.0,both,-141893.0,141893.0
2016,inseason,Samut Prakarn,พันธุ์พื้นเมือง,0.0,0.0,both,0.0,0.0
2016,inseason,Samut Prakarn,ราชการไม่ไวต่อช่วงแสง,404780.0,13293.0,both,-391487.0,391487.0
2016,inseason,Samut Prakarn,ราชการไวต่อช่วงแสง,0.0,0.0,both,0.0,0.0
2016,inseason,Samut Prakarn,สุพรรณบุรี1,0.0,0.0,both,0.0,0.0
2016,inseason,Samut Prakarn,"สุพรรณบุรี60,90",20037.0,658.0,both,-19379.0,19379.0
2016,inseason,Samut Prakarn,หอมสุพรรณบุรี,0.0,0.0,both,0.0,0.0
2016,inseason,Samut Sakhon,กข15,0.0,0.0,both,0.0,0.0
2016,inseason,Samut Sakhon,กข6,0.0,0.0,both,0.0,0.0
2016,inseason,Samut Sakhon,ขาวดอกมะลิ105,0.0,0.0,both,0.0,0.0
2016,inseason,Samut Sakhon,คลองหลวง1,0.0,0.0,both,0.0,0.0
2016,inseason,Samut Sakhon,ชัยนาท1,0.0,0.0,both,0.0,0.0
2016,inseason,Samut Sakhon,ปทุมธานี1,9866.0,322.0,both,-9544.0,9544.0
2016,inseason,Samut Sakhon,พันธุ์พื้นเมือง,0.0,0.0,both,0.0,0.0
2016,inseason,Samut Sakhon,ราชการไม่ไวต่อช่วงแสง,166864.0,5430.0,both,-161434.0,161434.0
2016,inseason,Samut Sakhon,ราชการไวต่อช่วงแสง,0.0,0.0,both,0.0,0.0
2016,inseason,Samut Sakhon,สุพรรณบุรี1,9129.0,297.0,both,-8832.0,8832.0
2016,inseason,Samut Sakhon,"สุพรรณบุรี60,90",0.0,0.0,both,0.0,0.0
2016,inseason,Samut Sakhon,หอมสุพรรณบุรี,0.0,0.0,both,0.0,0.0
2016,inseason,Samut Songkhram,กข15,0.0,0.0,both,0.0,0.0
2016,inseason,Samut Songkhram,กข6,0.0,0.0,both,0.0,0.0
2016,inseason,Samut Songkhram,ขาวดอกมะลิ105,0.0,0.0,both,0.0,0.0
2016,inseason,Samut Songkhram,คลองหลวง1,0.0,0.0,both,0.0,0.0
2016,inseason,Samut Songkhram,ชัยนาท1,0.0,0.0,both,0.0,0.0
2016,inseason,Samut Songkhram,ปทุมธานี1,0.0,0.0,both,0.0,0.0
2016,inseason,Samut Songkhram,พันธุ์พื้นเมือง,0.0,0.0,both,0.0,0.0
2016,inseason,Samut Songkhram,ราชการไม่ไวต่อช่วงแสง,47131.0,1530.0,both,-45601.0,45601.0
2016,inseason,Samut Songkhram,ราชการไวต่อช่วงแสง,0.0,0.0,both,0.0,0.0
2016,inseason,Samut Songkhram,สุพรรณบุรี1,34162.0,1109.0,both,-33053.0,33053.0
2016,inseason,Samut Songkhram,"สุพรรณบุรี60,90",0.0,0.0,both,0.0,0.0
2016,inseason,Samut Songkhram,หอมสุพรรณบุรี,0.0,0.0,both,0.0,0.0
2016,inseason,Saraburi,กข15,0.0,0.0,both,0.0,0.0
2016,inseason,Saraburi,กข6,0.0,0.0,both,0.0,0.0
2016,inseason,Saraburi,ขาวดอกมะลิ105,486146.0,15775.0,both,-470371.0,470371.0
2016,inseason,Saraburi,คลองหลวง1,0.0,0.0,both,0.0,0.0
2016,inseason,Saraburi,ชัยนาท1,213751.0,6937.0,both,-206814.0,206814.0
2016,inseason,Saraburi,ปทุมธานี1,595795.0,19334.0,both,-576461.0,576461.0
2016,inseason,Saraburi,พันธุ์พื้นเมือง,378532.0,12284.0,both,-366248.0,366248.0
2016,inseason,Saraburi,ราชการไม่ไวต่อช่วงแสง,7285076.0,236395.0,both,-7048681.0,7048681.0
2016,inseason,Saraburi,ราชการไวต่อช่วงแสง,0.0,0.0,both,0.0,0.0
2016,inseason,Saraburi,สุพรรณบุรี1,1136335.0,36872.0,both,-1099463.0,1099463.0
2016,inseason,Saraburi,"สุพรรณบุรี60,90",0.0,0.0,both,0.0,0.0
2016,inseason,Saraburi,หอมสุพรรณบุรี,0.0,0.0,both,0.0,0.0
2016,inseason,Satun,กข15,0.0,0.0,both,0.0,0.0
2016,inseason,Satun,กข6,0.0,0.0,both,0.0,0.0
2016,inseason,Satun,ขาวดอกมะลิ105,0.0,0.0,both,0.0,0.0
2016,inseason,Satun,คลองหลวง1,0.0,0.0,both,0.0,0.0
2016,inseason,Satun,ชัยนาท1,0.0,0.0,both,0.0,0.0
2016,inseason,Satun,ปทุมธานี1,80987.0,2649.0,both,-78338.0,78338.0
2016,inseason,Satun,พันธุ์พื้นเมือง,578249.0,18914.0,both,-559335.0,559335.0
2016,inseason,Satun,ราชการไม่ไวต่อช่วงแสง,0.0,0.0,both,0.0,0.0
2016,inseason,Satun,ราชการไวต่อช่วงแสง,0.0,0.0,both,0.0,0.0
2016,inseason,Satun,สุพรรณบุรี1,0.0,0.0,both,0.0,0.0
2016,inseason,Satun,"สุพรรณบุรี60,90",0.0,0.0,both,0.0,0.0
2016,inseason,Satun,หอมสุพรรณบุรี,0.0,0.0,both,0.0,0.0
2016,inseason,Si Sa Ket,กข15,3163864.0,103242.0,both,-3060622.0,3060622.0
2016,inseason,Si Sa Ket,กข6,5040706.0,164487.0,both,-4876219.0,4876219.0
2016,inseason,Si Sa Ket,ขาวดอกมะลิ105,79713532.0,2601208.0,both,-77112324.0,77112324.0
2016,inseason,Si Sa Ket,คลองหลวง1,0.0,0.0,both,0.0,0.0
2016,inseason,Si Sa Ket,ชัยนาท1,0.0,0.0,both,0.0,0.0
2016,inseason,Si Sa Ket,ปทุมธานี1,0.0,0.0,both,0.0,0.0
2016,inseason,Si Sa Ket,พันธุ์พื้นเมือง,1626443.0,53074.0,both,-1573369.0,1573369.0
2016,inseason,Si Sa Ket,ราชการไม่ไวต่อช่วงแสง,408557.0,13332.0,both,-395225.0,395225.0
2016,inseason,Si Sa Ket,ราชการไวต่อช่วงแสง,1264957.0,41278.0,both,-1223679.0,1223679.0
2016,inseason,Si Sa Ket,สุพรรณบุรี1,0.0,0.0,both,0.0,0.0
2016,inseason,Si Sa Ket,"สุพรรณบุรี60,90",0.0,0.0,both,0.0,0.0
2016,inseason,Si Sa Ket,หอมสุพรรณบุรี,0.0,0.0,both,0.0,0.0
2016,inseason,Sing Buri,กข15,0.0,0.0,both,0.0,0.0
2016,inseason,Sing Buri,กข6,140301.0,4577.0,both,-135724.0,135724.0
2016,inseason,Sing Buri,ขาวดอกมะลิ105,34431.0,1124.0,both,-33307.0,33307.0
2016,inseason,Sing Buri,คลองหลวง1,0.0,0.0,both,0.0,0.0
2016,inseason,Sing Buri,ชัยนาท1,0.0,0.0,both,0.0,0.0
2016,inseason,Sing Buri,ปทุมธานี1,2068063.0,67451.0,both,-2000612.0,2000612.0
2016,inseason,Sing Buri,พันธุ์พื้นเมือง,0.0,0.0,both,0.0,0.0
2016,inseason,Sing Buri,ราชการไม่ไวต่อช่วงแสง,6004990.0,195857.0,both,-5809133.0,5809133.0
2016,inseason,Sing Buri,ราชการไวต่อช่วงแสง,0.0,0.0,both,0.0,0.0
2016,inseason,Sing Buri,สุพรรณบุรี1,571660.0,18645.0,both,-553015.0,553015.0
2016,inseason,Sing Buri,"สุพรรณบุรี60,90",0.0,0.0,both,0.0,0.0
2016,inseason,Sing Buri,หอมสุพรรณบุรี,0.0,0.0,both,0.0,0.0
2016,inseason,Songkhla,กข15,0.0,0.0,both,0.0,0.0
2016,inseason,Songkhla,กข6,0.0,0.0,both,0.0,0.0
2016,inseason,Songkhla,ขาวดอกมะลิ105,0.0,0.0,both,0.0,0.0
2016,inseason,Songkhla,คลองหลวง1,0.0,0.0,both,0.0,0.0
2016,inseason,Songkhla,ชัยนาท1,256712.0,6683.0,both,-250029.0,250029.0
2016,inseason,Songkhla,ปทุมธานี1,468008.0,12184.0,both,-455824.0,455824.0
2016,inseason,Songkhla,พันธุ์พื้นเมือง,2108413.0,54885.0,both,-2053528.0,2053528.0
2016,inseason,Songkhla,ราชการไม่ไวต่อช่วงแสง,1451803.0,37794.0,both,-1414009.0,1414009.0
2016,inseason,Songkhla,ราชการไวต่อช่วงแสง,1549170.0,40325.0,both,-1508845.0,1508845.0
2016,inseason,Songkhla,สุพรรณบุรี1,0.0,0.0,both,0.0,0.0
2016,inseason,Songkhla,"สุพรรณบุรี60,90",0.0,0.0,both,0.0,0.0
2016,inseason,Songkhla,หอมสุพรรณบุรี,0.0,0.0,both,0.0,0.0
2016,inseason,Sukhothai,กข15,87787.0,2862.0,both,-84925.0,84925.0
2016,inseason,Sukhothai,กข6,501721.0,16357.0,both,-485364.0,485364.0
2016,inseason,Sukhothai,ขาวดอกมะลิ105,3382887.0,110289.0,both,-3272598.0,3272598.0
2016,inseason,Sukhothai,คลองหลวง1,0.0,0.0,both,0.0,0.0
2016,inseason,Sukhothai,ชัยนาท1,649444.0,21173.0,both,-628271.0,628271.0
2016,inseason,Sukhothai,ปทุมธานี1,269188.0,8775.0,both,-260413.0,260413.0
2016,inseason,Sukhothai,พันธุ์พื้นเมือง,1307844.0,42637.0,both,-1265207.0,1265207.0
2016,inseason,Sukhothai,ราชการไม่ไวต่อช่วงแสง,20115890.0,655813.0,both,-19460077.0,19460077.0
2016,inseason,Sukhothai,ราชการไวต่อช่วงแสง,132968.0,4336.0,both,-128632.0,128632.0
2016,inseason,Sukhothai,สุพรรณบุรี1,1609239.0,52463.0,both,-1556776.0,1556776.0
2016,inseason,Sukhothai,"สุพรรณบุรี60,90",1377534.0,44911.0,both,-1332623.0,1332623.0
2016,inseason,Sukhothai,หอมสุพรรณบุรี,38863.0,1267.0,both,-37596.0,37596.0
2016,inseason,Suphan Buri,กข15,0.0,0.0,both,0.0,0.0
2016,inseason,Suphan Buri,กข6,0.0,0.0,both,0.0,0.0
2016,inseason,Suphan Buri,ขาวดอกมะลิ105,2105893.0,68541.0,both,-2037352.0,2037352.0
2016,inseason,Suphan Buri,คลองหลวง1,0.0,0.0,both,0.0,0.0
2016,inseason,Suphan Buri,ชัยนาท1,0.0,0.0,both,0.0,0.0
2016,inseason,Suphan Buri,ปทุมธานี1,4083998.0,132921.0,both,-3951077.0,3951077.0
2016,inseason,Suphan Buri,พันธุ์พื้นเมือง,37762.0,1229.0,both,-36533.0,36533.0
2016,inseason,Suphan Buri,ราชการไม่ไวต่อช่วงแสง,29247451.0,951895.0,both,-28295556.0,28295556.0
2016,inseason,Suphan Buri,ราชการไวต่อช่วงแสง,0.0,0.0,both,0.0,0.0
2016,inseason,Suphan Buri,สุพรรณบุรี1,1485484.0,48347.0,both,-1437137.0,1437137.0
2016,inseason,Suphan Buri,"สุพรรณบุรี60,90",0.0,0.0,both,0.0,0.0
2016,inseason,Suphan Buri,หอมสุพรรณบุรี,0.0,0.0,both,0.0,0.0
2016,inseason,Surat Thani,กข15,0.0,0.0,both,0.0,0.0
2016,inseason,Surat Thani,กข6,0.0,0.0,both,0.0,0.0
2016,inseason,Surat Thani,ขาวดอกมะลิ105,14769.0,486.0,both,-14283.0,14283.0
2016,inseason,Surat Thani,คลองหลวง1,0.0,0.0,both,0.0,0.0
2016,inseason,Surat Thani,ชัยนาท1,0.0,0.0,both,0.0,0.0
2016,inseason,Surat Thani,ปทุมธานี1,99859.0,3286.0,both,-96573.0,96573.0
2016,inseason,Surat Thani,พันธุ์พื้นเมือง,8995.0,296.0,both,-8699.0,8699.0
2016,inseason,Surat Thani,ราชการไม่ไวต่อช่วงแสง,30511.0,1004.0,both,-29507.0,29507.0
2016,inseason,Surat Thani,ราชการไวต่อช่วงแสง,14405.0,474.0,both,-13931.0,13931.0
2016,inseason,Surat Thani,สุพรรณบุรี1,8783.0,289.0,both,-8494.0,8494.0
2016,inseason,Surat Thani,"สุพรรณบุรี60,90",0.0,0.0,both,0.0,0.0
2016,inseason,Surat Thani,หอมสุพรรณบุรี,0.0,0.0,both,0.0,0.0
2016,inseason,Surin,กข15,14733018.0,481107.0,both,-14251911.0,14251911.0
2016,inseason,Surin,กข6,195406.0,6380.0,both,-189026.0,189026.0
2016,inseason,Surin,ขาวดอกมะลิ105,78010506.0,2547440.0,both,-75463066.0,75463066.0
2016,inseason,Surin,คลองหลวง1,0.0,0.0,both,0.0,0.0
2016,inseason,Surin,ชัยนาท1,0.0,0.0,both,0.0,0.0
2016,inseason,Surin,ปทุมธานี1,0.0,0.0,both,0.0,0.0
2016,inseason,Surin,พันธุ์พื้นเมือง,866664.0,28301.0,both,-838363.0,838363.0
2016,inseason,Surin,ราชการไม่ไวต่อช่วงแสง,233501.0,7625.0,both,-225876.0,225876.0
2016,inseason,Surin,ราชการไวต่อช่วงแสง,0.0,0.0,both,0.0,0.0
2016,inseason,Surin,สุพรรณบุรี1,0.0,0.0,both,0.0,0.0
2016,inseason,Surin,"สุพรรณบุรี60,90",0.0,0.0,both,0.0,0.0
2016,inseason,Surin,หอมสุพรรณบุรี,0.0,0.0,both,0.0,0.0
2016,inseason,Tak,กข15,0.0,0.0,both,0.0,0.0
2016,inseason,Tak,กข6,576493.0,18733.0,both,-557760.0,557760.0
2016,inseason,Tak,ขาวดอกมะลิ105,2873696.0,93384.0,both,-2780312.0,2780312.0
2016,inseason,Tak,คลองหลวง1,0.0,0.0,both,0.0,0.0
2016,inseason,Tak,ชัยนาท1,138015.0,4486.0,both,-133529.0,133529.0
2016,inseason,Tak,ปทุมธานี1,110689.0,3597.0,both,-107092.0,107092.0
2016,inseason,Tak,พันธุ์พื้นเมือง,2106013.0,68439.0,both,-2037574.0,2037574.0
2016,inseason,Tak,ราชการไม่ไวต่อช่วงแสง,606896.0,19723.0,both,-587173.0,587173.0
2016,inseason,Tak,ราชการไวต่อช่วงแสง,299233.0,9724.0,both,-289509.0,289509.0
2016,inseason,Tak,สุพรรณบุรี1,57114.0,1857.0,both,-55257.0,55257.0
2016,inseason,Tak,"สุพรรณบุรี60,90",0.0,0.0,both,0.0,0.0
2016,inseason,Tak,หอมสุพรรณบุรี,0.0,0.0,both,0.0,0.0
2016,inseason,Trang,กข15,0.0,0.0,both,0.0,0.0
2016,inseason,Trang,กข6,0.0,0.0,both,0.0,0.0
2016,inseason,Trang,ขาวดอกมะลิ105,0.0,0.0,both,0.0,0.0
2016,inseason,Trang,คลองหลวง1,0.0,0.0,both,0.0,0.0
2016,inseason,Trang,ชัยนาท1,0.0,0.0,both,0.0,0.0
2016,inseason,Trang,ปทุมธานี1,5448.0,179.0,both,-5269.0,5269.0
2016,inseason,Trang,พันธุ์พื้นเมือง,225352.0,7405.0,both,-217947.0,217947.0
2016,inseason,Trang,ราชการไม่ไวต่อช่วงแสง,136325.0,4479.0,both,-131846.0,131846.0
2016,inseason,Trang,ราชการไวต่อช่วงแสง,0.0,0.0,both,0.0,0.0
2016,inseason,Trang,สุพรรณบุรี1,0.0,0.0,both,0.0,0.0
2016,inseason,Trang,"สุพรรณบุรี60,90",0.0,0.0,both,0.0,0.0
2016,inseason,Trang,หอมสุพรรณบุรี,0.0,0.0,both,0.0,0.0
2016,inseason,Trat,กข15,0.0,0.0,both,0.0,0.0
2016,inseason,Trat,กข6,0.0,0.0,both,0.0,0.0
2016,inseason,Trat,ขาวดอกมะลิ105,422707.0,13858.0,both,-408849.0,408849.0
2016,inseason,Trat,คลองหลวง1,0.0,0.0,both,0.0,0.0
2016,inseason,Trat,ชัยนาท1,0.0,0.0,both,0.0,0.0
2016,inseason,Trat,ปทุมธานี1,15863.0,520.0,both,-15343.0,15343.0
2016,inseason,Trat,พันธุ์พื้นเมือง,43470.0,1426.0,both,-42044.0,42044.0
2016,inseason,Trat,ราชการไม่ไวต่อช่วงแสง,9121.0,299.0,both,-8822.0,8822.0
2016,inseason,Trat,ราชการไวต่อช่วงแสง,2257.0,74.0,both,-2183.0,2183.0
2016,inseason,Trat,สุพรรณบุรี1,0.0,0.0,both,0.0,0.0
2016,inseason,Trat,"สุพรรณบุรี60,90",0.0,0.0,both,0.0,0.0
2016,inseason,Trat,หอมสุพรรณบุรี,0.0,0.0,both,0.0,0.0
2016,inseason,Ubon Ratchathani,กข15,10968730.0,356274.0,both,-10612456.0,10612456.0
2016,inseason,Ubon Ratchathani,กข6,28613019.0,929374.0,both,-27683645.0,27683645.0
2016,inseason,Ubon Ratchathani,ขาวดอกมะลิ105,74913583.0,2433259.0,both,-72480324.0,72480324.0
2016,inseason,Ubon Ratchathani,คลองหลวง1,0.0,0.0,both,0.0,0.0
2016,inseason,Ubon Ratchathani,ชัยนาท1,0.0,0.0,both,0.0,0.0
2016,inseason,Ubon Ratchathani,ปทุมธานี1,0.0,0.0,both,0.0,0.0
2016,inseason,Ubon Ratchathani,พันธุ์พื้นเมือง,1793240.0,58246.0,both,-1734994.0,1734994.0
2016,inseason,Ubon Ratchathani,ราชการไม่ไวต่อช่วงแสง,1072569.0,34838.0,both,-1037731.0,1037731.0
2016,inseason,Ubon Ratchathani,ราชการไวต่อช่วงแสง,1554238.0,50484.0,both,-1503754.0,1503754.0
2016,inseason,Ubon Ratchathani,สุพรรณบุรี1,0.0,0.0,both,0.0,0.0
2016,inseason,Ubon Ratchathani,"สุพรรณบุรี60,90",0.0,0.0,both,0.0,0.0
2016,inseason,Ubon Ratchathani,หอมสุพรรณบุรี,0.0,0.0,both,0.0,0.0
2016,inseason,Udon Thani,กข15,3013231.0,98146.0,both,-2915085.0,2915085.0
2016,inseason,Udon Thani,กข6,38665365.0,1259397.0,both,-37405968.0,37405968.0
2016,inseason,Udon Thani,ขาวดอกมะลิ105,8098415.0,263779.0,both,-7834636.0,7834636.0
2016,inseason,Udon Thani,คลองหลวง1,0.0,0.0,both,0.0,0.0
2016,inseason,Udon Thani,ชัยนาท1,0.0,0.0,both,0.0,0.0
2016,inseason,Udon Thani,ปทุมธานี1,0.0,0.0,both,0.0,0.0
2016,inseason,Udon Thani,พันธุ์พื้นเมือง,1639553.0,53401.0,both,-1586152.0,1586152.0
2016,inseason,Udon Thani,ราชการไม่ไวต่อช่วงแสง,652008.0,21237.0,both,-630771.0,630771.0
2016,inseason,Udon Thani,ราชการไวต่อช่วงแสง,1356301.0,44177.0,both,-1312124.0,1312124.0
2016,inseason,Udon Thani,สุพรรณบุรี1,0.0,0.0,both,0.0,0.0
2016,inseason,Udon Thani,"สุพรรณบุรี60,90",0.0,0.0,both,0.0,0.0
2016,inseason,Udon Thani,หอมสุพรรณบุรี,0.0,0.0,both,0.0,0.0
2016,inseason,Uthai Thani,กข15,0.0,0.0,both,0.0,0.0
2016,inseason,Uthai Thani,กข6,0.0,0.0,both,0.0,0.0
2016,inseason,Uthai Thani,ขาวดอกมะลิ105,641721.0,21046.0,both,-620675.0,620675.0
2016,inseason,Uthai Thani,คลองหลวง1,0.0,0.0,both,0.0,0.0
2016,inseason,Uthai Thani,ชัยนาท1,2632621.0,86340.0,both,-2546281.0,2546281.0
2016,inseason,Uthai Thani,ปทุมธานี1,1086315.0,35627.0,both,-1050688.0,1050688.0
2016,inseason,Uthai Thani,พันธุ์พื้นเมือง,282807.0,9276.0,both,-273531.0,273531.0
2016,inseason,Uthai Thani,ราชการไม่ไวต่อช่วงแสง,8856390.0,290456.0,both,-8565934.0,8565934.0
2016,inseason,Uthai Thani,ราชการไวต่อช่วงแสง,0.0,0.0,both,0.0,0.0
2016,inseason,Uthai Thani,สุพรรณบุรี1,613943.0,20135.0,both,-593808.0,593808.0
2016,inseason,Uthai Thani,"สุพรรณบุรี60,90",397607.0,13040.0,both,-384567.0,384567.0
2016,inseason,Uthai Thani,หอมสุพรรณบุรี,0.0,0.0,both,0.0,0.0
2016,inseason,Uttaradit,กข15,0.0,0.0,both,0.0,0.0
2016,inseason,Uttaradit,กข6,1516438.0,49197.0,both,-1467241.0,1467241.0
2016,inseason,Uttaradit,ขาวดอกมะลิ105,1904109.0,61774.0,both,-1842335.0,1842335.0
2016,inseason,Uttaradit,คลองหลวง1,0.0,0.0,both,0.0,0.0
2016,inseason,Uttaradit,ชัยนาท1,67011.0,2173.0,both,-64838.0,64838.0
2016,inseason,Uttaradit,ปทุมธานี1,3123713.0,101341.0,both,-3022372.0,3022372.0
2016,inseason,Uttaradit,พันธุ์พื้นเมือง,231918.0,7524.0,both,-224394.0,224394.0
2016,inseason,Uttaradit,ราชการไม่ไวต่อช่วงแสง,7663873.0,248635.0,both,-7415238.0,7415238.0
2016,inseason,Uttaradit,ราชการไวต่อช่วงแสง,121230.0,3933.0,both,-117297.0,117297.0
2016,inseason,Uttaradit,สุพรรณบุรี1,1952749.0,63351.0,both,-1889398.0,1889398.0
2016,inseason,Uttaradit,"สุพรรณบุรี60,90",157448.0,5107.0,both,-152341.0,152341.0
2016,inseason,Uttaradit,หอมสุพรรณบุรี,60137.0,1950.0,both,-58187.0,58187.0
2016,inseason,Yala,กข15,0.0,0.0,both,0.0,0.0
2016,inseason,Yala,กข6,0.0,0.0,both,0.0,0.0
2016,inseason,Yala,ขาวดอกมะลิ105,0.0,0.0,both,0.0,0.0
2016,inseason,Yala,คลองหลวง1,0.0,0.0,both,0.0,0.0
2016,inseason,Yala,ชัยนาท1,0.0,0.0,both,0.0,0.0
2016,inseason,Yala,ปทุมธานี1,0.0,0.0,both,0.0,0.0
2016,inseason,Yala,พันธุ์พื้นเมือง,478858.0,7892.0,both,-470966.0,470966.0
2016,inseason,Yala,ราชการไม่ไวต่อช่วงแสง,49714.0,819.0,both,-48895.0,48895.0
2016,inseason,Yala,ราชการไวต่อช่วงแสง,37445.0,617.0,both,-36828.0,36828.0
2016,inseason,Yala,สุพรรณบุรี1,0.0,0.0,both,0.0,0.0
2016,inseason,Yala,"สุพรรณบุรี60,90",0.0,0.0,both,0.0,0.0
2016,inseason,Yala,หอมสุพรรณบุรี,0.0,0.0,both,0.0,0.0
2016,inseason,Yasothon,กข15,856775.0,27863.0,both,-828912.0,828912.0
2016,inseason,Yasothon,กข6,13415202.0,436272.0,both,-12978930.0,12978930.0
2016,inseason,Yasothon,ขาวดอกมะลิ105,24158975.0,785669.0,both,-23373306.0,23373306.0
2016,inseason,Yasothon,คลองหลวง1,0.0,0.0,both,0.0,0.0
2016,inseason,Yasothon,ชัยนาท1,0.0,0.0,both,0.0,0.0
2016,inseason,Yasothon,ปทุมธานี1,0.0,0.0,both,0.0,0.0
2016,inseason,Yasothon,พันธุ์พื้นเมือง,780147.0,25370.0,both,-754777.0,754777.0
2016,inseason,Yasothon,ราชการไม่ไวต่อช่วงแสง,262601.0,8540.0,both,-254061.0,254061.0
2016,inseason,Yasothon,ราชการไวต่อช่วงแสง,425543.0,13838.0,both,-411705.0,411705.0
2016,inseason,Yasothon,สุพรรณบุรี1,0.0,0.0,both,0.0,0.0
2016,inseason,Yasothon,"สุพรรณบุรี60,90",0.0,0.0,both,0.0,0.0
2016,inseason,Yasothon,หอมสุพรรณบุรี,0.0,0.0,both,0.0,0.0
2016,offseason,Amnat Charoen,กข10,3165.0,86.0,both,-3079.0,3079.0
2016,offseason,Amnat Charoen,กขไม่ไวต่อช่วงแสง,5685.0,156.0,both,-5529.0,5529.0
2016,offseason,Amnat Charoen,"ชัยนาท1,2",13489.0,367.0,both,-13122.0,13122.0
2016,offseason,Amnat Charoen,ปทุมธานี1,0.0,0.0,both,0.0,0.0
2016,offseason,Amnat Charoen,"พิษณุโลก2,60-2",0.0,0.0,both,0.0,0.0
2016,offseason,Amnat Charoen,ราชการไม่ไวต่อช่วงแสง,14473.0,394.0,both,-14079.0,14079.0
2016,offseason,Amnat Charoen,สุพรรณบุรี1,4302.0,117.0,both,-4185.0,4185.0
2016,offseason,Amnat Charoen,"สุพรรณบุรี60,90",0.0,0.0,both,0.0,0.0
2016,offseason,Amnat Charoen,หอมสุพรรณบุรี,0.0,0.0,both,0.0,0.0
2016,offseason,Ang Thong,กข10,0.0,0.0,both,0.0,0.0
2016,offseason,Ang Thong,กขไม่ไวต่อช่วงแสง,460354.0,12817.0,both,-447537.0,447537.0
2016,offseason,Ang Thong,"ชัยนาท1,2",0.0,0.0,both,0.0,0.0
2016,offseason,Ang Thong,ปทุมธานี1,194413.0,5412.0,both,-189001.0,189001.0
2016,offseason,Ang Thong,"พิษณุโลก2,60-2",22833.0,636.0,both,-22197.0,22197.0
2016,offseason,Ang Thong,ราชการไม่ไวต่อช่วงแสง,19160.0,535.0,both,-18625.0,18625.0
2016,offseason,Ang Thong,สุพรรณบุรี1,18854.0,525.0,both,-18329.0,18329.0
2016,offseason,Ang Thong,"สุพรรณบุรี60,90",1897.0,52.0,both,-1845.0,1845.0
2016,offseason,Ang Thong,หอมสุพรรณบุรี,0.0,0.0,both,0.0,0.0
2016,offseason,Bangkok,กข10,0.0,0.0,both,0.0,0.0
2016,offseason,Bangkok,กขไม่ไวต่อช่วงแสง,1630421.0,53611.0,both,-1576810.0,1576810.0
2016,offseason,Bangkok,"ชัยนาท1,2",0.0,0.0,both,0.0,0.0
2016,offseason,Bangkok,ปทุมธานี1,519341.0,17077.0,both,-502264.0,502264.0
2016,offseason,Bangkok,"พิษณุโลก2,60-2",138136.0,4543.0,both,-133593.0,133593.0
2016,offseason,Bangkok,ราชการไม่ไวต่อช่วงแสง,189598.0,6234.0,both,-183364.0,183364.0
2016,offseason,Bangkok,สุพรรณบุรี1,57731.0,1898.0,both,-55833.0,55833.0
2016,offseason,Bangkok,"สุพรรณบุรี60,90",20572.0,675.0,both,-19897.0,19897.0
2016,offseason,Bangkok,หอมสุพรรณบุรี,0.0,0.0,both,0.0,0.0
2016,offseason,Bueng Kan,กข10,106929.0,3590.0,both,-103339.0,103339.0
2016,offseason,Bueng Kan,กขไม่ไวต่อช่วงแสง,114126.0,3830.0,both,-110296.0,110296.0
2016,offseason,Bueng Kan,"ชัยนาท1,2",8617.0,289.0,both,-8328.0,8328.0
2016,offseason,Bueng Kan,ปทุมธานี1,12724.0,428.0,both,-12296.0,12296.0
2016,offseason,Bueng Kan,"พิษณุโลก2,60-2",0.0,0.0,both,0.0,0.0
2016,offseason,Bueng Kan,ราชการไม่ไวต่อช่วงแสง,53525.0,1795.0,both,-51730.0,51730.0
2016,offseason,Bueng Kan,สุพรรณบุรี1,0.0,0.0,both,0.0,0.0
2016,offseason,Bueng Kan,"สุพรรณบุรี60,90",0.0,0.0,both,0.0,0.0
2016,offseason,Bueng Kan,หอมสุพรรณบุรี,0.0,0.0,both,0.0,0.0
2016,offseason,Buri Ram,กข10,2074.0,63.0,both,-2011.0,2011.0
2016,offseason,Buri Ram,กขไม่ไวต่อช่วงแสง,18509.0,554.0,both,-17955.0,17955.0
2016,offseason,Buri Ram,"ชัยนาท1,2",139283.0,4169.0,both,-135114.0,135114.0
2016,offseason,Buri Ram,ปทุมธานี1,20273.0,607.0,both,-19666.0,19666.0
2016,offseason,Buri Ram,"พิษณุโลก2,60-2",0.0,0.0,both,0.0,0.0
2016,offseason,Buri Ram,ราชการไม่ไวต่อช่วงแสง,17147.0,513.0,both,-16634.0,16634.0
2016,offseason,Buri Ram,สุพรรณบุรี1,1114.0,33.0,both,-1081.0,1081.0
2016,offseason,Buri Ram,"สุพรรณบุรี60,90",990.0,30.0,both,-960.0,960.0
2016,offseason,Buri Ram,หอมสุพรรณบุรี,0.0,0.0,both,0.0,0.0
2016,offseason,Chachoengsao,กข10,0.0,0.0,both,0.0,0.0
2016,offseason,Chachoengsao,กขไม่ไวต่อช่วงแสง,7836105.0,277399.0,both,-7558706.0,7558706.0
2016,offseason,Chachoengsao,"ชัยนาท1,2",42327.0,1500.0,both,-40827.0,40827.0
2016,offseason,Chachoengsao,ปทุมธานี1,752002.0,26621.0,both,-725381.0,725381.0
2016,offseason,Chachoengsao,"พิษณุโลก2,60-2",729467.0,25823.0,both,-703644.0,703644.0
2016,offseason,Chachoengsao,ราชการไม่ไวต่อช่วงแสง,654314.0,23162.0,both,-631152.0,631152.0
2016,offseason,Chachoengsao,สุพรรณบุรี1,312222.0,11055.0,both,-301167.0,301167.0
2016,offseason,Chachoengsao,"สุพรรณบุรี60,90",356994.0,12639.0,both,-344355.0,344355.0
2016,offseason,Chachoengsao,หอมสุพรรณบุรี,3922.0,140.0,both,-3782.0,3782.0
2016,offseason,Chai Nat,กข10,0.0,0.0,both,0.0,0.0
2016,offseason,Chai Nat,กขไม่ไวต่อช่วงแสง,2864877.0,85481.0,both,-2779396.0,2779396.0
2016,offseason,Chai Nat,"ชัยนาท1,2",55158.0,1645.0,both,-53513.0,53513.0
2016,offseason,Chai Nat,ปทุมธานี1,1323466.0,39489.0,both,-1283977.0,1283977.0
2016,offseason,Chai Nat,"พิษณุโลก2,60-2",22613.0,674.0,both,-21939.0,21939.0
2016,offseason,Chai Nat,ราชการไม่ไวต่อช่วงแสง,28205.0,841.0,both,-27364.0,27364.0
2016,offseason,Chai Nat,สุพรรณบุรี1,212139.0,6329.0,both,-205810.0,205810.0
2016,offseason,Chai Nat,"สุพรรณบุรี60,90",8771.0,262.0,both,-8509.0,8509.0
2016,offseason,Chai Nat,หอมสุพรรณบุรี,0.0,0.0,both,0.0,0.0
2016,offseason,Chaiyaphum,กข10,90913.0,2448.0,both,-88465.0,88465.0
2016,offseason,Chaiyaphum,กขไม่ไวต่อช่วงแสง,59743.0,1609.0,both,-58134.0,58134.0
2016,offseason,Chaiyaphum,"ชัยนาท1,2",110735.0,2981.0,both,-107754.0,107754.0
2016,offseason,Chaiyaphum,ปทุมธานี1,104735.0,2820.0,both,-101915.0,101915.0
2016,offseason,Chaiyaphum,"พิษณุโลก2,60-2",36396.0,980.0,both,-35416.0,35416.0
2016,offseason,Chaiyaphum,ราชการไม่ไวต่อช่วงแสง,100623.0,2708.0,both,-97915.0,97915.0
2016,offseason,Chaiyaphum,สุพรรณบุรี1,150501.0,4051.0,both,-146450.0,146450.0
2016,offseason,Chaiyaphum,"สุพรรณบุรี60,90",24119.0,650.0,both,-23469.0,23469.0
2016,offseason,Chaiyaphum,หอมสุพรรณบุรี,0.0,0.0,both,0.0,0.0
2016,offseason,Chanthaburi,กข10,0.0,0.0,both,0.0,0.0
2016,offseason,Chanthaburi,กขไม่ไวต่อช่วงแสง,0.0,0.0,both,0.0,0.0
2016,offseason,Chanthaburi,"ชัยนาท1,2",0.0,0.0,both,0.0,0.0
2016,offseason,Chanthaburi,ปทุมธานี1,0.0,0.0,both,0.0,0.0
2016,offseason,Chanthaburi,"พิษณุโลก2,60-2",0.0,0.0,both,0.0,0.0
2016,offseason,Chanthaburi,ราชการไม่ไวต่อช่วงแสง,0.0,0.0,both,0.0,0.0
2016,offseason,Chanthaburi,สุพรรณบุรี1,0.0,0.0,both,0.0,0.0
2016,offseason,Chanthaburi,"สุพรรณบุรี60,90",0.0,0.0,both,0.0,0.0
2016,offseason,Chanthaburi,หอมสุพรรณบุรี,0.0,0.0,both,0.0,0.0
2016,offseason,Chiang Mai,กข10,47209.0,1484.0,both,-45725.0,45725.0
2016,offseason,Chiang Mai,กขไม่ไวต่อช่วงแสง,115920.0,3641.0,both,-112279.0,112279.0
2016,offseason,Chiang Mai,"ชัยนาท1,2",0.0,0.0,both,0.0,0.0
2016,offseason,Chiang Mai,ปทุมธานี1,14406.0,454.0,both,-13952.0,13952.0
2016,offseason,Chiang Mai,"พิษณุโลก2,60-2",21102.0,664.0,both,-20438.0,20438.0
2016,offseason,Chiang Mai,ราชการไม่ไวต่อช่วงแสง,1827804.0,57431.0,both,-1770373.0,1770373.0
2016,offseason,Chiang Mai,สุพรรณบุรี1,8508.0,267.0,both,-8241.0,8241.0
2016,offseason,Chiang Mai,"สุพรรณบุรี60,90",5466.0,171.0,both,-5295.0,5295.0
2016,offseason,Chiang Mai,หอมสุพรรณบุรี,0.0,0.0,both,0.0,0.0
2016,offseason,Chiang Rai,กข10,410424.0,14476.0,both,-395948.0,395948.0
2016,offseason,Chiang Rai,กขไม่ไวต่อช่วงแสง,774215.0,27307.0,both,-746908.0,746908.0
2016,offseason,Chiang Rai,"ชัยนาท1,2",22511.0,793.0,both,-21718.0,21718.0
2016,offseason,Chiang Rai,ปทุมธานี1,454897.0,16046.0,both,-438851.0,438851.0
2016,offseason,Chiang Rai,"พิษณุโลก2,60-2",2283960.0,80560.0,both,-2203400.0,2203400.0
2016,offseason,Chiang Rai,ราชการไม่ไวต่อช่วงแสง,3091101.0,109029.0,both,-2982072.0,2982072.0
2016,offseason,Chiang Rai,สุพรรณบุรี1,1682791.0,59355.0,both,-1623436.0,1623436.0
2016,offseason,Chiang Rai,"สุพรรณบุรี60,90",22449.0,791.0,both,-21658.0,21658.0
2016,offseason,Chiang Rai,หอมสุพรรณบุรี,76181.0,2687.0,both,-73494.0,73494.0
2016,offseason,Chon Buri,กข10,0.0,0.0,both,0.0,0.0
2016,offseason,Chon Buri,กขไม่ไวต่อช่วงแสง,510276.0,15432.0,both,-494844.0,494844.0
2016,offseason,Chon Buri,"ชัยนาท1,2",120236.0,3636.0,both,-116600.0,116600.0
2016,offseason,Chon Buri,ปทุมธานี1,93265.0,2821.0,both,-90444.0,90444.0
2016,offseason,Chon Buri,"พิษณุโลก2,60-2",112184.0,3393.0,both,-108791.0,108791.0
2016,offseason,Chon Buri,ราชการไม่ไวต่อช่วงแสง,213895.0,6469.0,both,-207426.0,207426.0
2016,offseason,Chon Buri,สุพรรณบุรี1,67685.0,2046.0,both,-65639.0,65639.0
2016,offseason,Chon Buri,"สุพรรณบุรี60,90",115635.0,3498.0,both,-112137.0,112137.0
2016,offseason,Chon Buri,หอมสุพรรณบุรี,0.0,0.0,both,0.0,0.0
2016,offseason,Chumphon,กข10,0.0,0.0,both,0.0,0.0
2016,offseason,Chumphon,กขไม่ไวต่อช่วงแสง,0.0,0.0,both,0.0,0.0
2016,offseason,Chumphon,"ชัยนาท1,2",1148.0,38.0,both,-1110.0,1110.0
2016,offseason,Chumphon,ปทุมธานี1,7550.0,250.0,both,-7300.0,7300.0
2016,offseason,Chumphon,"พิษณุโลก2,60-2",0.0,0.0,both,0.0,0.0
2016,offseason,Chumphon,ราชการไม่ไวต่อช่วงแสง,7881.0,261.0,both,-7620.0,7620.0
2016,offseason,Chumphon,สุพรรณบุรี1,0.0,0.0,both,0.0,0.0
2016,offseason,Chumphon,"สุพรรณบุรี60,90",0.0,0.0,both,0.0,0.0
2016,offseason,Chumphon,หอมสุพรรณบุรี,0.0,0.0,both,0.0,0.0
2016,offseason,Kalasin,กข10,1967894.0,66421.0,both,-1901473.0,1901473.0
2016,offseason,Kalasin,กขไม่ไวต่อช่วงแสง,728962.0,24604.0,both,-704358.0,704358.0
2016,offseason,Kalasin,"ชัยนาท1,2",1812788.0,61185.0,both,-1751603.0,1751603.0
2016,offseason,Kalasin,ปทุมธานี1,10155.0,343.0,both,-9812.0,9812.0
2016,offseason,Kalasin,"พิษณุโลก2,60-2",1699137.0,57348.0,both,-1641789.0,1641789.0
2016,offseason,Kalasin,ราชการไม่ไวต่อช่วงแสง,1112908.0,37560.0,both,-1075348.0,1075348.0
2016,offseason,Kalasin,สุพรรณบุรี1,5200.0,176.0,both,-5024.0,5024.0
2016,offseason,Kalasin,"สุพรรณบุรี60,90",5169.0,174.0,both,-4995.0,4995.0
2016,offseason,Kalasin,หอมสุพรรณบุรี,0.0,0.0,both,0.0,0.0
2016,offseason,Kamphaeng Phet,กข10,0.0,0.0,both,0.0,0.0
2016,offseason,Kamphaeng Phet,กขไม่ไวต่อช่วงแสง,4324752.0,152339.0,both,-4172413.0,4172413.0
2016,offseason,Kamphaeng Phet,"ชัยนาท1,2",184266.0,6493.0,both,-177773.0,177773.0
2016,offseason,Kamphaeng Phet,ปทุมธานี1,194453.0,6850.0,both,-187603.0,187603.0
2016,offseason,Kamphaeng Phet,"พิษณุโลก2,60-2",979911.0,34519.0,both,-945392.0,945392.0
2016,offseason,Kamphaeng Phet,ราชการไม่ไวต่อช่วงแสง,1120910.0,39484.0,both,-1081426.0,1081426.0
2016,offseason,Kamphaeng Phet,สุพรรณบุรี1,831147.0,29275.0,both,-801872.0,801872.0
2016,offseason,Kamphaeng Phet,"สุพรรณบุรี60,90",63426.0,2233.0,both,-61193.0,61193.0
2016,offseason,Kamphaeng Phet,หอมสุพรรณบุรี,5339.0,187.0,both,-5152.0,5152.0
2016,offseason,Kanchanaburi,กข10,0.0,0.0,both,0.0,0.0
2016,offseason,Kanchanaburi,กขไม่ไวต่อช่วงแสง,50076.0,1544.0,both,-48532.0,48532.0
2016,offseason,Kanchanaburi,"ชัยนาท1,2",9711.0,301.0,both,-9410.0,9410.0
2016,offseason,Kanchanaburi,ปทุมธานี1,57166.0,1764.0,both,-55402.0,55402.0
2016,offseason,Kanchanaburi,"พิษณุโลก2,60-2",0.0,0.0,both,0.0,0.0
2016,offseason,Kanchanaburi,ราชการไม่ไวต่อช่วงแสง,14031.0,433.0,both,-13598.0,13598.0
2016,offseason,Kanchanaburi,สุพรรณบุรี1,213351.0,6586.0,both,-206765.0,206765.0
2016,offseason,Kanchanaburi,"สุพรรณบุรี60,90",8132.0,251.0,both,-7881.0,7881.0
2016,offseason,Kanchanaburi,หอมสุพรรณบุรี,0.0,0.0,both,0.0,0.0
2016,offseason,Khon Kaen,กข10,145796.0,2713.0,both,-143083.0,143083.0
2016,offseason,Khon Kaen,กขไม่ไวต่อช่วงแสง,7918.0,147.0,both,-7771.0,7771.0
2016,offseason,Khon Kaen,"ชัยนาท1,2",58548.0,1090.0,both,-57458.0,57458.0
2016,offseason,Khon Kaen,ปทุมธานี1,12094.0,225.0,both,-11869.0,11869.0
2016,offseason,Khon Kaen,"พิษณุโลก2,60-2",45620.0,849.0,both,-44771.0,44771.0
2016,offseason,Khon Kaen,ราชการไม่ไวต่อช่วงแสง,41166.0,766.0,both,-40400.0,40400.0
2016,offseason,Khon Kaen,สุพรรณบุรี1,9526.0,177.0,both,-9349.0,9349.0
2016,offseason,Khon Kaen,"สุพรรณบุรี60,90",1980.0,36.0,both,-1944.0,1944.0
2016,offseason,Khon Kaen,หอมสุพรรณบุรี,588.0,11.0,both,-577.0,577.0
2016,offseason,Krabi,กข10,0.0,,left_only,0.0,0.0
2016,offseason,Krabi,กขไม่ไวต่อช่วงแสง,0.0,,left_only,0.0,0.0
2016,offseason,Krabi,"ชัยนาท1,2",0.0,,left_only,0.0,0.0
2016,offseason,Krabi,ปทุมธานี1,0.0,,left_only,0.0,0.0
2016,offseason,Krabi,"พิษณุโลก2,60-2",0.0,,left_only,0.0,0.0
2016,offseason,Krabi,ราชการไม่ไวต่อช่วงแสง,0.0,,left_only,0.0,0.0
2016,offseason,Krabi,สุพรรณบุรี1,0.0,,left_only,0.0,0.0
2016,offseason,Krabi,"สุพรรณบุรี60,90",0.0,,left_only,0.0,0.0
2016,offseason,Krabi,หอมสุพรรณบุรี,0.0,,left_only,0.0,0.0
2016,offseason,Lampang,กข10,26250.0,762.0,both,-25488.0,25488.0
2016,offseason,Lampang,กขไม่ไวต่อช่วงแสง,29613.0,859.0,both,-28754.0,28754.0
2016,offseason,Lampang,"ชัยนาท1,2",0.0,0.0,both,0.0,0.0
2016,offseason,Lampang,ปทุมธานี1,8698.0,252.0,both,-8446.0,8446.0
2016,offseason,Lampang,"พิษณุโลก2,60-2",0.0,0.0,both,0.0,0.0
2016,offseason,Lampang,ราชการไม่ไวต่อช่วงแสง,60923.0,1766.0,both,-59157.0,59157.0
2016,offseason,Lampang,สุพรรณบุรี1,4657.0,134.0,both,-4523.0,4523.0
2016,offseason,Lampang,"สุพรรณบุรี60,90",0.0,0.0,both,0.0,0.0
2016,offseason,Lampang,หอมสุพรรณบุรี,0.0,0.0,both,0.0,0.0
2016,offseason,Lamphun,กข10,6354.0,204.0,both,-6150.0,6150.0
2016,offseason,Lamphun,กขไม่ไวต่อช่วงแสง,39441.0,1265.0,both,-38176.0,38176.0
2016,offseason,Lamphun,"ชัยนาท1,2",0.0,0.0,both,0.0,0.0
2016,offseason,Lamphun,ปทุมธานี1,21630.0,693.0,both,-20937.0,20937.0
2016,offseason,Lamphun,"พิษณุโลก2,60-2",0.0,0.0,both,0.0,0.0
2016,offseason,Lamphun,ราชการไม่ไวต่อช่วงแสง,181472.0,5821.0,both,-175651.0,175651.0
2016,offseason,Lamphun,สุพรรณบุรี1,0.0,0.0,both,0.0,0.0
2016,offseason,Lamphun,"สุพรรณบุรี60,90",0.0,0.0,both,0.0,0.0
2016,offseason,Lamphun,หอมสุพรรณบุรี,0.0,0.0,both,0.0,0.0
2016,offseason,Loei,กข10,1798.0,61.0,both,-1737.0,1737.0
2016,offseason,Loei,กขไม่ไวต่อช่วงแสง,682.0,23.0,both,-659.0,659.0
2016,offseason,Loei,"ชัยนาท1,2",0.0,0.0,both,0.0,0.0
2016,offseason,Loei,ปทุมธานี1,155.0,5.0,both,-150.0,150.0
2016,offseason,Loei,"พิษณุโลก2,60-2",0.0,0.0,both,0.0,0.0
2016,offseason,Loei,ราชการไม่ไวต่อช่วงแสง,0.0,0.0,both,0.0,0.0
2016,offseason,Loei,สุพรรณบุรี1,0.0,0.0,both,0.0,0.0
2016,offseason,Loei,"สุพรรณบุรี60,90",0.0,0.0,both,0.0,0.0
2016,offseason,Loei,หอมสุพรรณบุรี,0.0,0.0,both,0.0,0.0
2016,offseason,Lop Buri,กข10,0.0,0.0,both,0.0,0.0
2016,offseason,Lop Buri,กขไม่ไวต่อช่วงแสง,308374.0,6800.0,both,-301574.0,301574.0
2016,offseason,Lop Buri,"ชัยนาท1,2",57282.0,1262.0,both,-56020.0,56020.0
2016,offseason,Lop Buri,ปทุมธานี1,128287.0,2828.0,both,-125459.0,125459.0
2016,offseason,Lop Buri,"พิษณุโลก2,60-2",0.0,0.0,both,0.0,0.0
2016,offseason,Lop Buri,ราชการไม่ไวต่อช่วงแสง,23893.0,526.0,both,-23367.0,23367.0
2016,offseason,Lop Buri,สุพรรณบุรี1,59058.0,1302.0,both,-57756.0,57756.0
2016,offseason,Lop Buri,"สุพรรณบุรี60,90",2083.0,46.0,both,-2037.0,2037.0
2016,offseason,Lop Buri,หอมสุพรรณบุรี,0.0,0.0,both,0.0,0.0
2016,offseason,Mae Hong Son,กข10,0.0,0.0,both,0.0,0.0
2016,offseason,Mae Hong Son,กขไม่ไวต่อช่วงแสง,0.0,0.0,both,0.0,0.0
2016,offseason,Mae Hong Son,"ชัยนาท1,2",0.0,0.0,both,0.0,0.0
2016,offseason,Mae Hong Son,ปทุมธานี1,0.0,0.0,both,0.0,0.0
2016,offseason,Mae Hong Son,"พิษณุโลก2,60-2",0.0,0.0,both,0.0,0.0
2016,offseason,Mae Hong Son,ราชการไม่ไวต่อช่วงแสง,1767.0,58.0,both,-1709.0,1709.0
2016,offseason,Mae Hong Son,สุพรรณบุรี1,0.0,0.0,both,0.0,0.0
2016,offseason,Mae Hong Son,"สุพรรณบุรี60,90",0.0,0.0,both,0.0,0.0
2016,offseason,Mae Hong Son,หอมสุพรรณบุรี,0.0,0.0,both,0.0,0.0
2016,offseason,Maha Sarakham,กข10,17623.0,427.0,both,-17196.0,17196.0
2016,offseason,Maha Sarakham,กขไม่ไวต่อช่วงแสง,16478.0,400.0,both,-16078.0,16078.0
2016,offseason,Maha Sarakham,"ชัยนาท1,2",141238.0,3426.0,both,-137812.0,137812.0
2016,offseason,Maha Sarakham,ปทุมธานี1,0.0,0.0,both,0.0,0.0
2016,offseason,Maha Sarakham,"พิษณุโลก2,60-2",65817.0,1596.0,both,-64221.0,64221.0
2016,offseason,Maha Sarakham,ราชการไม่ไวต่อช่วงแสง,13008.0,315.0,both,-12693.0,12693.0
2016,offseason,Maha Sarakham,สุพรรณบุรี1,0.0,0.0,both,0.0,0.0
2016,offseason,Maha Sarakham,"สุพรรณบุรี60,90",0.0,0.0,both,0.0,0.0
2016,offseason,Maha Sarakham,หอมสุพรรณบุรี,0.0,0.0,both,0.0,0.0
2016,offseason,Mukdahan,กข10,4991.0,214.0,both,-4777.0,4777.0
2016,offseason,Mukdahan,กขไม่ไวต่อช่วงแสง,0.0,0.0,both,0.0,0.0
2016,offseason,Mukdahan,"ชัยนาท1,2",0.0,0.0,both,0.0,0.0
2016,offseason,Mukdahan,ปทุมธานี1,1333.0,57.0,both,-1276.0,1276.0
2016,offseason,Mukdahan,"พิษณุโลก2,60-2",0.0,0.0,both,0.0,0.0
2016,offseason,Mukdahan,ราชการไม่ไวต่อช่วงแสง,1767.0,76.0,both,-1691.0,1691.0
2016,offseason,Mukdahan,สุพรรณบุรี1,0.0,0.0,both,0.0,0.0
2016,offseason,Mukdahan,"สุพรรณบุรี60,90",0.0,0.0,both,0.0,0.0
2016,offseason,Mukdahan,หอมสุพรรณบุรี,0.0,0.0,both,0.0,0.0
2016,offseason,Nakhon Nayok,กข10,0.0,0.0,both,0.0,0.0
2016,offseason,Nakhon Nayok,กขไม่ไวต่อช่วงแสง,1838819.0,61273.0,both,-1777546.0,1777546.0
2016,offseason,Nakhon Nayok,"ชัยนาท1,2",26638.0,887.0,both,-25751.0,25751.0
2016,offseason,Nakhon Nayok,ปทุมธานี1,120615.0,4019.0,both,-116596.0,116596.0
2016,offseason,Nakhon Nayok,"พิษณุโลก2,60-2",65604.0,2185.0,both,-63419.0,63419.0
2016,offseason,Nakhon Nayok,ราชการไม่ไวต่อช่วงแสง,631174.0,21031.0,both,-610143.0,610143.0
2016,offseason,Nakhon Nayok,สุพรรณบุรี1,36927.0,1231.0,both,-35696.0,35696.0
2016,offseason,Nakhon Nayok,"สุพรรณบุรี60,90",33457.0,1114.0,both,-32343.0,32343.0
2016,offseason,Nakhon Nayok,หอมสุพรรณบุรี,0.0,0.0,both,0.0,0.0
2016,offseason,Nakhon Pathom,กข10,0.0,0.0,both,0.0,0.0
2016,offseason,Nakhon Pathom,กขไม่ไวต่อช่วงแสง,3854319.0,132886.0,both,-3721433.0,3721433.0
2016,offseason,Nakhon Pathom,"ชัยนาท1,2",30160.0,1038.0,both,-29122.0,29122.0
2016,offseason,Nakhon Pathom,ปทุมธานี1,176172.0,6074.0,both,-170098.0,170098.0
2016,offseason,Nakhon Pathom,"พิษณุโลก2,60-2",442490.0,15255.0,both,-427235.0,427235.0
2016,offseason,Nakhon Pathom,ราชการไม่ไวต่อช่วงแสง,885683.0,30537.0,both,-855146.0,855146.0
2016,offseason,Nakhon Pathom,สุพรรณบุรี1,655782.0,22608.0,both,-633174.0,633174.0
2016,offseason,Nakhon Pathom,"สุพรรณบุรี60,90",34038.0,1173.0,both,-32865.0,32865.0
2016,offseason,Nakhon Pathom,หอมสุพรรณบุรี,2564.0,87.0,both,-2477.0,2477.0
2016,offseason,Nakhon Phanom,กข10,489111.0,13444.0,both,-475667.0,475667.0
2016,offseason,Nakhon Phanom,กขไม่ไวต่อช่วงแสง,106318.0,2923.0,both,-103395.0,103395.0
2016,offseason,Nakhon Phanom,"ชัยนาท1,2",195491.0,5373.0,both,-190118.0,190118.0
2016,offseason,Nakhon Phanom,ปทุมธานี1,7727.0,213.0,both,-7514.0,7514.0
2016,offseason,Nakhon Phanom,"พิษณุโลก2,60-2",0.0,0.0,both,0.0,0.0
2016,offseason,Nakhon Phanom,ราชการไม่ไวต่อช่วงแสง,760600.0,20907.0,both,-739693.0,739693.0
2016,offseason,Nakhon Phanom,สุพรรณบุรี1,0.0,0.0,both,0.0,0.0
2016,offseason,Nakhon Phanom,"สุพรรณบุรี60,90",0.0,0.0,both,0.0,0.0
2016,offseason,Nakhon Phanom,หอมสุพรรณบุรี,0.0,0.0,both,0.0,0.0
2016,offseason,Nakhon Ratchasima,กข10,958.0,30.0,both,-928.0,928.0
2016,offseason,Nakhon Ratchasima,กขไม่ไวต่อช่วงแสง,303450.0,9631.0,both,-293819.0,293819.0
2016,offseason,Nakhon Ratchasima,"ชัยนาท1,2",643272.0,20416.0,both,-622856.0,622856.0
2016,offseason,Nakhon Ratchasima,ปทุมธานี1,53242.0,1690.0,both,-51552.0,51552.0
2016,offseason,Nakhon Ratchasima,"พิษณุโลก2,60-2",34668.0,1099.0,both,-33569.0,33569.0
2016,offseason,Nakhon Ratchasima,ราชการไม่ไวต่อช่วงแสง,89136.0,2831.0,both,-86305.0,86305.0
2016,offseason,Nakhon Ratchasima,สุพรรณบุรี1,133644.0,4241.0,both,-129403.0,129403.0
2016,offseason,Nakhon Ratchasima,"สุพรรณบุรี60,90",180844.0,5739.0,both,-175105.0,175105.0
2016,offseason,Nakhon Ratchasima,หอมสุพรรณบุรี,8136.0,258.0,both,-7878.0,7878.0
2016,offseason,Nakhon Sawan,กข10,0.0,0.0,both,0.0,0.0
2016,offseason,Nakhon Sawan,กขไม่ไวต่อช่วงแสง,4421738.0,149769.0,both,-4271969.0,4271969.0
2016,offseason,Nakhon Sawan,"ชัยนาท1,2",215596.0,7302.0,both,-208294.0,208294.0
2016,offseason,Nakhon Sawan,ปทุมธานี1,200814.0,6802.0,both,-194012.0,194012.0
2016,offseason,Nakhon Sawan,"พิษณุโลก2,60-2",412511.0,13972.0,both,-398539.0,398539.0
2016,offseason,Nakhon Sawan,ราชการไม่ไวต่อช่วงแสง,632282.0,21416.0,both,-610866.0,610866.0
2016,offseason,Nakhon Sawan,สุพรรณบุรี1,263111.0,8912.0,both,-254199.0,254199.0
2016,offseason,Nakhon Sawan,"สุพรรณบุรี60,90",128187.0,4342.0,both,-123845.0,123845.0
2016,offseason,Nakhon Sawan,หอมสุพรรณบุรี,3323.0,114.0,both,-3209.0,3209.0
2016,offseason,Nakhon Si Thammarat,กข10,0.0,0.0,both,0.0,0.0
2016,offseason,Nakhon Si Thammarat,กขไม่ไวต่อช่วงแสง,1930670.0,62985.0,both,-1867685.0,1867685.0
2016,offseason,Nakhon Si Thammarat,"ชัยนาท1,2",152498.0,4974.0,both,-147524.0,147524.0
2016,offseason,Nakhon Si Thammarat,ปทุมธานี1,813558.0,26542.0,both,-787016.0,787016.0
2016,offseason,Nakhon Si Thammarat,"พิษณุโลก2,60-2",117646.0,3838.0,both,-113808.0,113808.0
2016,offseason,Nakhon Si Thammarat,ราชการไม่ไวต่อช่วงแสง,65995.0,2152.0,both,-63843.0,63843.0
2016,offseason,Nakhon Si Thammarat,สุพรรณบุรี1,47941.0,1565.0,both,-46376.0,46376.0
2016,offseason,Nakhon Si Thammarat,"สุพรรณบุรี60,90",37029.0,1208.0,both,-35821.0,35821.0
2016,offseason,Nakhon Si Thammarat,หอมสุพรรณบุรี,0.0,0.0,both,0.0,0.0
2016,offseason,Nan,กข10,4526.0,189.0,both,-4337.0,4337.0
2016,offseason,Nan,กขไม่ไวต่อช่วงแสง,2511.0,105.0,both,-2406.0,2406.0
2016,offseason,Nan,"ชัยนาท1,2",0.0,0.0,both,0.0,0.0
2016,offseason,Nan,ปทุมธานี1,0.0,0.0,both,0.0,0.0
2016,offseason,Nan,"พิษณุโลก2,60-2",0.0,0.0,both,0.0,0.0
2016,offseason,Nan,ราชการไม่ไวต่อช่วงแสง,124054.0,5187.0,both,-118867.0,118867.0
2016,offseason,Nan,สุพรรณบุรี1,0.0,0.0,both,0.0,0.0
2016,offseason,Nan,"สุพรรณบุรี60,90",0.0,0.0,both,0.0,0.0
2016,offseason,Nan,หอมสุพรรณบุรี,0.0,0.0,both,0.0,0.0
2016,offseason,Narathiwat,กข10,0.0,0.0,both,0.0,0.0
2016,offseason,Narathiwat,กขไม่ไวต่อช่วงแสง,0.0,0.0,both,0.0,0.0
2016,offseason,Narathiwat,"ชัยนาท1,2",3675.0,120.0,both,-3555.0,3555.0
2016,offseason,Narathiwat,ปทุมธานี1,0.0,0.0,both,0.0,0.0
2016,offseason,Narathiwat,"พิษณุโลก2,60-2",0.0,0.0,both,0.0,0.0
2016,offseason,Narathiwat,ราชการไม่ไวต่อช่วงแสง,1133.0,37.0,both,-1096.0,1096.0
2016,offseason,Narathiwat,สุพรรณบุรี1,0.0,0.0,both,0.0,0.0
2016,offseason,Narathiwat,"สุพรรณบุรี60,90",0.0,0.0,both,0.0,0.0
2016,offseason,Narathiwat,หอมสุพรรณบุรี,0.0,0.0,both,0.0,0.0
2016,offseason,Nong Bua Lam Phu,กข10,69300.0,2514.0,both,-66786.0,66786.0
2016,offseason,Nong Bua Lam Phu,กขไม่ไวต่อช่วงแสง,23997.0,870.0,both,-23127.0,23127.0
2016,offseason,Nong Bua Lam Phu,"ชัยนาท1,2",63881.0,2318.0,both,-61563.0,61563.0
2016,offseason,Nong Bua Lam Phu,ปทุมธานี1,10218.0,370.0,both,-9848.0,9848.0
2016,offseason,Nong Bua Lam Phu,"พิษณุโลก2,60-2",0.0,0.0,both,0.0,0.0
2016,offseason,Nong Bua Lam Phu,ราชการไม่ไวต่อช่วงแสง,17123.0,620.0,both,-16503.0,16503.0
2016,offseason,Nong Bua Lam Phu,สุพรรณบุรี1,0.0,0.0,both,0.0,0.0
2016,offseason,Nong Bua Lam Phu,"สุพรรณบุรี60,90",0.0,0.0,both,0.0,0.0
2016,offseason,Nong Bua Lam Phu,หอมสุพรรณบุรี,0.0,0.0,both,0.0,0.0
2016,offseason,Nong Khai,กข10,1217961.0,36198.0,both,-1181763.0,1181763.0
2016,offseason,Nong Khai,กขไม่ไวต่อช่วงแสง,194894.0,5794.0,both,-189100.0,189100.0
2016,offseason,Nong Khai,"ชัยนาท1,2",45662.0,1357.0,both,-44305.0,44305.0
2016,offseason,Nong Khai,ปทุมธานี1,26372.0,784.0,both,-25588.0,25588.0
2016,offseason,Nong Khai,"พิษณุโลก2,60-2",0.0,0.0,both,0.0,0.0
2016,offseason,Nong Khai,ราชการไม่ไวต่อช่วงแสง,592688.0,17615.0,both,-575073.0,575073.0
2016,offseason,Nong Khai,สุพรรณบุรี1,0.0,0.0,both,0.0,0.0
2016,offseason,Nong Khai,"สุพรรณบุรี60,90",6028.0,178.0,both,-5850.0,5850.0
2016,offseason,Nong Khai,หอมสุพรรณบุรี,0.0,0.0,both,0.0,0.0
2016,offseason,Nonthaburi,กข10,0.0,0.0,both,0.0,0.0
2016,offseason,Nonthaburi,กขไม่ไวต่อช่วงแสง,2242317.0,61225.0,both,-2181092.0,2181092.0
2016,offseason,Nonthaburi,"ชัยนาท1,2",0.0,0.0,both,0.0,0.0
2016,offseason,Nonthaburi,ปทุมธานี1,63073.0,1723.0,both,-61350.0,61350.0
2016,offseason,Nonthaburi,"พิษณุโลก2,60-2",27319.0,746.0,both,-26573.0,26573.0
2016,offseason,Nonthaburi,ราชการไม่ไวต่อช่วงแสง,55097.0,1505.0,both,-53592.0,53592.0
2016,offseason,Nonthaburi,สุพรรณบุรี1,22797.0,623.0,both,-22174.0,22174.0
2016,offseason,Nonthaburi,"สุพรรณบุรี60,90",0.0,0.0,both,0.0,0.0
2016,offseason,Nonthaburi,หอมสุพรรณบุรี,0.0,0.0,both,0.0,0.0
2016,offseason,Pathum Thani,กข10,0.0,0.0,both,0.0,0.0
2016,offseason,Pathum Thani,กขไม่ไวต่อช่วงแสง,2531113.0,84809.0,both,-2446304.0,2446304.0
2016,offseason,Pathum Thani,"ชัยนาท1,2",51878.0,1737.0,both,-50141.0,50141.0
2016,offseason,Pathum Thani,ปทุมธานี1,146825.0,4920.0,both,-141905.0,141905.0
2016,offseason,Pathum Thani,"พิษณุโลก2,60-2",80884.0,2709.0,both,-78175.0,78175.0
2016,offseason,Pathum Thani,ราชการไม่ไวต่อช่วงแสง,651328.0,21824.0,both,-629504.0,629504.0
2016,offseason,Pathum Thani,สุพรรณบุรี1,408705.0,13693.0,both,-395012.0,395012.0
2016,offseason,Pathum Thani,"สุพรรณบุรี60,90",0.0,0.0,both,0.0,0.0
2016,offseason,Pathum Thani,หอมสุพรรณบุรี,0.0,0.0,both,0.0,0.0
2016,offseason,Pattani,กข10,0.0,0.0,both,0.0,0.0
2016,offseason,Pattani,กขไม่ไวต่อช่วงแสง,344746.0,11342.0,both,-333404.0,333404.0
2016,offseason,Pattani,"ชัยนาท1,2",278398.0,9161.0,both,-269237.0,269237.0
2016,offseason,Pattani,ปทุมธานี1,0.0,0.0,both,0.0,0.0
2016,offseason,Pattani,"พิษณุโลก2,60-2",0.0,0.0,both,0.0,0.0
2016,offseason,Pattani,ราชการไม่ไวต่อช่วงแสง,0.0,0.0,both,0.0,0.0
2016,offseason,Pattani,สุพรรณบุรี1,0.0,0.0,both,0.0,0.0
2016,offseason,Pattani,"สุพรรณบุรี60,90",0.0,0.0,both,0.0,0.0
2016,offseason,Pattani,หอมสุพรรณบุรี,15774.0,519.0,both,-15255.0,15255.0
2016,offseason,Phang-nga,กข10,0.0,,left_only,0.0,0.0
2016,offseason,Phang-nga,กขไม่ไวต่อช่วงแสง,0.0,,left_only,0.0,0.0
2016,offseason,Phang-nga,"ชัยนาท1,2",0.0,,left_only,0.0,0.0
2016,offseason,Phang-nga,ปทุมธานี1,0.0,,left_only,0.0,0.0
2016,offseason,Phang-nga,"พิษณุโลก2,60-2",0.0,,left_only,0.0,0.0
2016,offseason,Phang-nga,ราชการไม่ไวต่อช่วงแสง,0.0,,left_only,0.0,0.0
2016,offseason,Phang-nga,สุพรรณบุรี1,0.0,,left_only,0.0,0.0
2016,offseason,Phang-nga,"สุพรรณบุรี60,90",0.0,,left_only,0.0,0.0
2016,offseason,Phang-nga,หอมสุพรรณบุรี,0.0,,left_only,0.0,0.0
2016,offseason,Phatthalung,กข10,0.0,0.0,both,0.0,0.0
2016,offseason,Phatthalung,กขไม่ไวต่อช่วงแสง,541212.0,17691.0,both,-523521.0,523521.0
2016,offseason,Phatthalung,"ชัยนาท1,2",208587.0,6820.0,both,-201767.0,201767.0
2016,offseason,Phatthalung,ปทุมธานี1,181607.0,5937.0,both,-175670.0,175670.0
2016,offseason,Phatthalung,"พิษณุโลก2,60-2",80969.0,2648.0,both,-78321.0,78321.0
2016,offseason,Phatthalung,ราชการไม่ไวต่อช่วงแสง,277168.0,9061.0,both,-268107.0,268107.0
2016,offseason,Phatthalung,สุพรรณบุรี1,18659.0,610.0,both,-18049.0,18049.0
2016,offseason,Phatthalung,"สุพรรณบุรี60,90",8534.0,279.0,both,-8255.0,8255.0
2016,offseason,Phatthalung,หอมสุพรรณบุรี,0.0,0.0,both,0.0,0.0
2016,offseason,Phayao,กข10,96323.0,3299.0,both,-93024.0,93024.0
2016,offseason,Phayao,กขไม่ไวต่อช่วงแสง,45325.0,1553.0,both,-43772.0,43772.0
2016,offseason,Phayao,"ชัยนาท1,2",0.0,0.0,both,0.0,0.0
2016,offseason,Phayao,ปทุมธานี1,0.0,0.0,both,0.0,0.0
2016,offseason,Phayao,"พิษณุโลก2,60-2",185626.0,6358.0,both,-179268.0,179268.0
2016,offseason,Phayao,ราชการไม่ไวต่อช่วงแสง,443286.0,15183.0,both,-428103.0,428103.0
2016,offseason,Phayao,สุพรรณบุรี1,10150.0,347.0,both,-9803.0,9803.0
2016,offseason,Phayao,"สุพรรณบุรี60,90",24778.0,847.0,both,-23931.0,23931.0
2016,offseason,Phayao,หอมสุพรรณบุรี,4599.0,158.0,both,-4441.0,4441.0
2016,offseason,Phetchabun,กข10,52591.0,1615.0,both,-50976.0,50976.0
2016,offseason,Phetchabun,กขไม่ไวต่อช่วงแสง,174153.0,5350.0,both,-168803.0,168803.0
2016,offseason,Phetchabun,"ชัยนาท1,2",43165.0,1327.0,both,-41838.0,41838.0
2016,offseason,Phetchabun,ปทุมธานี1,8938.0,276.0,both,-8662.0,8662.0
2016,offseason,Phetchabun,"พิษณุโลก2,60-2",87183.0,2678.0,both,-84505.0,84505.0
2016,offseason,Phetchabun,ราชการไม่ไวต่อช่วงแสง,55061.0,1692.0,both,-53369.0,53369.0
2016,offseason,Phetchabun,สุพรรณบุรี1,171499.0,5270.0,both,-166229.0,166229.0
2016,offseason,Phetchabun,"สุพรรณบุรี60,90",9060.0,279.0,both,-8781.0,8781.0
2016,offseason,Phetchabun,หอมสุพรรณบุรี,2990.0,92.0,both,-2898.0,2898.0
2016,offseason,Phetchaburi,กข10,0.0,0.0,both,0.0,0.0
2016,offseason,Phetchaburi,กขไม่ไวต่อช่วงแสง,65081.0,1998.0,both,-63083.0,63083.0
2016,offseason,Phetchaburi,"ชัยนาท1,2",66021.0,2027.0,both,-63994.0,63994.0
2016,offseason,Phetchaburi,ปทุมธานี1,2488.0,77.0,both,-2411.0,2411.0
2016,offseason,Phetchaburi,"พิษณุโลก2,60-2",22210.0,682.0,both,-21528.0,21528.0
2016,offseason,Phetchaburi,ราชการไม่ไวต่อช่วงแสง,19266.0,591.0,both,-18675.0,18675.0
2016,offseason,Phetchaburi,สุพรรณบุรี1,54340.0,1668.0,both,-52672.0,52672.0
2016,offseason,Phetchaburi,"สุพรรณบุรี60,90",0.0,0.0,both,0.0,0.0
2016,offseason,Phetchaburi,หอมสุพรรณบุรี,0.0,0.0,both,0.0,0.0
2016,offseason,Phichit,กข10,0.0,0.0,both,0.0,0.0
2016,offseason,Phichit,กขไม่ไวต่อช่วงแสง,6486392.0,207614.0,both,-6278778.0,6278778.0
2016,offseason,Phichit,"ชัยนาท1,2",353179.0,11304.0,both,-341875.0,341875.0
2016,offseason,Phichit,ปทุมธานี1,55006.0,1760.0,both,-53246.0,53246.0
2016,offseason,Phichit,"พิษณุโลก2,60-2",921193.0,29485.0,both,-891708.0,891708.0
2016,offseason,Phichit,ราชการไม่ไวต่อช่วงแสง,1444432.0,46232.0,both,-1398200.0,1398200.0
2016,offseason,Phichit,สุพรรณบุรี1,693329.0,22193.0,both,-671136.0,671136.0
2016,offseason,Phichit,"สุพรรณบุรี60,90",158598.0,5077.0,both,-153521.0,153521.0
2016,offseason,Phichit,หอมสุพรรณบุรี,0.0,0.0,both,0.0,0.0
2016,offseason,Phitsanulok,กข10,9981.0,286.0,both,-9695.0,9695.0
2016,offseason,Phitsanulok,กขไม่ไวต่อช่วงแสง,4884051.0,139479.0,both,-4744572.0,4744572.0
2016,offseason,Phitsanulok,"ชัยนาท1,2",220239.0,6289.0,both,-213950.0,213950.0
2016,offseason,Phitsanulok,ปทุมธานี1,70913.0,2026.0,both,-68887.0,68887.0
2016,offseason,Phitsanulok,"พิษณุโลก2,60-2",1225995.0,35011.0,both,-1190984.0,1190984.0
2016,offseason,Phitsanulok,ราชการไม่ไวต่อช่วงแสง,2881141.0,82279.0,both,-2798862.0,2798862.0
2016,offseason,Phitsanulok,สุพรรณบุรี1,776119.0,22164.0,both,-753955.0,753955.0
2016,offseason,Phitsanulok,"สุพรรณบุรี60,90",51501.0,1471.0,both,-50030.0,50030.0
2016,offseason,Phitsanulok,หอมสุพรรณบุรี,10073.0,287.0,both,-9786.0,9786.0
2016,offseason,Phra Nakhon Si Ayutthaya,กข10,0.0,0.0,both,0.0,0.0
2016,offseason,Phra Nakhon Si Ayutthaya,กขไม่ไวต่อช่วงแสง,8096105.0,211424.0,both,-7884681.0,7884681.0
2016,offseason,Phra Nakhon Si Ayutthaya,"ชัยนาท1,2",34213.0,893.0,both,-33320.0,33320.0
2016,offseason,Phra Nakhon Si Ayutthaya,ปทุมธานี1,620500.0,16205.0,both,-604295.0,604295.0
2016,offseason,Phra Nakhon Si Ayutthaya,"พิษณุโลก2,60-2",1390218.0,36306.0,both,-1353912.0,1353912.0
2016,offseason,Phra Nakhon Si Ayutthaya,ราชการไม่ไวต่อช่วงแสง,1387517.0,36233.0,both,-1351284.0,1351284.0
2016,offseason,Phra Nakhon Si Ayutthaya,สุพรรณบุรี1,438265.0,11445.0,both,-426820.0,426820.0
2016,offseason,Phra Nakhon Si Ayutthaya,"สุพรรณบุรี60,90",41179.0,1077.0,both,-40102.0,40102.0
2016,offseason,Phra Nakhon Si Ayutthaya,หอมสุพรรณบุรี,0.0,0.0,both,0.0,0.0
2016,offseason,Phrae,กข10,96901.0,3301.0,both,-93600.0,93600.0
2016,offseason,Phrae,กขไม่ไวต่อช่วงแสง,298756.0,10175.0,both,-288581.0,288581.0
2016,offseason,Phrae,"ชัยนาท1,2",0.0,0.0,both,0.0,0.0
2016,offseason,Phrae,ปทุมธานี1,3240.0,110.0,both,-3130.0,3130.0
2016,offseason,Phrae,"พิษณุโลก2,60-2",0.0,0.0,both,0.0,0.0
2016,offseason,Phrae,ราชการไม่ไวต่อช่วงแสง,218551.0,7444.0,both,-211107.0,211107.0
2016,offseason,Phrae,สุพรรณบุรี1,0.0,0.0,both,0.0,0.0
2016,offseason,Phrae,"สุพรรณบุรี60,90",0.0,0.0,both,0.0,0.0
2016,offseason,Phrae,หอมสุพรรณบุรี,0.0,0.0,both,0.0,0.0
2016,offseason,Phuket,กข10,0.0,,left_only,0.0,0.0
2016,offseason,Phuket,กขไม่ไวต่อช่วงแสง,0.0,,left_only,0.0,0.0
2016,offseason,Phuket,"ชัยนาท1,2",0.0,,left_only,0.0,0.0
2016,offseason,Phuket,ปทุมธานี1,0.0,,left_only,0.0,0.0
2016,offseason,Phuket,"พิษณุโลก2,60-2",0.0,,left_only,0.0,0.0
2016,offseason,Phuket,ราชการไม่ไวต่อช่วงแสง,0.0,,left_only,0.0,0.0
2016,offseason,Phuket,สุพรรณบุรี1,0.0,,left_only,0.0,0.0
2016,offseason,Phuket,"สุพรรณบุรี60,90",0.0,,left_only,0.0,0.0
2016,offseason,Phuket,หอมสุพรรณบุรี,0.0,,left_only,0.0,0.0
2016,offseason,Prachin Buri,กข10,0.0,0.0,both,0.0,0.0
2016,offseason,Prachin Buri,กขไม่ไวต่อช่วงแสง,1952261.0,64634.0,both,-1887627.0,1887627.0
2016,offseason,Prachin Buri,"ชัยนาท1,2",73104.0,2420.0,both,-70684.0,70684.0
2016,offseason,Prachin Buri,ปทุมธานี1,68517.0,2267.0,both,-66250.0,66250.0
2016,offseason,Prachin Buri,"พิษณุโลก2,60-2",51070.0,1689.0,both,-49381.0,49381.0
2016,offseason,Prachin Buri,ราชการไม่ไวต่อช่วงแสง,594613.0,19686.0,both,-574927.0,574927.0
2016,offseason,Prachin Buri,สุพรรณบุรี1,1270510.0,42063.0,both,-1228447.0,1228447.0
2016,offseason,Prachin Buri,"สุพรรณบุรี60,90",64925.0,2149.0,both,-62776.0,62776.0
2016,offseason,Prachin Buri,หอมสุพรรณบุรี,0.0,0.0,both,0.0,0.0
2016,offseason,Prachuap Khiri Khan,กข10,0.0,0.0,both,0.0,0.0
2016,offseason,Prachuap Khiri Khan,กขไม่ไวต่อช่วงแสง,9278.0,288.0,both,-8990.0,8990.0
2016,offseason,Prachuap Khiri Khan,"ชัยนาท1,2",23424.0,728.0,both,-22696.0,22696.0
2016,offseason,Prachuap Khiri Khan,ปทุมธานี1,18343.0,570.0,both,-17773.0,17773.0
2016,offseason,Prachuap Khiri Khan,"พิษณุโลก2,60-2",0.0,0.0,both,0.0,0.0
2016,offseason,Prachuap Khiri Khan,ราชการไม่ไวต่อช่วงแสง,5871.0,184.0,both,-5687.0,5687.0
2016,offseason,Prachuap Khiri Khan,สุพรรณบุรี1,9673.0,301.0,both,-9372.0,9372.0
2016,offseason,Prachuap Khiri Khan,"สุพรรณบุรี60,90",0.0,0.0,both,0.0,0.0
2016,offseason,Prachuap Khiri Khan,หอมสุพรรณบุรี,0.0,0.0,both,0.0,0.0
2016,offseason,Ranong,กข10,0.0,,left_only,0.0,0.0
2016,offseason,Ranong,กขไม่ไวต่อช่วงแสง,0.0,,left_only,0.0,0.0
2016,offseason,Ranong,"ชัยนาท1,2",0.0,,left_only,0.0,0.0
2016,offseason,Ranong,ปทุมธานี1,0.0,,left_only,0.0,0.0
2016,offseason,Ranong,"พิษณุโลก2,60-2",0.0,,left_only,0.0,0.0
2016,offseason,Ranong,ราชการไม่ไวต่อช่วงแสง,0.0,,left_only,0.0,0.0
2016,offseason,Ranong,สุพรรณบุรี1,0.0,,left_only,0.0,0.0
2016,offseason,Ranong,"สุพรรณบุรี60,90",0.0,,left_only,0.0,0.0
2016,offseason,Ranong,หอมสุพรรณบุรี,0.0,,left_only,0.0,0.0
2016,offseason,Ratchaburi,กข10,0.0,0.0,both,0.0,0.0
2016,offseason,Ratchaburi,กขไม่ไวต่อช่วงแสง,98594.0,1929.0,both,-96665.0,96665.0
2016,offseason,Ratchaburi,"ชัยนาท1,2",91585.0,1792.0,both,-89793.0,89793.0
2016,offseason,Ratchaburi,ปทุมธานี1,53348.0,1044.0,both,-52304.0,52304.0
2016,offseason,Ratchaburi,"พิษณุโลก2,60-2",0.0,0.0,both,0.0,0.0
2016,offseason,Ratchaburi,ราชการไม่ไวต่อช่วงแสง,13162.0,257.0,both,-12905.0,12905.0
2016,offseason,Ratchaburi,สุพรรณบุรี1,86863.0,1700.0,both,-85163.0,85163.0
2016,offseason,Ratchaburi,"สุพรรณบุรี60,90",2924.0,57.0,both,-2867.0,2867.0
2016,offseason,Ratchaburi,หอมสุพรรณบุรี,0.0,0.0,both,0.0,0.0
2016,offseason,Rayong,กข10,0.0,0.0,both,0.0,0.0
2016,offseason,Rayong,กขไม่ไวต่อช่วงแสง,43274.0,1380.0,both,-41894.0,41894.0
2016,offseason,Rayong,"ชัยนาท1,2",11683.0,372.0,both,-11311.0,11311.0
2016,offseason,Rayong,ปทุมธานี1,789.0,28.0,both,-761.0,761.0
2016,offseason,Rayong,"พิษณุโลก2,60-2",4401.0,141.0,both,-4260.0,4260.0
2016,offseason,Rayong,ราชการไม่ไวต่อช่วงแสง,8648.0,276.0,both,-8372.0,8372.0
2016,offseason,Rayong,สุพรรณบุรี1,7799.0,248.0,both,-7551.0,7551.0
2016,offseason,Rayong,"สุพรรณบุรี60,90",14111.0,451.0,both,-13660.0,13660.0
2016,offseason,Rayong,หอมสุพรรณบุรี,0.0,0.0,both,0.0,0.0
2016,offseason,Roi Et,กข10,56663.0,1648.0,both,-55015.0,55015.0
2016,offseason,Roi Et,กขไม่ไวต่อช่วงแสง,571170.0,16606.0,both,-554564.0,554564.0
2016,offseason,Roi Et,"ชัยนาท1,2",738763.0,21479.0,both,-717284.0,717284.0
2016,offseason,Roi Et,ปทุมธานี1,30234.0,878.0,both,-29356.0,29356.0
2016,offseason,Roi Et,"พิษณุโลก2,60-2",311492.0,9057.0,both,-302435.0,302435.0
2016,offseason,Roi Et,ราชการไม่ไวต่อช่วงแสง,72133.0,2097.0,both,-70036.0,70036.0
2016,offseason,Roi Et,สุพรรณบุรี1,66024.0,1919.0,both,-64105.0,64105.0
2016,offseason,Roi Et,"สุพรรณบุรี60,90",15501.0,451.0,both,-15050.0,15050.0
2016,offseason,Roi Et,หอมสุพรรณบุรี,8994.0,261.0,both,-8733.0,8733.0
2016,offseason,Sa kaeo,กข10,0.0,0.0,both,0.0,0.0
2016,offseason,Sa kaeo,กขไม่ไวต่อช่วงแสง,0.0,0.0,both,0.0,0.0
2016,offseason,Sa kaeo,"ชัยนาท1,2",0.0,0.0,both,0.0,0.0
2016,offseason,Sa kaeo,ปทุมธานี1,18978.0,600.0,both,-18378.0,18378.0
2016,offseason,Sa kaeo,"พิษณุโลก2,60-2",0.0,0.0,both,0.0,0.0
2016,offseason,Sa kaeo,ราชการไม่ไวต่อช่วงแสง,1947.0,61.0,both,-1886.0,1886.0
2016,offseason,Sa kaeo,สุพรรณบุรี1,0.0,0.0,both,0.0,0.0
2016,offseason,Sa kaeo,"สุพรรณบุรี60,90",0.0,0.0,both,0.0,0.0
2016,offseason,Sa kaeo,หอมสุพรรณบุรี,0.0,0.0,both,0.0,0.0
2016,offseason,Sakon Nakhon,กข10,283718.0,8694.0,both,-275024.0,275024.0
2016,offseason,Sakon Nakhon,กขไม่ไวต่อช่วงแสง,80241.0,2459.0,both,-77782.0,77782.0
2016,offseason,Sakon Nakhon,"ชัยนาท1,2",41543.0,1272.0,both,-40271.0,40271.0
2016,offseason,Sakon Nakhon,ปทุมธานี1,31799.0,975.0,both,-30824.0,30824.0
2016,offseason,Sakon Nakhon,"พิษณุโลก2,60-2",0.0,0.0,both,0.0,0.0
2016,offseason,Sakon Nakhon,ราชการไม่ไวต่อช่วงแสง,280532.0,8595.0,both,-271937.0,271937.0
2016,offseason,Sakon Nakhon,สุพรรณบุรี1,3991.0,122.0,both,-3869.0,3869.0
2016,offseason,Sakon Nakhon,"สุพรรณบุรี60,90",0.0,0.0,both,0.0,0.0
2016,offseason,Sakon Nakhon,หอมสุพรรณบุรี,0.0,0.0,both,0.0,0.0
2016,offseason,Samut Prakarn,กข10,0.0,0.0,both,0.0,0.0
2016,offseason,Samut Prakarn,กขไม่ไวต่อช่วงแสง,243957.0,7992.0,both,-235965.0,235965.0
2016,offseason,Samut Prakarn,"ชัยนาท1,2",6831.0,224.0,both,-6607.0,6607.0
2016,offseason,Samut Prakarn,ปทุมธานี1,74357.0,2436.0,both,-71921.0,71921.0
2016,offseason,Samut Prakarn,"พิษณุโลก2,60-2",99928.0,3273.0,both,-96655.0,96655.0
2016,offseason,Samut Prakarn,ราชการไม่ไวต่อช่วงแสง,17773.0,583.0,both,-17190.0,17190.0
2016,offseason,Samut Prakarn,สุพรรณบุรี1,5683.0,185.0,both,-5498.0,5498.0
2016,offseason,Samut Prakarn,"สุพรรณบุรี60,90",73208.0,2401.0,both,-70807.0,70807.0
2016,offseason,Samut Prakarn,หอมสุพรรณบุรี,0.0,0.0,both,0.0,0.0
2016,offseason,Samut Sakhon,กข10,0.0,0.0,both,0.0,0.0
2016,offseason,Samut Sakhon,กขไม่ไวต่อช่วงแสง,41119.0,1532.0,both,-39587.0,39587.0
2016,offseason,Samut Sakhon,"ชัยนาท1,2",4508.0,169.0,both,-4339.0,4339.0
2016,offseason,Samut Sakhon,ปทุมธานี1,2741.0,100.0,both,-2641.0,2641.0
2016,offseason,Samut Sakhon,"พิษณุโลก2,60-2",47545.0,1772.0,both,-45773.0,45773.0
2016,offseason,Samut Sakhon,ราชการไม่ไวต่อช่วงแสง,1736.0,64.0,both,-1672.0,1672.0
2016,offseason,Samut Sakhon,สุพรรณบุรี1,9595.0,358.0,both,-9237.0,9237.0
2016,offseason,Samut Sakhon,"สุพรรณบุรี60,90",974.0,36.0,both,-938.0,938.0
2016,offseason,Samut Sakhon,หอมสุพรรณบุรี,0.0,0.0,both,0.0,0.0
2016,offseason,Samut Songkhram,กข10,0.0,0.0,both,0.0,0.0
2016,offseason,Samut Songkhram,กขไม่ไวต่อช่วงแสง,1935.0,63.0,both,-1872.0,1872.0
2016,offseason,Samut Songkhram,"ชัยนาท1,2",1228.0,40.0,both,-1188.0,1188.0
2016,offseason,Samut Songkhram,ปทุมธานี1,0.0,0.0,both,0.0,0.0
2016,offseason,Samut Songkhram,"พิษณุโลก2,60-2",1629.0,53.0,both,-1576.0,1576.0
2016,offseason,Samut Songkhram,ราชการไม่ไวต่อช่วงแสง,0.0,0.0,both,0.0,0.0
2016,offseason,Samut Songkhram,สุพรรณบุรี1,0.0,0.0,both,0.0,0.0
2016,offseason,Samut Songkhram,"สุพรรณบุรี60,90",0.0,0.0,both,0.0,0.0
2016,offseason,Samut Songkhram,หอมสุพรรณบุรี,0.0,0.0,both,0.0,0.0
2016,offseason,Saraburi,กข10,0.0,0.0,both,0.0,0.0
2016,offseason,Saraburi,กขไม่ไวต่อช่วงแสง,227336.0,6787.0,both,-220549.0,220549.0
2016,offseason,Saraburi,"ชัยนาท1,2",30028.0,897.0,both,-29131.0,29131.0
2016,offseason,Saraburi,ปทุมธานี1,56903.0,1700.0,both,-55203.0,55203.0
2016,offseason,Saraburi,"พิษณุโลก2,60-2",9458.0,284.0,both,-9174.0,9174.0
2016,offseason,Saraburi,ราชการไม่ไวต่อช่วงแสง,4133.0,124.0,both,-4009.0,4009.0
2016,offseason,Saraburi,สุพรรณบุรี1,274444.0,8193.0,both,-266251.0,266251.0
2016,offseason,Saraburi,"สุพรรณบุรี60,90",0.0,0.0,both,0.0,0.0
2016,offseason,Saraburi,หอมสุพรรณบุรี,0.0,0.0,both,0.0,0.0
2016,offseason,Satun,กข10,0.0,0.0,both,0.0,0.0
2016,offseason,Satun,กขไม่ไวต่อช่วงแสง,3139.0,103.0,both,-3036.0,3036.0
2016,offseason,Satun,"ชัยนาท1,2",0.0,0.0,both,0.0,0.0
2016,offseason,Satun,ปทุมธานี1,1950.0,64.0,both,-1886.0,1886.0
2016,offseason,Satun,"พิษณุโลก2,60-2",0.0,0.0,both,0.0,0.0
2016,offseason,Satun,ราชการไม่ไวต่อช่วงแสง,1005.0,33.0,both,-972.0,972.0
2016,offseason,Satun,สุพรรณบุรี1,0.0,0.0,both,0.0,0.0
2016,offseason,Satun,"สุพรรณบุรี60,90",0.0,0.0,both,0.0,0.0
2016,offseason,Satun,หอมสุพรรณบุรี,0.0,0.0,both,0.0,0.0
2016,offseason,Si Sa Ket,กข10,75908.0,2279.0,both,-73629.0,73629.0
2016,offseason,Si Sa Ket,กขไม่ไวต่อช่วงแสง,176410.0,5297.0,both,-171113.0,171113.0
2016,offseason,Si Sa Ket,"ชัยนาท1,2",926723.0,27831.0,both,-898892.0,898892.0
2016,offseason,Si Sa Ket,ปทุมธานี1,133707.0,4015.0,both,-129692.0,129692.0
2016,offseason,Si Sa Ket,"พิษณุโลก2,60-2",0.0,0.0,both,0.0,0.0
2016,offseason,Si Sa Ket,ราชการไม่ไวต่อช่วงแสง,463100.0,13909.0,both,-449191.0,449191.0
2016,offseason,Si Sa Ket,สุพรรณบุรี1,2151.0,65.0,both,-2086.0,2086.0
2016,offseason,Si Sa Ket,"สุพรรณบุรี60,90",1199.0,36.0,both,-1163.0,1163.0
2016,offseason,Si Sa Ket,หอมสุพรรณบุรี,0.0,0.0,both,0.0,0.0
2016,offseason,Sing Buri,กข10,0.0,0.0,both,0.0,0.0
2016,offseason,Sing Buri,กขไม่ไวต่อช่วงแสง,524353.0,12360.0,both,-511993.0,511993.0
2016,offseason,Sing Buri,"ชัยนาท1,2",0.0,0.0,both,0.0,0.0
2016,offseason,Sing Buri,ปทุมธานี1,255634.0,6026.0,both,-249608.0,249608.0
2016,offseason,Sing Buri,"พิษณุโลก2,60-2",23198.0,547.0,both,-22651.0,22651.0
2016,offseason,Sing Buri,ราชการไม่ไวต่อช่วงแสง,25496.0,600.0,both,-24896.0,24896.0
2016,offseason,Sing Buri,สุพรรณบุรี1,31318.0,739.0,both,-30579.0,30579.0
2016,offseason,Sing Buri,"สุพรรณบุรี60,90",0.0,0.0,both,0.0,0.0
2016,offseason,Sing Buri,หอมสุพรรณบุรี,0.0,0.0,both,0.0,0.0
2016,offseason,Songkhla,กข10,0.0,0.0,both,0.0,0.0
2016,offseason,Songkhla,กขไม่ไวต่อช่วงแสง,1044497.0,34532.0,both,-1009965.0,1009965.0
2016,offseason,Songkhla,"ชัยนาท1,2",148272.0,4902.0,both,-143370.0,143370.0
2016,offseason,Songkhla,ปทุมธานี1,60222.0,1991.0,both,-58231.0,58231.0
2016,offseason,Songkhla,"พิษณุโลก2,60-2",76041.0,2514.0,both,-73527.0,73527.0
2016,offseason,Songkhla,ราชการไม่ไวต่อช่วงแสง,9437.0,312.0,both,-9125.0,9125.0
2016,offseason,Songkhla,สุพรรณบุรี1,36267.0,1198.0,both,-35069.0,35069.0
2016,offseason,Songkhla,"สุพรรณบุรี60,90",13823.0,457.0,both,-13366.0,13366.0
2016,offseason,Songkhla,หอมสุพรรณบุรี,0.0,0.0,both,0.0,0.0
2016,offseason,Sukhothai,กข10,0.0,0.0,both,0.0,0.0
2016,offseason,Sukhothai,กขไม่ไวต่อช่วงแสง,1795541.0,55201.0,both,-1740340.0,1740340.0
2016,offseason,Sukhothai,"ชัยนาท1,2",157812.0,4851.0,both,-152961.0,152961.0
2016,offseason,Sukhothai,ปทุมธานี1,54943.0,1689.0,both,-53254.0,53254.0
2016,offseason,Sukhothai,"พิษณุโลก2,60-2",2069127.0,63612.0,both,-2005515.0,2005515.0
2016,offseason,Sukhothai,ราชการไม่ไวต่อช่วงแสง,1547795.0,47584.0,both,-1500211.0,1500211.0
2016,offseason,Sukhothai,สุพรรณบุรี1,691652.0,21265.0,both,-670387.0,670387.0
2016,offseason,Sukhothai,"สุพรรณบุรี60,90",228832.0,7036.0,both,-221796.0,221796.0
2016,offseason,Sukhothai,หอมสุพรรณบุรี,3112.0,95.0,both,-3017.0,3017.0
2016,offseason,Suphan Buri,กข10,0.0,0.0,both,0.0,0.0
2016,offseason,Suphan Buri,กขไม่ไวต่อช่วงแสง,10868487.0,274002.0,both,-10594485.0,10594485.0
2016,offseason,Suphan Buri,"ชัยนาท1,2",24038.0,608.0,both,-23430.0,23430.0
2016,offseason,Suphan Buri,ปทุมธานี1,855015.0,21555.0,both,-833460.0,833460.0
2016,offseason,Suphan Buri,"พิษณุโลก2,60-2",202607.0,5107.0,both,-197500.0,197500.0
2016,offseason,Suphan Buri,ราชการไม่ไวต่อช่วงแสง,349308.0,8807.0,both,-340501.0,340501.0
2016,offseason,Suphan Buri,สุพรรณบุรี1,710086.0,17902.0,both,-692184.0,692184.0
2016,offseason,Suphan Buri,"สุพรรณบุรี60,90",70032.0,1767.0,both,-68265.0,68265.0
2016,offseason,Suphan Buri,หอมสุพรรณบุรี,30338.0,765.0,both,-29573.0,29573.0
2016,offseason,Surat Thani,กข10,0.0,0.0,both,0.0,0.0
2016,offseason,Surat Thani,กขไม่ไวต่อช่วงแสง,5146.0,116.0,both,-5030.0,5030.0
2016,offseason,Surat Thani,"ชัยนาท1,2",4227.0,94.0,both,-4133.0,4133.0
2016,offseason,Surat Thani,ปทุมธานี1,76913.0,1707.0,both,-75206.0,75206.0
2016,offseason,Surat Thani,"พิษณุโลก2,60-2",11732.0,260.0,both,-11472.0,11472.0
2016,offseason,Surat Thani,ราชการไม่ไวต่อช่วงแสง,14121.0,315.0,both,-13806.0,13806.0
2016,offseason,Surat Thani,สุพรรณบุรี1,1715.0,38.0,both,-1677.0,1677.0
2016,offseason,Surat Thani,"สุพรรณบุรี60,90",0.0,0.0,both,0.0,0.0
2016,offseason,Surat Thani,หอมสุพรรณบุรี,0.0,0.0,both,0.0,0.0
2016,offseason,Surin,กข10,27499.0,785.0,both,-26714.0,26714.0
2016,offseason,Surin,กขไม่ไวต่อช่วงแสง,146286.0,4177.0,both,-142109.0,142109.0
2016,offseason,Surin,"ชัยนาท1,2",142976.0,4082.0,both,-138894.0,138894.0
2016,offseason,Surin,ปทุมธานี1,143100.0,4086.0,both,-139014.0,139014.0
2016,offseason,Surin,"พิษณุโลก2,60-2",2629.0,77.0,both,-2552.0,2552.0
2016,offseason,Surin,ราชการไม่ไวต่อช่วงแสง,223219.0,6373.0,both,-216846.0,216846.0
2016,offseason,Surin,สุพรรณบุรี1,10147.0,290.0,both,-9857.0,9857.0
2016,offseason,Surin,"สุพรรณบุรี60,90",0.0,0.0,both,0.0,0.0
2016,offseason,Surin,หอมสุพรรณบุรี,0.0,0.0,both,0.0,0.0
2016,offseason,Tak,กข10,0.0,0.0,both,0.0,0.0
2016,offseason,Tak,กขไม่ไวต่อช่วงแสง,7391.0,288.0,both,-7103.0,7103.0
2016,offseason,Tak,"ชัยนาท1,2",12031.0,469.0,both,-11562.0,11562.0
2016,offseason,Tak,ปทุมธานี1,1083.0,44.0,both,-1039.0,1039.0
2016,offseason,Tak,"พิษณุโลก2,60-2",12680.0,495.0,both,-12185.0,12185.0
2016,offseason,Tak,ราชการไม่ไวต่อช่วงแสง,18339.0,716.0,both,-17623.0,17623.0
2016,offseason,Tak,สุพรรณบุรี1,8505.0,332.0,both,-8173.0,8173.0
2016,offseason,Tak,"สุพรรณบุรี60,90",3989.0,155.0,both,-3834.0,3834.0
2016,offseason,Tak,หอมสุพรรณบุรี,0.0,0.0,both,0.0,0.0
2016,offseason,Trang,กข10,0.0,0.0,both,0.0,0.0
2016,offseason,Trang,กขไม่ไวต่อช่วงแสง,6597.0,218.0,both,-6379.0,6379.0
2016,offseason,Trang,"ชัยนาท1,2",0.0,0.0,both,0.0,0.0
2016,offseason,Trang,ปทุมธานี1,0.0,0.0,both,0.0,0.0
2016,offseason,Trang,"พิษณุโลก2,60-2",0.0,0.0,both,0.0,0.0
2016,offseason,Trang,ราชการไม่ไวต่อช่วงแสง,1422.0,47.0,both,-1375.0,1375.0
2016,offseason,Trang,สุพรรณบุรี1,0.0,0.0,both,0.0,0.0
2016,offseason,Trang,"สุพรรณบุรี60,90",0.0,0.0,both,0.0,0.0
2016,offseason,Trang,หอมสุพรรณบุรี,0.0,0.0,both,0.0,0.0
2016,offseason,Trat,กข10,0.0,0.0,both,0.0,0.0
2016,offseason,Trat,กขไม่ไวต่อช่วงแสง,5789.0,197.0,both,-5592.0,5592.0
2016,offseason,Trat,"ชัยนาท1,2",0.0,0.0,both,0.0,0.0
2016,offseason,Trat,ปทุมธานี1,23284.0,791.0,both,-22493.0,22493.0
2016,offseason,Trat,"พิษณุโลก2,60-2",0.0,0.0,both,0.0,0.0
2016,offseason,Trat,ราชการไม่ไวต่อช่วงแสง,20992.0,714.0,both,-20278.0,20278.0
2016,offseason,Trat,สุพรรณบุรี1,0.0,0.0,both,0.0,0.0
2016,offseason,Trat,"สุพรรณบุรี60,90",0.0,0.0,both,0.0,0.0
2016,offseason,Trat,หอมสุพรรณบุรี,0.0,0.0,both,0.0,0.0
2016,offseason,Ubon Ratchathani,กข10,589749.0,19665.0,both,-570084.0,570084.0
2016,offseason,Ubon Ratchathani,กขไม่ไวต่อช่วงแสง,1283249.0,42789.0,both,-1240460.0,1240460.0
2016,offseason,Ubon Ratchathani,"ชัยนาท1,2",379194.0,12643.0,both,-366551.0,366551.0
2016,offseason,Ubon Ratchathani,ปทุมธานี1,25374.0,846.0,both,-24528.0,24528.0
2016,offseason,Ubon Ratchathani,"พิษณุโลก2,60-2",13490.0,450.0,both,-13040.0,13040.0
2016,offseason,Ubon Ratchathani,ราชการไม่ไวต่อช่วงแสง,512917.0,17104.0,both,-495813.0,495813.0
2016,offseason,Ubon Ratchathani,สุพรรณบุรี1,19014.0,634.0,both,-18380.0,18380.0
2016,offseason,Ubon Ratchathani,"สุพรรณบุรี60,90",4322.0,144.0,both,-4178.0,4178.0
2016,offseason,Ubon Ratchathani,หอมสุพรรณบุรี,5618.0,188.0,both,-5430.0,5430.0
2016,offseason,Udon Thani,กข10,572066.0,18108.0,both,-553958.0,553958.0
2016,offseason,Udon Thani,กขไม่ไวต่อช่วงแสง,278451.0,8815.0,both,-269636.0,269636.0
2016,offseason,Udon Thani,"ชัยนาท1,2",95936.0,3036.0,both,-92900.0,92900.0
2016,offseason,Udon Thani,ปทุมธานี1,16122.0,510.0,both,-15612.0,15612.0
2016,offseason,Udon Thani,"พิษณุโลก2,60-2",9020.0,287.0,both,-8733.0,8733.0
2016,offseason,Udon Thani,ราชการไม่ไวต่อช่วงแสง,108291.0,3427.0,both,-104864.0,104864.0
2016,offseason,Udon Thani,สุพรรณบุรี1,0.0,0.0,both,0.0,0.0
2016,offseason,Udon Thani,"สุพรรณบุรี60,90",0.0,0.0,both,0.0,0.0
2016,offseason,Udon Thani,หอมสุพรรณบุรี,0.0,0.0,both,0.0,0.0
2016,offseason,Uthai Thani,กข10,0.0,0.0,both,0.0,0.0
2016,offseason,Uthai Thani,กขไม่ไวต่อช่วงแสง,1538481.0,51307.0,both,-1487174.0,1487174.0
2016,offseason,Uthai Thani,"ชัยนาท1,2",63096.0,2105.0,both,-60991.0,60991.0
2016,offseason,Uthai Thani,ปทุมธานี1,259703.0,8662.0,both,-251041.0,251041.0
2016,offseason,Uthai Thani,"พิษณุโลก2,60-2",83903.0,2798.0,both,-81105.0,81105.0
2016,offseason,Uthai Thani,ราชการไม่ไวต่อช่วงแสง,90433.0,3015.0,both,-87418.0,87418.0
2016,offseason,Uthai Thani,สุพรรณบุรี1,50037.0,1667.0,both,-48370.0,48370.0
2016,offseason,Uthai Thani,"สุพรรณบุรี60,90",24622.0,821.0,both,-23801.0,23801.0
2016,offseason,Uthai Thani,หอมสุพรรณบุรี,0.0,0.0,both,0.0,0.0
2016,offseason,Uttaradit,กข10,0.0,0.0,both,0.0,0.0
2016,offseason,Uttaradit,กขไม่ไวต่อช่วงแสง,472744.0,16292.0,both,-456452.0,456452.0
2016,offseason,Uttaradit,"ชัยนาท1,2",16574.0,571.0,both,-16003.0,16003.0
2016,offseason,Uttaradit,ปทุมธานี1,172215.0,5934.0,both,-166281.0,166281.0
2016,offseason,Uttaradit,"พิษณุโลก2,60-2",764278.0,26338.0,both,-737940.0,737940.0
2016,offseason,Uttaradit,ราชการไม่ไวต่อช่วงแสง,276098.0,9515.0,both,-266583.0,266583.0
2016,offseason,Uttaradit,สุพรรณบุรี1,220706.0,7605.0,both,-213101.0,213101.0
2016,offseason,Uttaradit,"สุพรรณบุรี60,90",71874.0,2476.0,both,-69398.0,69398.0
2016,offseason,Uttaradit,หอมสุพรรณบุรี,11676.0,404.0,both,-11272.0,11272.0
2016,offseason,Yala,กข10,0.0,0.0,both,0.0,0.0
2016,offseason,Yala,กขไม่ไวต่อช่วงแสง,0.0,0.0,both,0.0,0.0
2016,offseason,Yala,"ชัยนาท1,2",0.0,0.0,both,0.0,0.0
2016,offseason,Yala,ปทุมธานี1,0.0,0.0,both,0.0,0.0
2016,offseason,Yala,"พิษณุโลก2,60-2",0.0,0.0,both,0.0,0.0
2016,offseason,Yala,ราชการไม่ไวต่อช่วงแสง,0.0,0.0,both,0.0,0.0
2016,offseason,Yala,สุพรรณบุรี1,0.0,0.0,both,0.0,0.0
2016,offseason,Yala,"สุพรรณบุรี60,90",0.0,0.0,both,0.0,0.0
2016,offseason,Yala,หอมสุพรรณบุรี,0.0,0.0,both,0.0,0.0
2016,offseason,Yasothon,กข10,127670.0,3476.0,both,-124194.0,124194.0
2016,offseason,Yasothon,กขไม่ไวต่อช่วงแสง,91139.0,2480.0,both,-88659.0,88659.0
2016,offseason,Yasothon,"ชัยนาท1,2",498870.0,13574.0,both,-485296.0,485296.0
2016,offseason,Yasothon,ปทุมธานี1,11898.0,324.0,both,-11574.0,11574.0
2016,offseason,Yasothon,"พิษณุโลก2,60-2",0.0,0.0,both,0.0,0.0
2016,offseason,Yasothon,ราชการไม่ไวต่อช่วงแสง,21077.0,573.0,both,-20504.0,20504.0
2016,offseason,Yasothon,สุพรรณบุรี1,7293.0,198.0,both,-7095.0,7095.0
2016,offseason,Yasothon,"สุพรรณบุรี60,90",18203.0,495.0,both,-17708.0,17708.0
2016,offseason,Yasothon,หอมสุพรรณบุรี,0.0,0.0,both,0.0,0.0
2017,inseason,Amnat Charoen,กข15,685112.0,22374.0,both,-662738.0,662738.0
2017,inseason,Amnat Charoen,กข6,10327549.0,337256.0,both,-9990293.0,9990293.0
2017,inseason,Amnat Charoen,ขาวดอกมะลิ105,18203784.0,594462.0,both,-17609322.0,17609322.0
2017,inseason,Amnat Charoen,คลองหลวง1,0.0,0.0,both,0.0,0.0
2017,inseason,Amnat Charoen,ชัยนาท1,0.0,0.0,both,0.0,0.0
2017,inseason,Amnat Charoen,ปทุมธานี1,0.0,0.0,both,0.0,0.0
2017,inseason,Amnat Charoen,พันธุ์พื้นเมือง,376164.0,12284.0,both,-363880.0,363880.0
2017,inseason,Amnat Charoen,ราชการไม่ไวต่อช่วงแสง,63235.0,2064.0,both,-61171.0,61171.0
2017,inseason,Amnat Charoen,ราชการไวต่อช่วงแสง,81057.0,2647.0,both,-78410.0,78410.0
2017,inseason,Amnat Charoen,สุพรรณบุรี1,0.0,0.0,both,0.0,0.0
2017,inseason,Amnat Charoen,"สุพรรณบุรี60,90",0.0,0.0,both,0.0,0.0
2017,inseason,Amnat Charoen,หอมสุพรรณบุรี,0.0,0.0,both,0.0,0.0
2017,inseason,Ang Thong,กข15,0.0,0.0,both,0.0,0.0
2017,inseason,Ang Thong,กข6,0.0,0.0,both,0.0,0.0
2017,inseason,Ang Thong,ขาวดอกมะลิ105,398731.0,13024.0,both,-385707.0,385707.0
2017,inseason,Ang Thong,คลองหลวง1,0.0,0.0,both,0.0,0.0
2017,inseason,Ang Thong,ชัยนาท1,0.0,0.0,both,0.0,0.0
2017,inseason,Ang Thong,ปทุมธานี1,3065347.0,100133.0,both,-2965214.0,2965214.0
2017,inseason,Ang Thong,พันธุ์พื้นเมือง,379445.0,12394.0,both,-367051.0,367051.0
2017,inseason,Ang Thong,ราชการไม่ไวต่อช่วงแสง,6901736.0,225455.0,both,-6676281.0,6676281.0
2017,inseason,Ang Thong,ราชการไวต่อช่วงแสง,0.0,0.0,both,0.0,0.0
2017,inseason,Ang Thong,สุพรรณบุรี1,31715.0,1036.0,both,-30679.0,30679.0
2017,inseason,Ang Thong,"สุพรรณบุรี60,90",0.0,0.0,both,0.0,0.0
2017,inseason,Ang Thong,หอมสุพรรณบุรี,0.0,0.0,both,0.0,0.0
2017,inseason,Bangkok,กข15,0.0,0.0,both,0.0,0.0
2017,inseason,Bangkok,กข6,0.0,0.0,both,0.0,0.0
2017,inseason,Bangkok,ขาวดอกมะลิ105,0.0,0.0,both,0.0,0.0
2017,inseason,Bangkok,คลองหลวง1,0.0,0.0,both,0.0,0.0
2017,inseason,Bangkok,ชัยนาท1,0.0,0.0,both,0.0,0.0
2017,inseason,Bangkok,ปทุมธานี1,226653.0,7418.0,both,-219235.0,219235.0
2017,inseason,Bangkok,พันธุ์พื้นเมือง,0.0,0.0,both,0.0,0.0
2017,inseason,Bangkok,ราชการไม่ไวต่อช่วงแสง,2378163.0,77843.0,both,-2300320.0,2300320.0
2017,inseason,Bangkok,ราชการไวต่อช่วงแสง,0.0,0.0,both,0.0,0.0
2017,inseason,Bangkok,สุพรรณบุรี1,0.0,0.0,both,0.0,0.0
2017,inseason,Bangkok,"สุพรรณบุรี60,90",0.0,0.0,both,0.0,0.0
2017,inseason,Bangkok,หอมสุพรรณบุรี,0.0,0.0,both,0.0,0.0
2017,inseason,Bueng Kan,กข15,117552.0,3855.0,both,-113697.0,113697.0
2017,inseason,Bueng Kan,กข6,11471011.0,376181.0,both,-11094830.0,11094830.0
2017,inseason,Bueng Kan,ขาวดอกมะลิ105,2396843.0,78602.0,both,-2318241.0,2318241.0
2017,inseason,Bueng Kan,คลองหลวง1,0.0,0.0,both,0.0,0.0
2017,inseason,Bueng Kan,ชัยนาท1,0.0,0.0,both,0.0,0.0
2017,inseason,Bueng Kan,ปทุมธานี1,0.0,0.0,both,0.0,0.0
2017,inseason,Bueng Kan,พันธุ์พื้นเมือง,155974.0,5115.0,both,-150859.0,150859.0
2017,inseason,Bueng Kan,ราชการไม่ไวต่อช่วงแสง,0.0,0.0,both,0.0,0.0
2017,inseason,Bueng Kan,ราชการไวต่อช่วงแสง,511527.0,16775.0,both,-494752.0,494752.0
2017,inseason,Bueng Kan,สุพรรณบุรี1,0.0,0.0,both,0.0,0.0
2017,inseason,Bueng Kan,"สุพรรณบุรี60,90",0.0,0.0,both,0.0,0.0
2017,inseason,Bueng Kan,หอมสุพรรณบุรี,0.0,0.0,both,0.0,0.0
2017,inseason,Buri Ram,กข15,3147701.0,102847.0,both,-3044854.0,3044854.0
2017,inseason,Buri Ram,กข6,3826535.0,125027.0,both,-3701508.0,3701508.0
2017,inseason,Buri Ram,ขาวดอกมะลิ105,74405738.0,2431109.0,both,-71974629.0,71974629.0
2017,inseason,Buri Ram,คลองหลวง1,0.0,0.0,both,0.0,0.0
2017,inseason,Buri Ram,ชัยนาท1,30851.0,1008.0,both,-29843.0,29843.0
2017,inseason,Buri Ram,ปทุมธานี1,0.0,0.0,both,0.0,0.0
2017,inseason,Buri Ram,พันธุ์พื้นเมือง,2089755.0,68279.0,both,-2021476.0,2021476.0
2017,inseason,Buri Ram,ราชการไม่ไวต่อช่วงแสง,0.0,0.0,both,0.0,0.0
2017,inseason,Buri Ram,ราชการไวต่อช่วงแสง,427745.0,13976.0,both,-413769.0,413769.0
2017,inseason,Buri Ram,สุพรรณบุรี1,0.0,0.0,both,0.0,0.0
2017,inseason,Buri Ram,"สุพรรณบุรี60,90",0.0,0.0,both,0.0,0.0
2017,inseason,Buri Ram,หอมสุพรรณบุรี,0.0,0.0,both,0.0,0.0
2017,inseason,Chachoengsao,กข15,0.0,0.0,both,0.0,0.0
2017,inseason,Chachoengsao,กข6,101374.0,3308.0,both,-98066.0,98066.0
2017,inseason,Chachoengsao,ขาวดอกมะลิ105,2166792.0,70706.0,both,-2096086.0,2096086.0
2017,inseason,Chachoengsao,คลองหลวง1,0.0,0.0,both,0.0,0.0
2017,inseason,Chachoengsao,ชัยนาท1,0.0,0.0,both,0.0,0.0
2017,inseason,Chachoengsao,ปทุมธานี1,896246.0,29247.0,both,-866999.0,866999.0
2017,inseason,Chachoengsao,พันธุ์พื้นเมือง,329588.0,10753.0,both,-318835.0,318835.0
2017,inseason,Chachoengsao,ราชการไม่ไวต่อช่วงแสง,11371199.0,371062.0,both,-11000137.0,11000137.0
2017,inseason,Chachoengsao,ราชการไวต่อช่วงแสง,3338415.0,108938.0,both,-3229477.0,3229477.0
2017,inseason,Chachoengsao,สุพรรณบุรี1,318035.0,10379.0,both,-307656.0,307656.0
2017,inseason,Chachoengsao,"สุพรรณบุรี60,90",644252.0,21024.0,both,-623228.0,623228.0
2017,inseason,Chachoengsao,หอมสุพรรณบุรี,0.0,0.0,both,0.0,0.0
2017,inseason,Chai Nat,กข15,0.0,0.0,both,0.0,0.0
2017,inseason,Chai Nat,กข6,0.0,0.0,both,0.0,0.0
2017,inseason,Chai Nat,ขาวดอกมะลิ105,348793.0,11386.0,both,-337407.0,337407.0
2017,inseason,Chai Nat,คลองหลวง1,0.0,0.0,both,0.0,0.0
2017,inseason,Chai Nat,ชัยนาท1,194264.0,6341.0,both,-187923.0,187923.0
2017,inseason,Chai Nat,ปทุมธานี1,3135765.0,102356.0,both,-3033409.0,3033409.0
2017,inseason,Chai Nat,พันธุ์พื้นเมือง,220642.0,7203.0,both,-213439.0,213439.0
2017,inseason,Chai Nat,ราชการไม่ไวต่อช่วงแสง,21087310.0,688313.0,both,-20398997.0,20398997.0
2017,inseason,Chai Nat,ราชการไวต่อช่วงแสง,0.0,0.0,both,0.0,0.0
2017,inseason,Chai Nat,สุพรรณบุรี1,316288.0,10323.0,both,-305965.0,305965.0
2017,inseason,Chai Nat,"สุพรรณบุรี60,90",0.0,0.0,both,0.0,0.0
2017,inseason,Chai Nat,หอมสุพรรณบุรี,0.0,0.0,both,0.0,0.0
2017,inseason,Chaiyaphum,กข15,316387.0,10346.0,both,-306041.0,306041.0
2017,inseason,Chaiyaphum,กข6,17545183.0,573679.0,both,-16971504.0,16971504.0
2017,inseason,Chaiyaphum,ขาวดอกมะลิ105,23130926.0,756321.0,both,-22374605.0,22374605.0
2017,inseason,Chaiyaphum,คลองหลวง1,0.0,0.0,both,0.0,0.0
2017,inseason,Chaiyaphum,ชัยนาท1,0.0,0.0,both,0.0,0.0
2017,inseason,Chaiyaphum,ปทุมธานี1,0.0,0.0,both,0.0,0.0
2017,inseason,Chaiyaphum,พันธุ์พื้นเมือง,3157626.0,103246.0,both,-3054380.0,3054380.0
2017,inseason,Chaiyaphum,ราชการไม่ไวต่อช่วงแสง,611609.0,20000.0,both,-591609.0,591609.0
2017,inseason,Chaiyaphum,ราชการไวต่อช่วงแสง,2387074.0,78050.0,both,-2309024.0,2309024.0
2017,inseason,Chaiyaphum,สุพรรณบุรี1,0.0,0.0,both,0.0,0.0
2017,inseason,Chaiyaphum,"สุพรรณบุรี60,90",0.0,0.0,both,0.0,0.0
2017,inseason,Chaiyaphum,หอมสุพรรณบุรี,0.0,0.0,both,0.0,0.0
2017,inseason,Chanthaburi,กข15,0.0,0.0,both,0.0,0.0
2017,inseason,Chanthaburi,กข6,0.0,0.0,both,0.0,0.0
2017,inseason,Chanthaburi,ขาวดอกมะลิ105,288272.0,9389.0,both,-278883.0,278883.0
2017,inseason,Chanthaburi,คลองหลวง1,0.0,0.0,both,0.0,0.0
2017,inseason,Chanthaburi,ชัยนาท1,4145.0,135.0,both,-4010.0,4010.0
2017,inseason,Chanthaburi,ปทุมธานี1,19744.0,644.0,both,-19100.0,19100.0
2017,inseason,Chanthaburi,พันธุ์พื้นเมือง,90983.0,2963.0,both,-88020.0,88020.0
2017,inseason,Chanthaburi,ราชการไม่ไวต่อช่วงแสง,28066.0,914.0,both,-27152.0,27152.0
2017,inseason,Chanthaburi,ราชการไวต่อช่วงแสง,0.0,0.0,both,0.0,0.0
2017,inseason,Chanthaburi,สุพรรณบุรี1,0.0,0.0,both,0.0,0.0
2017,inseason,Chanthaburi,"สุพรรณบุรี60,90",0.0,0.0,both,0.0,0.0
2017,inseason,Chanthaburi,หอมสุพรรณบุรี,0.0,0.0,both,0.0,0.0
2017,inseason,Chiang Mai,กข15,11312.0,366.0,both,-10946.0,10946.0
2017,inseason,Chiang Mai,กข6,3191923.0,103274.0,both,-3088649.0,3088649.0
2017,inseason,Chiang Mai,ขาวดอกมะลิ105,622690.0,20147.0,both,-602543.0,602543.0
2017,inseason,Chiang Mai,คลองหลวง1,0.0,0.0,both,0.0,0.0
2017,inseason,Chiang Mai,ชัยนาท1,0.0,0.0,both,0.0,0.0
2017,inseason,Chiang Mai,ปทุมธานี1,69387.0,2245.0,both,-67142.0,67142.0
2017,inseason,Chiang Mai,พันธุ์พื้นเมือง,2789418.0,90253.0,both,-2699165.0,2699165.0
2017,inseason,Chiang Mai,ราชการไม่ไวต่อช่วงแสง,6533716.0,211397.0,both,-6322319.0,6322319.0
2017,inseason,Chiang Mai,ราชการไวต่อช่วงแสง,326659.0,10569.0,both,-316090.0,316090.0
2017,inseason,Chiang Mai,สุพรรณบุรี1,0.0,0.0,both,0.0,0.0
2017,inseason,Chiang Mai,"สุพรรณบุรี60,90",6831.0,221.0,both,-6610.0,6610.0
2017,inseason,Chiang Mai,หอมสุพรรณบุรี,0.0,0.0,both,0.0,0.0
2017,inseason,Chiang Rai,กข15,3844053.0,125168.0,both,-3718885.0,3718885.0
2017,inseason,Chiang Rai,กข6,22948105.0,747225.0,both,-22200880.0,22200880.0
2017,inseason,Chiang Rai,ขาวดอกมะลิ105,3325863.0,108293.0,both,-3217570.0,3217570.0
2017,inseason,Chiang Rai,คลองหลวง1,0.0,0.0,both,0.0,0.0
2017,inseason,Chiang Rai,ชัยนาท1,0.0,0.0,both,0.0,0.0
2017,inseason,Chiang Rai,ปทุมธานี1,345439.0,11246.0,both,-334193.0,334193.0
2017,inseason,Chiang Rai,พันธุ์พื้นเมือง,1219355.0,39704.0,both,-1179651.0,1179651.0
2017,inseason,Chiang Rai,ราชการไม่ไวต่อช่วงแสง,4138265.0,134747.0,both,-4003518.0,4003518.0
2017,inseason,Chiang Rai,ราชการไวต่อช่วงแสง,659706.0,21480.0,both,-638226.0,638226.0
2017,inseason,Chiang Rai,สุพรรณบุรี1,245351.0,7989.0,both,-237362.0,237362.0
2017,inseason,Chiang Rai,"สุพรรณบุรี60,90",394024.0,12831.0,both,-381193.0,381193.0
2017,inseason,Chiang Rai,หอมสุพรรณบุรี,0.0,0.0,both,0.0,0.0
2017,inseason,Chon Buri,กข15,0.0,0.0,both,0.0,0.0
2017,inseason,Chon Buri,กข6,0.0,0.0,both,0.0,0.0
2017,inseason,Chon Buri,ขาวดอกมะลิ105,472488.0,15374.0,both,-457114.0,457114.0
2017,inseason,Chon Buri,คลองหลวง1,31626.0,1029.0,both,-30597.0,30597.0
2017,inseason,Chon Buri,ชัยนาท1,6424.0,209.0,both,-6215.0,6215.0
2017,inseason,Chon Buri,ปทุมธานี1,383602.0,12479.0,both,-371123.0,371123.0
2017,inseason,Chon Buri,พันธุ์พื้นเมือง,32456.0,1056.0,both,-31400.0,31400.0
2017,inseason,Chon Buri,ราชการไม่ไวต่อช่วงแสง,1067269.0,34725.0,both,-1032544.0,1032544.0
2017,inseason,Chon Buri,ราชการไวต่อช่วงแสง,116670.0,3796.0,both,-112874.0,112874.0
2017,inseason,Chon Buri,สุพรรณบุรี1,9097.0,296.0,both,-8801.0,8801.0
2017,inseason,Chon Buri,"สุพรรณบุรี60,90",32180.0,1047.0,both,-31133.0,31133.0
2017,inseason,Chon Buri,หอมสุพรรณบุรี,0.0,0.0,both,0.0,0.0
2017,inseason,Chumphon,กข15,0.0,0.0,both,0.0,0.0
2017,inseason,Chumphon,กข6,0.0,0.0,both,0.0,0.0
2017,inseason,Chumphon,ขาวดอกมะลิ105,2641.0,86.0,both,-2555.0,2555.0
2017,inseason,Chumphon,คลองหลวง1,0.0,0.0,both,0.0,0.0
2017,inseason,Chumphon,ชัยนาท1,0.0,0.0,both,0.0,0.0
2017,inseason,Chumphon,ปทุมธานี1,68704.0,2237.0,both,-66467.0,66467.0
2017,inseason,Chumphon,พันธุ์พื้นเมือง,7862.0,256.0,both,-7606.0,7606.0
2017,inseason,Chumphon,ราชการไม่ไวต่อช่วงแสง,6265.0,204.0,both,-6061.0,6061.0
2017,inseason,Chumphon,ราชการไวต่อช่วงแสง,4853.0,158.0,both,-4695.0,4695.0
2017,inseason,Chumphon,สุพรรณบุรี1,0.0,0.0,both,0.0,0.0
2017,inseason,Chumphon,"สุพรรณบุรี60,90",0.0,0.0,both,0.0,0.0
2017,inseason,Chumphon,หอมสุพรรณบุรี,0.0,0.0,both,0.0,0.0
2017,inseason,Kalasin,กข15,80185.0,2632.0,both,-77553.0,77553.0
2017,inseason,Kalasin,กข6,31884513.0,1046585.0,both,-30837928.0,30837928.0
2017,inseason,Kalasin,ขาวดอกมะลิ105,11184813.0,367133.0,both,-10817680.0,10817680.0
2017,inseason,Kalasin,คลองหลวง1,0.0,0.0,both,0.0,0.0
2017,inseason,Kalasin,ชัยนาท1,0.0,0.0,both,0.0,0.0
2017,inseason,Kalasin,ปทุมธานี1,0.0,0.0,both,0.0,0.0
2017,inseason,Kalasin,พันธุ์พื้นเมือง,194338.0,6380.0,both,-187958.0,187958.0
2017,inseason,Kalasin,ราชการไม่ไวต่อช่วงแสง,514498.0,16888.0,both,-497610.0,497610.0
2017,inseason,Kalasin,ราชการไวต่อช่วงแสง,86491.0,2838.0,both,-83653.0,83653.0
2017,inseason,Kalasin,สุพรรณบุรี1,0.0,0.0,both,0.0,0.0
2017,inseason,Kalasin,"สุพรรณบุรี60,90",0.0,0.0,both,0.0,0.0
2017,inseason,Kalasin,หอมสุพรรณบุรี,0.0,0.0,both,0.0,0.0
2017,inseason,Kamphaeng Phet,กข15,17385.0,568.0,both,-16817.0,16817.0
2017,inseason,Kamphaeng Phet,กข6,193661.0,6326.0,both,-187335.0,187335.0
2017,inseason,Kamphaeng Phet,ขาวดอกมะลิ105,2744188.0,89654.0,both,-2654534.0,2654534.0
2017,inseason,Kamphaeng Phet,คลองหลวง1,0.0,0.0,both,0.0,0.0
2017,inseason,Kamphaeng Phet,ชัยนาท1,162838.0,5320.0,both,-157518.0,157518.0
2017,inseason,Kamphaeng Phet,ปทุมธานี1,259408.0,8474.0,both,-250934.0,250934.0
2017,inseason,Kamphaeng Phet,พันธุ์พื้นเมือง,232167.0,7586.0,both,-224581.0,224581.0
2017,inseason,Kamphaeng Phet,ราชการไม่ไวต่อช่วงแสง,31274885.0,1021767.0,both,-30253118.0,30253118.0
2017,inseason,Kamphaeng Phet,ราชการไวต่อช่วงแสง,874887.0,28585.0,both,-846302.0,846302.0
2017,inseason,Kamphaeng Phet,สุพรรณบุรี1,313922.0,10256.0,both,-303666.0,303666.0
2017,inseason,Kamphaeng Phet,"สุพรรณบุรี60,90",308688.0,10086.0,both,-298602.0,298602.0
2017,inseason,Kamphaeng Phet,หอมสุพรรณบุรี,0.0,0.0,both,0.0,0.0
2017,inseason,Kanchanaburi,กข15,0.0,0.0,both,0.0,0.0
2017,inseason,Kanchanaburi,กข6,0.0,0.0,both,0.0,0.0
2017,inseason,Kanchanaburi,ขาวดอกมะลิ105,3245361.0,104795.0,both,-3140566.0,3140566.0
2017,inseason,Kanchanaburi,คลองหลวง1,0.0,0.0,both,0.0,0.0
2017,inseason,Kanchanaburi,ชัยนาท1,0.0,0.0,both,0.0,0.0
2017,inseason,Kanchanaburi,ปทุมธานี1,2232809.0,72099.0,both,-2160710.0,2160710.0
2017,inseason,Kanchanaburi,พันธุ์พื้นเมือง,600513.0,19391.0,both,-581122.0,581122.0
2017,inseason,Kanchanaburi,ราชการไม่ไวต่อช่วงแสง,2449900.0,79110.0,both,-2370790.0,2370790.0
2017,inseason,Kanchanaburi,ราชการไวต่อช่วงแสง,84421.0,2726.0,both,-81695.0,81695.0
2017,inseason,Kanchanaburi,สุพรรณบุรี1,2975345.0,96076.0,both,-2879269.0,2879269.0
2017,inseason,Kanchanaburi,"สุพรรณบุรี60,90",0.0,0.0,both,0.0,0.0
2017,inseason,Kanchanaburi,หอมสุพรรณบุรี,57106.0,1843.0,both,-55263.0,55263.0
2017,inseason,Khon Kaen,กข15,257668.0,8463.0,both,-249205.0,249205.0
2017,inseason,Khon Kaen,กข6,52143492.0,1712634.0,both,-50430858.0,50430858.0
2017,inseason,Khon Kaen,ขาวดอกมะลิ105,17713558.0,581796.0,both,-17131762.0,17131762.0
2017,inseason,Khon Kaen,คลองหลวง1,0.0,0.0,both,0.0,0.0
2017,inseason,Khon Kaen,ชัยนาท1,0.0,0.0,both,0.0,0.0
2017,inseason,Khon Kaen,ปทุมธานี1,0.0,0.0,both,0.0,0.0
2017,inseason,Khon Kaen,พันธุ์พื้นเมือง,702824.0,23085.0,both,-679739.0,679739.0
2017,inseason,Khon Kaen,ราชการไม่ไวต่อช่วงแสง,178538.0,5864.0,both,-172674.0,172674.0
2017,inseason,Khon Kaen,ราชการไวต่อช่วงแสง,192452.0,6321.0,both,-186131.0,186131.0
2017,inseason,Khon Kaen,สุพรรณบุรี1,0.0,0.0,both,0.0,0.0
2017,inseason,Khon Kaen,"สุพรรณบุรี60,90",0.0,0.0,both,0.0,0.0
2017,inseason,Khon Kaen,หอมสุพรรณบุรี,0.0,0.0,both,0.0,0.0
2017,inseason,Krabi,กข15,0.0,0.0,both,0.0,0.0
2017,inseason,Krabi,กข6,0.0,0.0,both,0.0,0.0
2017,inseason,Krabi,ขาวดอกมะลิ105,20523.0,667.0,both,-19856.0,19856.0
2017,inseason,Krabi,คลองหลวง1,0.0,0.0,both,0.0,0.0
2017,inseason,Krabi,ชัยนาท1,0.0,0.0,both,0.0,0.0
2017,inseason,Krabi,ปทุมธานี1,0.0,0.0,both,0.0,0.0
2017,inseason,Krabi,พันธุ์พื้นเมือง,33600.0,1092.0,both,-32508.0,32508.0
2017,inseason,Krabi,ราชการไม่ไวต่อช่วงแสง,0.0,0.0,both,0.0,0.0
2017,inseason,Krabi,ราชการไวต่อช่วงแสง,114309.0,3715.0,both,-110594.0,110594.0
2017,inseason,Krabi,สุพรรณบุรี1,0.0,0.0,both,0.0,0.0
2017,inseason,Krabi,"สุพรรณบุรี60,90",0.0,0.0,both,0.0,0.0
2017,inseason,Krabi,หอมสุพรรณบุรี,0.0,0.0,both,0.0,0.0
2017,inseason,Lampang,กข15,90637.0,2932.0,both,-87705.0,87705.0
2017,inseason,Lampang,กข6,6970072.0,225474.0,both,-6744598.0,6744598.0
2017,inseason,Lampang,ขาวดอกมะลิ105,1163626.0,37642.0,both,-1125984.0,1125984.0
2017,inseason,Lampang,คลองหลวง1,0.0,0.0,both,0.0,0.0
2017,inseason,Lampang,ชัยนาท1,0.0,0.0,both,0.0,0.0
2017,inseason,Lampang,ปทุมธานี1,0.0,0.0,both,0.0,0.0
2017,inseason,Lampang,พันธุ์พื้นเมือง,150114.0,4856.0,both,-145258.0,145258.0
2017,inseason,Lampang,ราชการไม่ไวต่อช่วงแสง,4416598.0,142871.0,both,-4273727.0,4273727.0
2017,inseason,Lampang,ราชการไวต่อช่วงแสง,536742.0,17364.0,both,-519378.0,519378.0
2017,inseason,Lampang,สุพรรณบุรี1,0.0,0.0,both,0.0,0.0
2017,inseason,Lampang,"สุพรรณบุรี60,90",0.0,0.0,both,0.0,0.0
2017,inseason,Lampang,หอมสุพรรณบุรี,0.0,0.0,both,0.0,0.0
2017,inseason,Lamphun,กข15,0.0,0.0,both,0.0,0.0
2017,inseason,Lamphun,กข6,1737773.0,56352.0,both,-1681421.0,1681421.0
2017,inseason,Lamphun,ขาวดอกมะลิ105,262959.0,8527.0,both,-254432.0,254432.0
2017,inseason,Lamphun,คลองหลวง1,0.0,0.0,both,0.0,0.0
2017,inseason,Lamphun,ชัยนาท1,0.0,0.0,both,0.0,0.0
2017,inseason,Lamphun,ปทุมธานี1,0.0,0.0,both,0.0,0.0
2017,inseason,Lamphun,พันธุ์พื้นเมือง,242266.0,7855.0,both,-234411.0,234411.0
2017,inseason,Lamphun,ราชการไม่ไวต่อช่วงแสง,920402.0,29846.0,both,-890556.0,890556.0
2017,inseason,Lamphun,ราชการไวต่อช่วงแสง,461589.0,14969.0,both,-446620.0,446620.0
2017,inseason,Lamphun,สุพรรณบุรี1,0.0,0.0,both,0.0,0.0
2017,inseason,Lamphun,"สุพรรณบุรี60,90",0.0,0.0,both,0.0,0.0
2017,inseason,Lamphun,หอมสุพรรณบุรี,0.0,0.0,both,0.0,0.0
2017,inseason,Loei,กข15,0.0,0.0,both,0.0,0.0
2017,inseason,Loei,กข6,9522935.0,309133.0,both,-9213802.0,9213802.0
2017,inseason,Loei,ขาวดอกมะลิ105,303650.0,9857.0,both,-293793.0,293793.0
2017,inseason,Loei,คลองหลวง1,0.0,0.0,both,0.0,0.0
2017,inseason,Loei,ชัยนาท1,0.0,0.0,both,0.0,0.0
2017,inseason,Loei,ปทุมธานี1,0.0,0.0,both,0.0,0.0
2017,inseason,Loei,พันธุ์พื้นเมือง,930665.0,30212.0,both,-900453.0,900453.0
2017,inseason,Loei,ราชการไม่ไวต่อช่วงแสง,738131.0,23961.0,both,-714170.0,714170.0
2017,inseason,Loei,ราชการไวต่อช่วงแสง,1253414.0,40688.0,both,-1212726.0,1212726.0
2017,inseason,Loei,สุพรรณบุรี1,0.0,0.0,both,0.0,0.0
2017,inseason,Loei,"สุพรรณบุรี60,90",0.0,0.0,both,0.0,0.0
2017,inseason,Loei,หอมสุพรรณบุรี,0.0,0.0,both,0.0,0.0
2017,inseason,Lop Buri,กข15,0.0,0.0,both,0.0,0.0
2017,inseason,Lop Buri,กข6,118903.0,3870.0,both,-115033.0,115033.0
2017,inseason,Lop Buri,ขาวดอกมะลิ105,5853779.0,190525.0,both,-5663254.0,5663254.0
2017,inseason,Lop Buri,คลองหลวง1,0.0,0.0,both,0.0,0.0
2017,inseason,Lop Buri,ชัยนาท1,737721.0,24009.0,both,-713712.0,713712.0
2017,inseason,Lop Buri,ปทุมธานี1,4309975.0,140280.0,both,-4169695.0,4169695.0
2017,inseason,Lop Buri,พันธุ์พื้นเมือง,468085.0,15234.0,both,-452851.0,452851.0
2017,inseason,Lop Buri,ราชการไม่ไวต่อช่วงแสง,10761249.0,350250.0,both,-10410999.0,10410999.0
2017,inseason,Lop Buri,ราชการไวต่อช่วงแสง,0.0,0.0,both,0.0,0.0
2017,inseason,Lop Buri,สุพรรณบุรี1,379629.0,12356.0,both,-367273.0,367273.0
2017,inseason,Lop Buri,"สุพรรณบุรี60,90",0.0,0.0,both,0.0,0.0
2017,inseason,Lop Buri,หอมสุพรรณบุรี,0.0,0.0,both,0.0,0.0
2017,inseason,Mae Hong Son,กข15,0.0,0.0,both,0.0,0.0
2017,inseason,Mae Hong Son,กข6,130758.0,4254.0,both,-126504.0,126504.0
2017,inseason,Mae Hong Son,ขาวดอกมะลิ105,1121339.0,36483.0,both,-1084856.0,1084856.0
2017,inseason,Mae Hong Son,คลองหลวง1,0.0,0.0,both,0.0,0.0
2017,inseason,Mae Hong Son,ชัยนาท1,0.0,0.0,both,0.0,0.0
2017,inseason,Mae Hong Son,ปทุมธานี1,0.0,0.0,both,0.0,0.0
2017,inseason,Mae Hong Son,พันธุ์พื้นเมือง,1782567.0,57993.0,both,-1724574.0,1724574.0
2017,inseason,Mae Hong Son,ราชการไม่ไวต่อช่วงแสง,2078816.0,67631.0,both,-2011185.0,2011185.0
2017,inseason,Mae Hong Son,ราชการไวต่อช่วงแสง,54713.0,1780.0,both,-52933.0,52933.0
2017,inseason,Mae Hong Son,สุพรรณบุรี1,0.0,0.0,both,0.0,0.0
2017,inseason,Mae Hong Son,"สุพรรณบุรี60,90",0.0,0.0,both,0.0,0.0
2017,inseason,Mae Hong Son,หอมสุพรรณบุรี,0.0,0.0,both,0.0,0.0
2017,inseason,Maha Sarakham,กข15,1099866.0,36182.0,both,-1063684.0,1063684.0
2017,inseason,Maha Sarakham,กข6,30298537.0,996750.0,both,-29301787.0,29301787.0
2017,inseason,Maha Sarakham,ขาวดอกมะลิ105,29645816.0,975278.0,both,-28670538.0,28670538.0
2017,inseason,Maha Sarakham,คลองหลวง1,0.0,0.0,both,0.0,0.0
2017,inseason,Maha Sarakham,ชัยนาท1,0.0,0.0,both,0.0,0.0
2017,inseason,Maha Sarakham,ปทุมธานี1,0.0,0.0,both,0.0,0.0
2017,inseason,Maha Sarakham,พันธุ์พื้นเมือง,300173.0,9875.0,both,-290298.0,290298.0
2017,inseason,Maha Sarakham,ราชการไม่ไวต่อช่วงแสง,860699.0,28316.0,both,-832383.0,832383.0
2017,inseason,Maha Sarakham,ราชการไวต่อช่วงแสง,345040.0,11350.0,both,-333690.0,333690.0
2017,inseason,Maha Sarakham,สุพรรณบุรี1,0.0,0.0,both,0.0,0.0
2017,inseason,Maha Sarakham,"สุพรรณบุรี60,90",0.0,0.0,both,0.0,0.0
2017,inseason,Maha Sarakham,หอมสุพรรณบุรี,0.0,0.0,both,0.0,0.0
2017,inseason,Mukdahan,กข15,154119.0,5023.0,both,-149096.0,149096.0
2017,inseason,Mukdahan,กข6,11124291.0,362632.0,both,-10761659.0,10761659.0
2017,inseason,Mukdahan,ขาวดอกมะลิ105,3049024.0,99393.0,both,-2949631.0,2949631.0
2017,inseason,Mukdahan,คลองหลวง1,0.0,0.0,both,0.0,0.0
2017,inseason,Mukdahan,ชัยนาท1,0.0,0.0,both,0.0,0.0
2017,inseason,Mukdahan,ปทุมธานี1,0.0,0.0,both,0.0,0.0
2017,inseason,Mukdahan,พันธุ์พื้นเมือง,385818.0,12577.0,both,-373241.0,373241.0
2017,inseason,Mukdahan,ราชการไม่ไวต่อช่วงแสง,284003.0,9258.0,both,-274745.0,274745.0
2017,inseason,Mukdahan,ราชการไวต่อช่วงแสง,99545.0,3245.0,both,-96300.0,96300.0
2017,inseason,Mukdahan,สุพรรณบุรี1,0.0,0.0,both,0.0,0.0
2017,inseason,Mukdahan,"สุพรรณบุรี60,90",0.0,0.0,both,0.0,0.0
2017,inseason,Mukdahan,หอมสุพรรณบุรี,0.0,0.0,both,0.0,0.0
2017,inseason,Nakhon Nayok,กข15,0.0,0.0,both,0.0,0.0
2017,inseason,Nakhon Nayok,กข6,0.0,0.0,both,0.0,0.0
2017,inseason,Nakhon Nayok,ขาวดอกมะลิ105,584471.0,19000.0,both,-565471.0,565471.0
2017,inseason,Nakhon Nayok,คลองหลวง1,0.0,0.0,both,0.0,0.0
2017,inseason,Nakhon Nayok,ชัยนาท1,49988.0,1625.0,both,-48363.0,48363.0
2017,inseason,Nakhon Nayok,ปทุมธานี1,192014.0,6241.0,both,-185773.0,185773.0
2017,inseason,Nakhon Nayok,พันธุ์พื้นเมือง,884028.0,28738.0,both,-855290.0,855290.0
2017,inseason,Nakhon Nayok,ราชการไม่ไวต่อช่วงแสง,6182255.0,200973.0,both,-5981282.0,5981282.0
2017,inseason,Nakhon Nayok,ราชการไวต่อช่วงแสง,2836159.0,92198.0,both,-2743961.0,2743961.0
2017,inseason,Nakhon Nayok,สุพรรณบุรี1,539066.0,17524.0,both,-521542.0,521542.0
2017,inseason,Nakhon Nayok,"สุพรรณบุรี60,90",0.0,0.0,both,0.0,0.0
2017,inseason,Nakhon Nayok,หอมสุพรรณบุรี,0.0,0.0,both,0.0,0.0
2017,inseason,Nakhon Pathom,กข15,0.0,0.0,both,0.0,0.0
2017,inseason,Nakhon Pathom,กข6,0.0,0.0,both,0.0,0.0
2017,inseason,Nakhon Pathom,ขาวดอกมะลิ105,0.0,0.0,both,0.0,0.0
2017,inseason,Nakhon Pathom,คลองหลวง1,0.0,0.0,both,0.0,0.0
2017,inseason,Nakhon Pathom,ชัยนาท1,0.0,0.0,both,0.0,0.0
2017,inseason,Nakhon Pathom,ปทุมธานี1,500060.0,16286.0,both,-483774.0,483774.0
2017,inseason,Nakhon Pathom,พันธุ์พื้นเมือง,0.0,0.0,both,0.0,0.0
2017,inseason,Nakhon Pathom,ราชการไม่ไวต่อช่วงแสง,8806838.0,286822.0,both,-8520016.0,8520016.0
2017,inseason,Nakhon Pathom,ราชการไวต่อช่วงแสง,0.0,0.0,both,0.0,0.0
2017,inseason,Nakhon Pathom,สุพรรณบุรี1,169798.0,5531.0,both,-164267.0,164267.0
2017,inseason,Nakhon Pathom,"สุพรรณบุรี60,90",29293.0,954.0,both,-28339.0,28339.0
2017,inseason,Nakhon Pathom,หอมสุพรรณบุรี,0.0,0.0,both,0.0,0.0
2017,inseason,Nakhon Phanom,กข15,2580116.0,84512.0,both,-2495604.0,2495604.0
2017,inseason,Nakhon Phanom,กข6,17568695.0,575450.0,both,-16993245.0,16993245.0
2017,inseason,Nakhon Phanom,ขาวดอกมะลิ105,14570405.0,477245.0,both,-14093160.0,14093160.0
2017,inseason,Nakhon Phanom,คลองหลวง1,0.0,0.0,both,0.0,0.0
2017,inseason,Nakhon Phanom,ชัยนาท1,0.0,0.0,both,0.0,0.0
2017,inseason,Nakhon Phanom,ปทุมธานี1,0.0,0.0,both,0.0,0.0
2017,inseason,Nakhon Phanom,พันธุ์พื้นเมือง,1737052.0,56896.0,both,-1680156.0,1680156.0
2017,inseason,Nakhon Phanom,ราชการไม่ไวต่อช่วงแสง,2238451.0,73319.0,both,-2165132.0,2165132.0
2017,inseason,Nakhon Phanom,ราชการไวต่อช่วงแสง,2281835.0,74740.0,both,-2207095.0,2207095.0
2017,inseason,Nakhon Phanom,สุพรรณบุรี1,0.0,0.0,both,0.0,0.0
2017,inseason,Nakhon Phanom,"สุพรรณบุรี60,90",0.0,0.0,both,0.0,0.0
2017,inseason,Nakhon Phanom,หอมสุพรรณบุรี,0.0,0.0,both,0.0,0.0
2017,inseason,Nakhon Ratchasima,กข15,1846051.0,60357.0,both,-1785694.0,1785694.0
2017,inseason,Nakhon Ratchasima,กข6,6398645.0,209205.0,both,-6189440.0,6189440.0
2017,inseason,Nakhon Ratchasima,ขาวดอกมะลิ105,88305957.0,2887182.0,both,-85418775.0,85418775.0
2017,inseason,Nakhon Ratchasima,คลองหลวง1,0.0,0.0,both,0.0,0.0
2017,inseason,Nakhon Ratchasima,ชัยนาท1,2311012.0,75560.0,both,-2235452.0,2235452.0
2017,inseason,Nakhon Ratchasima,ปทุมธานี1,534330.0,17470.0,both,-516860.0,516860.0
2017,inseason,Nakhon Ratchasima,พันธุ์พื้นเมือง,2320493.0,75868.0,both,-2244625.0,2244625.0
2017,inseason,Nakhon Ratchasima,ราชการไม่ไวต่อช่วงแสง,1631340.0,53338.0,both,-1578002.0,1578002.0
2017,inseason,Nakhon Ratchasima,ราชการไวต่อช่วงแสง,2831486.0,92574.0,both,-2738912.0,2738912.0
2017,inseason,Nakhon Ratchasima,สุพรรณบุรี1,164183.0,5368.0,both,-158815.0,158815.0
2017,inseason,Nakhon Ratchasima,"สุพรรณบุรี60,90",68695.0,2246.0,both,-66449.0,66449.0
2017,inseason,Nakhon Ratchasima,หอมสุพรรณบุรี,0.0,0.0,both,0.0,0.0
2017,inseason,Nakhon Sawan,กข15,0.0,0.0,both,0.0,0.0
2017,inseason,Nakhon Sawan,กข6,146046.0,4767.0,both,-141279.0,141279.0
2017,inseason,Nakhon Sawan,ขาวดอกมะลิ105,21712090.0,708689.0,both,-21003401.0,21003401.0
2017,inseason,Nakhon Sawan,คลองหลวง1,0.0,0.0,both,0.0,0.0
2017,inseason,Nakhon Sawan,ชัยนาท1,1689660.0,55151.0,both,-1634509.0,1634509.0
2017,inseason,Nakhon Sawan,ปทุมธานี1,926646.0,30246.0,both,-896400.0,896400.0
2017,inseason,Nakhon Sawan,พันธุ์พื้นเมือง,926615.0,30245.0,both,-896370.0,896370.0
2017,inseason,Nakhon Sawan,ราชการไม่ไวต่อช่วงแสง,39988028.0,1305221.0,both,-38682807.0,38682807.0
2017,inseason,Nakhon Sawan,ราชการไวต่อช่วงแสง,310873.0,10147.0,both,-300726.0,300726.0
2017,inseason,Nakhon Sawan,สุพรรณบุรี1,2470474.0,80637.0,both,-2389837.0,2389837.0
2017,inseason,Nakhon Sawan,"สุพรรณบุรี60,90",741905.0,24216.0,both,-717689.0,717689.0
2017,inseason,Nakhon Sawan,หอมสุพรรณบุรี,261824.0,8546.0,both,-253278.0,253278.0
2017,inseason,Nakhon Si Thammarat,กข15,0.0,0.0,both,0.0,0.0
2017,inseason,Nakhon Si Thammarat,กข6,0.0,0.0,both,0.0,0.0
2017,inseason,Nakhon Si Thammarat,ขาวดอกมะลิ105,69426.0,1664.0,both,-67762.0,67762.0
2017,inseason,Nakhon Si Thammarat,คลองหลวง1,0.0,0.0,both,0.0,0.0
2017,inseason,Nakhon Si Thammarat,ชัยนาท1,63605.0,1522.0,both,-62083.0,62083.0
2017,inseason,Nakhon Si Thammarat,ปทุมธานี1,1713522.0,41052.0,both,-1672470.0,1672470.0
2017,inseason,Nakhon Si Thammarat,พันธุ์พื้นเมือง,1147546.0,27491.0,both,-1120055.0,1120055.0
2017,inseason,Nakhon Si Thammarat,ราชการไม่ไวต่อช่วงแสง,2641792.0,63290.0,both,-2578502.0,2578502.0
2017,inseason,Nakhon Si Thammarat,ราชการไวต่อช่วงแสง,479055.0,11478.0,both,-467577.0,467577.0
2017,inseason,Nakhon Si Thammarat,สุพรรณบุรี1,0.0,0.0,both,0.0,0.0
2017,inseason,Nakhon Si Thammarat,"สุพรรณบุรี60,90",0.0,0.0,both,0.0,0.0
2017,inseason,Nakhon Si Thammarat,หอมสุพรรณบุรี,0.0,0.0,both,0.0,0.0
2017,inseason,Nan,กข15,0.0,0.0,both,0.0,0.0
2017,inseason,Nan,กข6,2202356.0,71482.0,both,-2130874.0,2130874.0
2017,inseason,Nan,ขาวดอกมะลิ105,169054.0,5486.0,both,-163568.0,163568.0
2017,inseason,Nan,คลองหลวง1,0.0,0.0,both,0.0,0.0
2017,inseason,Nan,ชัยนาท1,0.0,0.0,both,0.0,0.0
2017,inseason,Nan,ปทุมธานี1,0.0,0.0,both,0.0,0.0
2017,inseason,Nan,พันธุ์พื้นเมือง,799240.0,25940.0,both,-773300.0,773300.0
2017,inseason,Nan,ราชการไม่ไวต่อช่วงแสง,3615515.0,117348.0,both,-3498167.0,3498167.0
2017,inseason,Nan,ราชการไวต่อช่วงแสง,1477090.0,47942.0,both,-1429148.0,1429148.0
2017,inseason,Nan,สุพรรณบุรี1,0.0,0.0,both,0.0,0.0
2017,inseason,Nan,"สุพรรณบุรี60,90",0.0,0.0,both,0.0,0.0
2017,inseason,Nan,หอมสุพรรณบุรี,0.0,0.0,both,0.0,0.0
2017,inseason,Narathiwat,กข15,0.0,0.0,both,0.0,0.0
2017,inseason,Narathiwat,กข6,0.0,0.0,both,0.0,0.0
2017,inseason,Narathiwat,ขาวดอกมะลิ105,0.0,0.0,both,0.0,0.0
2017,inseason,Narathiwat,คลองหลวง1,0.0,0.0,both,0.0,0.0
2017,inseason,Narathiwat,ชัยนาท1,0.0,0.0,both,0.0,0.0
2017,inseason,Narathiwat,ปทุมธานี1,0.0,0.0,both,0.0,0.0
2017,inseason,Narathiwat,พันธุ์พื้นเมือง,1227539.0,30937.0,both,-1196602.0,1196602.0
2017,inseason,Narathiwat,ราชการไม่ไวต่อช่วงแสง,194279.0,4895.0,both,-189384.0,189384.0
2017,inseason,Narathiwat,ราชการไวต่อช่วงแสง,87583.0,2208.0,both,-85375.0,85375.0
2017,inseason,Narathiwat,สุพรรณบุรี1,0.0,0.0,both,0.0,0.0
2017,inseason,Narathiwat,"สุพรรณบุรี60,90",0.0,0.0,both,0.0,0.0
2017,inseason,Narathiwat,หอมสุพรรณบุรี,0.0,0.0,both,0.0,0.0
2017,inseason,Nong Bua Lam Phu,กข15,345249.0,11229.0,both,-334020.0,334020.0
2017,inseason,Nong Bua Lam Phu,กข6,15084762.0,490623.0,both,-14594139.0,14594139.0
2017,inseason,Nong Bua Lam Phu,ขาวดอกมะลิ105,3610004.0,117412.0,both,-3492592.0,3492592.0
2017,inseason,Nong Bua Lam Phu,คลองหลวง1,0.0,0.0,both,0.0,0.0
2017,inseason,Nong Bua Lam Phu,ชัยนาท1,0.0,0.0,both,0.0,0.0
2017,inseason,Nong Bua Lam Phu,ปทุมธานี1,0.0,0.0,both,0.0,0.0
2017,inseason,Nong Bua Lam Phu,พันธุ์พื้นเมือง,352936.0,11478.0,both,-341458.0,341458.0
2017,inseason,Nong Bua Lam Phu,ราชการไม่ไวต่อช่วงแสง,418241.0,13602.0,both,-404639.0,404639.0
2017,inseason,Nong Bua Lam Phu,ราชการไวต่อช่วงแสง,102692.0,3340.0,both,-99352.0,99352.0
2017,inseason,Nong Bua Lam Phu,สุพรรณบุรี1,0.0,0.0,both,0.0,0.0
2017,inseason,Nong Bua Lam Phu,"สุพรรณบุรี60,90",0.0,0.0,both,0.0,0.0
2017,inseason,Nong Bua Lam Phu,หอมสุพรรณบุรี,0.0,0.0,both,0.0,0.0
2017,inseason,Nong Khai,กข15,654743.0,21337.0,both,-633406.0,633406.0
2017,inseason,Nong Khai,กข6,10948172.0,356783.0,both,-10591389.0,10591389.0
2017,inseason,Nong Khai,ขาวดอกมะลิ105,2342309.0,76331.0,both,-2265978.0,2265978.0
2017,inseason,Nong Khai,คลองหลวง1,0.0,0.0,both,0.0,0.0
2017,inseason,Nong Khai,ชัยนาท1,0.0,0.0,both,0.0,0.0
2017,inseason,Nong Khai,ปทุมธานี1,0.0,0.0,both,0.0,0.0
2017,inseason,Nong Khai,พันธุ์พื้นเมือง,283721.0,9246.0,both,-274475.0,274475.0
2017,inseason,Nong Khai,ราชการไม่ไวต่อช่วงแสง,648299.0,21127.0,both,-627172.0,627172.0
2017,inseason,Nong Khai,ราชการไวต่อช่วงแสง,1147649.0,37401.0,both,-1110248.0,1110248.0
2017,inseason,Nong Khai,สุพรรณบุรี1,0.0,0.0,both,0.0,0.0
2017,inseason,Nong Khai,"สุพรรณบุรี60,90",0.0,0.0,both,0.0,0.0
2017,inseason,Nong Khai,หอมสุพรรณบุรี,0.0,0.0,both,0.0,0.0
2017,inseason,Nonthaburi,กข15,0.0,0.0,both,0.0,0.0
2017,inseason,Nonthaburi,กข6,0.0,0.0,both,0.0,0.0
2017,inseason,Nonthaburi,ขาวดอกมะลิ105,0.0,0.0,both,0.0,0.0
2017,inseason,Nonthaburi,คลองหลวง1,0.0,0.0,both,0.0,0.0
2017,inseason,Nonthaburi,ชัยนาท1,0.0,0.0,both,0.0,0.0
2017,inseason,Nonthaburi,ปทุมธานี1,0.0,0.0,both,0.0,0.0
2017,inseason,Nonthaburi,พันธุ์พื้นเมือง,0.0,0.0,both,0.0,0.0
2017,inseason,Nonthaburi,ราชการไม่ไวต่อช่วงแสง,2706857.0,88206.0,both,-2618651.0,2618651.0
2017,inseason,Nonthaburi,ราชการไวต่อช่วงแสง,0.0,0.0,both,0.0,0.0
2017,inseason,Nonthaburi,สุพรรณบุรี1,0.0,0.0,both,0.0,0.0
2017,inseason,Nonthaburi,"สุพรรณบุรี60,90",0.0,0.0,both,0.0,0.0
2017,inseason,Nonthaburi,หอมสุพรรณบุรี,0.0,0.0,both,0.0,0.0
2017,inseason,Pathum Thani,กข15,0.0,0.0,both,0.0,0.0
2017,inseason,Pathum Thani,กข6,0.0,0.0,both,0.0,0.0
2017,inseason,Pathum Thani,ขาวดอกมะลิ105,0.0,0.0,both,0.0,0.0
2017,inseason,Pathum Thani,คลองหลวง1,0.0,0.0,both,0.0,0.0
2017,inseason,Pathum Thani,ชัยนาท1,0.0,0.0,both,0.0,0.0
2017,inseason,Pathum Thani,ปทุมธานี1,820222.0,26723.0,both,-793499.0,793499.0
2017,inseason,Pathum Thani,พันธุ์พื้นเมือง,0.0,0.0,both,0.0,0.0
2017,inseason,Pathum Thani,ราชการไม่ไวต่อช่วงแสง,8731455.0,284460.0,both,-8446995.0,8446995.0
2017,inseason,Pathum Thani,ราชการไวต่อช่วงแสง,0.0,0.0,both,0.0,0.0
2017,inseason,Pathum Thani,สุพรรณบุรี1,0.0,0.0,both,0.0,0.0
2017,inseason,Pathum Thani,"สุพรรณบุรี60,90",0.0,0.0,both,0.0,0.0
2017,inseason,Pathum Thani,หอมสุพรรณบุรี,0.0,0.0,both,0.0,0.0
2017,inseason,Pattani,กข15,0.0,0.0,both,0.0,0.0
2017,inseason,Pattani,กข6,0.0,0.0,both,0.0,0.0
2017,inseason,Pattani,ขาวดอกมะลิ105,0.0,0.0,both,0.0,0.0
2017,inseason,Pattani,คลองหลวง1,0.0,0.0,both,0.0,0.0
2017,inseason,Pattani,ชัยนาท1,0.0,0.0,both,0.0,0.0
2017,inseason,Pattani,ปทุมธานี1,0.0,0.0,both,0.0,0.0
2017,inseason,Pattani,พันธุ์พื้นเมือง,1659666.0,54475.0,both,-1605191.0,1605191.0
2017,inseason,Pattani,ราชการไม่ไวต่อช่วงแสง,260916.0,8563.0,both,-252353.0,252353.0
2017,inseason,Pattani,ราชการไวต่อช่วงแสง,179661.0,5898.0,both,-173763.0,173763.0
2017,inseason,Pattani,สุพรรณบุรี1,0.0,0.0,both,0.0,0.0
2017,inseason,Pattani,"สุพรรณบุรี60,90",0.0,0.0,both,0.0,0.0
2017,inseason,Pattani,หอมสุพรรณบุรี,0.0,0.0,both,0.0,0.0
2017,inseason,Phang-nga,กข15,0.0,0.0,both,0.0,0.0
2017,inseason,Phang-nga,กข6,0.0,0.0,both,0.0,0.0
2017,inseason,Phang-nga,ขาวดอกมะลิ105,22588.0,745.0,both,-21843.0,21843.0
2017,inseason,Phang-nga,คลองหลวง1,0.0,0.0,both,0.0,0.0
2017,inseason,Phang-nga,ชัยนาท1,0.0,0.0,both,0.0,0.0
2017,inseason,Phang-nga,ปทุมธานี1,14735.0,486.0,both,-14249.0,14249.0
2017,inseason,Phang-nga,พันธุ์พื้นเมือง,15554.0,513.0,both,-15041.0,15041.0
2017,inseason,Phang-nga,ราชการไม่ไวต่อช่วงแสง,12552.0,414.0,both,-12138.0,12138.0
2017,inseason,Phang-nga,ราชการไวต่อช่วงแสง,14856.0,490.0,both,-14366.0,14366.0
2017,inseason,Phang-nga,สุพรรณบุรี1,0.0,0.0,both,0.0,0.0
2017,inseason,Phang-nga,"สุพรรณบุรี60,90",0.0,0.0,both,0.0,0.0
2017,inseason,Phang-nga,หอมสุพรรณบุรี,0.0,0.0,both,0.0,0.0
2017,inseason,Phatthalung,กข15,0.0,0.0,both,0.0,0.0
2017,inseason,Phatthalung,กข6,0.0,0.0,both,0.0,0.0
2017,inseason,Phatthalung,ขาวดอกมะลิ105,0.0,0.0,both,0.0,0.0
2017,inseason,Phatthalung,คลองหลวง1,0.0,0.0,both,0.0,0.0
2017,inseason,Phatthalung,ชัยนาท1,186877.0,5001.0,both,-181876.0,181876.0
2017,inseason,Phatthalung,ปทุมธานี1,467237.0,12502.0,both,-454735.0,454735.0
2017,inseason,Phatthalung,พันธุ์พื้นเมือง,2451585.0,65603.0,both,-2385982.0,2385982.0
2017,inseason,Phatthalung,ราชการไม่ไวต่อช่วงแสง,899846.0,24080.0,both,-875766.0,875766.0
2017,inseason,Phatthalung,ราชการไวต่อช่วงแสง,0.0,0.0,both,0.0,0.0
2017,inseason,Phatthalung,สุพรรณบุรี1,0.0,0.0,both,0.0,0.0
2017,inseason,Phatthalung,"สุพรรณบุรี60,90",0.0,0.0,both,0.0,0.0
2017,inseason,Phatthalung,หอมสุพรรณบุรี,0.0,0.0,both,0.0,0.0
2017,inseason,Phayao,กข15,1813187.0,59114.0,both,-1754073.0,1754073.0
2017,inseason,Phayao,กข6,6020197.0,196273.0,both,-5823924.0,5823924.0
2017,inseason,Phayao,ขาวดอกมะลิ105,8807826.0,287155.0,both,-8520671.0,8520671.0
2017,inseason,Phayao,คลองหลวง1,0.0,0.0,both,0.0,0.0
2017,inseason,Phayao,ชัยนาท1,0.0,0.0,both,0.0,0.0
2017,inseason,Phayao,ปทุมธานี1,0.0,0.0,both,0.0,0.0
2017,inseason,Phayao,พันธุ์พื้นเมือง,475489.0,15502.0,both,-459987.0,459987.0
2017,inseason,Phayao,ราชการไม่ไวต่อช่วงแสง,1459132.0,47570.0,both,-1411562.0,1411562.0
2017,inseason,Phayao,ราชการไวต่อช่วงแสง,569500.0,18566.0,both,-550934.0,550934.0
2017,inseason,Phayao,สุพรรณบุรี1,0.0,0.0,both,0.0,0.0
2017,inseason,Phayao,"สุพรรณบุรี60,90",0.0,0.0,both,0.0,0.0
2017,inseason,Phayao,หอมสุพรรณบุรี,0.0,0.0,both,0.0,0.0
2017,inseason,Phetchabun,กข15,0.0,0.0,both,0.0,0.0
2017,inseason,Phetchabun,กข6,1733915.0,56720.0,both,-1677195.0,1677195.0
2017,inseason,Phetchabun,ขาวดอกมะลิ105,7800034.0,255151.0,both,-7544883.0,7544883.0
2017,inseason,Phetchabun,คลองหลวง1,0.0,0.0,both,0.0,0.0
2017,inseason,Phetchabun,ชัยนาท1,866881.0,28357.0,both,-838524.0,838524.0
2017,inseason,Phetchabun,ปทุมธานี1,477997.0,15636.0,both,-462361.0,462361.0
2017,inseason,Phetchabun,พันธุ์พื้นเมือง,1842592.0,60273.0,both,-1782319.0,1782319.0
2017,inseason,Phetchabun,ราชการไม่ไวต่อช่วงแสง,18629153.0,609389.0,both,-18019764.0,18019764.0
2017,inseason,Phetchabun,ราชการไวต่อช่วงแสง,539076.0,17633.0,both,-521443.0,521443.0
2017,inseason,Phetchabun,สุพรรณบุรี1,174220.0,5700.0,both,-168520.0,168520.0
2017,inseason,Phetchabun,"สุพรรณบุรี60,90",313254.0,10246.0,both,-303008.0,303008.0
2017,inseason,Phetchabun,หอมสุพรรณบุรี,0.0,0.0,both,0.0,0.0
2017,inseason,Phetchaburi,กข15,0.0,0.0,both,0.0,0.0
2017,inseason,Phetchaburi,กข6,0.0,0.0,both,0.0,0.0
2017,inseason,Phetchaburi,ขาวดอกมะลิ105,23207.0,753.0,both,-22454.0,22454.0
2017,inseason,Phetchaburi,คลองหลวง1,0.0,0.0,both,0.0,0.0
2017,inseason,Phetchaburi,ชัยนาท1,1063695.0,34513.0,both,-1029182.0,1029182.0
2017,inseason,Phetchaburi,ปทุมธานี1,246923.0,8011.0,both,-238912.0,238912.0
2017,inseason,Phetchaburi,พันธุ์พื้นเมือง,44133.0,1432.0,both,-42701.0,42701.0
2017,inseason,Phetchaburi,ราชการไม่ไวต่อช่วงแสง,5342266.0,173342.0,both,-5168924.0,5168924.0
2017,inseason,Phetchaburi,ราชการไวต่อช่วงแสง,0.0,0.0,both,0.0,0.0
2017,inseason,Phetchaburi,สุพรรณบุรี1,2163849.0,70210.0,both,-2093639.0,2093639.0
2017,inseason,Phetchaburi,"สุพรรณบุรี60,90",89222.0,2895.0,both,-86327.0,86327.0
2017,inseason,Phetchaburi,หอมสุพรรณบุรี,0.0,0.0,both,0.0,0.0
2017,inseason,Phichit,กข15,344086.0,11268.0,both,-332818.0,332818.0
2017,inseason,Phichit,กข6,0.0,0.0,both,0.0,0.0
2017,inseason,Phichit,ขาวดอกมะลิ105,10110934.0,331138.0,both,-9779796.0,9779796.0
2017,inseason,Phichit,คลองหลวง1,0.0,0.0,both,0.0,0.0
2017,inseason,Phichit,ชัยนาท1,309399.0,10134.0,both,-299265.0,299265.0
2017,inseason,Phichit,ปทุมธานี1,220149.0,7209.0,both,-212940.0,212940.0
2017,inseason,Phichit,พันธุ์พื้นเมือง,183905.0,6023.0,both,-177882.0,177882.0
2017,inseason,Phichit,ราชการไม่ไวต่อช่วงแสง,30254270.0,990845.0,both,-29263425.0,29263425.0
2017,inseason,Phichit,ราชการไวต่อช่วงแสง,2619037.0,85773.0,both,-2533264.0,2533264.0
2017,inseason,Phichit,สุพรรณบุรี1,3135120.0,102677.0,both,-3032443.0,3032443.0
2017,inseason,Phichit,"สุพรรณบุรี60,90",290773.0,9525.0,both,-281248.0,281248.0
2017,inseason,Phichit,หอมสุพรรณบุรี,247293.0,8101.0,both,-239192.0,239192.0
2017,inseason,Phitsanulok,กข15,63877.0,2083.0,both,-61794.0,61794.0
2017,inseason,Phitsanulok,กข6,2160590.0,70456.0,both,-2090134.0,2090134.0
2017,inseason,Phitsanulok,ขาวดอกมะลิ105,6870643.0,224049.0,both,-6646594.0,6646594.0
2017,inseason,Phitsanulok,คลองหลวง1,0.0,0.0,both,0.0,0.0
2017,inseason,Phitsanulok,ชัยนาท1,314141.0,10243.0,both,-303898.0,303898.0
2017,inseason,Phitsanulok,ปทุมธานี1,364555.0,11889.0,both,-352666.0,352666.0
2017,inseason,Phitsanulok,พันธุ์พื้นเมือง,479398.0,15632.0,both,-463766.0,463766.0
2017,inseason,Phitsanulok,ราชการไม่ไวต่อช่วงแสง,27176004.0,886200.0,both,-26289804.0,26289804.0
2017,inseason,Phitsanulok,ราชการไวต่อช่วงแสง,1962120.0,63984.0,both,-1898136.0,1898136.0
2017,inseason,Phitsanulok,สุพรรณบุรี1,927549.0,30247.0,both,-897302.0,897302.0
2017,inseason,Phitsanulok,"สุพรรณบุรี60,90",686546.0,22388.0,both,-664158.0,664158.0
2017,inseason,Phitsanulok,หอมสุพรรณบุรี,0.0,0.0,both,0.0,0.0
2017,inseason,Phra Nakhon Si Ayutthaya,กข15,0.0,0.0,both,0.0,0.0
2017,inseason,Phra Nakhon Si Ayutthaya,กข6,0.0,0.0,both,0.0,0.0
2017,inseason,Phra Nakhon Si Ayutthaya,ขาวดอกมะลิ105,169514.0,5511.0,both,-164003.0,164003.0
2017,inseason,Phra Nakhon Si Ayutthaya,คลองหลวง1,0.0,0.0,both,0.0,0.0
2017,inseason,Phra Nakhon Si Ayutthaya,ชัยนาท1,173296.0,5637.0,both,-167659.0,167659.0
2017,inseason,Phra Nakhon Si Ayutthaya,ปทุมธานี1,319164.0,10380.0,both,-308784.0,308784.0
2017,inseason,Phra Nakhon Si Ayutthaya,พันธุ์พื้นเมือง,263387.0,8566.0,both,-254821.0,254821.0
2017,inseason,Phra Nakhon Si Ayutthaya,ราชการไม่ไวต่อช่วงแสง,21967663.0,714442.0,both,-21253221.0,21253221.0
2017,inseason,Phra Nakhon Si Ayutthaya,ราชการไวต่อช่วงแสง,0.0,0.0,both,0.0,0.0
2017,inseason,Phra Nakhon Si Ayutthaya,สุพรรณบุรี1,360489.0,11724.0,both,-348765.0,348765.0
2017,inseason,Phra Nakhon Si Ayutthaya,"สุพรรณบุรี60,90",0.0,0.0,both,0.0,0.0
2017,inseason,Phra Nakhon Si Ayutthaya,หอมสุพรรณบุรี,0.0,0.0,both,0.0,0.0
2017,inseason,Phrae,กข15,0.0,0.0,both,0.0,0.0
2017,inseason,Phrae,กข6,2639011.0,85706.0,both,-2553305.0,2553305.0
2017,inseason,Phrae,ขาวดอกมะลิ105,471755.0,15320.0,both,-456435.0,456435.0
2017,inseason,Phrae,คลองหลวง1,0.0,0.0,both,0.0,0.0
2017,inseason,Phrae,ชัยนาท1,0.0,0.0,both,0.0,0.0
2017,inseason,Phrae,ปทุมธานี1,0.0,0.0,both,0.0,0.0
2017,inseason,Phrae,พันธุ์พื้นเมือง,87879.0,2854.0,both,-85025.0,85025.0
2017,inseason,Phrae,ราชการไม่ไวต่อช่วงแสง,3387982.0,110030.0,both,-3277952.0,3277952.0
2017,inseason,Phrae,ราชการไวต่อช่วงแสง,2442592.0,79327.0,both,-2363265.0,2363265.0
2017,inseason,Phrae,สุพรรณบุรี1,0.0,0.0,both,0.0,0.0
2017,inseason,Phrae,"สุพรรณบุรี60,90",0.0,0.0,both,0.0,0.0
2017,inseason,Phrae,หอมสุพรรณบุรี,0.0,0.0,both,0.0,0.0
2017,inseason,Phuket,กข15,0.0,0.0,both,0.0,0.0
2017,inseason,Phuket,กข6,0.0,0.0,both,0.0,0.0
2017,inseason,Phuket,ขาวดอกมะลิ105,0.0,0.0,both,0.0,0.0
2017,inseason,Phuket,คลองหลวง1,0.0,0.0,both,0.0,0.0
2017,inseason,Phuket,ชัยนาท1,0.0,0.0,both,0.0,0.0
2017,inseason,Phuket,ปทุมธานี1,0.0,0.0,both,0.0,0.0
2017,inseason,Phuket,พันธุ์พื้นเมือง,0.0,0.0,both,0.0,0.0
2017,inseason,Phuket,ราชการไม่ไวต่อช่วงแสง,1936.0,63.0,both,-1873.0,1873.0
2017,inseason,Phuket,ราชการไวต่อช่วงแสง,0.0,0.0,both,0.0,0.0
2017,inseason,Phuket,สุพรรณบุรี1,0.0,0.0,both,0.0,0.0
2017,inseason,Phuket,"สุพรรณบุรี60,90",0.0,0.0,both,0.0,0.0
2017,inseason,Phuket,หอมสุพรรณบุรี,0.0,0.0,both,0.0,0.0
2017,inseason,Prachin Buri,กข15,0.0,0.0,both,0.0,0.0
2017,inseason,Prachin Buri,กข6,37446.0,1217.0,both,-36229.0,36229.0
2017,inseason,Prachin Buri,ขาวดอกมะลิ105,2159115.0,70229.0,both,-2088886.0,2088886.0
2017,inseason,Prachin Buri,คลองหลวง1,0.0,0.0,both,0.0,0.0
2017,inseason,Prachin Buri,ชัยนาท1,0.0,0.0,both,0.0,0.0
2017,inseason,Prachin Buri,ปทุมธานี1,32466.0,1056.0,both,-31410.0,31410.0
2017,inseason,Prachin Buri,พันธุ์พื้นเมือง,190707.0,6203.0,both,-184504.0,184504.0
2017,inseason,Prachin Buri,ราชการไม่ไวต่อช่วงแสง,5276132.0,171612.0,both,-5104520.0,5104520.0
2017,inseason,Prachin Buri,ราชการไวต่อช่วงแสง,4507277.0,146604.0,both,-4360673.0,4360673.0
2017,inseason,Prachin Buri,สุพรรณบุรี1,0.0,0.0,both,0.0,0.0
2017,inseason,Prachin Buri,"สุพรรณบุรี60,90",133215.0,4333.0,both,-128882.0,128882.0
2017,inseason,Prachin Buri,หอมสุพรรณบุรี,0.0,0.0,both,0.0,0.0
2017,inseason,Prachuap Khiri Khan,กข15,0.0,0.0,both,0.0,0.0
2017,inseason,Prachuap Khiri Khan,กข6,0.0,0.0,both,0.0,0.0
2017,inseason,Prachuap Khiri Khan,ขาวดอกมะลิ105,38077.0,1237.0,both,-36840.0,36840.0
2017,inseason,Prachuap Khiri Khan,คลองหลวง1,0.0,0.0,both,0.0,0.0
2017,inseason,Prachuap Khiri Khan,ชัยนาท1,77787.0,2524.0,both,-75263.0,75263.0
2017,inseason,Prachuap Khiri Khan,ปทุมธานี1,60381.0,1960.0,both,-58421.0,58421.0
2017,inseason,Prachuap Khiri Khan,พันธุ์พื้นเมือง,6223.0,202.0,both,-6021.0,6021.0
2017,inseason,Prachuap Khiri Khan,ราชการไม่ไวต่อช่วงแสง,75938.0,2465.0,both,-73473.0,73473.0
2017,inseason,Prachuap Khiri Khan,ราชการไวต่อช่วงแสง,0.0,0.0,both,0.0,0.0
2017,inseason,Prachuap Khiri Khan,สุพรรณบุรี1,19501.0,634.0,both,-18867.0,18867.0
2017,inseason,Prachuap Khiri Khan,"สุพรรณบุรี60,90",0.0,0.0,both,0.0,0.0
2017,inseason,Prachuap Khiri Khan,หอมสุพรรณบุรี,0.0,0.0,both,0.0,0.0
2017,inseason,Ranong,กข15,0.0,0.0,both,0.0,0.0
2017,inseason,Ranong,กข6,0.0,0.0,both,0.0,0.0
2017,inseason,Ranong,ขาวดอกมะลิ105,0.0,0.0,both,0.0,0.0
2017,inseason,Ranong,คลองหลวง1,0.0,0.0,both,0.0,0.0
2017,inseason,Ranong,ชัยนาท1,0.0,0.0,both,0.0,0.0
2017,inseason,Ranong,ปทุมธานี1,0.0,0.0,both,0.0,0.0
2017,inseason,Ranong,พันธุ์พื้นเมือง,12435.0,404.0,both,-12031.0,12031.0
2017,inseason,Ranong,ราชการไม่ไวต่อช่วงแสง,0.0,0.0,both,0.0,0.0
2017,inseason,Ranong,ราชการไวต่อช่วงแสง,6556.0,213.0,both,-6343.0,6343.0
2017,inseason,Ranong,สุพรรณบุรี1,0.0,0.0,both,0.0,0.0
2017,inseason,Ranong,"สุพรรณบุรี60,90",0.0,0.0,both,0.0,0.0
2017,inseason,Ranong,หอมสุพรรณบุรี,0.0,0.0,both,0.0,0.0
2017,inseason,Ratchaburi,กข15,0.0,0.0,both,0.0,0.0
2017,inseason,Ratchaburi,กข6,0.0,0.0,both,0.0,0.0
2017,inseason,Ratchaburi,ขาวดอกมะลิ105,201890.0,6522.0,both,-195368.0,195368.0
2017,inseason,Ratchaburi,คลองหลวง1,0.0,0.0,both,0.0,0.0
2017,inseason,Ratchaburi,ชัยนาท1,456667.0,14755.0,both,-441912.0,441912.0
2017,inseason,Ratchaburi,ปทุมธานี1,971357.0,31390.0,both,-939967.0,939967.0
2017,inseason,Ratchaburi,พันธุ์พื้นเมือง,109084.0,3525.0,both,-105559.0,105559.0
2017,inseason,Ratchaburi,ราชการไม่ไวต่อช่วงแสง,1759391.0,56854.0,both,-1702537.0,1702537.0
2017,inseason,Ratchaburi,ราชการไวต่อช่วงแสง,0.0,0.0,both,0.0,0.0
2017,inseason,Ratchaburi,สุพรรณบุรี1,4062963.0,131292.0,both,-3931671.0,3931671.0
2017,inseason,Ratchaburi,"สุพรรณบุรี60,90",0.0,0.0,both,0.0,0.0
2017,inseason,Ratchaburi,หอมสุพรรณบุรี,0.0,0.0,both,0.0,0.0
2017,inseason,Rayong,กข15,0.0,0.0,both,0.0,0.0
2017,inseason,Rayong,กข6,0.0,0.0,both,0.0,0.0
2017,inseason,Rayong,ขาวดอกมะลิ105,67849.0,2207.0,both,-65642.0,65642.0
2017,inseason,Rayong,คลองหลวง1,0.0,0.0,both,0.0,0.0
2017,inseason,Rayong,ชัยนาท1,0.0,0.0,both,0.0,0.0
2017,inseason,Rayong,ปทุมธานี1,16693.0,543.0,both,-16150.0,16150.0
2017,inseason,Rayong,พันธุ์พื้นเมือง,19430.0,632.0,both,-18798.0,18798.0
2017,inseason,Rayong,ราชการไม่ไวต่อช่วงแสง,196324.0,6385.0,both,-189939.0,189939.0
2017,inseason,Rayong,ราชการไวต่อช่วงแสง,0.0,0.0,both,0.0,0.0
2017,inseason,Rayong,สุพรรณบุรี1,27577.0,897.0,both,-26680.0,26680.0
2017,inseason,Rayong,"สุพรรณบุรี60,90",19583.0,637.0,both,-18946.0,18946.0
2017,inseason,Rayong,หอมสุพรรณบุรี,0.0,0.0,both,0.0,0.0
2017,inseason,Roi Et,กข15,719061.0,23575.0,both,-695486.0,695486.0
2017,inseason,Roi Et,กข6,21900529.0,718026.0,both,-21182503.0,21182503.0
2017,inseason,Roi Et,ขาวดอกมะลิ105,70432051.0,2309169.0,both,-68122882.0,68122882.0
2017,inseason,Roi Et,คลองหลวง1,0.0,0.0,both,0.0,0.0
2017,inseason,Roi Et,ชัยนาท1,0.0,0.0,both,0.0,0.0
2017,inseason,Roi Et,ปทุมธานี1,0.0,0.0,both,0.0,0.0
2017,inseason,Roi Et,พันธุ์พื้นเมือง,367049.0,12033.0,both,-355016.0,355016.0
2017,inseason,Roi Et,ราชการไม่ไวต่อช่วงแสง,239921.0,7865.0,both,-232056.0,232056.0
2017,inseason,Roi Et,ราชการไวต่อช่วงแสง,137041.0,4494.0,both,-132547.0,132547.0
2017,inseason,Roi Et,สุพรรณบุรี1,0.0,0.0,both,0.0,0.0
2017,inseason,Roi Et,"สุพรรณบุรี60,90",0.0,0.0,both,0.0,0.0
2017,inseason,Roi Et,หอมสุพรรณบุรี,0.0,0.0,both,0.0,0.0
2017,inseason,Sa kaeo,กข15,0.0,0.0,both,0.0,0.0
2017,inseason,Sa kaeo,กข6,473474.0,15586.0,both,-457888.0,457888.0
2017,inseason,Sa kaeo,ขาวดอกมะลิ105,18571839.0,611354.0,both,-17960485.0,17960485.0
2017,inseason,Sa kaeo,คลองหลวง1,0.0,0.0,both,0.0,0.0
2017,inseason,Sa kaeo,ชัยนาท1,0.0,0.0,both,0.0,0.0
2017,inseason,Sa kaeo,ปทุมธานี1,78315.0,2578.0,both,-75737.0,75737.0
2017,inseason,Sa kaeo,พันธุ์พื้นเมือง,520408.0,17132.0,both,-503276.0,503276.0
2017,inseason,Sa kaeo,ราชการไม่ไวต่อช่วงแสง,657323.0,21638.0,both,-635685.0,635685.0
2017,inseason,Sa kaeo,ราชการไวต่อช่วงแสง,1509187.0,49680.0,both,-1459507.0,1459507.0
2017,inseason,Sa kaeo,สุพรรณบุรี1,0.0,0.0,both,0.0,0.0
2017,inseason,Sa kaeo,"สุพรรณบุรี60,90",0.0,0.0,both,0.0,0.0
2017,inseason,Sa kaeo,หอมสุพรรณบุรี,0.0,0.0,both,0.0,0.0
2017,inseason,Sakon Nakhon,กข15,4515651.0,147561.0,both,-4368090.0,4368090.0
2017,inseason,Sakon Nakhon,กข6,46382945.0,1515687.0,both,-44867258.0,44867258.0
2017,inseason,Sakon Nakhon,ขาวดอกมะลิ105,11103114.0,362823.0,both,-10740291.0,10740291.0
2017,inseason,Sakon Nakhon,คลองหลวง1,0.0,0.0,both,0.0,0.0
2017,inseason,Sakon Nakhon,ชัยนาท1,0.0,0.0,both,0.0,0.0
2017,inseason,Sakon Nakhon,ปทุมธานี1,0.0,0.0,both,0.0,0.0
2017,inseason,Sakon Nakhon,พันธุ์พื้นเมือง,1184019.0,38692.0,both,-1145327.0,1145327.0
2017,inseason,Sakon Nakhon,ราชการไม่ไวต่อช่วงแสง,890210.0,29090.0,both,-861120.0,861120.0
2017,inseason,Sakon Nakhon,ราชการไวต่อช่วงแสง,829955.0,27121.0,both,-802834.0,802834.0
2017,inseason,Sakon Nakhon,สุพรรณบุรี1,0.0,0.0,both,0.0,0.0
2017,inseason,Sakon Nakhon,"สุพรรณบุรี60,90",0.0,0.0,both,0.0,0.0
2017,inseason,Sakon Nakhon,หอมสุพรรณบุรี,0.0,0.0,both,0.0,0.0
2017,inseason,Samut Prakarn,กข15,0.0,0.0,both,0.0,0.0
2017,inseason,Samut Prakarn,กข6,0.0,0.0,both,0.0,0.0
2017,inseason,Samut Prakarn,ขาวดอกมะลิ105,0.0,0.0,both,0.0,0.0
2017,inseason,Samut Prakarn,คลองหลวง1,0.0,0.0,both,0.0,0.0
2017,inseason,Samut Prakarn,ชัยนาท1,0.0,0.0,both,0.0,0.0
2017,inseason,Samut Prakarn,ปทุมธานี1,64882.0,2112.0,both,-62770.0,62770.0
2017,inseason,Samut Prakarn,พันธุ์พื้นเมือง,0.0,0.0,both,0.0,0.0
2017,inseason,Samut Prakarn,ราชการไม่ไวต่อช่วงแสง,559448.0,18209.0,both,-541239.0,541239.0
2017,inseason,Samut Prakarn,ราชการไวต่อช่วงแสง,0.0,0.0,both,0.0,0.0
2017,inseason,Samut Prakarn,สุพรรณบุรี1,0.0,0.0,both,0.0,0.0
2017,inseason,Samut Prakarn,"สุพรรณบุรี60,90",0.0,0.0,both,0.0,0.0
2017,inseason,Samut Prakarn,หอมสุพรรณบุรี,0.0,0.0,both,0.0,0.0
2017,inseason,Samut Sakhon,กข15,0.0,0.0,both,0.0,0.0
2017,inseason,Samut Sakhon,กข6,0.0,0.0,both,0.0,0.0
2017,inseason,Samut Sakhon,ขาวดอกมะลิ105,0.0,0.0,both,0.0,0.0
2017,inseason,Samut Sakhon,คลองหลวง1,0.0,0.0,both,0.0,0.0
2017,inseason,Samut Sakhon,ชัยนาท1,0.0,0.0,both,0.0,0.0
2017,inseason,Samut Sakhon,ปทุมธานี1,0.0,0.0,both,0.0,0.0
2017,inseason,Samut Sakhon,พันธุ์พื้นเมือง,0.0,0.0,both,0.0,0.0
2017,inseason,Samut Sakhon,ราชการไม่ไวต่อช่วงแสง,139951.0,4572.0,both,-135379.0,135379.0
2017,inseason,Samut Sakhon,ราชการไวต่อช่วงแสง,19862.0,649.0,both,-19213.0,19213.0
2017,inseason,Samut Sakhon,สุพรรณบุรี1,0.0,0.0,both,0.0,0.0
2017,inseason,Samut Sakhon,"สุพรรณบุรี60,90",0.0,0.0,both,0.0,0.0
2017,inseason,Samut Sakhon,หอมสุพรรณบุรี,0.0,0.0,both,0.0,0.0
2017,inseason,Samut Songkhram,กข15,0.0,0.0,both,0.0,0.0
2017,inseason,Samut Songkhram,กข6,0.0,0.0,both,0.0,0.0
2017,inseason,Samut Songkhram,ขาวดอกมะลิ105,0.0,0.0,both,0.0,0.0
2017,inseason,Samut Songkhram,คลองหลวง1,0.0,0.0,both,0.0,0.0
2017,inseason,Samut Songkhram,ชัยนาท1,0.0,0.0,both,0.0,0.0
2017,inseason,Samut Songkhram,ปทุมธานี1,0.0,0.0,both,0.0,0.0
2017,inseason,Samut Songkhram,พันธุ์พื้นเมือง,0.0,0.0,both,0.0,0.0
2017,inseason,Samut Songkhram,ราชการไม่ไวต่อช่วงแสง,35878.0,1165.0,both,-34713.0,34713.0
2017,inseason,Samut Songkhram,ราชการไวต่อช่วงแสง,0.0,0.0,both,0.0,0.0
2017,inseason,Samut Songkhram,สุพรรณบุรี1,26947.0,875.0,both,-26072.0,26072.0
2017,inseason,Samut Songkhram,"สุพรรณบุรี60,90",0.0,0.0,both,0.0,0.0
2017,inseason,Samut Songkhram,หอมสุพรรณบุรี,0.0,0.0,both,0.0,0.0
2017,inseason,Saraburi,กข15,0.0,0.0,both,0.0,0.0
2017,inseason,Saraburi,กข6,0.0,0.0,both,0.0,0.0
2017,inseason,Saraburi,ขาวดอกมะลิ105,296029.0,9632.0,both,-286397.0,286397.0
2017,inseason,Saraburi,คลองหลวง1,0.0,0.0,both,0.0,0.0
2017,inseason,Saraburi,ชัยนาท1,68721.0,2235.0,both,-66486.0,66486.0
2017,inseason,Saraburi,ปทุมธานี1,780579.0,25400.0,both,-755179.0,755179.0
2017,inseason,Saraburi,พันธุ์พื้นเมือง,123704.0,4024.0,both,-119680.0,119680.0
2017,inseason,Saraburi,ราชการไม่ไวต่อช่วงแสง,7167420.0,233210.0,both,-6934210.0,6934210.0
2017,inseason,Saraburi,ราชการไวต่อช่วงแสง,62512.0,2034.0,both,-60478.0,60478.0
2017,inseason,Saraburi,สุพรรณบุรี1,1460382.0,47515.0,both,-1412867.0,1412867.0
2017,inseason,Saraburi,"สุพรรณบุรี60,90",0.0,0.0,both,0.0,0.0
2017,inseason,Saraburi,หอมสุพรรณบุรี,0.0,0.0,both,0.0,0.0
2017,inseason,Satun,กข15,0.0,0.0,both,0.0,0.0
2017,inseason,Satun,กข6,0.0,0.0,both,0.0,0.0
2017,inseason,Satun,ขาวดอกมะลิ105,0.0,0.0,both,0.0,0.0
2017,inseason,Satun,คลองหลวง1,0.0,0.0,both,0.0,0.0
2017,inseason,Satun,ชัยนาท1,0.0,0.0,both,0.0,0.0
2017,inseason,Satun,ปทุมธานี1,57919.0,1901.0,both,-56018.0,56018.0
2017,inseason,Satun,พันธุ์พื้นเมือง,520875.0,17087.0,both,-503788.0,503788.0
2017,inseason,Satun,ราชการไม่ไวต่อช่วงแสง,32526.0,1067.0,both,-31459.0,31459.0
2017,inseason,Satun,ราชการไวต่อช่วงแสง,0.0,0.0,both,0.0,0.0
2017,inseason,Satun,สุพรรณบุรี1,0.0,0.0,both,0.0,0.0
2017,inseason,Satun,"สุพรรณบุรี60,90",0.0,0.0,both,0.0,0.0
2017,inseason,Satun,หอมสุพรรณบุรี,0.0,0.0,both,0.0,0.0
2017,inseason,Si Sa Ket,กข15,5831619.0,189874.0,both,-5641745.0,5641745.0
2017,inseason,Si Sa Ket,กข6,5330012.0,173542.0,both,-5156470.0,5156470.0
2017,inseason,Si Sa Ket,ขาวดอกมะลิ105,77322801.0,2517584.0,both,-74805217.0,74805217.0
2017,inseason,Si Sa Ket,คลองหลวง1,0.0,0.0,both,0.0,0.0
2017,inseason,Si Sa Ket,ชัยนาท1,0.0,0.0,both,0.0,0.0
2017,inseason,Si Sa Ket,ปทุมธานี1,0.0,0.0,both,0.0,0.0
2017,inseason,Si Sa Ket,พันธุ์พื้นเมือง,1721561.0,56052.0,both,-1665509.0,1665509.0
2017,inseason,Si Sa Ket,ราชการไม่ไวต่อช่วงแสง,245152.0,7982.0,both,-237170.0,237170.0
2017,inseason,Si Sa Ket,ราชการไวต่อช่วงแสง,1711211.0,55716.0,both,-1655495.0,1655495.0
2017,inseason,Si Sa Ket,สุพรรณบุรี1,0.0,0.0,both,0.0,0.0
2017,inseason,Si Sa Ket,"สุพรรณบุรี60,90",0.0,0.0,both,0.0,0.0
2017,inseason,Si Sa Ket,หอมสุพรรณบุรี,0.0,0.0,both,0.0,0.0
2017,inseason,Sing Buri,กข15,0.0,0.0,both,0.0,0.0
2017,inseason,Sing Buri,กข6,61806.0,2016.0,both,-59790.0,59790.0
2017,inseason,Sing Buri,ขาวดอกมะลิ105,17260.0,563.0,both,-16697.0,16697.0
2017,inseason,Sing Buri,คลองหลวง1,0.0,0.0,both,0.0,0.0
2017,inseason,Sing Buri,ชัยนาท1,0.0,0.0,both,0.0,0.0
2017,inseason,Sing Buri,ปทุมธานี1,1700097.0,55453.0,both,-1644644.0,1644644.0
2017,inseason,Sing Buri,พันธุ์พื้นเมือง,362436.0,11822.0,both,-350614.0,350614.0
2017,inseason,Sing Buri,ราชการไม่ไวต่อช่วงแสง,7557698.0,246518.0,both,-7311180.0,7311180.0
2017,inseason,Sing Buri,ราชการไวต่อช่วงแสง,0.0,0.0,both,0.0,0.0
2017,inseason,Sing Buri,สุพรรณบุรี1,264791.0,8637.0,both,-256154.0,256154.0
2017,inseason,Sing Buri,"สุพรรณบุรี60,90",0.0,0.0,both,0.0,0.0
2017,inseason,Sing Buri,หอมสุพรรณบุรี,0.0,0.0,both,0.0,0.0
2017,inseason,Songkhla,กข15,0.0,0.0,both,0.0,0.0
2017,inseason,Songkhla,กข6,0.0,0.0,both,0.0,0.0
2017,inseason,Songkhla,ขาวดอกมะลิ105,0.0,0.0,both,0.0,0.0
2017,inseason,Songkhla,คลองหลวง1,0.0,0.0,both,0.0,0.0
2017,inseason,Songkhla,ชัยนาท1,277514.0,5281.0,both,-272233.0,272233.0
2017,inseason,Songkhla,ปทุมธานี1,948369.0,18047.0,both,-930322.0,930322.0
2017,inseason,Songkhla,พันธุ์พื้นเมือง,1695560.0,32268.0,both,-1663292.0,1663292.0
2017,inseason,Songkhla,ราชการไม่ไวต่อช่วงแสง,3222565.0,61326.0,both,-3161239.0,3161239.0
2017,inseason,Songkhla,ราชการไวต่อช่วงแสง,273817.0,5211.0,both,-268606.0,268606.0
2017,inseason,Songkhla,สุพรรณบุรี1,0.0,0.0,both,0.0,0.0
2017,inseason,Songkhla,"สุพรรณบุรี60,90",0.0,0.0,both,0.0,0.0
2017,inseason,Songkhla,หอมสุพรรณบุรี,0.0,0.0,both,0.0,0.0
2017,inseason,Sukhothai,กข15,0.0,0.0,both,0.0,0.0
2017,inseason,Sukhothai,กข6,318041.0,10376.0,both,-307665.0,307665.0
2017,inseason,Sukhothai,ขาวดอกมะลิ105,2161865.0,70536.0,both,-2091329.0,2091329.0
2017,inseason,Sukhothai,คลองหลวง1,0.0,0.0,both,0.0,0.0
2017,inseason,Sukhothai,ชัยนาท1,160783.0,5246.0,both,-155537.0,155537.0
2017,inseason,Sukhothai,ปทุมธานี1,659406.0,21515.0,both,-637891.0,637891.0
2017,inseason,Sukhothai,พันธุ์พื้นเมือง,1181904.0,38562.0,both,-1143342.0,1143342.0
2017,inseason,Sukhothai,ราชการไม่ไวต่อช่วงแสง,24948840.0,814026.0,both,-24134814.0,24134814.0
2017,inseason,Sukhothai,ราชการไวต่อช่วงแสง,33622.0,1097.0,both,-32525.0,32525.0
2017,inseason,Sukhothai,สุพรรณบุรี1,320462.0,10455.0,both,-310007.0,310007.0
2017,inseason,Sukhothai,"สุพรรณบุรี60,90",1816393.0,59264.0,both,-1757129.0,1757129.0
2017,inseason,Sukhothai,หอมสุพรรณบุรี,112420.0,3668.0,both,-108752.0,108752.0
2017,inseason,Suphan Buri,กข15,0.0,0.0,both,0.0,0.0
2017,inseason,Suphan Buri,กข6,0.0,0.0,both,0.0,0.0
2017,inseason,Suphan Buri,ขาวดอกมะลิ105,2423530.0,78888.0,both,-2344642.0,2344642.0
2017,inseason,Suphan Buri,คลองหลวง1,0.0,0.0,both,0.0,0.0
2017,inseason,Suphan Buri,ชัยนาท1,0.0,0.0,both,0.0,0.0
2017,inseason,Suphan Buri,ปทุมธานี1,2998377.0,97603.0,both,-2900774.0,2900774.0
2017,inseason,Suphan Buri,พันธุ์พื้นเมือง,203310.0,6618.0,both,-196692.0,196692.0
2017,inseason,Suphan Buri,ราชการไม่ไวต่อช่วงแสง,31793838.0,1034930.0,both,-30758908.0,30758908.0
2017,inseason,Suphan Buri,ราชการไวต่อช่วงแสง,0.0,0.0,both,0.0,0.0
2017,inseason,Suphan Buri,สุพรรณบุรี1,625844.0,20373.0,both,-605471.0,605471.0
2017,inseason,Suphan Buri,"สุพรรณบุรี60,90",0.0,0.0,both,0.0,0.0
2017,inseason,Suphan Buri,หอมสุพรรณบุรี,0.0,0.0,both,0.0,0.0
2017,inseason,Surat Thani,กข15,0.0,0.0,both,0.0,0.0
2017,inseason,Surat Thani,กข6,0.0,0.0,both,0.0,0.0
2017,inseason,Surat Thani,ขาวดอกมะลิ105,23906.0,786.0,both,-23120.0,23120.0
2017,inseason,Surat Thani,คลองหลวง1,0.0,0.0,both,0.0,0.0
2017,inseason,Surat Thani,ชัยนาท1,0.0,0.0,both,0.0,0.0
2017,inseason,Surat Thani,ปทุมธานี1,126104.0,4147.0,both,-121957.0,121957.0
2017,inseason,Surat Thani,พันธุ์พื้นเมือง,7269.0,239.0,both,-7030.0,7030.0
2017,inseason,Surat Thani,ราชการไม่ไวต่อช่วงแสง,130849.0,4302.0,both,-126547.0,126547.0
2017,inseason,Surat Thani,ราชการไวต่อช่วงแสง,18827.0,619.0,both,-18208.0,18208.0
2017,inseason,Surat Thani,สุพรรณบุรี1,0.0,0.0,both,0.0,0.0
2017,inseason,Surat Thani,"สุพรรณบุรี60,90",0.0,0.0,both,0.0,0.0
2017,inseason,Surat Thani,หอมสุพรรณบุรี,0.0,0.0,both,0.0,0.0
2017,inseason,Surin,กข15,21739263.0,709561.0,both,-21029702.0,21029702.0
2017,inseason,Surin,กข6,237962.0,7768.0,both,-230194.0,230194.0
2017,inseason,Surin,ขาวดอกมะลิ105,69420927.0,2265875.0,both,-67155052.0,67155052.0
2017,inseason,Surin,คลองหลวง1,0.0,0.0,both,0.0,0.0
2017,inseason,Surin,ชัยนาท1,0.0,0.0,both,0.0,0.0
2017,inseason,Surin,ปทุมธานี1,0.0,0.0,both,0.0,0.0
2017,inseason,Surin,พันธุ์พื้นเมือง,657329.0,21455.0,both,-635874.0,635874.0
2017,inseason,Surin,ราชการไม่ไวต่อช่วงแสง,77758.0,2538.0,both,-75220.0,75220.0
2017,inseason,Surin,ราชการไวต่อช่วงแสง,84835.0,2768.0,both,-82067.0,82067.0
2017,inseason,Surin,สุพรรณบุรี1,0.0,0.0,both,0.0,0.0
2017,inseason,Surin,"สุพรรณบุรี60,90",0.0,0.0,both,0.0,0.0
2017,inseason,Surin,หอมสุพรรณบุรี,0.0,0.0,both,0.0,0.0
2017,inseason,Tak,กข15,0.0,0.0,both,0.0,0.0
2017,inseason,Tak,กข6,731261.0,23746.0,both,-707515.0,707515.0
2017,inseason,Tak,ขาวดอกมะลิ105,3261832.0,105918.0,both,-3155914.0,3155914.0
2017,inseason,Tak,คลองหลวง1,0.0,0.0,both,0.0,0.0
2017,inseason,Tak,ชัยนาท1,284559.0,9240.0,both,-275319.0,275319.0
2017,inseason,Tak,ปทุมธานี1,137568.0,4467.0,both,-133101.0,133101.0
2017,inseason,Tak,พันธุ์พื้นเมือง,2342189.0,76055.0,both,-2266134.0,2266134.0
2017,inseason,Tak,ราชการไม่ไวต่อช่วงแสง,1559714.0,50645.0,both,-1509069.0,1509069.0
2017,inseason,Tak,ราชการไวต่อช่วงแสง,98703.0,3205.0,both,-95498.0,95498.0
2017,inseason,Tak,สุพรรณบุรี1,146560.0,4759.0,both,-141801.0,141801.0
2017,inseason,Tak,"สุพรรณบุรี60,90",0.0,0.0,both,0.0,0.0
2017,inseason,Tak,หอมสุพรรณบุรี,0.0,0.0,both,0.0,0.0
2017,inseason,Trang,กข15,0.0,0.0,both,0.0,0.0
2017,inseason,Trang,กข6,0.0,0.0,both,0.0,0.0
2017,inseason,Trang,ขาวดอกมะลิ105,0.0,0.0,both,0.0,0.0
2017,inseason,Trang,คลองหลวง1,0.0,0.0,both,0.0,0.0
2017,inseason,Trang,ชัยนาท1,0.0,0.0,both,0.0,0.0
2017,inseason,Trang,ปทุมธานี1,0.0,0.0,both,0.0,0.0
2017,inseason,Trang,พันธุ์พื้นเมือง,207933.0,6810.0,both,-201123.0,201123.0
2017,inseason,Trang,ราชการไม่ไวต่อช่วงแสง,99615.0,3263.0,both,-96352.0,96352.0
2017,inseason,Trang,ราชการไวต่อช่วงแสง,0.0,0.0,both,0.0,0.0
2017,inseason,Trang,สุพรรณบุรี1,0.0,0.0,both,0.0,0.0
2017,inseason,Trang,"สุพรรณบุรี60,90",0.0,0.0,both,0.0,0.0
2017,inseason,Trang,หอมสุพรรณบุรี,0.0,0.0,both,0.0,0.0
2017,inseason,Trat,กข15,0.0,0.0,both,0.0,0.0
2017,inseason,Trat,กข6,0.0,0.0,both,0.0,0.0
2017,inseason,Trat,ขาวดอกมะลิ105,350009.0,11447.0,both,-338562.0,338562.0
2017,inseason,Trat,คลองหลวง1,0.0,0.0,both,0.0,0.0
2017,inseason,Trat,ชัยนาท1,9540.0,312.0,both,-9228.0,9228.0
2017,inseason,Trat,ปทุมธานี1,39016.0,1276.0,both,-37740.0,37740.0
2017,inseason,Trat,พันธุ์พื้นเมือง,0.0,0.0,both,0.0,0.0
2017,inseason,Trat,ราชการไม่ไวต่อช่วงแสง,58095.0,1900.0,both,-56195.0,56195.0
2017,inseason,Trat,ราชการไวต่อช่วงแสง,12628.0,413.0,both,-12215.0,12215.0
2017,inseason,Trat,สุพรรณบุรี1,0.0,0.0,both,0.0,0.0
2017,inseason,Trat,"สุพรรณบุรี60,90",0.0,0.0,both,0.0,0.0
2017,inseason,Trat,หอมสุพรรณบุรี,0.0,0.0,both,0.0,0.0
2017,inseason,Ubon Ratchathani,กข15,14005195.0,456381.0,both,-13548814.0,13548814.0
2017,inseason,Ubon Ratchathani,กข6,30329654.0,988343.0,both,-29341311.0,29341311.0
2017,inseason,Ubon Ratchathani,ขาวดอกมะลิ105,70558984.0,2299278.0,both,-68259706.0,68259706.0
2017,inseason,Ubon Ratchathani,คลองหลวง1,0.0,0.0,both,0.0,0.0
2017,inseason,Ubon Ratchathani,ชัยนาท1,0.0,0.0,both,0.0,0.0
2017,inseason,Ubon Ratchathani,ปทุมธานี1,0.0,0.0,both,0.0,0.0
2017,inseason,Ubon Ratchathani,พันธุ์พื้นเมือง,1407510.0,45867.0,both,-1361643.0,1361643.0
2017,inseason,Ubon Ratchathani,ราชการไม่ไวต่อช่วงแสง,622003.0,20269.0,both,-601734.0,601734.0
2017,inseason,Ubon Ratchathani,ราชการไวต่อช่วงแสง,2709424.0,88291.0,both,-2621133.0,2621133.0
2017,inseason,Ubon Ratchathani,สุพรรณบุรี1,0.0,0.0,both,0.0,0.0
2017,inseason,Ubon Ratchathani,"สุพรรณบุรี60,90",0.0,0.0,both,0.0,0.0
2017,inseason,Ubon Ratchathani,หอมสุพรรณบุรี,0.0,0.0,both,0.0,0.0
2017,inseason,Udon Thani,กข15,1891690.0,61536.0,both,-1830154.0,1830154.0
2017,inseason,Udon Thani,กข6,41824222.0,1360550.0,both,-40463672.0,40463672.0
2017,inseason,Udon Thani,ขาวดอกมะลิ105,8135679.0,264655.0,both,-7871024.0,7871024.0
2017,inseason,Udon Thani,คลองหลวง1,0.0,0.0,both,0.0,0.0
2017,inseason,Udon Thani,ชัยนาท1,0.0,0.0,both,0.0,0.0
2017,inseason,Udon Thani,ปทุมธานี1,0.0,0.0,both,0.0,0.0
2017,inseason,Udon Thani,พันธุ์พื้นเมือง,634396.0,20636.0,both,-613760.0,613760.0
2017,inseason,Udon Thani,ราชการไม่ไวต่อช่วงแสง,31294.0,1018.0,both,-30276.0,30276.0
2017,inseason,Udon Thani,ราชการไวต่อช่วงแสง,800949.0,26056.0,both,-774893.0,774893.0
2017,inseason,Udon Thani,สุพรรณบุรี1,0.0,0.0,both,0.0,0.0
2017,inseason,Udon Thani,"สุพรรณบุรี60,90",0.0,0.0,both,0.0,0.0
2017,inseason,Udon Thani,หอมสุพรรณบุรี,0.0,0.0,both,0.0,0.0
2017,inseason,Uthai Thani,กข15,0.0,0.0,both,0.0,0.0
2017,inseason,Uthai Thani,กข6,38400.0,1254.0,both,-37146.0,37146.0
2017,inseason,Uthai Thani,ขาวดอกมะลิ105,415698.0,13573.0,both,-402125.0,402125.0
2017,inseason,Uthai Thani,คลองหลวง1,0.0,0.0,both,0.0,0.0
2017,inseason,Uthai Thani,ชัยนาท1,313358.0,10233.0,both,-303125.0,303125.0
2017,inseason,Uthai Thani,ปทุมธานี1,1378556.0,45017.0,both,-1333539.0,1333539.0
2017,inseason,Uthai Thani,พันธุ์พื้นเมือง,124266.0,4058.0,both,-120208.0,120208.0
2017,inseason,Uthai Thani,ราชการไม่ไวต่อช่วงแสง,12184288.0,397889.0,both,-11786399.0,11786399.0
2017,inseason,Uthai Thani,ราชการไวต่อช่วงแสง,0.0,0.0,both,0.0,0.0
2017,inseason,Uthai Thani,สุพรรณบุรี1,294924.0,9633.0,both,-285291.0,285291.0
2017,inseason,Uthai Thani,"สุพรรณบุรี60,90",312562.0,10206.0,both,-302356.0,302356.0
2017,inseason,Uthai Thani,หอมสุพรรณบุรี,0.0,0.0,both,0.0,0.0
2017,inseason,Uttaradit,กข15,0.0,0.0,both,0.0,0.0
2017,inseason,Uttaradit,กข6,1578934.0,51236.0,both,-1527698.0,1527698.0
2017,inseason,Uttaradit,ขาวดอกมะลิ105,1509380.0,48979.0,both,-1460401.0,1460401.0
2017,inseason,Uttaradit,คลองหลวง1,0.0,0.0,both,0.0,0.0
2017,inseason,Uttaradit,ชัยนาท1,0.0,0.0,both,0.0,0.0
2017,inseason,Uttaradit,ปทุมธานี1,2945262.0,95573.0,both,-2849689.0,2849689.0
2017,inseason,Uttaradit,พันธุ์พื้นเมือง,315781.0,10247.0,both,-305534.0,305534.0
2017,inseason,Uttaradit,ราชการไม่ไวต่อช่วงแสง,9644329.0,312955.0,both,-9331374.0,9331374.0
2017,inseason,Uttaradit,ราชการไวต่อช่วงแสง,754335.0,24478.0,both,-729857.0,729857.0
2017,inseason,Uttaradit,สุพรรณบุรี1,745892.0,24204.0,both,-721688.0,721688.0
2017,inseason,Uttaradit,"สุพรรณบุรี60,90",32481.0,1054.0,both,-31427.0,31427.0
2017,inseason,Uttaradit,หอมสุพรรณบุรี,0.0,0.0,both,0.0,0.0
2017,inseason,Yala,กข15,0.0,0.0,both,0.0,0.0
2017,inseason,Yala,กข6,0.0,0.0,both,0.0,0.0
2017,inseason,Yala,ขาวดอกมะลิ105,0.0,0.0,both,0.0,0.0
2017,inseason,Yala,คลองหลวง1,0.0,0.0,both,0.0,0.0
2017,inseason,Yala,ชัยนาท1,0.0,0.0,both,0.0,0.0
2017,inseason,Yala,ปทุมธานี1,0.0,0.0,both,0.0,0.0
2017,inseason,Yala,พันธุ์พื้นเมือง,581666.0,16649.0,both,-565017.0,565017.0
2017,inseason,Yala,ราชการไม่ไวต่อช่วงแสง,56715.0,1624.0,both,-55091.0,55091.0
2017,inseason,Yala,ราชการไวต่อช่วงแสง,31597.0,904.0,both,-30693.0,30693.0
2017,inseason,Yala,สุพรรณบุรี1,0.0,0.0,both,0.0,0.0
2017,inseason,Yala,"สุพรรณบุรี60,90",0.0,0.0,both,0.0,0.0
2017,inseason,Yala,หอมสุพรรณบุรี,0.0,0.0,both,0.0,0.0
2017,inseason,Yasothon,กข15,1052418.0,34326.0,both,-1018092.0,1018092.0
2017,inseason,Yasothon,กข6,13501279.0,440362.0,both,-13060917.0,13060917.0
2017,inseason,Yasothon,ขาวดอกมะลิ105,25072880.0,817785.0,both,-24255095.0,24255095.0
2017,inseason,Yasothon,คลองหลวง1,0.0,0.0,both,0.0,0.0
2017,inseason,Yasothon,ชัยนาท1,0.0,0.0,both,0.0,0.0
2017,inseason,Yasothon,ปทุมธานี1,0.0,0.0,both,0.0,0.0
2017,inseason,Yasothon,พันธุ์พื้นเมือง,499903.0,16306.0,both,-483597.0,483597.0
2017,inseason,Yasothon,ราชการไม่ไวต่อช่วงแสง,108136.0,3527.0,both,-104609.0,104609.0
2017,inseason,Yasothon,ราชการไวต่อช่วงแสง,410623.0,13393.0,both,-397230.0,397230.0
2017,inseason,Yasothon,สุพรรณบุรี1,0.0,0.0,both,0.0,0.0
2017,inseason,Yasothon,"สุพรรณบุรี60,90",0.0,0.0,both,0.0,0.0
2017,inseason,Yasothon,หอมสุพรรณบุรี,0.0,0.0,both,0.0,0.0
2017,offseason,Amnat Charoen,กข10,4664.0,164.0,both,-4500.0,4500.0
2017,offseason,Amnat Charoen,กขไม่ไวต่อช่วงแสง,4326.0,151.0,both,-4175.0,4175.0
2017,offseason,Amnat Charoen,"ชัยนาท1,2",1166.0,40.0,both,-1126.0,1126.0
2017,offseason,Amnat Charoen,ปทุมธานี1,0.0,0.0,both,0.0,0.0
2017,offseason,Amnat Charoen,"พิษณุโลก2,60-2",0.0,0.0,both,0.0,0.0
2017,offseason,Amnat Charoen,ราชการไม่ไวต่อช่วงแสง,12060.0,424.0,both,-11636.0,11636.0
2017,offseason,Amnat Charoen,สุพรรณบุรี1,0.0,0.0,both,0.0,0.0
2017,offseason,Amnat Charoen,"สุพรรณบุรี60,90",0.0,0.0,both,0.0,0.0
2017,offseason,Amnat Charoen,หอมสุพรรณบุรี,0.0,0.0,both,0.0,0.0
2017,offseason,Ang Thong,กข10,0.0,0.0,both,0.0,0.0
2017,offseason,Ang Thong,กขไม่ไวต่อช่วงแสง,4027055.0,112296.0,both,-3914759.0,3914759.0
2017,offseason,Ang Thong,"ชัยนาท1,2",0.0,0.0,both,0.0,0.0
2017,offseason,Ang Thong,ปทุมธานี1,2098242.0,58511.0,both,-2039731.0,2039731.0
2017,offseason,Ang Thong,"พิษณุโลก2,60-2",101857.0,2841.0,both,-99016.0,99016.0
2017,offseason,Ang Thong,ราชการไม่ไวต่อช่วงแสง,226268.0,6310.0,both,-219958.0,219958.0
2017,offseason,Ang Thong,สุพรรณบุรี1,0.0,0.0,both,0.0,0.0
2017,offseason,Ang Thong,"สุพรรณบุรี60,90",0.0,0.0,both,0.0,0.0
2017,offseason,Ang Thong,หอมสุพรรณบุรี,0.0,0.0,both,0.0,0.0
2017,offseason,Bangkok,กข10,0.0,0.0,both,0.0,0.0
2017,offseason,Bangkok,กขไม่ไวต่อช่วงแสง,2012079.0,76488.0,both,-1935591.0,1935591.0
2017,offseason,Bangkok,"ชัยนาท1,2",0.0,0.0,both,0.0,0.0
2017,offseason,Bangkok,ปทุมธานี1,531915.0,20218.0,both,-511697.0,511697.0
2017,offseason,Bangkok,"พิษณุโลก2,60-2",298538.0,11348.0,both,-287190.0,287190.0
2017,offseason,Bangkok,ราชการไม่ไวต่อช่วงแสง,206939.0,7867.0,both,-199072.0,199072.0
2017,offseason,Bangkok,สุพรรณบุรี1,24227.0,919.0,both,-23308.0,23308.0
2017,offseason,Bangkok,"สุพรรณบุรี60,90",9945.0,379.0,both,-9566.0,9566.0
2017,offseason,Bangkok,หอมสุพรรณบุรี,0.0,0.0,both,0.0,0.0
2017,offseason,Bueng Kan,กข10,146105.0,4771.0,both,-141334.0,141334.0
2017,offseason,Bueng Kan,กขไม่ไวต่อช่วงแสง,37510.0,1225.0,both,-36285.0,36285.0
2017,offseason,Bueng Kan,"ชัยนาท1,2",12422.0,405.0,both,-12017.0,12017.0
2017,offseason,Bueng Kan,ปทุมธานี1,6302.0,204.0,both,-6098.0,6098.0
2017,offseason,Bueng Kan,"พิษณุโลก2,60-2",0.0,0.0,both,0.0,0.0
2017,offseason,Bueng Kan,ราชการไม่ไวต่อช่วงแสง,83444.0,2725.0,both,-80719.0,80719.0
2017,offseason,Bueng Kan,สุพรรณบุรี1,0.0,0.0,both,0.0,0.0
2017,offseason,Bueng Kan,"สุพรรณบุรี60,90",0.0,0.0,both,0.0,0.0
2017,offseason,Bueng Kan,หอมสุพรรณบุรี,0.0,0.0,both,0.0,0.0
2017,offseason,Buri Ram,กข10,7292.0,230.0,both,-7062.0,7062.0
2017,offseason,Buri Ram,กขไม่ไวต่อช่วงแสง,40700.0,1285.0,both,-39415.0,39415.0
2017,offseason,Buri Ram,"ชัยนาท1,2",97993.0,3095.0,both,-94898.0,94898.0
2017,offseason,Buri Ram,ปทุมธานี1,28831.0,911.0,both,-27920.0,27920.0
2017,offseason,Buri Ram,"พิษณุโลก2,60-2",0.0,0.0,both,0.0,0.0
2017,offseason,Buri Ram,ราชการไม่ไวต่อช่วงแสง,75929.0,2399.0,both,-73530.0,73530.0
2017,offseason,Buri Ram,สุพรรณบุรี1,0.0,0.0,both,0.0,0.0
2017,offseason,Buri Ram,"สุพรรณบุรี60,90",0.0,0.0,both,0.0,0.0
2017,offseason,Buri Ram,หอมสุพรรณบุรี,0.0,0.0,both,0.0,0.0
2017,offseason,Chachoengsao,กข10,0.0,0.0,both,0.0,0.0
2017,offseason,Chachoengsao,กขไม่ไวต่อช่วงแสง,8955007.0,278317.0,both,-8676690.0,8676690.0
2017,offseason,Chachoengsao,"ชัยนาท1,2",0.0,0.0,both,0.0,0.0
2017,offseason,Chachoengsao,ปทุมธานี1,793339.0,24656.0,both,-768683.0,768683.0
2017,offseason,Chachoengsao,"พิษณุโลก2,60-2",1537870.0,47796.0,both,-1490074.0,1490074.0
2017,offseason,Chachoengsao,ราชการไม่ไวต่อช่วงแสง,540791.0,16809.0,both,-523982.0,523982.0
2017,offseason,Chachoengsao,สุพรรณบุรี1,324818.0,10095.0,both,-314723.0,314723.0
2017,offseason,Chachoengsao,"สุพรรณบุรี60,90",370037.0,11501.0,both,-358536.0,358536.0
2017,offseason,Chachoengsao,หอมสุพรรณบุรี,0.0,0.0,both,0.0,0.0
2017,offseason,Chai Nat,กข10,0.0,0.0,both,0.0,0.0
2017,offseason,Chai Nat,กขไม่ไวต่อช่วงแสง,11663912.0,332242.0,both,-11331670.0,11331670.0
2017,offseason,Chai Nat,"ชัยนาท1,2",43250.0,1232.0,both,-42018.0,42018.0
2017,offseason,Chai Nat,ปทุมธานี1,3018354.0,85976.0,both,-2932378.0,2932378.0
2017,offseason,Chai Nat,"พิษณุโลก2,60-2",16532.0,472.0,both,-16060.0,16060.0
2017,offseason,Chai Nat,ราชการไม่ไวต่อช่วงแสง,62558.0,1783.0,both,-60775.0,60775.0
2017,offseason,Chai Nat,สุพรรณบุรี1,31112.0,887.0,both,-30225.0,30225.0
2017,offseason,Chai Nat,"สุพรรณบุรี60,90",0.0,0.0,both,0.0,0.0
2017,offseason,Chai Nat,หอมสุพรรณบุรี,0.0,0.0,both,0.0,0.0
2017,offseason,Chaiyaphum,กข10,617427.0,20216.0,both,-597211.0,597211.0
2017,offseason,Chaiyaphum,กขไม่ไวต่อช่วงแสง,102158.0,3346.0,both,-98812.0,98812.0
2017,offseason,Chaiyaphum,"ชัยนาท1,2",328709.0,10763.0,both,-317946.0,317946.0
2017,offseason,Chaiyaphum,ปทุมธานี1,25547.0,836.0,both,-24711.0,24711.0
2017,offseason,Chaiyaphum,"พิษณุโลก2,60-2",6378.0,210.0,both,-6168.0,6168.0
2017,offseason,Chaiyaphum,ราชการไม่ไวต่อช่วงแสง,257221.0,8421.0,both,-248800.0,248800.0
2017,offseason,Chaiyaphum,สุพรรณบุรี1,244707.0,8011.0,both,-236696.0,236696.0
2017,offseason,Chaiyaphum,"สุพรรณบุรี60,90",112217.0,3674.0,both,-108543.0,108543.0
2017,offseason,Chaiyaphum,หอมสุพรรณบุรี,3988.0,132.0,both,-3856.0,3856.0
2017,offseason,Chanthaburi,กข10,0.0,0.0,both,0.0,0.0
2017,offseason,Chanthaburi,กขไม่ไวต่อช่วงแสง,0.0,0.0,both,0.0,0.0
2017,offseason,Chanthaburi,"ชัยนาท1,2",0.0,0.0,both,0.0,0.0
2017,offseason,Chanthaburi,ปทุมธานี1,0.0,0.0,both,0.0,0.0
2017,offseason,Chanthaburi,"พิษณุโลก2,60-2",0.0,0.0,both,0.0,0.0
2017,offseason,Chanthaburi,ราชการไม่ไวต่อช่วงแสง,0.0,0.0,both,0.0,0.0
2017,offseason,Chanthaburi,สุพรรณบุรี1,0.0,0.0,both,0.0,0.0
2017,offseason,Chanthaburi,"สุพรรณบุรี60,90",0.0,0.0,both,0.0,0.0
2017,offseason,Chanthaburi,หอมสุพรรณบุรี,0.0,0.0,both,0.0,0.0
2017,offseason,Chiang Mai,กข10,50952.0,1668.0,both,-49284.0,49284.0
2017,offseason,Chiang Mai,กขไม่ไวต่อช่วงแสง,144285.0,4729.0,both,-139556.0,139556.0
2017,offseason,Chiang Mai,"ชัยนาท1,2",0.0,0.0,both,0.0,0.0
2017,offseason,Chiang Mai,ปทุมธานี1,0.0,0.0,both,0.0,0.0
2017,offseason,Chiang Mai,"พิษณุโลก2,60-2",21491.0,704.0,both,-20787.0,20787.0
2017,offseason,Chiang Mai,ราชการไม่ไวต่อช่วงแสง,3711082.0,121631.0,both,-3589451.0,3589451.0
2017,offseason,Chiang Mai,สุพรรณบุรี1,0.0,0.0,both,0.0,0.0
2017,offseason,Chiang Mai,"สุพรรณบุรี60,90",0.0,0.0,both,0.0,0.0
2017,offseason,Chiang Mai,หอมสุพรรณบุรี,0.0,0.0,both,0.0,0.0
2017,offseason,Chiang Rai,กข10,563854.0,17878.0,both,-545976.0,545976.0
2017,offseason,Chiang Rai,กขไม่ไวต่อช่วงแสง,854528.0,27097.0,both,-827431.0,827431.0
2017,offseason,Chiang Rai,"ชัยนาท1,2",0.0,0.0,both,0.0,0.0
2017,offseason,Chiang Rai,ปทุมธานี1,586730.0,18604.0,both,-568126.0,568126.0
2017,offseason,Chiang Rai,"พิษณุโลก2,60-2",2744643.0,87029.0,both,-2657614.0,2657614.0
2017,offseason,Chiang Rai,ราชการไม่ไวต่อช่วงแสง,6762993.0,214445.0,both,-6548548.0,6548548.0
2017,offseason,Chiang Rai,สุพรรณบุรี1,440910.0,13980.0,both,-426930.0,426930.0
2017,offseason,Chiang Rai,"สุพรรณบุรี60,90",0.0,0.0,both,0.0,0.0
2017,offseason,Chiang Rai,หอมสุพรรณบุรี,0.0,0.0,both,0.0,0.0
2017,offseason,Chon Buri,กข10,0.0,0.0,both,0.0,0.0
2017,offseason,Chon Buri,กขไม่ไวต่อช่วงแสง,681622.0,23376.0,both,-658246.0,658246.0
2017,offseason,Chon Buri,"ชัยนาท1,2",13935.0,477.0,both,-13458.0,13458.0
2017,offseason,Chon Buri,ปทุมธานี1,69095.0,2369.0,both,-66726.0,66726.0
2017,offseason,Chon Buri,"พิษณุโลก2,60-2",112655.0,3865.0,both,-108790.0,108790.0
2017,offseason,Chon Buri,ราชการไม่ไวต่อช่วงแสง,225734.0,7741.0,both,-217993.0,217993.0
2017,offseason,Chon Buri,สุพรรณบุรี1,46893.0,1607.0,both,-45286.0,45286.0
2017,offseason,Chon Buri,"สุพรรณบุรี60,90",78547.0,2693.0,both,-75854.0,75854.0
2017,offseason,Chon Buri,หอมสุพรรณบุรี,2485.0,85.0,both,-2400.0,2400.0
2017,offseason,Chumphon,กข10,0.0,0.0,both,0.0,0.0
2017,offseason,Chumphon,กขไม่ไวต่อช่วงแสง,460.0,17.0,both,-443.0,443.0
2017,offseason,Chumphon,"ชัยนาท1,2",3071.0,113.0,both,-2958.0,2958.0
2017,offseason,Chumphon,ปทุมธานี1,9993.0,362.0,both,-9631.0,9631.0
2017,offseason,Chumphon,"พิษณุโลก2,60-2",0.0,0.0,both,0.0,0.0
2017,offseason,Chumphon,ราชการไม่ไวต่อช่วงแสง,7982.0,291.0,both,-7691.0,7691.0
2017,offseason,Chumphon,สุพรรณบุรี1,0.0,0.0,both,0.0,0.0
2017,offseason,Chumphon,"สุพรรณบุรี60,90",0.0,0.0,both,0.0,0.0
2017,offseason,Chumphon,หอมสุพรรณบุรี,0.0,0.0,both,0.0,0.0
2017,offseason,Kalasin,กข10,2074709.0,68582.0,both,-2006127.0,2006127.0
2017,offseason,Kalasin,กขไม่ไวต่อช่วงแสง,1569307.0,51874.0,both,-1517433.0,1517433.0
2017,offseason,Kalasin,"ชัยนาท1,2",623397.0,20607.0,both,-602790.0,602790.0
2017,offseason,Kalasin,ปทุมธานี1,9063.0,300.0,both,-8763.0,8763.0
2017,offseason,Kalasin,"พิษณุโลก2,60-2",1592537.0,52641.0,both,-1539896.0,1539896.0
2017,offseason,Kalasin,ราชการไม่ไวต่อช่วงแสง,2393290.0,79112.0,both,-2314178.0,2314178.0
2017,offseason,Kalasin,สุพรรณบุรี1,2735.0,90.0,both,-2645.0,2645.0
2017,offseason,Kalasin,"สุพรรณบุรี60,90",0.0,0.0,both,0.0,0.0
2017,offseason,Kalasin,หอมสุพรรณบุรี,0.0,0.0,both,0.0,0.0
2017,offseason,Kamphaeng Phet,กข10,27809.0,718.0,both,-27091.0,27091.0
2017,offseason,Kamphaeng Phet,กขไม่ไวต่อช่วงแสง,12651092.0,326756.0,both,-12324336.0,12324336.0
2017,offseason,Kamphaeng Phet,"ชัยนาท1,2",149802.0,3869.0,both,-145933.0,145933.0
2017,offseason,Kamphaeng Phet,ปทุมธานี1,126640.0,3270.0,both,-123370.0,123370.0
2017,offseason,Kamphaeng Phet,"พิษณุโลก2,60-2",2192217.0,56621.0,both,-2135596.0,2135596.0
2017,offseason,Kamphaeng Phet,ราชการไม่ไวต่อช่วงแสง,1853403.0,47869.0,both,-1805534.0,1805534.0
2017,offseason,Kamphaeng Phet,สุพรรณบุรี1,1241113.0,32056.0,both,-1209057.0,1209057.0
2017,offseason,Kamphaeng Phet,"สุพรรณบุรี60,90",76490.0,1975.0,both,-74515.0,74515.0
2017,offseason,Kamphaeng Phet,หอมสุพรรณบุรี,0.0,0.0,both,0.0,0.0
2017,offseason,Kanchanaburi,กข10,0.0,0.0,both,0.0,0.0
2017,offseason,Kanchanaburi,กขไม่ไวต่อช่วงแสง,197993.0,6553.0,both,-191440.0,191440.0
2017,offseason,Kanchanaburi,"ชัยนาท1,2",10369.0,343.0,both,-10026.0,10026.0
2017,offseason,Kanchanaburi,ปทุมธานี1,410271.0,13577.0,both,-396694.0,396694.0
2017,offseason,Kanchanaburi,"พิษณุโลก2,60-2",2749.0,92.0,both,-2657.0,2657.0
2017,offseason,Kanchanaburi,ราชการไม่ไวต่อช่วงแสง,31376.0,1037.0,both,-30339.0,30339.0
2017,offseason,Kanchanaburi,สุพรรณบุรี1,463609.0,15341.0,both,-448268.0,448268.0
2017,offseason,Kanchanaburi,"สุพรรณบุรี60,90",0.0,0.0,both,0.0,0.0
2017,offseason,Kanchanaburi,หอมสุพรรณบุรี,0.0,0.0,both,0.0,0.0
2017,offseason,Khon Kaen,กข10,1721174.0,56611.0,both,-1664563.0,1664563.0
2017,offseason,Khon Kaen,กขไม่ไวต่อช่วงแสง,180415.0,5933.0,both,-174482.0,174482.0
2017,offseason,Khon Kaen,"ชัยนาท1,2",521584.0,17154.0,both,-504430.0,504430.0
2017,offseason,Khon Kaen,ปทุมธานี1,50117.0,1647.0,both,-48470.0,48470.0
2017,offseason,Khon Kaen,"พิษณุโลก2,60-2",1110488.0,36524.0,both,-1073964.0,1073964.0
2017,offseason,Khon Kaen,ราชการไม่ไวต่อช่วงแสง,628583.0,20674.0,both,-607909.0,607909.0
2017,offseason,Khon Kaen,สุพรรณบุรี1,24998.0,822.0,both,-24176.0,24176.0
2017,offseason,Khon Kaen,"สุพรรณบุรี60,90",3065.0,102.0,both,-2963.0,2963.0
2017,offseason,Khon Kaen,หอมสุพรรณบุรี,4188.0,138.0,both,-4050.0,4050.0
2017,offseason,Krabi,กข10,0.0,,left_only,0.0,0.0
2017,offseason,Krabi,กขไม่ไวต่อช่วงแสง,0.0,,left_only,0.0,0.0
2017,offseason,Krabi,"ชัยนาท1,2",0.0,,left_only,0.0,0.0
2017,offseason,Krabi,ปทุมธานี1,0.0,,left_only,0.0,0.0
2017,offseason,Krabi,"พิษณุโลก2,60-2",0.0,,left_only,0.0,0.0
2017,offseason,Krabi,ราชการไม่ไวต่อช่วงแสง,0.0,,left_only,0.0,0.0
2017,offseason,Krabi,สุพรรณบุรี1,0.0,,left_only,0.0,0.0
2017,offseason,Krabi,"สุพรรณบุรี60,90",0.0,,left_only,0.0,0.0
2017,offseason,Krabi,หอมสุพรรณบุรี,0.0,,left_only,0.0,0.0
2017,offseason,Lampang,กข10,80756.0,2652.0,both,-78104.0,78104.0
2017,offseason,Lampang,กขไม่ไวต่อช่วงแสง,391023.0,12830.0,both,-378193.0,378193.0
2017,offseason,Lampang,"ชัยนาท1,2",0.0,0.0,both,0.0,0.0
2017,offseason,Lampang,ปทุมธานี1,3168.0,105.0,both,-3063.0,3063.0
2017,offseason,Lampang,"พิษณุโลก2,60-2",10381.0,341.0,both,-10040.0,10040.0
2017,offseason,Lampang,ราชการไม่ไวต่อช่วงแสง,854233.0,28028.0,both,-826205.0,826205.0
2017,offseason,Lampang,สุพรรณบุรี1,4890.0,160.0,both,-4730.0,4730.0
2017,offseason,Lampang,"สุพรรณบุรี60,90",0.0,0.0,both,0.0,0.0
2017,offseason,Lampang,หอมสุพรรณบุรี,0.0,0.0,both,0.0,0.0
2017,offseason,Lamphun,กข10,12348.0,403.0,both,-11945.0,11945.0
2017,offseason,Lamphun,กขไม่ไวต่อช่วงแสง,23337.0,761.0,both,-22576.0,22576.0
2017,offseason,Lamphun,"ชัยนาท1,2",0.0,0.0,both,0.0,0.0
2017,offseason,Lamphun,ปทุมธานี1,0.0,0.0,both,0.0,0.0
2017,offseason,Lamphun,"พิษณุโลก2,60-2",0.0,0.0,both,0.0,0.0
2017,offseason,Lamphun,ราชการไม่ไวต่อช่วงแสง,485194.0,15794.0,both,-469400.0,469400.0
2017,offseason,Lamphun,สุพรรณบุรี1,0.0,0.0,both,0.0,0.0
2017,offseason,Lamphun,"สุพรรณบุรี60,90",0.0,0.0,both,0.0,0.0
2017,offseason,Lamphun,หอมสุพรรณบุรี,0.0,0.0,both,0.0,0.0
2017,offseason,Loei,กข10,464.0,16.0,both,-448.0,448.0
2017,offseason,Loei,กขไม่ไวต่อช่วงแสง,2693.0,89.0,both,-2604.0,2604.0
2017,offseason,Loei,"ชัยนาท1,2",0.0,0.0,both,0.0,0.0
2017,offseason,Loei,ปทุมธานี1,124.0,4.0,both,-120.0,120.0
2017,offseason,Loei,"พิษณุโลก2,60-2",0.0,0.0,both,0.0,0.0
2017,offseason,Loei,ราชการไม่ไวต่อช่วงแสง,1362.0,46.0,both,-1316.0,1316.0
2017,offseason,Loei,สุพรรณบุรี1,0.0,0.0,both,0.0,0.0
2017,offseason,Loei,"สุพรรณบุรี60,90",0.0,0.0,both,0.0,0.0
2017,offseason,Loei,หอมสุพรรณบุรี,0.0,0.0,both,0.0,0.0
2017,offseason,Lop Buri,กข10,0.0,0.0,both,0.0,0.0
2017,offseason,Lop Buri,กขไม่ไวต่อช่วงแสง,3784337.0,136403.0,both,-3647934.0,3647934.0
2017,offseason,Lop Buri,"ชัยนาท1,2",40752.0,1468.0,both,-39284.0,39284.0
2017,offseason,Lop Buri,ปทุมธานี1,2592895.0,93458.0,both,-2499437.0,2499437.0
2017,offseason,Lop Buri,"พิษณุโลก2,60-2",0.0,0.0,both,0.0,0.0
2017,offseason,Lop Buri,ราชการไม่ไวต่อช่วงแสง,73260.0,2641.0,both,-70619.0,70619.0
2017,offseason,Lop Buri,สุพรรณบุรี1,246162.0,8873.0,both,-237289.0,237289.0
2017,offseason,Lop Buri,"สุพรรณบุรี60,90",0.0,0.0,both,0.0,0.0
2017,offseason,Lop Buri,หอมสุพรรณบุรี,0.0,0.0,both,0.0,0.0
2017,offseason,Mae Hong Son,กข10,0.0,0.0,both,0.0,0.0
2017,offseason,Mae Hong Son,กขไม่ไวต่อช่วงแสง,5934.0,209.0,both,-5725.0,5725.0
2017,offseason,Mae Hong Son,"ชัยนาท1,2",0.0,0.0,both,0.0,0.0
2017,offseason,Mae Hong Son,ปทุมธานี1,670.0,23.0,both,-647.0,647.0
2017,offseason,Mae Hong Son,"พิษณุโลก2,60-2",0.0,0.0,both,0.0,0.0
2017,offseason,Mae Hong Son,ราชการไม่ไวต่อช่วงแสง,7851.0,278.0,both,-7573.0,7573.0
2017,offseason,Mae Hong Son,สุพรรณบุรี1,0.0,0.0,both,0.0,0.0
2017,offseason,Mae Hong Son,"สุพรรณบุรี60,90",0.0,0.0,both,0.0,0.0
2017,offseason,Mae Hong Son,หอมสุพรรณบุรี,0.0,0.0,both,0.0,0.0
2017,offseason,Maha Sarakham,กข10,792288.0,26794.0,both,-765494.0,765494.0
2017,offseason,Maha Sarakham,กขไม่ไวต่อช่วงแสง,1070185.0,36191.0,both,-1033994.0,1033994.0
2017,offseason,Maha Sarakham,"ชัยนาท1,2",1583351.0,53547.0,both,-1529804.0,1529804.0
2017,offseason,Maha Sarakham,ปทุมธานี1,3619.0,124.0,both,-3495.0,3495.0
2017,offseason,Maha Sarakham,"พิษณุโลก2,60-2",1070799.0,36213.0,both,-1034586.0,1034586.0
2017,offseason,Maha Sarakham,ราชการไม่ไวต่อช่วงแสง,73698.0,2493.0,both,-71205.0,71205.0
2017,offseason,Maha Sarakham,สุพรรณบุรี1,0.0,0.0,both,0.0,0.0
2017,offseason,Maha Sarakham,"สุพรรณบุรี60,90",9077.0,307.0,both,-8770.0,8770.0
2017,offseason,Maha Sarakham,หอมสุพรรณบุรี,0.0,0.0,both,0.0,0.0
2017,offseason,Mukdahan,กข10,2728.0,75.0,both,-2653.0,2653.0
2017,offseason,Mukdahan,กขไม่ไวต่อช่วงแสง,0.0,0.0,both,0.0,0.0
2017,offseason,Mukdahan,"ชัยนาท1,2",992.0,28.0,both,-964.0,964.0
2017,offseason,Mukdahan,ปทุมธานี1,961.0,26.0,both,-935.0,935.0
2017,offseason,Mukdahan,"พิษณุโลก2,60-2",0.0,0.0,both,0.0,0.0
2017,offseason,Mukdahan,ราชการไม่ไวต่อช่วงแสง,2821.0,78.0,both,-2743.0,2743.0
2017,offseason,Mukdahan,สุพรรณบุรี1,0.0,0.0,both,0.0,0.0
2017,offseason,Mukdahan,"สุพรรณบุรี60,90",0.0,0.0,both,0.0,0.0
2017,offseason,Mukdahan,หอมสุพรรณบุรี,0.0,0.0,both,0.0,0.0
2017,offseason,Nakhon Nayok,กข10,0.0,0.0,both,0.0,0.0
2017,offseason,Nakhon Nayok,กขไม่ไวต่อช่วงแสง,3756972.0,114715.0,both,-3642257.0,3642257.0
2017,offseason,Nakhon Nayok,"ชัยนาท1,2",25693.0,787.0,both,-24906.0,24906.0
2017,offseason,Nakhon Nayok,ปทุมธานี1,36898.0,1126.0,both,-35772.0,35772.0
2017,offseason,Nakhon Nayok,"พิษณุโลก2,60-2",176811.0,5398.0,both,-171413.0,171413.0
2017,offseason,Nakhon Nayok,ราชการไม่ไวต่อช่วงแสง,578988.0,17680.0,both,-561308.0,561308.0
2017,offseason,Nakhon Nayok,สุพรรณบุรี1,21319.0,650.0,both,-20669.0,20669.0
2017,offseason,Nakhon Nayok,"สุพรรณบุรี60,90",30642.0,935.0,both,-29707.0,29707.0
2017,offseason,Nakhon Nayok,หอมสุพรรณบุรี,0.0,0.0,both,0.0,0.0
2017,offseason,Nakhon Pathom,กข10,0.0,0.0,both,0.0,0.0
2017,offseason,Nakhon Pathom,กขไม่ไวต่อช่วงแสง,4844408.0,138787.0,both,-4705621.0,4705621.0
2017,offseason,Nakhon Pathom,"ชัยนาท1,2",0.0,0.0,both,0.0,0.0
2017,offseason,Nakhon Pathom,ปทุมธานี1,148733.0,4262.0,both,-144471.0,144471.0
2017,offseason,Nakhon Pathom,"พิษณุโลก2,60-2",326892.0,9366.0,both,-317526.0,317526.0
2017,offseason,Nakhon Pathom,ราชการไม่ไวต่อช่วงแสง,1817864.0,52079.0,both,-1765785.0,1765785.0
2017,offseason,Nakhon Pathom,สุพรรณบุรี1,311326.0,8919.0,both,-302407.0,302407.0
2017,offseason,Nakhon Pathom,"สุพรรณบุรี60,90",10358.0,296.0,both,-10062.0,10062.0
2017,offseason,Nakhon Pathom,หอมสุพรรณบุรี,25804.0,740.0,both,-25064.0,25064.0
2017,offseason,Nakhon Phanom,กข10,1251255.0,45819.0,both,-1205436.0,1205436.0
2017,offseason,Nakhon Phanom,กขไม่ไวต่อช่วงแสง,100657.0,3686.0,both,-96971.0,96971.0
2017,offseason,Nakhon Phanom,"ชัยนาท1,2",91897.0,3364.0,both,-88533.0,88533.0
2017,offseason,Nakhon Phanom,ปทุมธานี1,23420.0,857.0,both,-22563.0,22563.0
2017,offseason,Nakhon Phanom,"พิษณุโลก2,60-2",0.0,0.0,both,0.0,0.0
2017,offseason,Nakhon Phanom,ราชการไม่ไวต่อช่วงแสง,588883.0,21563.0,both,-567320.0,567320.0
2017,offseason,Nakhon Phanom,สุพรรณบุรี1,0.0,0.0,both,0.0,0.0
2017,offseason,Nakhon Phanom,"สุพรรณบุรี60,90",0.0,0.0,both,0.0,0.0
2017,offseason,Nakhon Phanom,หอมสุพรรณบุรี,0.0,0.0,both,0.0,0.0
2017,offseason,Nakhon Ratchasima,กข10,0.0,0.0,both,0.0,0.0
2017,offseason,Nakhon Ratchasima,กขไม่ไวต่อช่วงแสง,353428.0,11086.0,both,-342342.0,342342.0
2017,offseason,Nakhon Ratchasima,"ชัยนาท1,2",221092.0,6935.0,both,-214157.0,214157.0
2017,offseason,Nakhon Ratchasima,ปทุมธานี1,32546.0,1020.0,both,-31526.0,31526.0
2017,offseason,Nakhon Ratchasima,"พิษณุโลก2,60-2",22121.0,695.0,both,-21426.0,21426.0
2017,offseason,Nakhon Ratchasima,ราชการไม่ไวต่อช่วงแสง,32364.0,1014.0,both,-31350.0,31350.0
2017,offseason,Nakhon Ratchasima,สุพรรณบุรี1,36577.0,1148.0,both,-35429.0,35429.0
2017,offseason,Nakhon Ratchasima,"สุพรรณบุรี60,90",44759.0,1405.0,both,-43354.0,43354.0
2017,offseason,Nakhon Ratchasima,หอมสุพรรณบุรี,0.0,0.0,both,0.0,0.0
2017,offseason,Nakhon Sawan,กข10,0.0,0.0,both,0.0,0.0
2017,offseason,Nakhon Sawan,กขไม่ไวต่อช่วงแสง,19304986.0,594611.0,both,-18710375.0,18710375.0
2017,offseason,Nakhon Sawan,"ชัยนาท1,2",108175.0,3332.0,both,-104843.0,104843.0
2017,offseason,Nakhon Sawan,ปทุมธานี1,354808.0,10928.0,both,-343880.0,343880.0
2017,offseason,Nakhon Sawan,"พิษณุโลก2,60-2",373451.0,11504.0,both,-361947.0,361947.0
2017,offseason,Nakhon Sawan,ราชการไม่ไวต่อช่วงแสง,457347.0,14087.0,both,-443260.0,443260.0
2017,offseason,Nakhon Sawan,สุพรรณบุรี1,528479.0,16279.0,both,-512200.0,512200.0
2017,offseason,Nakhon Sawan,"สุพรรณบุรี60,90",190487.0,5866.0,both,-184621.0,184621.0
2017,offseason,Nakhon Sawan,หอมสุพรรณบุรี,0.0,0.0,both,0.0,0.0
2017,offseason,Nakhon Si Thammarat,กข10,0.0,0.0,both,0.0,0.0
2017,offseason,Nakhon Si Thammarat,กขไม่ไวต่อช่วงแสง,2823531.0,92487.0,both,-2731044.0,2731044.0
2017,offseason,Nakhon Si Thammarat,"ชัยนาท1,2",48755.0,1597.0,both,-47158.0,47158.0
2017,offseason,Nakhon Si Thammarat,ปทุมธานี1,378712.0,12405.0,both,-366307.0,366307.0
2017,offseason,Nakhon Si Thammarat,"พิษณุโลก2,60-2",170290.0,5578.0,both,-164712.0,164712.0
2017,offseason,Nakhon Si Thammarat,ราชการไม่ไวต่อช่วงแสง,168581.0,5522.0,both,-163059.0,163059.0
2017,offseason,Nakhon Si Thammarat,สุพรรณบุรี1,53640.0,1757.0,both,-51883.0,51883.0
2017,offseason,Nakhon Si Thammarat,"สุพรรณบุรี60,90",36909.0,1209.0,both,-35700.0,35700.0
2017,offseason,Nakhon Si Thammarat,หอมสุพรรณบุรี,0.0,0.0,both,0.0,0.0
2017,offseason,Nan,กข10,27345.0,867.0,both,-26478.0,26478.0
2017,offseason,Nan,กขไม่ไวต่อช่วงแสง,2657.0,84.0,both,-2573.0,2573.0
2017,offseason,Nan,"ชัยนาท1,2",0.0,0.0,both,0.0,0.0
2017,offseason,Nan,ปทุมธานี1,0.0,0.0,both,0.0,0.0
2017,offseason,Nan,"พิษณุโลก2,60-2",0.0,0.0,both,0.0,0.0
2017,offseason,Nan,ราชการไม่ไวต่อช่วงแสง,284152.0,9010.0,both,-275142.0,275142.0
2017,offseason,Nan,สุพรรณบุรี1,0.0,0.0,both,0.0,0.0
2017,offseason,Nan,"สุพรรณบุรี60,90",0.0,0.0,both,0.0,0.0
2017,offseason,Nan,หอมสุพรรณบุรี,0.0,0.0,both,0.0,0.0
2017,offseason,Narathiwat,กข10,0.0,0.0,both,0.0,0.0
2017,offseason,Narathiwat,กขไม่ไวต่อช่วงแสง,0.0,0.0,both,0.0,0.0
2017,offseason,Narathiwat,"ชัยนาท1,2",10025.0,329.0,both,-9696.0,9696.0
2017,offseason,Narathiwat,ปทุมธานี1,0.0,0.0,both,0.0,0.0
2017,offseason,Narathiwat,"พิษณุโลก2,60-2",0.0,0.0,both,0.0,0.0
2017,offseason,Narathiwat,ราชการไม่ไวต่อช่วงแสง,3443.0,113.0,both,-3330.0,3330.0
2017,offseason,Narathiwat,สุพรรณบุรี1,0.0,0.0,both,0.0,0.0
2017,offseason,Narathiwat,"สุพรรณบุรี60,90",0.0,0.0,both,0.0,0.0
2017,offseason,Narathiwat,หอมสุพรรณบุรี,0.0,0.0,both,0.0,0.0
2017,offseason,Nong Bua Lam Phu,กข10,211093.0,5470.0,both,-205623.0,205623.0
2017,offseason,Nong Bua Lam Phu,กขไม่ไวต่อช่วงแสง,137770.0,3571.0,both,-134199.0,134199.0
2017,offseason,Nong Bua Lam Phu,"ชัยนาท1,2",81442.0,2111.0,both,-79331.0,79331.0
2017,offseason,Nong Bua Lam Phu,ปทุมธานี1,17393.0,452.0,both,-16941.0,16941.0
2017,offseason,Nong Bua Lam Phu,"พิษณุโลก2,60-2",11382.0,294.0,both,-11088.0,11088.0
2017,offseason,Nong Bua Lam Phu,ราชการไม่ไวต่อช่วงแสง,70060.0,1816.0,both,-68244.0,68244.0
2017,offseason,Nong Bua Lam Phu,สุพรรณบุรี1,0.0,0.0,both,0.0,0.0
2017,offseason,Nong Bua Lam Phu,"สุพรรณบุรี60,90",0.0,0.0,both,0.0,0.0
2017,offseason,Nong Bua Lam Phu,หอมสุพรรณบุรี,0.0,0.0,both,0.0,0.0
2017,offseason,Nong Khai,กข10,1604425.0,52122.0,both,-1552303.0,1552303.0
2017,offseason,Nong Khai,กขไม่ไวต่อช่วงแสง,97876.0,3180.0,both,-94696.0,94696.0
2017,offseason,Nong Khai,"ชัยนาท1,2",66321.0,2155.0,both,-64166.0,64166.0
2017,offseason,Nong Khai,ปทุมธานี1,4504.0,146.0,both,-4358.0,4358.0
2017,offseason,Nong Khai,"พิษณุโลก2,60-2",0.0,0.0,both,0.0,0.0
2017,offseason,Nong Khai,ราชการไม่ไวต่อช่วงแสง,1291762.0,41965.0,both,-1249797.0,1249797.0
2017,offseason,Nong Khai,สุพรรณบุรี1,0.0,0.0,both,0.0,0.0
2017,offseason,Nong Khai,"สุพรรณบุรี60,90",0.0,0.0,both,0.0,0.0
2017,offseason,Nong Khai,หอมสุพรรณบุรี,0.0,0.0,both,0.0,0.0
2017,offseason,Nonthaburi,กข10,0.0,0.0,both,0.0,0.0
2017,offseason,Nonthaburi,กขไม่ไวต่อช่วงแสง,2575224.0,86367.0,both,-2488857.0,2488857.0
2017,offseason,Nonthaburi,"ชัยนาท1,2",0.0,0.0,both,0.0,0.0
2017,offseason,Nonthaburi,ปทุมธานี1,20637.0,693.0,both,-19944.0,19944.0
2017,offseason,Nonthaburi,"พิษณุโลก2,60-2",66992.0,2248.0,both,-64744.0,64744.0
2017,offseason,Nonthaburi,ราชการไม่ไวต่อช่วงแสง,88540.0,2969.0,both,-85571.0,85571.0
2017,offseason,Nonthaburi,สุพรรณบุรี1,0.0,0.0,both,0.0,0.0
2017,offseason,Nonthaburi,"สุพรรณบุรี60,90",0.0,0.0,both,0.0,0.0
2017,offseason,Nonthaburi,หอมสุพรรณบุรี,0.0,0.0,both,0.0,0.0
2017,offseason,Pathum Thani,กข10,0.0,0.0,both,0.0,0.0
2017,offseason,Pathum Thani,กขไม่ไวต่อช่วงแสง,6511682.0,211176.0,both,-6300506.0,6300506.0
2017,offseason,Pathum Thani,"ชัยนาท1,2",0.0,0.0,both,0.0,0.0
2017,offseason,Pathum Thani,ปทุมธานี1,693097.0,22477.0,both,-670620.0,670620.0
2017,offseason,Pathum Thani,"พิษณุโลก2,60-2",105270.0,3413.0,both,-101857.0,101857.0
2017,offseason,Pathum Thani,ราชการไม่ไวต่อช่วงแสง,385684.0,12509.0,both,-373175.0,373175.0
2017,offseason,Pathum Thani,สุพรรณบุรี1,124844.0,4050.0,both,-120794.0,120794.0
2017,offseason,Pathum Thani,"สุพรรณบุรี60,90",0.0,0.0,both,0.0,0.0
2017,offseason,Pathum Thani,หอมสุพรรณบุรี,0.0,0.0,both,0.0,0.0
2017,offseason,Pattani,กข10,0.0,0.0,both,0.0,0.0
2017,offseason,Pattani,กขไม่ไวต่อช่วงแสง,263881.0,8637.0,both,-255244.0,255244.0
2017,offseason,Pattani,"ชัยนาท1,2",169555.0,5550.0,both,-164005.0,164005.0
2017,offseason,Pattani,ปทุมธานี1,0.0,0.0,both,0.0,0.0
2017,offseason,Pattani,"พิษณุโลก2,60-2",0.0,0.0,both,0.0,0.0
2017,offseason,Pattani,ราชการไม่ไวต่อช่วงแสง,0.0,0.0,both,0.0,0.0
2017,offseason,Pattani,สุพรรณบุรี1,0.0,0.0,both,0.0,0.0
2017,offseason,Pattani,"สุพรรณบุรี60,90",0.0,0.0,both,0.0,0.0
2017,offseason,Pattani,หอมสุพรรณบุรี,10298.0,337.0,both,-9961.0,9961.0
2017,offseason,Phang-nga,กข10,0.0,,left_only,0.0,0.0
2017,offseason,Phang-nga,กขไม่ไวต่อช่วงแสง,0.0,,left_only,0.0,0.0
2017,offseason,Phang-nga,"ชัยนาท1,2",0.0,,left_only,0.0,0.0
2017,offseason,Phang-nga,ปทุมธานี1,0.0,,left_only,0.0,0.0
2017,offseason,Phang-nga,"พิษณุโลก2,60-2",0.0,,left_only,0.0,0.0
2017,offseason,Phang-nga,ราชการไม่ไวต่อช่วงแสง,0.0,,left_only,0.0,0.0
2017,offseason,Phang-nga,สุพรรณบุรี1,0.0,,left_only,0.0,0.0
2017,offseason,Phang-nga,"สุพรรณบุรี60,90",0.0,,left_only,0.0,0.0
2017,offseason,Phang-nga,หอมสุพรรณบุรี,0.0,,left_only,0.0,0.0
2017,offseason,Phatthalung,กข10,0.0,0.0,both,0.0,0.0
2017,offseason,Phatthalung,กขไม่ไวต่อช่วงแสง,809419.0,26499.0,both,-782920.0,782920.0
2017,offseason,Phatthalung,"ชัยนาท1,2",106057.0,3471.0,both,-102586.0,102586.0
2017,offseason,Phatthalung,ปทุมธานี1,326816.0,10699.0,both,-316117.0,316117.0
2017,offseason,Phatthalung,"พิษณุโลก2,60-2",44781.0,1466.0,both,-43315.0,43315.0
2017,offseason,Phatthalung,ราชการไม่ไวต่อช่วงแสง,446528.0,14618.0,both,-431910.0,431910.0
2017,offseason,Phatthalung,สุพรรณบุรี1,7667.0,251.0,both,-7416.0,7416.0
2017,offseason,Phatthalung,"สุพรรณบุรี60,90",8767.0,287.0,both,-8480.0,8480.0
2017,offseason,Phatthalung,หอมสุพรรณบุรี,0.0,0.0,both,0.0,0.0
2017,offseason,Phayao,กข10,58438.0,1845.0,both,-56593.0,56593.0
2017,offseason,Phayao,กขไม่ไวต่อช่วงแสง,331461.0,10467.0,both,-320994.0,320994.0
2017,offseason,Phayao,"ชัยนาท1,2",0.0,0.0,both,0.0,0.0
2017,offseason,Phayao,ปทุมธานี1,0.0,0.0,both,0.0,0.0
2017,offseason,Phayao,"พิษณุโลก2,60-2",222765.0,7035.0,both,-215730.0,215730.0
2017,offseason,Phayao,ราชการไม่ไวต่อช่วงแสง,1156449.0,36522.0,both,-1119927.0,1119927.0
2017,offseason,Phayao,สุพรรณบุรี1,0.0,0.0,both,0.0,0.0
2017,offseason,Phayao,"สุพรรณบุรี60,90",0.0,0.0,both,0.0,0.0
2017,offseason,Phayao,หอมสุพรรณบุรี,0.0,0.0,both,0.0,0.0
2017,offseason,Phetchabun,กข10,58540.0,1942.0,both,-56598.0,56598.0
2017,offseason,Phetchabun,กขไม่ไวต่อช่วงแสง,302600.0,10037.0,both,-292563.0,292563.0
2017,offseason,Phetchabun,"ชัยนาท1,2",33942.0,1127.0,both,-32815.0,32815.0
2017,offseason,Phetchabun,ปทุมธานี1,31752.0,1054.0,both,-30698.0,30698.0
2017,offseason,Phetchabun,"พิษณุโลก2,60-2",111999.0,3716.0,both,-108283.0,108283.0
2017,offseason,Phetchabun,ราชการไม่ไวต่อช่วงแสง,570436.0,18926.0,both,-551510.0,551510.0
2017,offseason,Phetchabun,สุพรรณบุรี1,112425.0,3730.0,both,-108695.0,108695.0
2017,offseason,Phetchabun,"สุพรรณบุรี60,90",7063.0,235.0,both,-6828.0,6828.0
2017,offseason,Phetchabun,หอมสุพรรณบุรี,0.0,0.0,both,0.0,0.0
2017,offseason,Phetchaburi,กข10,0.0,0.0,both,0.0,0.0
2017,offseason,Phetchaburi,กขไม่ไวต่อช่วงแสง,319895.0,10808.0,both,-309087.0,309087.0
2017,offseason,Phetchaburi,"ชัยนาท1,2",53758.0,1816.0,both,-51942.0,51942.0
2017,offseason,Phetchaburi,ปทุมธานี1,7892.0,267.0,both,-7625.0,7625.0
2017,offseason,Phetchaburi,"พิษณุโลก2,60-2",18763.0,632.0,both,-18131.0,18131.0
2017,offseason,Phetchaburi,ราชการไม่ไวต่อช่วงแสง,49202.0,1661.0,both,-47541.0,47541.0
2017,offseason,Phetchaburi,สุพรรณบุรี1,59029.0,1995.0,both,-57034.0,57034.0
2017,offseason,Phetchaburi,"สุพรรณบุรี60,90",2592.0,87.0,both,-2505.0,2505.0
2017,offseason,Phetchaburi,หอมสุพรรณบุรี,4587.0,154.0,both,-4433.0,4433.0
2017,offseason,Phichit,กข10,0.0,0.0,both,0.0,0.0
2017,offseason,Phichit,กขไม่ไวต่อช่วงแสง,15687453.0,485791.0,both,-15201662.0,15201662.0
2017,offseason,Phichit,"ชัยนาท1,2",115908.0,3589.0,both,-112319.0,112319.0
2017,offseason,Phichit,ปทุมธานี1,29337.0,908.0,both,-28429.0,28429.0
2017,offseason,Phichit,"พิษณุโลก2,60-2",2240256.0,69372.0,both,-2170884.0,2170884.0
2017,offseason,Phichit,ราชการไม่ไวต่อช่วงแสง,2770150.0,85784.0,both,-2684366.0,2684366.0
2017,offseason,Phichit,สุพรรณบุรี1,481347.0,14907.0,both,-466440.0,466440.0
2017,offseason,Phichit,"สุพรรณบุรี60,90",0.0,0.0,both,0.0,0.0
2017,offseason,Phichit,หอมสุพรรณบุรี,18049.0,559.0,both,-17490.0,17490.0
2017,offseason,Phitsanulok,กข10,149471.0,5023.0,both,-144448.0,144448.0
2017,offseason,Phitsanulok,กขไม่ไวต่อช่วงแสง,11355431.0,381597.0,both,-10973834.0,10973834.0
2017,offseason,Phitsanulok,"ชัยนาท1,2",227983.0,7660.0,both,-220323.0,220323.0
2017,offseason,Phitsanulok,ปทุมธานี1,222693.0,7484.0,both,-215209.0,215209.0
2017,offseason,Phitsanulok,"พิษณุโลก2,60-2",2486052.0,83545.0,both,-2402507.0,2402507.0
2017,offseason,Phitsanulok,ราชการไม่ไวต่อช่วงแสง,6189095.0,207982.0,both,-5981113.0,5981113.0
2017,offseason,Phitsanulok,สุพรรณบุรี1,1180090.0,39655.0,both,-1140435.0,1140435.0
2017,offseason,Phitsanulok,"สุพรรณบุรี60,90",25528.0,859.0,both,-24669.0,24669.0
2017,offseason,Phitsanulok,หอมสุพรรณบุรี,0.0,0.0,both,0.0,0.0
2017,offseason,Phra Nakhon Si Ayutthaya,กข10,0.0,0.0,both,0.0,0.0
2017,offseason,Phra Nakhon Si Ayutthaya,กขไม่ไวต่อช่วงแสง,16192920.0,501032.0,both,-15691888.0,15691888.0
2017,offseason,Phra Nakhon Si Ayutthaya,"ชัยนาท1,2",104481.0,3233.0,both,-101248.0,101248.0
2017,offseason,Phra Nakhon Si Ayutthaya,ปทุมธานี1,1384225.0,42831.0,both,-1341394.0,1341394.0
2017,offseason,Phra Nakhon Si Ayutthaya,"พิษณุโลก2,60-2",1037686.0,32106.0,both,-1005580.0,1005580.0
2017,offseason,Phra Nakhon Si Ayutthaya,ราชการไม่ไวต่อช่วงแสง,205434.0,6356.0,both,-199078.0,199078.0
2017,offseason,Phra Nakhon Si Ayutthaya,สุพรรณบุรี1,1299084.0,40197.0,both,-1258887.0,1258887.0
2017,offseason,Phra Nakhon Si Ayutthaya,"สุพรรณบุรี60,90",0.0,0.0,both,0.0,0.0
2017,offseason,Phra Nakhon Si Ayutthaya,หอมสุพรรณบุรี,0.0,0.0,both,0.0,0.0
2017,offseason,Phrae,กข10,124354.0,4105.0,both,-120249.0,120249.0
2017,offseason,Phrae,กขไม่ไวต่อช่วงแสง,278660.0,9197.0,both,-269463.0,269463.0
2017,offseason,Phrae,"ชัยนาท1,2",0.0,0.0,both,0.0,0.0
2017,offseason,Phrae,ปทุมธานี1,0.0,0.0,both,0.0,0.0
2017,offseason,Phrae,"พิษณุโลก2,60-2",340.0,11.0,both,-329.0,329.0
2017,offseason,Phrae,ราชการไม่ไวต่อช่วงแสง,467210.0,15424.0,both,-451786.0,451786.0
2017,offseason,Phrae,สุพรรณบุรี1,0.0,0.0,both,0.0,0.0
2017,offseason,Phrae,"สุพรรณบุรี60,90",0.0,0.0,both,0.0,0.0
2017,offseason,Phrae,หอมสุพรรณบุรี,0.0,0.0,both,0.0,0.0
2017,offseason,Phuket,กข10,0.0,,left_only,0.0,0.0
2017,offseason,Phuket,กขไม่ไวต่อช่วงแสง,0.0,,left_only,0.0,0.0
2017,offseason,Phuket,"ชัยนาท1,2",0.0,,left_only,0.0,0.0
2017,offseason,Phuket,ปทุมธานี1,0.0,,left_only,0.0,0.0
2017,offseason,Phuket,"พิษณุโลก2,60-2",0.0,,left_only,0.0,0.0
2017,offseason,Phuket,ราชการไม่ไวต่อช่วงแสง,0.0,,left_only,0.0,0.0
2017,offseason,Phuket,สุพรรณบุรี1,0.0,,left_only,0.0,0.0
2017,offseason,Phuket,"สุพรรณบุรี60,90",0.0,,left_only,0.0,0.0
2017,offseason,Phuket,หอมสุพรรณบุรี,0.0,,left_only,0.0,0.0
2017,offseason,Prachin Buri,กข10,0.0,0.0,both,0.0,0.0
2017,offseason,Prachin Buri,กขไม่ไวต่อช่วงแสง,2172313.0,72186.0,both,-2100127.0,2100127.0
2017,offseason,Prachin Buri,"ชัยนาท1,2",77511.0,2577.0,both,-74934.0,74934.0
2017,offseason,Prachin Buri,ปทุมธานี1,29168.0,970.0,both,-28198.0,28198.0
2017,offseason,Prachin Buri,"พิษณุโลก2,60-2",16456.0,546.0,both,-15910.0,15910.0
2017,offseason,Prachin Buri,ราชการไม่ไวต่อช่วงแสง,503108.0,16719.0,both,-486389.0,486389.0
2017,offseason,Prachin Buri,สุพรรณบุรี1,1356234.0,45070.0,both,-1311164.0,1311164.0
2017,offseason,Prachin Buri,"สุพรรณบุรี60,90",20262.0,674.0,both,-19588.0,19588.0
2017,offseason,Prachin Buri,หอมสุพรรณบุรี,0.0,0.0,both,0.0,0.0
2017,offseason,Prachuap Khiri Khan,กข10,0.0,0.0,both,0.0,0.0
2017,offseason,Prachuap Khiri Khan,กขไม่ไวต่อช่วงแสง,11485.0,360.0,both,-11125.0,11125.0
2017,offseason,Prachuap Khiri Khan,"ชัยนาท1,2",12280.0,384.0,both,-11896.0,11896.0
2017,offseason,Prachuap Khiri Khan,ปทุมธานี1,8519.0,266.0,both,-8253.0,8253.0
2017,offseason,Prachuap Khiri Khan,"พิษณุโลก2,60-2",735.0,23.0,both,-712.0,712.0
2017,offseason,Prachuap Khiri Khan,ราชการไม่ไวต่อช่วงแสง,4936.0,154.0,both,-4782.0,4782.0
2017,offseason,Prachuap Khiri Khan,สุพรรณบุรี1,1381.0,44.0,both,-1337.0,1337.0
2017,offseason,Prachuap Khiri Khan,"สุพรรณบุรี60,90",2408.0,76.0,both,-2332.0,2332.0
2017,offseason,Prachuap Khiri Khan,หอมสุพรรณบุรี,1762.0,54.0,both,-1708.0,1708.0
2017,offseason,Ranong,กข10,0.0,,left_only,0.0,0.0
2017,offseason,Ranong,กขไม่ไวต่อช่วงแสง,0.0,,left_only,0.0,0.0
2017,offseason,Ranong,"ชัยนาท1,2",0.0,,left_only,0.0,0.0
2017,offseason,Ranong,ปทุมธานี1,0.0,,left_only,0.0,0.0
2017,offseason,Ranong,"พิษณุโลก2,60-2",0.0,,left_only,0.0,0.0
2017,offseason,Ranong,ราชการไม่ไวต่อช่วงแสง,0.0,,left_only,0.0,0.0
2017,offseason,Ranong,สุพรรณบุรี1,0.0,,left_only,0.0,0.0
2017,offseason,Ranong,"สุพรรณบุรี60,90",0.0,,left_only,0.0,0.0
2017,offseason,Ranong,หอมสุพรรณบุรี,0.0,,left_only,0.0,0.0
2017,offseason,Ratchaburi,กข10,0.0,0.0,both,0.0,0.0
2017,offseason,Ratchaburi,กขไม่ไวต่อช่วงแสง,166086.0,3791.0,both,-162295.0,162295.0
2017,offseason,Ratchaburi,"ชัยนาท1,2",12253.0,280.0,both,-11973.0,11973.0
2017,offseason,Ratchaburi,ปทุมธานี1,31386.0,716.0,both,-30670.0,30670.0
2017,offseason,Ratchaburi,"พิษณุโลก2,60-2",24687.0,564.0,both,-24123.0,24123.0
2017,offseason,Ratchaburi,ราชการไม่ไวต่อช่วงแสง,26249.0,599.0,both,-25650.0,25650.0
2017,offseason,Ratchaburi,สุพรรณบุรี1,136654.0,3119.0,both,-133535.0,133535.0
2017,offseason,Ratchaburi,"สุพรรณบุรี60,90",3843.0,88.0,both,-3755.0,3755.0
2017,offseason,Ratchaburi,หอมสุพรรณบุรี,1202.0,28.0,both,-1174.0,1174.0
2017,offseason,Rayong,กข10,0.0,0.0,both,0.0,0.0
2017,offseason,Rayong,กขไม่ไวต่อช่วงแสง,62057.0,2053.0,both,-60004.0,60004.0
2017,offseason,Rayong,"ชัยนาท1,2",11726.0,387.0,both,-11339.0,11339.0
2017,offseason,Rayong,ปทุมธานี1,0.0,0.0,both,0.0,0.0
2017,offseason,Rayong,"พิษณุโลก2,60-2",0.0,0.0,both,0.0,0.0
2017,offseason,Rayong,ราชการไม่ไวต่อช่วงแสง,9703.0,321.0,both,-9382.0,9382.0
2017,offseason,Rayong,สุพรรณบุรี1,1874.0,62.0,both,-1812.0,1812.0
2017,offseason,Rayong,"สุพรรณบุรี60,90",22084.0,731.0,both,-21353.0,21353.0
2017,offseason,Rayong,หอมสุพรรณบุรี,0.0,0.0,both,0.0,0.0
2017,offseason,Roi Et,กข10,606674.0,20341.0,both,-586333.0,586333.0
2017,offseason,Roi Et,กขไม่ไวต่อช่วงแสง,1797978.0,60277.0,both,-1737701.0,1737701.0
2017,offseason,Roi Et,"ชัยนาท1,2",2641998.0,88572.0,both,-2553426.0,2553426.0
2017,offseason,Roi Et,ปทุมธานี1,135640.0,4549.0,both,-131091.0,131091.0
2017,offseason,Roi Et,"พิษณุโลก2,60-2",785634.0,26338.0,both,-759296.0,759296.0
2017,offseason,Roi Et,ราชการไม่ไวต่อช่วงแสง,51799.0,1737.0,both,-50062.0,50062.0
2017,offseason,Roi Et,สุพรรณบุรี1,92530.0,3102.0,both,-89428.0,89428.0
2017,offseason,Roi Et,"สุพรรณบุรี60,90",23901.0,802.0,both,-23099.0,23099.0
2017,offseason,Roi Et,หอมสุพรรณบุรี,17255.0,580.0,both,-16675.0,16675.0
2017,offseason,Sa kaeo,กข10,0.0,0.0,both,0.0,0.0
2017,offseason,Sa kaeo,กขไม่ไวต่อช่วงแสง,89164.0,2992.0,both,-86172.0,86172.0
2017,offseason,Sa kaeo,"ชัยนาท1,2",104126.0,3496.0,both,-100630.0,100630.0
2017,offseason,Sa kaeo,ปทุมธานี1,58421.0,1961.0,both,-56460.0,56460.0
2017,offseason,Sa kaeo,"พิษณุโลก2,60-2",1396.0,48.0,both,-1348.0,1348.0
2017,offseason,Sa kaeo,ราชการไม่ไวต่อช่วงแสง,15052.0,506.0,both,-14546.0,14546.0
2017,offseason,Sa kaeo,สุพรรณบุรี1,0.0,0.0,both,0.0,0.0
2017,offseason,Sa kaeo,"สุพรรณบุรี60,90",0.0,0.0,both,0.0,0.0
2017,offseason,Sa kaeo,หอมสุพรรณบุรี,0.0,0.0,both,0.0,0.0
2017,offseason,Sakon Nakhon,กข10,556164.0,17958.0,both,-538206.0,538206.0
2017,offseason,Sakon Nakhon,กขไม่ไวต่อช่วงแสง,101420.0,3275.0,both,-98145.0,98145.0
2017,offseason,Sakon Nakhon,"ชัยนาท1,2",34928.0,1128.0,both,-33800.0,33800.0
2017,offseason,Sakon Nakhon,ปทุมธานี1,57597.0,1860.0,both,-55737.0,55737.0
2017,offseason,Sakon Nakhon,"พิษณุโลก2,60-2",0.0,0.0,both,0.0,0.0
2017,offseason,Sakon Nakhon,ราชการไม่ไวต่อช่วงแสง,826911.0,26701.0,both,-800210.0,800210.0
2017,offseason,Sakon Nakhon,สุพรรณบุรี1,0.0,0.0,both,0.0,0.0
2017,offseason,Sakon Nakhon,"สุพรรณบุรี60,90",0.0,0.0,both,0.0,0.0
2017,offseason,Sakon Nakhon,หอมสุพรรณบุรี,0.0,0.0,both,0.0,0.0
2017,offseason,Samut Prakarn,กข10,0.0,0.0,both,0.0,0.0
2017,offseason,Samut Prakarn,กขไม่ไวต่อช่วงแสง,324342.0,11357.0,both,-312985.0,312985.0
2017,offseason,Samut Prakarn,"ชัยนาท1,2",0.0,0.0,both,0.0,0.0
2017,offseason,Samut Prakarn,ปทุมธานี1,152307.0,5334.0,both,-146973.0,146973.0
2017,offseason,Samut Prakarn,"พิษณุโลก2,60-2",16601.0,581.0,both,-16020.0,16020.0
2017,offseason,Samut Prakarn,ราชการไม่ไวต่อช่วงแสง,9954.0,350.0,both,-9604.0,9604.0
2017,offseason,Samut Prakarn,สุพรรณบุรี1,0.0,0.0,both,0.0,0.0
2017,offseason,Samut Prakarn,"สุพรรณบุรี60,90",85267.0,2986.0,both,-82281.0,82281.0
2017,offseason,Samut Prakarn,หอมสุพรรณบุรี,0.0,0.0,both,0.0,0.0
2017,offseason,Samut Sakhon,กข10,0.0,0.0,both,0.0,0.0
2017,offseason,Samut Sakhon,กขไม่ไวต่อช่วงแสง,57505.0,1706.0,both,-55799.0,55799.0
2017,offseason,Samut Sakhon,"ชัยนาท1,2",0.0,0.0,both,0.0,0.0
2017,offseason,Samut Sakhon,ปทุมธานี1,4410.0,132.0,both,-4278.0,4278.0
2017,offseason,Samut Sakhon,"พิษณุโลก2,60-2",41933.0,1245.0,both,-40688.0,40688.0
2017,offseason,Samut Sakhon,ราชการไม่ไวต่อช่วงแสง,16057.0,477.0,both,-15580.0,15580.0
2017,offseason,Samut Sakhon,สุพรรณบุรี1,5777.0,171.0,both,-5606.0,5606.0
2017,offseason,Samut Sakhon,"สุพรรณบุรี60,90",0.0,0.0,both,0.0,0.0
2017,offseason,Samut Sakhon,หอมสุพรรณบุรี,0.0,0.0,both,0.0,0.0
2017,offseason,Samut Songkhram,กข10,0.0,0.0,both,0.0,0.0
2017,offseason,Samut Songkhram,กขไม่ไวต่อช่วงแสง,26837.0,881.0,both,-25956.0,25956.0
2017,offseason,Samut Songkhram,"ชัยนาท1,2",1371.0,45.0,both,-1326.0,1326.0
2017,offseason,Samut Songkhram,ปทุมธานี1,0.0,0.0,both,0.0,0.0
2017,offseason,Samut Songkhram,"พิษณุโลก2,60-2",0.0,0.0,both,0.0,0.0
2017,offseason,Samut Songkhram,ราชการไม่ไวต่อช่วงแสง,7404.0,243.0,both,-7161.0,7161.0
2017,offseason,Samut Songkhram,สุพรรณบุรี1,2041.0,67.0,both,-1974.0,1974.0
2017,offseason,Samut Songkhram,"สุพรรณบุรี60,90",0.0,0.0,both,0.0,0.0
2017,offseason,Samut Songkhram,หอมสุพรรณบุรี,0.0,0.0,both,0.0,0.0
2017,offseason,Saraburi,กข10,0.0,0.0,both,0.0,0.0
2017,offseason,Saraburi,กขไม่ไวต่อช่วงแสง,2222129.0,52591.0,both,-2169538.0,2169538.0
2017,offseason,Saraburi,"ชัยนาท1,2",16749.0,397.0,both,-16352.0,16352.0
2017,offseason,Saraburi,ปทุมธานี1,425445.0,10069.0,both,-415376.0,415376.0
2017,offseason,Saraburi,"พิษณุโลก2,60-2",17937.0,424.0,both,-17513.0,17513.0
2017,offseason,Saraburi,ราชการไม่ไวต่อช่วงแสง,14185.0,335.0,both,-13850.0,13850.0
2017,offseason,Saraburi,สุพรรณบุรี1,1132313.0,26799.0,both,-1105514.0,1105514.0
2017,offseason,Saraburi,"สุพรรณบุรี60,90",0.0,0.0,both,0.0,0.0
2017,offseason,Saraburi,หอมสุพรรณบุรี,0.0,0.0,both,0.0,0.0
2017,offseason,Satun,กข10,0.0,0.0,both,0.0,0.0
2017,offseason,Satun,กขไม่ไวต่อช่วงแสง,1903.0,63.0,both,-1840.0,1840.0
2017,offseason,Satun,"ชัยนาท1,2",0.0,0.0,both,0.0,0.0
2017,offseason,Satun,ปทุมธานี1,5045.0,167.0,both,-4878.0,4878.0
2017,offseason,Satun,"พิษณุโลก2,60-2",0.0,0.0,both,0.0,0.0
2017,offseason,Satun,ราชการไม่ไวต่อช่วงแสง,1814.0,60.0,both,-1754.0,1754.0
2017,offseason,Satun,สุพรรณบุรี1,0.0,0.0,both,0.0,0.0
2017,offseason,Satun,"สุพรรณบุรี60,90",0.0,0.0,both,0.0,0.0
2017,offseason,Satun,หอมสุพรรณบุรี,0.0,0.0,both,0.0,0.0
2017,offseason,Si Sa Ket,กข10,127270.0,5240.0,both,-122030.0,122030.0
2017,offseason,Si Sa Ket,กขไม่ไวต่อช่วงแสง,84098.0,3464.0,both,-80634.0,80634.0
2017,offseason,Si Sa Ket,"ชัยนาท1,2",1598713.0,65839.0,both,-1532874.0,1532874.0
2017,offseason,Si Sa Ket,ปทุมธานี1,148551.0,6117.0,both,-142434.0,142434.0
2017,offseason,Si Sa Ket,"พิษณุโลก2,60-2",1017.0,41.0,both,-976.0,976.0
2017,offseason,Si Sa Ket,ราชการไม่ไวต่อช่วงแสง,379780.0,15641.0,both,-364139.0,364139.0
2017,offseason,Si Sa Ket,สุพรรณบุรี1,1512.0,61.0,both,-1451.0,1451.0
2017,offseason,Si Sa Ket,"สุพรรณบุรี60,90",6354.0,262.0,both,-6092.0,6092.0
2017,offseason,Si Sa Ket,หอมสุพรรณบุรี,1172.0,48.0,both,-1124.0,1124.0
2017,offseason,Sing Buri,กข10,0.0,0.0,both,0.0,0.0
2017,offseason,Sing Buri,กขไม่ไวต่อช่วงแสง,4261369.0,167693.0,both,-4093676.0,4093676.0
2017,offseason,Sing Buri,"ชัยนาท1,2",0.0,0.0,both,0.0,0.0
2017,offseason,Sing Buri,ปทุมธานี1,1031948.0,40607.0,both,-991341.0,991341.0
2017,offseason,Sing Buri,"พิษณุโลก2,60-2",30162.0,1187.0,both,-28975.0,28975.0
2017,offseason,Sing Buri,ราชการไม่ไวต่อช่วงแสง,392421.0,15442.0,both,-376979.0,376979.0
2017,offseason,Sing Buri,สุพรรณบุรี1,22674.0,892.0,both,-21782.0,21782.0
2017,offseason,Sing Buri,"สุพรรณบุรี60,90",17542.0,691.0,both,-16851.0,16851.0
2017,offseason,Sing Buri,หอมสุพรรณบุรี,0.0,0.0,both,0.0,0.0
2017,offseason,Songkhla,กข10,0.0,0.0,both,0.0,0.0
2017,offseason,Songkhla,กขไม่ไวต่อช่วงแสง,1522954.0,50232.0,both,-1472722.0,1472722.0
2017,offseason,Songkhla,"ชัยนาท1,2",9975.0,329.0,both,-9646.0,9646.0
2017,offseason,Songkhla,ปทุมธานี1,100354.0,3310.0,both,-97044.0,97044.0
2017,offseason,Songkhla,"พิษณุโลก2,60-2",65002.0,2144.0,both,-62858.0,62858.0
2017,offseason,Songkhla,ราชการไม่ไวต่อช่วงแสง,83164.0,2743.0,both,-80421.0,80421.0
2017,offseason,Songkhla,สุพรรณบุรี1,18797.0,620.0,both,-18177.0,18177.0
2017,offseason,Songkhla,"สุพรรณบุรี60,90",10824.0,357.0,both,-10467.0,10467.0
2017,offseason,Songkhla,หอมสุพรรณบุรี,0.0,0.0,both,0.0,0.0
2017,offseason,Sukhothai,กข10,2018.0,67.0,both,-1951.0,1951.0
2017,offseason,Sukhothai,กขไม่ไวต่อช่วงแสง,8379383.0,272651.0,both,-8106732.0,8106732.0
2017,offseason,Sukhothai,"ชัยนาท1,2",106152.0,3453.0,both,-102699.0,102699.0
2017,offseason,Sukhothai,ปทุมธานี1,41713.0,1358.0,both,-40355.0,40355.0
2017,offseason,Sukhothai,"พิษณุโลก2,60-2",3644774.0,118595.0,both,-3526179.0,3526179.0
2017,offseason,Sukhothai,ราชการไม่ไวต่อช่วงแสง,3213746.0,104571.0,both,-3109175.0,3109175.0
2017,offseason,Sukhothai,สุพรรณบุรี1,1152373.0,37495.0,both,-1114878.0,1114878.0
2017,offseason,Sukhothai,"สุพรรณบุรี60,90",566110.0,18422.0,both,-547688.0,547688.0
2017,offseason,Sukhothai,หอมสุพรรณบุรี,15414.0,503.0,both,-14911.0,14911.0
2017,offseason,Suphan Buri,กข10,35242.0,1016.0,both,-34226.0,34226.0
2017,offseason,Suphan Buri,กขไม่ไวต่อช่วงแสง,21766767.0,627320.0,both,-21139447.0,21139447.0
2017,offseason,Suphan Buri,"ชัยนาท1,2",3261.0,94.0,both,-3167.0,3167.0
2017,offseason,Suphan Buri,ปทุมธานี1,1687658.0,48639.0,both,-1639019.0,1639019.0
2017,offseason,Suphan Buri,"พิษณุโลก2,60-2",430002.0,12393.0,both,-417609.0,417609.0
2017,offseason,Suphan Buri,ราชการไม่ไวต่อช่วงแสง,603159.0,17383.0,both,-585776.0,585776.0
2017,offseason,Suphan Buri,สุพรรณบุรี1,360249.0,10383.0,both,-349866.0,349866.0
2017,offseason,Suphan Buri,"สุพรรณบุรี60,90",29174.0,840.0,both,-28334.0,28334.0
2017,offseason,Suphan Buri,หอมสุพรรณบุรี,5669.0,163.0,both,-5506.0,5506.0
2017,offseason,Surat Thani,กข10,0.0,0.0,both,0.0,0.0
2017,offseason,Surat Thani,กขไม่ไวต่อช่วงแสง,29322.0,1081.0,both,-28241.0,28241.0
2017,offseason,Surat Thani,"ชัยนาท1,2",3410.0,126.0,both,-3284.0,3284.0
2017,offseason,Surat Thani,ปทุมธานี1,51642.0,1902.0,both,-49740.0,49740.0
2017,offseason,Surat Thani,"พิษณุโลก2,60-2",12729.0,470.0,both,-12259.0,12259.0
2017,offseason,Surat Thani,ราชการไม่ไวต่อช่วงแสง,17447.0,643.0,both,-16804.0,16804.0
2017,offseason,Surat Thani,สุพรรณบุรี1,1156.0,41.0,both,-1115.0,1115.0
2017,offseason,Surat Thani,"สุพรรณบุรี60,90",0.0,0.0,both,0.0,0.0
2017,offseason,Surat Thani,หอมสุพรรณบุรี,0.0,0.0,both,0.0,0.0
2017,offseason,Surin,กข10,86970.0,2800.0,both,-84170.0,84170.0
2017,offseason,Surin,กขไม่ไวต่อช่วงแสง,120037.0,3863.0,both,-116174.0,116174.0
2017,offseason,Surin,"ชัยนาท1,2",180368.0,5809.0,both,-174559.0,174559.0
2017,offseason,Surin,ปทุมธานี1,42619.0,1372.0,both,-41247.0,41247.0
2017,offseason,Surin,"พิษณุโลก2,60-2",433.0,13.0,both,-420.0,420.0
2017,offseason,Surin,ราชการไม่ไวต่อช่วงแสง,197521.0,6360.0,both,-191161.0,191161.0
2017,offseason,Surin,สุพรรณบุรี1,0.0,0.0,both,0.0,0.0
2017,offseason,Surin,"สุพรรณบุรี60,90",6242.0,200.0,both,-6042.0,6042.0
2017,offseason,Surin,หอมสุพรรณบุรี,0.0,0.0,both,0.0,0.0
2017,offseason,Tak,กข10,0.0,0.0,both,0.0,0.0
2017,offseason,Tak,กขไม่ไวต่อช่วงแสง,78839.0,2567.0,both,-76272.0,76272.0
2017,offseason,Tak,"ชัยนาท1,2",98592.0,3210.0,both,-95382.0,95382.0
2017,offseason,Tak,ปทุมธานี1,5378.0,175.0,both,-5203.0,5203.0
2017,offseason,Tak,"พิษณุโลก2,60-2",38190.0,1243.0,both,-36947.0,36947.0
2017,offseason,Tak,ราชการไม่ไวต่อช่วงแสง,51768.0,1685.0,both,-50083.0,50083.0
2017,offseason,Tak,สุพรรณบุรี1,22275.0,725.0,both,-21550.0,21550.0
2017,offseason,Tak,"สุพรรณบุรี60,90",3931.0,126.0,both,-3805.0,3805.0
2017,offseason,Tak,หอมสุพรรณบุรี,0.0,0.0,both,0.0,0.0
2017,offseason,Trang,กข10,0.0,0.0,both,0.0,0.0
2017,offseason,Trang,กขไม่ไวต่อช่วงแสง,5605.0,182.0,both,-5423.0,5423.0
2017,offseason,Trang,"ชัยนาท1,2",0.0,0.0,both,0.0,0.0
2017,offseason,Trang,ปทุมธานี1,2926.0,95.0,both,-2831.0,2831.0
2017,offseason,Trang,"พิษณุโลก2,60-2",0.0,0.0,both,0.0,0.0
2017,offseason,Trang,ราชการไม่ไวต่อช่วงแสง,2186.0,71.0,both,-2115.0,2115.0
2017,offseason,Trang,สุพรรณบุรี1,0.0,0.0,both,0.0,0.0
2017,offseason,Trang,"สุพรรณบุรี60,90",0.0,0.0,both,0.0,0.0
2017,offseason,Trang,หอมสุพรรณบุรี,0.0,0.0,both,0.0,0.0
2017,offseason,Trat,กข10,0.0,0.0,both,0.0,0.0
2017,offseason,Trat,กขไม่ไวต่อช่วงแสง,11818.0,358.0,both,-11460.0,11460.0
2017,offseason,Trat,"ชัยนาท1,2",0.0,0.0,both,0.0,0.0
2017,offseason,Trat,ปทุมธานี1,15687.0,477.0,both,-15210.0,15210.0
2017,offseason,Trat,"พิษณุโลก2,60-2",0.0,0.0,both,0.0,0.0
2017,offseason,Trat,ราชการไม่ไวต่อช่วงแสง,31464.0,957.0,both,-30507.0,30507.0
2017,offseason,Trat,สุพรรณบุรี1,0.0,0.0,both,0.0,0.0
2017,offseason,Trat,"สุพรรณบุรี60,90",0.0,0.0,both,0.0,0.0
2017,offseason,Trat,หอมสุพรรณบุรี,0.0,0.0,both,0.0,0.0
2017,offseason,Ubon Ratchathani,กข10,895058.0,30943.0,both,-864115.0,864115.0
2017,offseason,Ubon Ratchathani,กขไม่ไวต่อช่วงแสง,2343459.0,81015.0,both,-2262444.0,2262444.0
2017,offseason,Ubon Ratchathani,"ชัยนาท1,2",173712.0,6007.0,both,-167705.0,167705.0
2017,offseason,Ubon Ratchathani,ปทุมธานี1,15966.0,551.0,both,-15415.0,15415.0
2017,offseason,Ubon Ratchathani,"พิษณุโลก2,60-2",1343.0,45.0,both,-1298.0,1298.0
2017,offseason,Ubon Ratchathani,ราชการไม่ไวต่อช่วงแสง,905194.0,31292.0,both,-873902.0,873902.0
2017,offseason,Ubon Ratchathani,สุพรรณบุรี1,8273.0,285.0,both,-7988.0,7988.0
2017,offseason,Ubon Ratchathani,"สุพรรณบุรี60,90",0.0,0.0,both,0.0,0.0
2017,offseason,Ubon Ratchathani,หอมสุพรรณบุรี,0.0,0.0,both,0.0,0.0
2017,offseason,Udon Thani,กข10,803054.0,26913.0,both,-776141.0,776141.0
2017,offseason,Udon Thani,กขไม่ไวต่อช่วงแสง,366200.0,12274.0,both,-353926.0,353926.0
2017,offseason,Udon Thani,"ชัยนาท1,2",69669.0,2334.0,both,-67335.0,67335.0
2017,offseason,Udon Thani,ปทุมธานี1,3717.0,125.0,both,-3592.0,3592.0
2017,offseason,Udon Thani,"พิษณุโลก2,60-2",18622.0,624.0,both,-17998.0,17998.0
2017,offseason,Udon Thani,ราชการไม่ไวต่อช่วงแสง,52829.0,1770.0,both,-51059.0,51059.0
2017,offseason,Udon Thani,สุพรรณบุรี1,0.0,0.0,both,0.0,0.0
2017,offseason,Udon Thani,"สุพรรณบุรี60,90",0.0,0.0,both,0.0,0.0
2017,offseason,Udon Thani,หอมสุพรรณบุรี,0.0,0.0,both,0.0,0.0
2017,offseason,Uthai Thani,กข10,0.0,0.0,both,0.0,0.0
2017,offseason,Uthai Thani,กขไม่ไวต่อช่วงแสง,4292422.0,141052.0,both,-4151370.0,4151370.0
2017,offseason,Uthai Thani,"ชัยนาท1,2",30125.0,989.0,both,-29136.0,29136.0
2017,offseason,Uthai Thani,ปทุมธานี1,496674.0,16320.0,both,-480354.0,480354.0
2017,offseason,Uthai Thani,"พิษณุโลก2,60-2",273440.0,8985.0,both,-264455.0,264455.0
2017,offseason,Uthai Thani,ราชการไม่ไวต่อช่วงแสง,940970.0,30920.0,both,-910050.0,910050.0
2017,offseason,Uthai Thani,สุพรรณบุรี1,35402.0,1163.0,both,-34239.0,34239.0
2017,offseason,Uthai Thani,"สุพรรณบุรี60,90",12153.0,400.0,both,-11753.0,11753.0
2017,offseason,Uthai Thani,หอมสุพรรณบุรี,10615.0,350.0,both,-10265.0,10265.0
2017,offseason,Uttaradit,กข10,22942.0,734.0,both,-22208.0,22208.0
2017,offseason,Uttaradit,กขไม่ไวต่อช่วงแสง,3165709.0,101526.0,both,-3064183.0,3064183.0
2017,offseason,Uttaradit,"ชัยนาท1,2",58865.0,1887.0,both,-56978.0,56978.0
2017,offseason,Uttaradit,ปทุมธานี1,1453299.0,46607.0,both,-1406692.0,1406692.0
2017,offseason,Uttaradit,"พิษณุโลก2,60-2",2654860.0,85143.0,both,-2569717.0,2569717.0
2017,offseason,Uttaradit,ราชการไม่ไวต่อช่วงแสง,1613952.0,51761.0,both,-1562191.0,1562191.0
2017,offseason,Uttaradit,สุพรรณบุรี1,596942.0,19144.0,both,-577798.0,577798.0
2017,offseason,Uttaradit,"สุพรรณบุรี60,90",186090.0,5967.0,both,-180123.0,180123.0
2017,offseason,Uttaradit,หอมสุพรรณบุรี,863.0,28.0,both,-835.0,835.0
2017,offseason,Yala,กข10,0.0,0.0,both,0.0,0.0
2017,offseason,Yala,กขไม่ไวต่อช่วงแสง,6805.0,223.0,both,-6582.0,6582.0
2017,offseason,Yala,"ชัยนาท1,2",3265.0,107.0,both,-3158.0,3158.0
2017,offseason,Yala,ปทุมธานี1,0.0,0.0,both,0.0,0.0
2017,offseason,Yala,"พิษณุโลก2,60-2",0.0,0.0,both,0.0,0.0
2017,offseason,Yala,ราชการไม่ไวต่อช่วงแสง,0.0,0.0,both,0.0,0.0
2017,offseason,Yala,สุพรรณบุรี1,0.0,0.0,both,0.0,0.0
2017,offseason,Yala,"สุพรรณบุรี60,90",0.0,0.0,both,0.0,0.0
2017,offseason,Yala,หอมสุพรรณบุรี,0.0,0.0,both,0.0,0.0
2017,offseason,Yasothon,กข10,190697.0,6821.0,both,-183876.0,183876.0
2017,offseason,Yasothon,กขไม่ไวต่อช่วงแสง,380074.0,13599.0,both,-366475.0,366475.0
2017,offseason,Yasothon,"ชัยนาท1,2",341620.0,12223.0,both,-329397.0,329397.0
2017,offseason,Yasothon,ปทุมธานี1,8861.0,317.0,both,-8544.0,8544.0
2017,offseason,Yasothon,"พิษณุโลก2,60-2",9444.0,338.0,both,-9106.0,9106.0
2017,offseason,Yasothon,ราชการไม่ไวต่อช่วงแสง,198696.0,7110.0,both,-191586.0,191586.0
2017,offseason,Yasothon,สุพรรณบุรี1,18242.0,652.0,both,-17590.0,17590.0
2017,offseason,Yasothon,"สุพรรณบุรี60,90",30178.0,1079.0,both,-29099.0,29099.0
2017,offseason,Yasothon,หอมสุพรรณบุรี,0.0,0.0,both,0.0,0.0
2018,inseason,Amnat Charoen,กข15,531416.0,17357.0,both,-514059.0,514059.0
2018,inseason,Amnat Charoen,กข6,9459033.0,308932.0,both,-9150101.0,9150101.0
2018,inseason,Amnat Charoen,ขาวดอกมะลิ105,19692472.0,643154.0,both,-19049318.0,19049318.0
2018,inseason,Amnat Charoen,คลองหลวง1,0.0,0.0,both,0.0,0.0
2018,inseason,Amnat Charoen,ชัยนาท1,0.0,0.0,both,0.0,0.0
2018,inseason,Amnat Charoen,ปทุมธานี1,0.0,0.0,both,0.0,0.0
2018,inseason,Amnat Charoen,พันธุ์พื้นเมือง,196724.0,6426.0,both,-190298.0,190298.0
2018,inseason,Amnat Charoen,ราชการไม่ไวต่อช่วงแสง,57440.0,1876.0,both,-55564.0,55564.0
2018,inseason,Amnat Charoen,ราชการไวต่อช่วงแสง,203644.0,6651.0,both,-196993.0,196993.0
2018,inseason,Amnat Charoen,สุพรรณบุรี1,0.0,0.0,both,0.0,0.0
2018,inseason,Amnat Charoen,"สุพรรณบุรี60,90",0.0,0.0,both,0.0,0.0
2018,inseason,Amnat Charoen,หอมสุพรรณบุรี,0.0,0.0,both,0.0,0.0
2018,inseason,Ang Thong,กข15,0.0,0.0,both,0.0,0.0
2018,inseason,Ang Thong,กข6,0.0,0.0,both,0.0,0.0
2018,inseason,Ang Thong,ขาวดอกมะลิ105,170566.0,5558.0,both,-165008.0,165008.0
2018,inseason,Ang Thong,คลองหลวง1,0.0,0.0,both,0.0,0.0
2018,inseason,Ang Thong,ชัยนาท1,65170.0,2124.0,both,-63046.0,63046.0
2018,inseason,Ang Thong,ปทุมธานี1,3707749.0,120838.0,both,-3586911.0,3586911.0
2018,inseason,Ang Thong,พันธุ์พื้นเมือง,312750.0,10193.0,both,-302557.0,302557.0
2018,inseason,Ang Thong,ราชการไม่ไวต่อช่วงแสง,6503665.0,211965.0,both,-6291700.0,6291700.0
2018,inseason,Ang Thong,ราชการไวต่อช่วงแสง,215332.0,7018.0,both,-208314.0,208314.0
2018,inseason,Ang Thong,สุพรรณบุรี1,104015.0,3390.0,both,-100625.0,100625.0
2018,inseason,Ang Thong,"สุพรรณบุรี60,90",0.0,0.0,both,0.0,0.0
2018,inseason,Ang Thong,หอมสุพรรณบุรี,0.0,0.0,both,0.0,0.0
2018,inseason,Bangkok,กข15,0.0,0.0,both,0.0,0.0
2018,inseason,Bangkok,กข6,0.0,0.0,both,0.0,0.0
2018,inseason,Bangkok,ขาวดอกมะลิ105,5353.0,174.0,both,-5179.0,5179.0
2018,inseason,Bangkok,คลองหลวง1,0.0,0.0,both,0.0,0.0
2018,inseason,Bangkok,ชัยนาท1,0.0,0.0,both,0.0,0.0
2018,inseason,Bangkok,ปทุมธานี1,521683.0,16958.0,both,-504725.0,504725.0
2018,inseason,Bangkok,พันธุ์พื้นเมือง,0.0,0.0,both,0.0,0.0
2018,inseason,Bangkok,ราชการไม่ไวต่อช่วงแสง,1877670.0,61029.0,both,-1816641.0,1816641.0
2018,inseason,Bangkok,ราชการไวต่อช่วงแสง,40274.0,1309.0,both,-38965.0,38965.0
2018,inseason,Bangkok,สุพรรณบุรี1,51350.0,1670.0,both,-49680.0,49680.0
2018,inseason,Bangkok,"สุพรรณบุรี60,90",0.0,0.0,both,0.0,0.0
2018,inseason,Bangkok,หอมสุพรรณบุรี,0.0,0.0,both,0.0,0.0
2018,inseason,Bueng Kan,กข15,261385.0,8563.0,both,-252822.0,252822.0
2018,inseason,Bueng Kan,กข6,11350691.0,371852.0,both,-10978839.0,10978839.0
2018,inseason,Bueng Kan,ขาวดอกมะลิ105,2422732.0,79370.0,both,-2343362.0,2343362.0
2018,inseason,Bueng Kan,คลองหลวง1,0.0,0.0,both,0.0,0.0
2018,inseason,Bueng Kan,ชัยนาท1,3114.0,102.0,both,-3012.0,3012.0
2018,inseason,Bueng Kan,ปทุมธานี1,4609.0,151.0,both,-4458.0,4458.0
2018,inseason,Bueng Kan,พันธุ์พื้นเมือง,73168.0,2397.0,both,-70771.0,70771.0
2018,inseason,Bueng Kan,ราชการไม่ไวต่อช่วงแสง,95299.0,3122.0,both,-92177.0,92177.0
2018,inseason,Bueng Kan,ราชการไวต่อช่วงแสง,585132.0,19169.0,both,-565963.0,565963.0
2018,inseason,Bueng Kan,สุพรรณบุรี1,0.0,0.0,both,0.0,0.0
2018,inseason,Bueng Kan,"สุพรรณบุรี60,90",0.0,0.0,both,0.0,0.0
2018,inseason,Bueng Kan,หอมสุพรรณบุรี,0.0,0.0,both,0.0,0.0
2018,inseason,Buri Ram,กข15,2276084.0,74512.0,both,-2201572.0,2201572.0
2018,inseason,Buri Ram,กข6,3151701.0,103178.0,both,-3048523.0,3048523.0
2018,inseason,Buri Ram,ขาวดอกมะลิ105,76426692.0,2501977.0,both,-73924715.0,73924715.0
2018,inseason,Buri Ram,คลองหลวง1,0.0,0.0,both,0.0,0.0
2018,inseason,Buri Ram,ชัยนาท1,77344.0,2533.0,both,-74811.0,74811.0
2018,inseason,Buri Ram,ปทุมธานี1,8828.0,289.0,both,-8539.0,8539.0
2018,inseason,Buri Ram,พันธุ์พื้นเมือง,1816542.0,59466.0,both,-1757076.0,1757076.0
2018,inseason,Buri Ram,ราชการไม่ไวต่อช่วงแสง,337112.0,11036.0,both,-326076.0,326076.0
2018,inseason,Buri Ram,ราชการไวต่อช่วงแสง,496229.0,16245.0,both,-479984.0,479984.0
2018,inseason,Buri Ram,สุพรรณบุรี1,0.0,0.0,both,0.0,0.0
2018,inseason,Buri Ram,"สุพรรณบุรี60,90",0.0,0.0,both,0.0,0.0
2018,inseason,Buri Ram,หอมสุพรรณบุรี,0.0,0.0,both,0.0,0.0
2018,inseason,Chachoengsao,กข15,0.0,0.0,both,0.0,0.0
2018,inseason,Chachoengsao,กข6,71426.0,2328.0,both,-69098.0,69098.0
2018,inseason,Chachoengsao,ขาวดอกมะลิ105,2483766.0,80955.0,both,-2402811.0,2402811.0
2018,inseason,Chachoengsao,คลองหลวง1,0.0,0.0,both,0.0,0.0
2018,inseason,Chachoengsao,ชัยนาท1,7885.0,257.0,both,-7628.0,7628.0
2018,inseason,Chachoengsao,ปทุมธานี1,745891.0,24310.0,both,-721581.0,721581.0
2018,inseason,Chachoengsao,พันธุ์พื้นเมือง,102168.0,3330.0,both,-98838.0,98838.0
2018,inseason,Chachoengsao,ราชการไม่ไวต่อช่วงแสง,13315152.0,433984.0,both,-12881168.0,12881168.0
2018,inseason,Chachoengsao,ราชการไวต่อช่วงแสง,1591281.0,51865.0,both,-1539416.0,1539416.0
2018,inseason,Chachoengsao,สุพรรณบุรี1,466508.0,15206.0,both,-451302.0,451302.0
2018,inseason,Chachoengsao,"สุพรรณบุรี60,90",614667.0,20033.0,both,-594634.0,594634.0
2018,inseason,Chachoengsao,หอมสุพรรณบุรี,0.0,0.0,both,0.0,0.0
2018,inseason,Chai Nat,กข15,0.0,0.0,both,0.0,0.0
2018,inseason,Chai Nat,กข6,0.0,0.0,both,0.0,0.0
2018,inseason,Chai Nat,ขาวดอกมะลิ105,444594.0,14501.0,both,-430093.0,430093.0
2018,inseason,Chai Nat,คลองหลวง1,0.0,0.0,both,0.0,0.0
2018,inseason,Chai Nat,ชัยนาท1,111723.0,3645.0,both,-108078.0,108078.0
2018,inseason,Chai Nat,ปทุมธานี1,5573966.0,181801.0,both,-5392165.0,5392165.0
2018,inseason,Chai Nat,พันธุ์พื้นเมือง,59971.0,1956.0,both,-58015.0,58015.0
2018,inseason,Chai Nat,ราชการไม่ไวต่อช่วงแสง,19303860.0,629619.0,both,-18674241.0,18674241.0
2018,inseason,Chai Nat,ราชการไวต่อช่วงแสง,26367.0,860.0,both,-25507.0,25507.0
2018,inseason,Chai Nat,สุพรรณบุรี1,482581.0,15738.0,both,-466843.0,466843.0
2018,inseason,Chai Nat,"สุพรรณบุรี60,90",18641.0,608.0,both,-18033.0,18033.0
2018,inseason,Chai Nat,หอมสุพรรณบุรี,0.0,0.0,both,0.0,0.0
2018,inseason,Chaiyaphum,กข15,280053.0,9193.0,both,-270860.0,270860.0
2018,inseason,Chaiyaphum,กข6,18663867.0,612593.0,both,-18051274.0,18051274.0
2018,inseason,Chaiyaphum,ขาวดอกมะลิ105,22219633.0,729302.0,both,-21490331.0,21490331.0
2018,inseason,Chaiyaphum,คลองหลวง1,0.0,0.0,both,0.0,0.0
2018,inseason,Chaiyaphum,ชัยนาท1,0.0,0.0,both,0.0,0.0
2018,inseason,Chaiyaphum,ปทุมธานี1,63950.0,2099.0,both,-61851.0,61851.0
2018,inseason,Chaiyaphum,พันธุ์พื้นเมือง,3025032.0,99290.0,both,-2925742.0,2925742.0
2018,inseason,Chaiyaphum,ราชการไม่ไวต่อช่วงแสง,612873.0,20116.0,both,-592757.0,592757.0
2018,inseason,Chaiyaphum,ราชการไวต่อช่วงแสง,3042155.0,99851.0,both,-2942304.0,2942304.0
2018,inseason,Chaiyaphum,สุพรรณบุรี1,0.0,0.0,both,0.0,0.0
2018,inseason,Chaiyaphum,"สุพรรณบุรี60,90",0.0,0.0,both,0.0,0.0
2018,inseason,Chaiyaphum,หอมสุพรรณบุรี,0.0,0.0,both,0.0,0.0
2018,inseason,Chanthaburi,กข15,0.0,0.0,both,0.0,0.0
2018,inseason,Chanthaburi,กข6,0.0,0.0,both,0.0,0.0
2018,inseason,Chanthaburi,ขาวดอกมะลิ105,287873.0,9386.0,both,-278487.0,278487.0
2018,inseason,Chanthaburi,คลองหลวง1,0.0,0.0,both,0.0,0.0
2018,inseason,Chanthaburi,ชัยนาท1,4724.0,154.0,both,-4570.0,4570.0
2018,inseason,Chanthaburi,ปทุมธานี1,14079.0,459.0,both,-13620.0,13620.0
2018,inseason,Chanthaburi,พันธุ์พื้นเมือง,97665.0,3183.0,both,-94482.0,94482.0
2018,inseason,Chanthaburi,ราชการไม่ไวต่อช่วงแสง,22576.0,736.0,both,-21840.0,21840.0
2018,inseason,Chanthaburi,ราชการไวต่อช่วงแสง,6718.0,219.0,both,-6499.0,6499.0
2018,inseason,Chanthaburi,สุพรรณบุรี1,0.0,0.0,both,0.0,0.0
2018,inseason,Chanthaburi,"สุพรรณบุรี60,90",0.0,0.0,both,0.0,0.0
2018,inseason,Chanthaburi,หอมสุพรรณบุรี,0.0,0.0,both,0.0,0.0
2018,inseason,Chiang Mai,กข15,38889.0,1264.0,both,-37625.0,37625.0
2018,inseason,Chiang Mai,กข6,1920127.0,62409.0,both,-1857718.0,1857718.0
2018,inseason,Chiang Mai,ขาวดอกมะลิ105,831874.0,27038.0,both,-804836.0,804836.0
2018,inseason,Chiang Mai,คลองหลวง1,0.0,0.0,both,0.0,0.0
2018,inseason,Chiang Mai,ชัยนาท1,0.0,0.0,both,0.0,0.0
2018,inseason,Chiang Mai,ปทุมธานี1,49535.0,1611.0,both,-47924.0,47924.0
2018,inseason,Chiang Mai,พันธุ์พื้นเมือง,3310326.0,107594.0,both,-3202732.0,3202732.0
2018,inseason,Chiang Mai,ราชการไม่ไวต่อช่วงแสง,7737026.0,251472.0,both,-7485554.0,7485554.0
2018,inseason,Chiang Mai,ราชการไวต่อช่วงแสง,336866.0,10949.0,both,-325917.0,325917.0
2018,inseason,Chiang Mai,สุพรรณบุรี1,0.0,0.0,both,0.0,0.0
2018,inseason,Chiang Mai,"สุพรรณบุรี60,90",0.0,0.0,both,0.0,0.0
2018,inseason,Chiang Mai,หอมสุพรรณบุรี,0.0,0.0,both,0.0,0.0
2018,inseason,Chiang Rai,กข15,4422095.0,144036.0,both,-4278059.0,4278059.0
2018,inseason,Chiang Rai,กข6,17703947.0,576659.0,both,-17127288.0,17127288.0
2018,inseason,Chiang Rai,ขาวดอกมะลิ105,4269082.0,139053.0,both,-4130029.0,4130029.0
2018,inseason,Chiang Rai,คลองหลวง1,0.0,0.0,both,0.0,0.0
2018,inseason,Chiang Rai,ชัยนาท1,14859.0,484.0,both,-14375.0,14375.0
2018,inseason,Chiang Rai,ปทุมธานี1,1630831.0,53119.0,both,-1577712.0,1577712.0
2018,inseason,Chiang Rai,พันธุ์พื้นเมือง,2074582.0,67574.0,both,-2007008.0,2007008.0
2018,inseason,Chiang Rai,ราชการไม่ไวต่อช่วงแสง,7177869.0,233800.0,both,-6944069.0,6944069.0
2018,inseason,Chiang Rai,ราชการไวต่อช่วงแสง,856616.0,27901.0,both,-828715.0,828715.0
2018,inseason,Chiang Rai,สุพรรณบุรี1,144908.0,4720.0,both,-140188.0,140188.0
2018,inseason,Chiang Rai,"สุพรรณบุรี60,90",54126.0,1763.0,both,-52363.0,52363.0
2018,inseason,Chiang Rai,หอมสุพรรณบุรี,4145.0,135.0,both,-4010.0,4010.0
2018,inseason,Chon Buri,กข15,0.0,0.0,both,0.0,0.0
2018,inseason,Chon Buri,กข6,0.0,0.0,both,0.0,0.0
2018,inseason,Chon Buri,ขาวดอกมะลิ105,491883.0,15923.0,both,-475960.0,475960.0
2018,inseason,Chon Buri,คลองหลวง1,0.0,0.0,both,0.0,0.0
2018,inseason,Chon Buri,ชัยนาท1,21590.0,699.0,both,-20891.0,20891.0
2018,inseason,Chon Buri,ปทุมธานี1,340627.0,11026.0,both,-329601.0,329601.0
2018,inseason,Chon Buri,พันธุ์พื้นเมือง,36324.0,1176.0,both,-35148.0,35148.0
2018,inseason,Chon Buri,ราชการไม่ไวต่อช่วงแสง,1066978.0,34546.0,both,-1032432.0,1032432.0
2018,inseason,Chon Buri,ราชการไวต่อช่วงแสง,56895.0,1843.0,both,-55052.0,55052.0
2018,inseason,Chon Buri,สุพรรณบุรี1,10811.0,350.0,both,-10461.0,10461.0
2018,inseason,Chon Buri,"สุพรรณบุรี60,90",55257.0,1788.0,both,-53469.0,53469.0
2018,inseason,Chon Buri,หอมสุพรรณบุรี,0.0,0.0,both,0.0,0.0
2018,inseason,Chumphon,กข15,0.0,0.0,both,0.0,0.0
2018,inseason,Chumphon,กข6,0.0,0.0,both,0.0,0.0
2018,inseason,Chumphon,ขาวดอกมะลิ105,1744.0,57.0,both,-1687.0,1687.0
2018,inseason,Chumphon,คลองหลวง1,0.0,0.0,both,0.0,0.0
2018,inseason,Chumphon,ชัยนาท1,0.0,0.0,both,0.0,0.0
2018,inseason,Chumphon,ปทุมธานี1,59197.0,1935.0,both,-57262.0,57262.0
2018,inseason,Chumphon,พันธุ์พื้นเมือง,16979.0,555.0,both,-16424.0,16424.0
2018,inseason,Chumphon,ราชการไม่ไวต่อช่วงแสง,4283.0,140.0,both,-4143.0,4143.0
2018,inseason,Chumphon,ราชการไวต่อช่วงแสง,11962.0,391.0,both,-11571.0,11571.0
2018,inseason,Chumphon,สุพรรณบุรี1,0.0,0.0,both,0.0,0.0
2018,inseason,Chumphon,"สุพรรณบุรี60,90",0.0,0.0,both,0.0,0.0
2018,inseason,Chumphon,หอมสุพรรณบุรี,0.0,0.0,both,0.0,0.0
2018,inseason,Kalasin,กข15,38899.0,1274.0,both,-37625.0,37625.0
2018,inseason,Kalasin,กข6,31029570.0,1016262.0,both,-30013308.0,30013308.0
2018,inseason,Kalasin,ขาวดอกมะลิ105,12955409.0,424307.0,both,-12531102.0,12531102.0
2018,inseason,Kalasin,คลองหลวง1,0.0,0.0,both,0.0,0.0
2018,inseason,Kalasin,ชัยนาท1,10931.0,358.0,both,-10573.0,10573.0
2018,inseason,Kalasin,ปทุมธานี1,0.0,0.0,both,0.0,0.0
2018,inseason,Kalasin,พันธุ์พื้นเมือง,237517.0,7779.0,both,-229738.0,229738.0
2018,inseason,Kalasin,ราชการไม่ไวต่อช่วงแสง,448623.0,14693.0,both,-433930.0,433930.0
2018,inseason,Kalasin,ราชการไวต่อช่วงแสง,163780.0,5364.0,both,-158416.0,158416.0
2018,inseason,Kalasin,สุพรรณบุรี1,0.0,0.0,both,0.0,0.0
2018,inseason,Kalasin,"สุพรรณบุรี60,90",0.0,0.0,both,0.0,0.0
2018,inseason,Kalasin,หอมสุพรรณบุรี,0.0,0.0,both,0.0,0.0
2018,inseason,Kamphaeng Phet,กข15,2054.0,67.0,both,-1987.0,1987.0
2018,inseason,Kamphaeng Phet,กข6,161455.0,5266.0,both,-156189.0,156189.0
2018,inseason,Kamphaeng Phet,ขาวดอกมะลิ105,2329338.0,75991.0,both,-2253347.0,2253347.0
2018,inseason,Kamphaeng Phet,คลองหลวง1,0.0,0.0,both,0.0,0.0
2018,inseason,Kamphaeng Phet,ชัยนาท1,184537.0,6020.0,both,-178517.0,178517.0
2018,inseason,Kamphaeng Phet,ปทุมธานี1,418550.0,13654.0,both,-404896.0,404896.0
2018,inseason,Kamphaeng Phet,พันธุ์พื้นเมือง,215804.0,7040.0,both,-208764.0,208764.0
2018,inseason,Kamphaeng Phet,ราชการไม่ไวต่อช่วงแสง,31227407.0,1018705.0,both,-30208702.0,30208702.0
2018,inseason,Kamphaeng Phet,ราชการไวต่อช่วงแสง,429708.0,14017.0,both,-415691.0,415691.0
2018,inseason,Kamphaeng Phet,สุพรรณบุรี1,624300.0,20367.0,both,-603933.0,603933.0
2018,inseason,Kamphaeng Phet,"สุพรรณบุรี60,90",93188.0,3039.0,both,-90149.0,90149.0
2018,inseason,Kamphaeng Phet,หอมสุพรรณบุรี,84298.0,2750.0,both,-81548.0,81548.0
2018,inseason,Kanchanaburi,กข15,3191.0,103.0,both,-3088.0,3088.0
2018,inseason,Kanchanaburi,กข6,0.0,0.0,both,0.0,0.0
2018,inseason,Kanchanaburi,ขาวดอกมะลิ105,3852793.0,124368.0,both,-3728425.0,3728425.0
2018,inseason,Kanchanaburi,คลองหลวง1,0.0,0.0,both,0.0,0.0
2018,inseason,Kanchanaburi,ชัยนาท1,190210.0,6141.0,both,-184069.0,184069.0
2018,inseason,Kanchanaburi,ปทุมธานี1,2329538.0,75198.0,both,-2254340.0,2254340.0
2018,inseason,Kanchanaburi,พันธุ์พื้นเมือง,382866.0,12359.0,both,-370507.0,370507.0
2018,inseason,Kanchanaburi,ราชการไม่ไวต่อช่วงแสง,1760924.0,56845.0,both,-1704079.0,1704079.0
2018,inseason,Kanchanaburi,ราชการไวต่อช่วงแสง,202012.0,6520.0,both,-195492.0,195492.0
2018,inseason,Kanchanaburi,สุพรรณบุรี1,2898741.0,93572.0,both,-2805169.0,2805169.0
2018,inseason,Kanchanaburi,"สุพรรณบุรี60,90",0.0,0.0,both,0.0,0.0
2018,inseason,Kanchanaburi,หอมสุพรรณบุรี,66512.0,2147.0,both,-64365.0,64365.0
2018,inseason,Khon Kaen,กข15,194240.0,6380.0,both,-187860.0,187860.0
2018,inseason,Khon Kaen,กข6,48682634.0,1599031.0,both,-47083603.0,47083603.0
2018,inseason,Khon Kaen,ขาวดอกมะลิ105,19119848.0,628011.0,both,-18491837.0,18491837.0
2018,inseason,Khon Kaen,คลองหลวง1,0.0,0.0,both,0.0,0.0
2018,inseason,Khon Kaen,ชัยนาท1,253577.0,8330.0,both,-245247.0,245247.0
2018,inseason,Khon Kaen,ปทุมธานี1,0.0,0.0,both,0.0,0.0
2018,inseason,Khon Kaen,พันธุ์พื้นเมือง,884368.0,29049.0,both,-855319.0,855319.0
2018,inseason,Khon Kaen,ราชการไม่ไวต่อช่วงแสง,1045271.0,34334.0,both,-1010937.0,1010937.0
2018,inseason,Khon Kaen,ราชการไวต่อช่วงแสง,276776.0,9092.0,both,-267684.0,267684.0
2018,inseason,Khon Kaen,สุพรรณบุรี1,0.0,0.0,both,0.0,0.0
2018,inseason,Khon Kaen,"สุพรรณบุรี60,90",0.0,0.0,both,0.0,0.0
2018,inseason,Khon Kaen,หอมสุพรรณบุรี,0.0,0.0,both,0.0,0.0
2018,inseason,Krabi,กข15,0.0,0.0,both,0.0,0.0
2018,inseason,Krabi,กข6,0.0,0.0,both,0.0,0.0
2018,inseason,Krabi,ขาวดอกมะลิ105,12245.0,398.0,both,-11847.0,11847.0
2018,inseason,Krabi,คลองหลวง1,0.0,0.0,both,0.0,0.0
2018,inseason,Krabi,ชัยนาท1,0.0,0.0,both,0.0,0.0
2018,inseason,Krabi,ปทุมธานี1,3138.0,102.0,both,-3036.0,3036.0
2018,inseason,Krabi,พันธุ์พื้นเมือง,42644.0,1388.0,both,-41256.0,41256.0
2018,inseason,Krabi,ราชการไม่ไวต่อช่วงแสง,0.0,0.0,both,0.0,0.0
2018,inseason,Krabi,ราชการไวต่อช่วงแสง,81226.0,2640.0,both,-78586.0,78586.0
2018,inseason,Krabi,สุพรรณบุรี1,0.0,0.0,both,0.0,0.0
2018,inseason,Krabi,"สุพรรณบุรี60,90",0.0,0.0,both,0.0,0.0
2018,inseason,Krabi,หอมสุพรรณบุรี,0.0,0.0,both,0.0,0.0
2018,inseason,Lampang,กข15,29879.0,966.0,both,-28913.0,28913.0
2018,inseason,Lampang,กข6,6721919.0,217324.0,both,-6504595.0,6504595.0
2018,inseason,Lampang,ขาวดอกมะลิ105,1740493.0,56272.0,both,-1684221.0,1684221.0
2018,inseason,Lampang,คลองหลวง1,0.0,0.0,both,0.0,0.0
2018,inseason,Lampang,ชัยนาท1,0.0,0.0,both,0.0,0.0
2018,inseason,Lampang,ปทุมธานี1,31549.0,1020.0,both,-30529.0,30529.0
2018,inseason,Lampang,พันธุ์พื้นเมือง,257002.0,8309.0,both,-248693.0,248693.0
2018,inseason,Lampang,ราชการไม่ไวต่อช่วงแสง,4294861.0,138854.0,both,-4156007.0,4156007.0
2018,inseason,Lampang,ราชการไวต่อช่วงแสง,370517.0,11978.0,both,-358539.0,358539.0
2018,inseason,Lampang,สุพรรณบุรี1,0.0,0.0,both,0.0,0.0
2018,inseason,Lampang,"สุพรรณบุรี60,90",0.0,0.0,both,0.0,0.0
2018,inseason,Lampang,หอมสุพรรณบุรี,0.0,0.0,both,0.0,0.0
2018,inseason,Lamphun,กข15,8959.0,292.0,both,-8667.0,8667.0
2018,inseason,Lamphun,กข6,1184723.0,38616.0,both,-1146107.0,1146107.0
2018,inseason,Lamphun,ขาวดอกมะลิ105,151653.0,4943.0,both,-146710.0,146710.0
2018,inseason,Lamphun,คลองหลวง1,0.0,0.0,both,0.0,0.0
2018,inseason,Lamphun,ชัยนาท1,0.0,0.0,both,0.0,0.0
2018,inseason,Lamphun,ปทุมธานี1,7916.0,258.0,both,-7658.0,7658.0
2018,inseason,Lamphun,พันธุ์พื้นเมือง,105418.0,3436.0,both,-101982.0,101982.0
2018,inseason,Lamphun,ราชการไม่ไวต่อช่วงแสง,1713407.0,55846.0,both,-1657561.0,1657561.0
2018,inseason,Lamphun,ราชการไวต่อช่วงแสง,99098.0,3230.0,both,-95868.0,95868.0
2018,inseason,Lamphun,สุพรรณบุรี1,0.0,0.0,both,0.0,0.0
2018,inseason,Lamphun,"สุพรรณบุรี60,90",0.0,0.0,both,0.0,0.0
2018,inseason,Lamphun,หอมสุพรรณบุรี,0.0,0.0,both,0.0,0.0
2018,inseason,Loei,กข15,3778.0,123.0,both,-3655.0,3655.0
2018,inseason,Loei,กข6,9189807.0,299224.0,both,-8890583.0,8890583.0
2018,inseason,Loei,ขาวดอกมะลิ105,165722.0,5397.0,both,-160325.0,160325.0
2018,inseason,Loei,คลองหลวง1,0.0,0.0,both,0.0,0.0
2018,inseason,Loei,ชัยนาท1,0.0,0.0,both,0.0,0.0
2018,inseason,Loei,ปทุมธานี1,0.0,0.0,both,0.0,0.0
2018,inseason,Loei,พันธุ์พื้นเมือง,1245711.0,40562.0,both,-1205149.0,1205149.0
2018,inseason,Loei,ราชการไม่ไวต่อช่วงแสง,996636.0,32451.0,both,-964185.0,964185.0
2018,inseason,Loei,ราชการไวต่อช่วงแสง,1803902.0,58736.0,both,-1745166.0,1745166.0
2018,inseason,Loei,สุพรรณบุรี1,0.0,0.0,both,0.0,0.0
2018,inseason,Loei,"สุพรรณบุรี60,90",0.0,0.0,both,0.0,0.0
2018,inseason,Loei,หอมสุพรรณบุรี,0.0,0.0,both,0.0,0.0
2018,inseason,Lop Buri,กข15,0.0,0.0,both,0.0,0.0
2018,inseason,Lop Buri,กข6,0.0,0.0,both,0.0,0.0
2018,inseason,Lop Buri,ขาวดอกมะลิ105,7201019.0,235668.0,both,-6965351.0,6965351.0
2018,inseason,Lop Buri,คลองหลวง1,0.0,0.0,both,0.0,0.0
2018,inseason,Lop Buri,ชัยนาท1,355975.0,11650.0,both,-344325.0,344325.0
2018,inseason,Lop Buri,ปทุมธานี1,5210371.0,170521.0,both,-5039850.0,5039850.0
2018,inseason,Lop Buri,พันธุ์พื้นเมือง,223485.0,7313.0,both,-216172.0,216172.0
2018,inseason,Lop Buri,ราชการไม่ไวต่อช่วงแสง,9237409.0,302313.0,both,-8935096.0,8935096.0
2018,inseason,Lop Buri,ราชการไวต่อช่วงแสง,119198.0,3901.0,both,-115297.0,115297.0
2018,inseason,Lop Buri,สุพรรณบุรี1,550891.0,18029.0,both,-532862.0,532862.0
2018,inseason,Lop Buri,"สุพรรณบุรี60,90",0.0,0.0,both,0.0,0.0
2018,inseason,Lop Buri,หอมสุพรรณบุรี,0.0,0.0,both,0.0,0.0
2018,inseason,Mae Hong Son,กข15,11173.0,364.0,both,-10809.0,10809.0
2018,inseason,Mae Hong Son,กข6,71918.0,2343.0,both,-69575.0,69575.0
2018,inseason,Mae Hong Son,ขาวดอกมะลิ105,997369.0,32495.0,both,-964874.0,964874.0
2018,inseason,Mae Hong Son,คลองหลวง1,0.0,0.0,both,0.0,0.0
2018,inseason,Mae Hong Son,ชัยนาท1,0.0,0.0,both,0.0,0.0
2018,inseason,Mae Hong Son,ปทุมธานี1,0.0,0.0,both,0.0,0.0
2018,inseason,Mae Hong Son,พันธุ์พื้นเมือง,2715853.0,88478.0,both,-2627375.0,2627375.0
2018,inseason,Mae Hong Son,ราชการไม่ไวต่อช่วงแสง,1706022.0,55580.0,both,-1650442.0,1650442.0
2018,inseason,Mae Hong Son,ราชการไวต่อช่วงแสง,98715.0,3216.0,both,-95499.0,95499.0
2018,inseason,Mae Hong Son,สุพรรณบุรี1,0.0,0.0,both,0.0,0.0
2018,inseason,Mae Hong Son,"สุพรรณบุรี60,90",0.0,0.0,both,0.0,0.0
2018,inseason,Mae Hong Son,หอมสุพรรณบุรี,0.0,0.0,both,0.0,0.0
2018,inseason,Maha Sarakham,กข15,1696850.0,55696.0,both,-1641154.0,1641154.0
2018,inseason,Maha Sarakham,กข6,29357121.0,963594.0,both,-28393527.0,28393527.0
2018,inseason,Maha Sarakham,ขาวดอกมะลิ105,30555908.0,1002942.0,both,-29552966.0,29552966.0
2018,inseason,Maha Sarakham,คลองหลวง1,0.0,0.0,both,0.0,0.0
2018,inseason,Maha Sarakham,ชัยนาท1,128385.0,4214.0,both,-124171.0,124171.0
2018,inseason,Maha Sarakham,ปทุมธานี1,0.0,0.0,both,0.0,0.0
2018,inseason,Maha Sarakham,พันธุ์พื้นเมือง,225176.0,7391.0,both,-217785.0,217785.0
2018,inseason,Maha Sarakham,ราชการไม่ไวต่อช่วงแสง,656274.0,21540.0,both,-634734.0,634734.0
2018,inseason,Maha Sarakham,ราชการไวต่อช่วงแสง,207171.0,6799.0,both,-200372.0,200372.0
2018,inseason,Maha Sarakham,สุพรรณบุรี1,0.0,0.0,both,0.0,0.0
2018,inseason,Maha Sarakham,"สุพรรณบุรี60,90",0.0,0.0,both,0.0,0.0
2018,inseason,Maha Sarakham,หอมสุพรรณบุรี,0.0,0.0,both,0.0,0.0
2018,inseason,Mukdahan,กข15,113450.0,3693.0,both,-109757.0,109757.0
2018,inseason,Mukdahan,กข6,10402292.0,338613.0,both,-10063679.0,10063679.0
2018,inseason,Mukdahan,ขาวดอกมะลิ105,3538538.0,115187.0,both,-3423351.0,3423351.0
2018,inseason,Mukdahan,คลองหลวง1,0.0,0.0,both,0.0,0.0
2018,inseason,Mukdahan,ชัยนาท1,15790.0,514.0,both,-15276.0,15276.0
2018,inseason,Mukdahan,ปทุมธานี1,0.0,0.0,both,0.0,0.0
2018,inseason,Mukdahan,พันธุ์พื้นเมือง,374295.0,12185.0,both,-362110.0,362110.0
2018,inseason,Mukdahan,ราชการไม่ไวต่อช่วงแสง,175505.0,5713.0,both,-169792.0,169792.0
2018,inseason,Mukdahan,ราชการไวต่อช่วงแสง,384494.0,12516.0,both,-371978.0,371978.0
2018,inseason,Mukdahan,สุพรรณบุรี1,0.0,0.0,both,0.0,0.0
2018,inseason,Mukdahan,"สุพรรณบุรี60,90",0.0,0.0,both,0.0,0.0
2018,inseason,Mukdahan,หอมสุพรรณบุรี,0.0,0.0,both,0.0,0.0
2018,inseason,Nakhon Nayok,กข15,0.0,0.0,both,0.0,0.0
2018,inseason,Nakhon Nayok,กข6,0.0,0.0,both,0.0,0.0
2018,inseason,Nakhon Nayok,ขาวดอกมะลิ105,453561.0,14741.0,both,-438820.0,438820.0
2018,inseason,Nakhon Nayok,คลองหลวง1,0.0,0.0,both,0.0,0.0
2018,inseason,Nakhon Nayok,ชัยนาท1,81542.0,2651.0,both,-78891.0,78891.0
2018,inseason,Nakhon Nayok,ปทุมธานี1,254813.0,8279.0,both,-246534.0,246534.0
2018,inseason,Nakhon Nayok,พันธุ์พื้นเมือง,1400191.0,45504.0,both,-1354687.0,1354687.0
2018,inseason,Nakhon Nayok,ราชการไม่ไวต่อช่วงแสง,6339664.0,206029.0,both,-6133635.0,6133635.0
2018,inseason,Nakhon Nayok,ราชการไวต่อช่วงแสง,2767028.0,89924.0,both,-2677104.0,2677104.0
2018,inseason,Nakhon Nayok,สุพรรณบุรี1,109975.0,3575.0,both,-106400.0,106400.0
2018,inseason,Nakhon Nayok,"สุพรรณบุรี60,90",37910.0,1231.0,both,-36679.0,36679.0
2018,inseason,Nakhon Nayok,หอมสุพรรณบุรี,0.0,0.0,both,0.0,0.0
2018,inseason,Nakhon Pathom,กข15,0.0,0.0,both,0.0,0.0
2018,inseason,Nakhon Pathom,กข6,0.0,0.0,both,0.0,0.0
2018,inseason,Nakhon Pathom,ขาวดอกมะลิ105,0.0,0.0,both,0.0,0.0
2018,inseason,Nakhon Pathom,คลองหลวง1,0.0,0.0,both,0.0,0.0
2018,inseason,Nakhon Pathom,ชัยนาท1,58638.0,1911.0,both,-56727.0,56727.0
2018,inseason,Nakhon Pathom,ปทุมธานี1,605676.0,19737.0,both,-585939.0,585939.0
2018,inseason,Nakhon Pathom,พันธุ์พื้นเมือง,21417.0,698.0,both,-20719.0,20719.0
2018,inseason,Nakhon Pathom,ราชการไม่ไวต่อช่วงแสง,7537674.0,245655.0,both,-7292019.0,7292019.0
2018,inseason,Nakhon Pathom,ราชการไวต่อช่วงแสง,40411.0,1317.0,both,-39094.0,39094.0
2018,inseason,Nakhon Pathom,สุพรรณบุรี1,241853.0,7883.0,both,-233970.0,233970.0
2018,inseason,Nakhon Pathom,"สุพรรณบุรี60,90",0.0,0.0,both,0.0,0.0
2018,inseason,Nakhon Pathom,หอมสุพรรณบุรี,0.0,0.0,both,0.0,0.0
2018,inseason,Nakhon Phanom,กข15,2724723.0,88951.0,both,-2635772.0,2635772.0
2018,inseason,Nakhon Phanom,กข6,17579520.0,573900.0,both,-17005620.0,17005620.0
2018,inseason,Nakhon Phanom,ขาวดอกมะลิ105,16722414.0,545918.0,both,-16176496.0,16176496.0
2018,inseason,Nakhon Phanom,คลองหลวง1,0.0,0.0,both,0.0,0.0
2018,inseason,Nakhon Phanom,ชัยนาท1,1899.0,62.0,both,-1837.0,1837.0
2018,inseason,Nakhon Phanom,ปทุมธานี1,41996.0,1371.0,both,-40625.0,40625.0
2018,inseason,Nakhon Phanom,พันธุ์พื้นเมือง,1622134.0,52956.0,both,-1569178.0,1569178.0
2018,inseason,Nakhon Phanom,ราชการไม่ไวต่อช่วงแสง,1810550.0,59107.0,both,-1751443.0,1751443.0
2018,inseason,Nakhon Phanom,ราชการไวต่อช่วงแสง,1406854.0,45928.0,both,-1360926.0,1360926.0
2018,inseason,Nakhon Phanom,สุพรรณบุรี1,0.0,0.0,both,0.0,0.0
2018,inseason,Nakhon Phanom,"สุพรรณบุรี60,90",0.0,0.0,both,0.0,0.0
2018,inseason,Nakhon Phanom,หอมสุพรรณบุรี,0.0,0.0,both,0.0,0.0
2018,inseason,Nakhon Ratchasima,กข15,1568283.0,51300.0,both,-1516983.0,1516983.0
2018,inseason,Nakhon Ratchasima,กข6,5154576.0,168611.0,both,-4985965.0,4985965.0
2018,inseason,Nakhon Ratchasima,ขาวดอกมะลิ105,85473803.0,2795928.0,both,-82677875.0,82677875.0
2018,inseason,Nakhon Ratchasima,คลองหลวง1,0.0,0.0,both,0.0,0.0
2018,inseason,Nakhon Ratchasima,ชัยนาท1,2330321.0,76227.0,both,-2254094.0,2254094.0
2018,inseason,Nakhon Ratchasima,ปทุมธานี1,598301.0,19571.0,both,-578730.0,578730.0
2018,inseason,Nakhon Ratchasima,พันธุ์พื้นเมือง,2169580.0,70969.0,both,-2098611.0,2098611.0
2018,inseason,Nakhon Ratchasima,ราชการไม่ไวต่อช่วงแสง,4255671.0,139207.0,both,-4116464.0,4116464.0
2018,inseason,Nakhon Ratchasima,ราชการไวต่อช่วงแสง,3432705.0,112287.0,both,-3320418.0,3320418.0
2018,inseason,Nakhon Ratchasima,สุพรรณบุรี1,339428.0,11103.0,both,-328325.0,328325.0
2018,inseason,Nakhon Ratchasima,"สุพรรณบุรี60,90",386629.0,12647.0,both,-373982.0,373982.0
2018,inseason,Nakhon Ratchasima,หอมสุพรรณบุรี,108129.0,3538.0,both,-104591.0,104591.0
2018,inseason,Nakhon Sawan,กข15,0.0,0.0,both,0.0,0.0
2018,inseason,Nakhon Sawan,กข6,78691.0,2565.0,both,-76126.0,76126.0
2018,inseason,Nakhon Sawan,ขาวดอกมะลิ105,20190407.0,658378.0,both,-19532029.0,19532029.0
2018,inseason,Nakhon Sawan,คลองหลวง1,0.0,0.0,both,0.0,0.0
2018,inseason,Nakhon Sawan,ชัยนาท1,3245876.0,105843.0,both,-3140033.0,3140033.0
2018,inseason,Nakhon Sawan,ปทุมธานี1,777375.0,25348.0,both,-752027.0,752027.0
2018,inseason,Nakhon Sawan,พันธุ์พื้นเมือง,998269.0,32552.0,both,-965717.0,965717.0
2018,inseason,Nakhon Sawan,ราชการไม่ไวต่อช่วงแสง,45298496.0,1477113.0,both,-43821383.0,43821383.0
2018,inseason,Nakhon Sawan,ราชการไวต่อช่วงแสง,975851.0,31821.0,both,-944030.0,944030.0
2018,inseason,Nakhon Sawan,สุพรรณบุรี1,1880371.0,61316.0,both,-1819055.0,1819055.0
2018,inseason,Nakhon Sawan,"สุพรรณบุรี60,90",42811.0,1396.0,both,-41415.0,41415.0
2018,inseason,Nakhon Sawan,หอมสุพรรณบุรี,106935.0,3487.0,both,-103448.0,103448.0
2018,inseason,Nakhon Si Thammarat,กข15,0.0,0.0,both,0.0,0.0
2018,inseason,Nakhon Si Thammarat,กข6,0.0,0.0,both,0.0,0.0
2018,inseason,Nakhon Si Thammarat,ขาวดอกมะลิ105,82881.0,1999.0,both,-80882.0,80882.0
2018,inseason,Nakhon Si Thammarat,คลองหลวง1,0.0,0.0,both,0.0,0.0
2018,inseason,Nakhon Si Thammarat,ชัยนาท1,149791.0,3610.0,both,-146181.0,146181.0
2018,inseason,Nakhon Si Thammarat,ปทุมธานี1,1954608.0,47133.0,both,-1907475.0,1907475.0
2018,inseason,Nakhon Si Thammarat,พันธุ์พื้นเมือง,750597.0,18102.0,both,-732495.0,732495.0
2018,inseason,Nakhon Si Thammarat,ราชการไม่ไวต่อช่วงแสง,3862736.0,93148.0,both,-3769588.0,3769588.0
2018,inseason,Nakhon Si Thammarat,ราชการไวต่อช่วงแสง,852178.0,20550.0,both,-831628.0,831628.0
2018,inseason,Nakhon Si Thammarat,สุพรรณบุรี1,0.0,0.0,both,0.0,0.0
2018,inseason,Nakhon Si Thammarat,"สุพรรณบุรี60,90",0.0,0.0,both,0.0,0.0
2018,inseason,Nakhon Si Thammarat,หอมสุพรรณบุรี,0.0,0.0,both,0.0,0.0
2018,inseason,Nan,กข15,0.0,0.0,both,0.0,0.0
2018,inseason,Nan,กข6,2530671.0,82365.0,both,-2448306.0,2448306.0
2018,inseason,Nan,ขาวดอกมะลิ105,292684.0,9527.0,both,-283157.0,283157.0
2018,inseason,Nan,คลองหลวง1,0.0,0.0,both,0.0,0.0
2018,inseason,Nan,ชัยนาท1,0.0,0.0,both,0.0,0.0
2018,inseason,Nan,ปทุมธานี1,1567.0,51.0,both,-1516.0,1516.0
2018,inseason,Nan,พันธุ์พื้นเมือง,1423844.0,46341.0,both,-1377503.0,1377503.0
2018,inseason,Nan,ราชการไม่ไวต่อช่วงแสง,2750537.0,89523.0,both,-2661014.0,2661014.0
2018,inseason,Nan,ราชการไวต่อช่วงแสง,1489933.0,48493.0,both,-1441440.0,1441440.0
2018,inseason,Nan,สุพรรณบุรี1,0.0,0.0,both,0.0,0.0
2018,inseason,Nan,"สุพรรณบุรี60,90",0.0,0.0,both,0.0,0.0
2018,inseason,Nan,หอมสุพรรณบุรี,0.0,0.0,both,0.0,0.0
2018,inseason,Narathiwat,กข15,0.0,0.0,both,0.0,0.0
2018,inseason,Narathiwat,กข6,0.0,0.0,both,0.0,0.0
2018,inseason,Narathiwat,ขาวดอกมะลิ105,0.0,0.0,both,0.0,0.0
2018,inseason,Narathiwat,คลองหลวง1,0.0,0.0,both,0.0,0.0
2018,inseason,Narathiwat,ชัยนาท1,0.0,0.0,both,0.0,0.0
2018,inseason,Narathiwat,ปทุมธานี1,0.0,0.0,both,0.0,0.0
2018,inseason,Narathiwat,พันธุ์พื้นเมือง,889437.0,27132.0,both,-862305.0,862305.0
2018,inseason,Narathiwat,ราชการไม่ไวต่อช่วงแสง,244295.0,7452.0,both,-236843.0,236843.0
2018,inseason,Narathiwat,ราชการไวต่อช่วงแสง,149427.0,4558.0,both,-144869.0,144869.0
2018,inseason,Narathiwat,สุพรรณบุรี1,0.0,0.0,both,0.0,0.0
2018,inseason,Narathiwat,"สุพรรณบุรี60,90",0.0,0.0,both,0.0,0.0
2018,inseason,Narathiwat,หอมสุพรรณบุรี,0.0,0.0,both,0.0,0.0
2018,inseason,Nong Bua Lam Phu,กข15,244335.0,7967.0,both,-236368.0,236368.0
2018,inseason,Nong Bua Lam Phu,กข6,15170245.0,494656.0,both,-14675589.0,14675589.0
2018,inseason,Nong Bua Lam Phu,ขาวดอกมะลิ105,3995440.0,130279.0,both,-3865161.0,3865161.0
2018,inseason,Nong Bua Lam Phu,คลองหลวง1,0.0,0.0,both,0.0,0.0
2018,inseason,Nong Bua Lam Phu,ชัยนาท1,0.0,0.0,both,0.0,0.0
2018,inseason,Nong Bua Lam Phu,ปทุมธานี1,0.0,0.0,both,0.0,0.0
2018,inseason,Nong Bua Lam Phu,พันธุ์พื้นเมือง,298495.0,9733.0,both,-288762.0,288762.0
2018,inseason,Nong Bua Lam Phu,ราชการไม่ไวต่อช่วงแสง,209434.0,6831.0,both,-202603.0,202603.0
2018,inseason,Nong Bua Lam Phu,ราชการไวต่อช่วงแสง,204496.0,6668.0,both,-197828.0,197828.0
2018,inseason,Nong Bua Lam Phu,สุพรรณบุรี1,0.0,0.0,both,0.0,0.0
2018,inseason,Nong Bua Lam Phu,"สุพรรณบุรี60,90",0.0,0.0,both,0.0,0.0
2018,inseason,Nong Bua Lam Phu,หอมสุพรรณบุรี,0.0,0.0,both,0.0,0.0
2018,inseason,Nong Khai,กข15,1229757.0,40018.0,both,-1189739.0,1189739.0
2018,inseason,Nong Khai,กข6,10426141.0,339298.0,both,-10086843.0,10086843.0
2018,inseason,Nong Khai,ขาวดอกมะลิ105,2912853.0,94793.0,both,-2818060.0,2818060.0
2018,inseason,Nong Khai,คลองหลวง1,0.0,0.0,both,0.0,0.0
2018,inseason,Nong Khai,ชัยนาท1,0.0,0.0,both,0.0,0.0
2018,inseason,Nong Khai,ปทุมธานี1,0.0,0.0,both,0.0,0.0
2018,inseason,Nong Khai,พันธุ์พื้นเมือง,145100.0,4723.0,both,-140377.0,140377.0
2018,inseason,Nong Khai,ราชการไม่ไวต่อช่วงแสง,525551.0,17103.0,both,-508448.0,508448.0
2018,inseason,Nong Khai,ราชการไวต่อช่วงแสง,1188335.0,38670.0,both,-1149665.0,1149665.0
2018,inseason,Nong Khai,สุพรรณบุรี1,0.0,0.0,both,0.0,0.0
2018,inseason,Nong Khai,"สุพรรณบุรี60,90",0.0,0.0,both,0.0,0.0
2018,inseason,Nong Khai,หอมสุพรรณบุรี,0.0,0.0,both,0.0,0.0
2018,inseason,Nonthaburi,กข15,0.0,0.0,both,0.0,0.0
2018,inseason,Nonthaburi,กข6,0.0,0.0,both,0.0,0.0
2018,inseason,Nonthaburi,ขาวดอกมะลิ105,0.0,0.0,both,0.0,0.0
2018,inseason,Nonthaburi,คลองหลวง1,0.0,0.0,both,0.0,0.0
2018,inseason,Nonthaburi,ชัยนาท1,0.0,0.0,both,0.0,0.0
2018,inseason,Nonthaburi,ปทุมธานี1,33904.0,1105.0,both,-32799.0,32799.0
2018,inseason,Nonthaburi,พันธุ์พื้นเมือง,0.0,0.0,both,0.0,0.0
2018,inseason,Nonthaburi,ราชการไม่ไวต่อช่วงแสง,2562242.0,83507.0,both,-2478735.0,2478735.0
2018,inseason,Nonthaburi,ราชการไวต่อช่วงแสง,0.0,0.0,both,0.0,0.0
2018,inseason,Nonthaburi,สุพรรณบุรี1,28412.0,926.0,both,-27486.0,27486.0
2018,inseason,Nonthaburi,"สุพรรณบุรี60,90",0.0,0.0,both,0.0,0.0
2018,inseason,Nonthaburi,หอมสุพรรณบุรี,0.0,0.0,both,0.0,0.0
2018,inseason,Pathum Thani,กข15,0.0,0.0,both,0.0,0.0
2018,inseason,Pathum Thani,กข6,0.0,0.0,both,0.0,0.0
2018,inseason,Pathum Thani,ขาวดอกมะลิ105,0.0,0.0,both,0.0,0.0
2018,inseason,Pathum Thani,คลองหลวง1,0.0,0.0,both,0.0,0.0
2018,inseason,Pathum Thani,ชัยนาท1,0.0,0.0,both,0.0,0.0
2018,inseason,Pathum Thani,ปทุมธานี1,1071203.0,34882.0,both,-1036321.0,1036321.0
2018,inseason,Pathum Thani,พันธุ์พื้นเมือง,0.0,0.0,both,0.0,0.0
2018,inseason,Pathum Thani,ราชการไม่ไวต่อช่วงแสง,7978953.0,259844.0,both,-7719109.0,7719109.0
2018,inseason,Pathum Thani,ราชการไวต่อช่วงแสง,0.0,0.0,both,0.0,0.0
2018,inseason,Pathum Thani,สุพรรณบุรี1,147853.0,4814.0,both,-143039.0,143039.0
2018,inseason,Pathum Thani,"สุพรรณบุรี60,90",7707.0,251.0,both,-7456.0,7456.0
2018,inseason,Pathum Thani,หอมสุพรรณบุรี,0.0,0.0,both,0.0,0.0
2018,inseason,Pattani,กข15,0.0,0.0,both,0.0,0.0
2018,inseason,Pattani,กข6,0.0,0.0,both,0.0,0.0
2018,inseason,Pattani,ขาวดอกมะลิ105,0.0,0.0,both,0.0,0.0
2018,inseason,Pattani,คลองหลวง1,0.0,0.0,both,0.0,0.0
2018,inseason,Pattani,ชัยนาท1,0.0,0.0,both,0.0,0.0
2018,inseason,Pattani,ปทุมธานี1,0.0,0.0,both,0.0,0.0
2018,inseason,Pattani,พันธุ์พื้นเมือง,1962734.0,63807.0,both,-1898927.0,1898927.0
2018,inseason,Pattani,ราชการไม่ไวต่อช่วงแสง,181425.0,5899.0,both,-175526.0,175526.0
2018,inseason,Pattani,ราชการไวต่อช่วงแสง,195206.0,6346.0,both,-188860.0,188860.0
2018,inseason,Pattani,สุพรรณบุรี1,0.0,0.0,both,0.0,0.0
2018,inseason,Pattani,"สุพรรณบุรี60,90",0.0,0.0,both,0.0,0.0
2018,inseason,Pattani,หอมสุพรรณบุรี,0.0,0.0,both,0.0,0.0
2018,inseason,Phang-nga,กข15,0.0,0.0,both,0.0,0.0
2018,inseason,Phang-nga,กข6,0.0,0.0,both,0.0,0.0
2018,inseason,Phang-nga,ขาวดอกมะลิ105,30619.0,1009.0,both,-29610.0,29610.0
2018,inseason,Phang-nga,คลองหลวง1,0.0,0.0,both,0.0,0.0
2018,inseason,Phang-nga,ชัยนาท1,0.0,0.0,both,0.0,0.0
2018,inseason,Phang-nga,ปทุมธานี1,14262.0,471.0,both,-13791.0,13791.0
2018,inseason,Phang-nga,พันธุ์พื้นเมือง,32439.0,1069.0,both,-31370.0,31370.0
2018,inseason,Phang-nga,ราชการไม่ไวต่อช่วงแสง,4764.0,157.0,both,-4607.0,4607.0
2018,inseason,Phang-nga,ราชการไวต่อช่วงแสง,13018.0,429.0,both,-12589.0,12589.0
2018,inseason,Phang-nga,สุพรรณบุรี1,0.0,0.0,both,0.0,0.0
2018,inseason,Phang-nga,"สุพรรณบุรี60,90",0.0,0.0,both,0.0,0.0
2018,inseason,Phang-nga,หอมสุพรรณบุรี,0.0,0.0,both,0.0,0.0
2018,inseason,Phatthalung,กข15,0.0,0.0,both,0.0,0.0
2018,inseason,Phatthalung,กข6,0.0,0.0,both,0.0,0.0
2018,inseason,Phatthalung,ขาวดอกมะลิ105,0.0,0.0,both,0.0,0.0
2018,inseason,Phatthalung,คลองหลวง1,0.0,0.0,both,0.0,0.0
2018,inseason,Phatthalung,ชัยนาท1,181313.0,4884.0,both,-176429.0,176429.0
2018,inseason,Phatthalung,ปทุมธานี1,551969.0,14865.0,both,-537104.0,537104.0
2018,inseason,Phatthalung,พันธุ์พื้นเมือง,1983501.0,53417.0,both,-1930084.0,1930084.0
2018,inseason,Phatthalung,ราชการไม่ไวต่อช่วงแสง,915265.0,24649.0,both,-890616.0,890616.0
2018,inseason,Phatthalung,ราชการไวต่อช่วงแสง,515749.0,13889.0,both,-501860.0,501860.0
2018,inseason,Phatthalung,สุพรรณบุรี1,0.0,0.0,both,0.0,0.0
2018,inseason,Phatthalung,"สุพรรณบุรี60,90",0.0,0.0,both,0.0,0.0
2018,inseason,Phatthalung,หอมสุพรรณบุรี,0.0,0.0,both,0.0,0.0
2018,inseason,Phayao,กข15,2690489.0,87847.0,both,-2602642.0,2602642.0
2018,inseason,Phayao,กข6,5466580.0,178489.0,both,-5288091.0,5288091.0
2018,inseason,Phayao,ขาวดอกมะลิ105,8520213.0,278193.0,both,-8242020.0,8242020.0
2018,inseason,Phayao,คลองหลวง1,0.0,0.0,both,0.0,0.0
2018,inseason,Phayao,ชัยนาท1,18223.0,595.0,both,-17628.0,17628.0
2018,inseason,Phayao,ปทุมธานี1,32710.0,1068.0,both,-31642.0,31642.0
2018,inseason,Phayao,พันธุ์พื้นเมือง,372914.0,12177.0,both,-360737.0,360737.0
2018,inseason,Phayao,ราชการไม่ไวต่อช่วงแสง,1211726.0,39563.0,both,-1172163.0,1172163.0
2018,inseason,Phayao,ราชการไวต่อช่วงแสง,688433.0,22480.0,both,-665953.0,665953.0
2018,inseason,Phayao,สุพรรณบุรี1,0.0,0.0,both,0.0,0.0
2018,inseason,Phayao,"สุพรรณบุรี60,90",0.0,0.0,both,0.0,0.0
2018,inseason,Phayao,หอมสุพรรณบุรี,0.0,0.0,both,0.0,0.0
2018,inseason,Phetchabun,กข15,12296.0,399.0,both,-11897.0,11897.0
2018,inseason,Phetchabun,กข6,1198715.0,38899.0,both,-1159816.0,1159816.0
2018,inseason,Phetchabun,ขาวดอกมะลิ105,5299179.0,171956.0,both,-5127223.0,5127223.0
2018,inseason,Phetchabun,คลองหลวง1,0.0,0.0,both,0.0,0.0
2018,inseason,Phetchabun,ชัยนาท1,871286.0,28274.0,both,-843012.0,843012.0
2018,inseason,Phetchabun,ปทุมธานี1,492731.0,15990.0,both,-476741.0,476741.0
2018,inseason,Phetchabun,พันธุ์พื้นเมือง,1328300.0,43103.0,both,-1285197.0,1285197.0
2018,inseason,Phetchabun,ราชการไม่ไวต่อช่วงแสง,21667998.0,703120.0,both,-20964878.0,20964878.0
2018,inseason,Phetchabun,ราชการไวต่อช่วงแสง,1588857.0,51557.0,both,-1537300.0,1537300.0
2018,inseason,Phetchabun,สุพรรณบุรี1,234332.0,7604.0,both,-226728.0,226728.0
2018,inseason,Phetchabun,"สุพรรณบุรี60,90",130201.0,4226.0,both,-125975.0,125975.0
2018,inseason,Phetchabun,หอมสุพรรณบุรี,10108.0,329.0,both,-9779.0,9779.0
2018,inseason,Phetchaburi,กข15,0.0,0.0,both,0.0,0.0
2018,inseason,Phetchaburi,กข6,0.0,0.0,both,0.0,0.0
2018,inseason,Phetchaburi,ขาวดอกมะลิ105,16837.0,547.0,both,-16290.0,16290.0
2018,inseason,Phetchaburi,คลองหลวง1,0.0,0.0,both,0.0,0.0
2018,inseason,Phetchaburi,ชัยนาท1,1088319.0,35356.0,both,-1052963.0,1052963.0
2018,inseason,Phetchaburi,ปทุมธานี1,289371.0,9400.0,both,-279971.0,279971.0
2018,inseason,Phetchaburi,พันธุ์พื้นเมือง,59715.0,1939.0,both,-57776.0,57776.0
2018,inseason,Phetchaburi,ราชการไม่ไวต่อช่วงแสง,4850789.0,157591.0,both,-4693198.0,4693198.0
2018,inseason,Phetchaburi,ราชการไวต่อช่วงแสง,882334.0,28665.0,both,-853669.0,853669.0
2018,inseason,Phetchaburi,สุพรรณบุรี1,1775349.0,57678.0,both,-1717671.0,1717671.0
2018,inseason,Phetchaburi,"สุพรรณบุรี60,90",17576.0,571.0,both,-17005.0,17005.0
2018,inseason,Phetchaburi,หอมสุพรรณบุรี,0.0,0.0,both,0.0,0.0
2018,inseason,Phichit,กข15,169932.0,5549.0,both,-164383.0,164383.0
2018,inseason,Phichit,กข6,0.0,0.0,both,0.0,0.0
2018,inseason,Phichit,ขาวดอกมะลิ105,14034566.0,458370.0,both,-13576196.0,13576196.0
2018,inseason,Phichit,คลองหลวง1,0.0,0.0,both,0.0,0.0
2018,inseason,Phichit,ชัยนาท1,534384.0,17453.0,both,-516931.0,516931.0
2018,inseason,Phichit,ปทุมธานี1,270851.0,8846.0,both,-262005.0,262005.0
2018,inseason,Phichit,พันธุ์พื้นเมือง,921739.0,30103.0,both,-891636.0,891636.0
2018,inseason,Phichit,ราชการไม่ไวต่อช่วงแสง,31334380.0,1023382.0,both,-30310998.0,30310998.0
2018,inseason,Phichit,ราชการไวต่อช่วงแสง,2822810.0,92194.0,both,-2730616.0,2730616.0
2018,inseason,Phichit,สุพรรณบุรี1,2028261.0,66244.0,both,-1962017.0,1962017.0
2018,inseason,Phichit,"สุพรรณบุรี60,90",77710.0,2538.0,both,-75172.0,75172.0
2018,inseason,Phichit,หอมสุพรรณบุรี,55481.0,1812.0,both,-53669.0,53669.0
2018,inseason,Phitsanulok,กข15,122390.0,3977.0,both,-118413.0,118413.0
2018,inseason,Phitsanulok,กข6,1962600.0,63773.0,both,-1898827.0,1898827.0
2018,inseason,Phitsanulok,ขาวดอกมะลิ105,6674392.0,216884.0,both,-6457508.0,6457508.0
2018,inseason,Phitsanulok,คลองหลวง1,0.0,0.0,both,0.0,0.0
2018,inseason,Phitsanulok,ชัยนาท1,965420.0,31371.0,both,-934049.0,934049.0
2018,inseason,Phitsanulok,ปทุมธานี1,565140.0,18365.0,both,-546775.0,546775.0
2018,inseason,Phitsanulok,พันธุ์พื้นเมือง,781637.0,25399.0,both,-756238.0,756238.0
2018,inseason,Phitsanulok,ราชการไม่ไวต่อช่วงแสง,28319620.0,920238.0,both,-27399382.0,27399382.0
2018,inseason,Phitsanulok,ราชการไวต่อช่วงแสง,1601310.0,52034.0,both,-1549276.0,1549276.0
2018,inseason,Phitsanulok,สุพรรณบุรี1,1095227.0,35587.0,both,-1059640.0,1059640.0
2018,inseason,Phitsanulok,"สุพรรณบุรี60,90",255765.0,8312.0,both,-247453.0,247453.0
2018,inseason,Phitsanulok,หอมสุพรรณบุรี,0.0,0.0,both,0.0,0.0
2018,inseason,Phra Nakhon Si Ayutthaya,กข15,0.0,0.0,both,0.0,0.0
2018,inseason,Phra Nakhon Si Ayutthaya,กข6,0.0,0.0,both,0.0,0.0
2018,inseason,Phra Nakhon Si Ayutthaya,ขาวดอกมะลิ105,73011.0,2372.0,both,-70639.0,70639.0
2018,inseason,Phra Nakhon Si Ayutthaya,คลองหลวง1,0.0,0.0,both,0.0,0.0
2018,inseason,Phra Nakhon Si Ayutthaya,ชัยนาท1,146945.0,4773.0,both,-142172.0,142172.0
2018,inseason,Phra Nakhon Si Ayutthaya,ปทุมธานี1,1190493.0,38678.0,both,-1151815.0,1151815.0
2018,inseason,Phra Nakhon Si Ayutthaya,พันธุ์พื้นเมือง,454965.0,14779.0,both,-440186.0,440186.0
2018,inseason,Phra Nakhon Si Ayutthaya,ราชการไม่ไวต่อช่วงแสง,20781533.0,675154.0,both,-20106379.0,20106379.0
2018,inseason,Phra Nakhon Si Ayutthaya,ราชการไวต่อช่วงแสง,372720.0,12108.0,both,-360612.0,360612.0
2018,inseason,Phra Nakhon Si Ayutthaya,สุพรรณบุรี1,1243774.0,40409.0,both,-1203365.0,1203365.0
2018,inseason,Phra Nakhon Si Ayutthaya,"สุพรรณบุรี60,90",0.0,0.0,both,0.0,0.0
2018,inseason,Phra Nakhon Si Ayutthaya,หอมสุพรรณบุรี,0.0,0.0,both,0.0,0.0
2018,inseason,Phrae,กข15,47056.0,1531.0,both,-45525.0,45525.0
2018,inseason,Phrae,กข6,2071606.0,67402.0,both,-2004204.0,2004204.0
2018,inseason,Phrae,ขาวดอกมะลิ105,749782.0,24394.0,both,-725388.0,725388.0
2018,inseason,Phrae,คลองหลวง1,0.0,0.0,both,0.0,0.0
2018,inseason,Phrae,ชัยนาท1,0.0,0.0,both,0.0,0.0
2018,inseason,Phrae,ปทุมธานี1,0.0,0.0,both,0.0,0.0
2018,inseason,Phrae,พันธุ์พื้นเมือง,80157.0,2608.0,both,-77549.0,77549.0
2018,inseason,Phrae,ราชการไม่ไวต่อช่วงแสง,5351592.0,174120.0,both,-5177472.0,5177472.0
2018,inseason,Phrae,ราชการไวต่อช่วงแสง,857263.0,27891.0,both,-829372.0,829372.0
2018,inseason,Phrae,สุพรรณบุรี1,0.0,0.0,both,0.0,0.0
2018,inseason,Phrae,"สุพรรณบุรี60,90",0.0,0.0,both,0.0,0.0
2018,inseason,Phrae,หอมสุพรรณบุรี,0.0,0.0,both,0.0,0.0
2018,inseason,Phuket,กข15,0.0,0.0,both,0.0,0.0
2018,inseason,Phuket,กข6,0.0,0.0,both,0.0,0.0
2018,inseason,Phuket,ขาวดอกมะลิ105,0.0,0.0,both,0.0,0.0
2018,inseason,Phuket,คลองหลวง1,0.0,0.0,both,0.0,0.0
2018,inseason,Phuket,ชัยนาท1,0.0,0.0,both,0.0,0.0
2018,inseason,Phuket,ปทุมธานี1,791.0,26.0,both,-765.0,765.0
2018,inseason,Phuket,พันธุ์พื้นเมือง,0.0,0.0,both,0.0,0.0
2018,inseason,Phuket,ราชการไม่ไวต่อช่วงแสง,1157.0,38.0,both,-1119.0,1119.0
2018,inseason,Phuket,ราชการไวต่อช่วงแสง,0.0,0.0,both,0.0,0.0
2018,inseason,Phuket,สุพรรณบุรี1,0.0,0.0,both,0.0,0.0
2018,inseason,Phuket,"สุพรรณบุรี60,90",0.0,0.0,both,0.0,0.0
2018,inseason,Phuket,หอมสุพรรณบุรี,0.0,0.0,both,0.0,0.0
2018,inseason,Prachin Buri,กข15,0.0,0.0,both,0.0,0.0
2018,inseason,Prachin Buri,กข6,30169.0,980.0,both,-29189.0,29189.0
2018,inseason,Prachin Buri,ขาวดอกมะลิ105,2583486.0,83918.0,both,-2499568.0,2499568.0
2018,inseason,Prachin Buri,คลองหลวง1,0.0,0.0,both,0.0,0.0
2018,inseason,Prachin Buri,ชัยนาท1,10036.0,326.0,both,-9710.0,9710.0
2018,inseason,Prachin Buri,ปทุมธานี1,125542.0,4078.0,both,-121464.0,121464.0
2018,inseason,Prachin Buri,พันธุ์พื้นเมือง,1824818.0,59276.0,both,-1765542.0,1765542.0
2018,inseason,Prachin Buri,ราชการไม่ไวต่อช่วงแสง,4358032.0,141564.0,both,-4216468.0,4216468.0
2018,inseason,Prachin Buri,ราชการไวต่อช่วงแสง,2597894.0,84388.0,both,-2513506.0,2513506.0
2018,inseason,Prachin Buri,สุพรรณบุรี1,86876.0,2822.0,both,-84054.0,84054.0
2018,inseason,Prachin Buri,"สุพรรณบุรี60,90",112766.0,3662.0,both,-109104.0,109104.0
2018,inseason,Prachin Buri,หอมสุพรรณบุรี,0.0,0.0,both,0.0,0.0
2018,inseason,Prachuap Khiri Khan,กข15,0.0,0.0,both,0.0,0.0
2018,inseason,Prachuap Khiri Khan,กข6,0.0,0.0,both,0.0,0.0
2018,inseason,Prachuap Khiri Khan,ขาวดอกมะลิ105,40034.0,1300.0,both,-38734.0,38734.0
2018,inseason,Prachuap Khiri Khan,คลองหลวง1,0.0,0.0,both,0.0,0.0
2018,inseason,Prachuap Khiri Khan,ชัยนาท1,228407.0,7417.0,both,-220990.0,220990.0
2018,inseason,Prachuap Khiri Khan,ปทุมธานี1,183538.0,5959.0,both,-177579.0,177579.0
2018,inseason,Prachuap Khiri Khan,พันธุ์พื้นเมือง,11179.0,363.0,both,-10816.0,10816.0
2018,inseason,Prachuap Khiri Khan,ราชการไม่ไวต่อช่วงแสง,65593.0,2130.0,both,-63463.0,63463.0
2018,inseason,Prachuap Khiri Khan,ราชการไวต่อช่วงแสง,9608.0,312.0,both,-9296.0,9296.0
2018,inseason,Prachuap Khiri Khan,สุพรรณบุรี1,30949.0,1005.0,both,-29944.0,29944.0
2018,inseason,Prachuap Khiri Khan,"สุพรรณบุรี60,90",0.0,0.0,both,0.0,0.0
2018,inseason,Prachuap Khiri Khan,หอมสุพรรณบุรี,0.0,0.0,both,0.0,0.0
2018,inseason,Ranong,กข15,0.0,0.0,both,0.0,0.0
2018,inseason,Ranong,กข6,0.0,0.0,both,0.0,0.0
2018,inseason,Ranong,ขาวดอกมะลิ105,0.0,0.0,both,0.0,0.0
2018,inseason,Ranong,คลองหลวง1,0.0,0.0,both,0.0,0.0
2018,inseason,Ranong,ชัยนาท1,0.0,0.0,both,0.0,0.0
2018,inseason,Ranong,ปทุมธานี1,11676.0,378.0,both,-11298.0,11298.0
2018,inseason,Ranong,พันธุ์พื้นเมือง,2286.0,74.0,both,-2212.0,2212.0
2018,inseason,Ranong,ราชการไม่ไวต่อช่วงแสง,710.0,23.0,both,-687.0,687.0
2018,inseason,Ranong,ราชการไวต่อช่วงแสง,5869.0,190.0,both,-5679.0,5679.0
2018,inseason,Ranong,สุพรรณบุรี1,0.0,0.0,both,0.0,0.0
2018,inseason,Ranong,"สุพรรณบุรี60,90",0.0,0.0,both,0.0,0.0
2018,inseason,Ranong,หอมสุพรรณบุรี,0.0,0.0,both,0.0,0.0
2018,inseason,Ratchaburi,กข15,0.0,0.0,both,0.0,0.0
2018,inseason,Ratchaburi,กข6,0.0,0.0,both,0.0,0.0
2018,inseason,Ratchaburi,ขาวดอกมะลิ105,213956.0,6914.0,both,-207042.0,207042.0
2018,inseason,Ratchaburi,คลองหลวง1,0.0,0.0,both,0.0,0.0
2018,inseason,Ratchaburi,ชัยนาท1,321878.0,10400.0,both,-311478.0,311478.0
2018,inseason,Ratchaburi,ปทุมธานี1,889777.0,28751.0,both,-861026.0,861026.0
2018,inseason,Ratchaburi,พันธุ์พื้นเมือง,94118.0,3042.0,both,-91076.0,91076.0
2018,inseason,Ratchaburi,ราชการไม่ไวต่อช่วงแสง,1460956.0,47205.0,both,-1413751.0,1413751.0
2018,inseason,Ratchaburi,ราชการไวต่อช่วงแสง,117702.0,3803.0,both,-113899.0,113899.0
2018,inseason,Ratchaburi,สุพรรณบุรี1,4175256.0,134904.0,both,-4040352.0,4040352.0
2018,inseason,Ratchaburi,"สุพรรณบุรี60,90",31321.0,1011.0,both,-30310.0,30310.0
2018,inseason,Ratchaburi,หอมสุพรรณบุรี,6933.0,224.0,both,-6709.0,6709.0
2018,inseason,Rayong,กข15,0.0,0.0,both,0.0,0.0
2018,inseason,Rayong,กข6,0.0,0.0,both,0.0,0.0
2018,inseason,Rayong,ขาวดอกมะลิ105,75525.0,2457.0,both,-73068.0,73068.0
2018,inseason,Rayong,คลองหลวง1,0.0,0.0,both,0.0,0.0
2018,inseason,Rayong,ชัยนาท1,13156.0,428.0,both,-12728.0,12728.0
2018,inseason,Rayong,ปทุมธานี1,15892.0,517.0,both,-15375.0,15375.0
2018,inseason,Rayong,พันธุ์พื้นเมือง,19120.0,622.0,both,-18498.0,18498.0
2018,inseason,Rayong,ราชการไม่ไวต่อช่วงแสง,148652.0,4837.0,both,-143815.0,143815.0
2018,inseason,Rayong,ราชการไวต่อช่วงแสง,7592.0,247.0,both,-7345.0,7345.0
2018,inseason,Rayong,สุพรรณบุรี1,26835.0,873.0,both,-25962.0,25962.0
2018,inseason,Rayong,"สุพรรณบุรี60,90",27941.0,909.0,both,-27032.0,27032.0
2018,inseason,Rayong,หอมสุพรรณบุรี,0.0,0.0,both,0.0,0.0
2018,inseason,Roi Et,กข15,595228.0,19430.0,both,-575798.0,575798.0
2018,inseason,Roi Et,กข6,22365856.0,730125.0,both,-21635731.0,21635731.0
2018,inseason,Roi Et,ขาวดอกมะลิ105,69802516.0,2278677.0,both,-67523839.0,67523839.0
2018,inseason,Roi Et,คลองหลวง1,0.0,0.0,both,0.0,0.0
2018,inseason,Roi Et,ชัยนาท1,274747.0,8970.0,both,-265777.0,265777.0
2018,inseason,Roi Et,ปทุมธานี1,0.0,0.0,both,0.0,0.0
2018,inseason,Roi Et,พันธุ์พื้นเมือง,254437.0,8305.0,both,-246132.0,246132.0
2018,inseason,Roi Et,ราชการไม่ไวต่อช่วงแสง,313283.0,10227.0,both,-303056.0,303056.0
2018,inseason,Roi Et,ราชการไวต่อช่วงแสง,121796.0,3975.0,both,-117821.0,117821.0
2018,inseason,Roi Et,สุพรรณบุรี1,0.0,0.0,both,0.0,0.0
2018,inseason,Roi Et,"สุพรรณบุรี60,90",0.0,0.0,both,0.0,0.0
2018,inseason,Roi Et,หอมสุพรรณบุรี,0.0,0.0,both,0.0,0.0
2018,inseason,Sa kaeo,กข15,0.0,0.0,both,0.0,0.0
2018,inseason,Sa kaeo,กข6,388207.0,12710.0,both,-375497.0,375497.0
2018,inseason,Sa kaeo,ขาวดอกมะลิ105,19037356.0,623338.0,both,-18414018.0,18414018.0
2018,inseason,Sa kaeo,คลองหลวง1,0.0,0.0,both,0.0,0.0
2018,inseason,Sa kaeo,ชัยนาท1,0.0,0.0,both,0.0,0.0
2018,inseason,Sa kaeo,ปทุมธานี1,126745.0,4151.0,both,-122594.0,122594.0
2018,inseason,Sa kaeo,พันธุ์พื้นเมือง,239228.0,7832.0,both,-231396.0,231396.0
2018,inseason,Sa kaeo,ราชการไม่ไวต่อช่วงแสง,778155.0,25479.0,both,-752676.0,752676.0
2018,inseason,Sa kaeo,ราชการไวต่อช่วงแสง,1313020.0,42991.0,both,-1270029.0,1270029.0
2018,inseason,Sa kaeo,สุพรรณบุรี1,0.0,0.0,both,0.0,0.0
2018,inseason,Sa kaeo,"สุพรรณบุรี60,90",0.0,0.0,both,0.0,0.0
2018,inseason,Sa kaeo,หอมสุพรรณบุรี,0.0,0.0,both,0.0,0.0
2018,inseason,Sakon Nakhon,กข15,3480375.0,113422.0,both,-3366953.0,3366953.0
2018,inseason,Sakon Nakhon,กข6,46508152.0,1515657.0,both,-44992495.0,44992495.0
2018,inseason,Sakon Nakhon,ขาวดอกมะลิ105,13869396.0,451990.0,both,-13417406.0,13417406.0
2018,inseason,Sakon Nakhon,คลองหลวง1,0.0,0.0,both,0.0,0.0
2018,inseason,Sakon Nakhon,ชัยนาท1,0.0,0.0,both,0.0,0.0
2018,inseason,Sakon Nakhon,ปทุมธานี1,0.0,0.0,both,0.0,0.0
2018,inseason,Sakon Nakhon,พันธุ์พื้นเมือง,537758.0,17525.0,both,-520233.0,520233.0
2018,inseason,Sakon Nakhon,ราชการไม่ไวต่อช่วงแสง,1195188.0,38949.0,both,-1156239.0,1156239.0
2018,inseason,Sakon Nakhon,ราชการไวต่อช่วงแสง,407561.0,13281.0,both,-394280.0,394280.0
2018,inseason,Sakon Nakhon,สุพรรณบุรี1,0.0,0.0,both,0.0,0.0
2018,inseason,Sakon Nakhon,"สุพรรณบุรี60,90",0.0,0.0,both,0.0,0.0
2018,inseason,Sakon Nakhon,หอมสุพรรณบุรี,0.0,0.0,both,0.0,0.0
2018,inseason,Samut Prakarn,กข15,0.0,0.0,both,0.0,0.0
2018,inseason,Samut Prakarn,กข6,0.0,0.0,both,0.0,0.0
2018,inseason,Samut Prakarn,ขาวดอกมะลิ105,2001.0,65.0,both,-1936.0,1936.0
2018,inseason,Samut Prakarn,คลองหลวง1,0.0,0.0,both,0.0,0.0
2018,inseason,Samut Prakarn,ชัยนาท1,0.0,0.0,both,0.0,0.0
2018,inseason,Samut Prakarn,ปทุมธานี1,113241.0,3679.0,both,-109562.0,109562.0
2018,inseason,Samut Prakarn,พันธุ์พื้นเมือง,0.0,0.0,both,0.0,0.0
2018,inseason,Samut Prakarn,ราชการไม่ไวต่อช่วงแสง,405285.0,13166.0,both,-392119.0,392119.0
2018,inseason,Samut Prakarn,ราชการไวต่อช่วงแสง,27425.0,891.0,both,-26534.0,26534.0
2018,inseason,Samut Prakarn,สุพรรณบุรี1,0.0,0.0,both,0.0,0.0
2018,inseason,Samut Prakarn,"สุพรรณบุรี60,90",21515.0,699.0,both,-20816.0,20816.0
2018,inseason,Samut Prakarn,หอมสุพรรณบุรี,0.0,0.0,both,0.0,0.0
2018,inseason,Samut Sakhon,กข15,0.0,0.0,both,0.0,0.0
2018,inseason,Samut Sakhon,กข6,0.0,0.0,both,0.0,0.0
2018,inseason,Samut Sakhon,ขาวดอกมะลิ105,0.0,0.0,both,0.0,0.0
2018,inseason,Samut Sakhon,คลองหลวง1,0.0,0.0,both,0.0,0.0
2018,inseason,Samut Sakhon,ชัยนาท1,0.0,0.0,both,0.0,0.0
2018,inseason,Samut Sakhon,ปทุมธานี1,4506.0,147.0,both,-4359.0,4359.0
2018,inseason,Samut Sakhon,พันธุ์พื้นเมือง,0.0,0.0,both,0.0,0.0
2018,inseason,Samut Sakhon,ราชการไม่ไวต่อช่วงแสง,114972.0,3751.0,both,-111221.0,111221.0
2018,inseason,Samut Sakhon,ราชการไวต่อช่วงแสง,17931.0,585.0,both,-17346.0,17346.0
2018,inseason,Samut Sakhon,สุพรรณบุรี1,4843.0,158.0,both,-4685.0,4685.0
2018,inseason,Samut Sakhon,"สุพรรณบุรี60,90",0.0,0.0,both,0.0,0.0
2018,inseason,Samut Sakhon,หอมสุพรรณบุรี,0.0,0.0,both,0.0,0.0
2018,inseason,Samut Songkhram,กข15,0.0,0.0,both,0.0,0.0
2018,inseason,Samut Songkhram,กข6,0.0,0.0,both,0.0,0.0
2018,inseason,Samut Songkhram,ขาวดอกมะลิ105,0.0,0.0,both,0.0,0.0
2018,inseason,Samut Songkhram,คลองหลวง1,0.0,0.0,both,0.0,0.0
2018,inseason,Samut Songkhram,ชัยนาท1,3557.0,116.0,both,-3441.0,3441.0
2018,inseason,Samut Songkhram,ปทุมธานี1,1196.0,39.0,both,-1157.0,1157.0
2018,inseason,Samut Songkhram,พันธุ์พื้นเมือง,0.0,0.0,both,0.0,0.0
2018,inseason,Samut Songkhram,ราชการไม่ไวต่อช่วงแสง,47926.0,1563.0,both,-46363.0,46363.0
2018,inseason,Samut Songkhram,ราชการไวต่อช่วงแสง,0.0,0.0,both,0.0,0.0
2018,inseason,Samut Songkhram,สุพรรณบุรี1,15117.0,493.0,both,-14624.0,14624.0
2018,inseason,Samut Songkhram,"สุพรรณบุรี60,90",0.0,0.0,both,0.0,0.0
2018,inseason,Samut Songkhram,หอมสุพรรณบุรี,0.0,0.0,both,0.0,0.0
2018,inseason,Saraburi,กข15,0.0,0.0,both,0.0,0.0
2018,inseason,Saraburi,กข6,0.0,0.0,both,0.0,0.0
2018,inseason,Saraburi,ขาวดอกมะลิ105,248714.0,8087.0,both,-240627.0,240627.0
2018,inseason,Saraburi,คลองหลวง1,0.0,0.0,both,0.0,0.0
2018,inseason,Saraburi,ชัยนาท1,94133.0,3060.0,both,-91073.0,91073.0
2018,inseason,Saraburi,ปทุมธานี1,793054.0,25781.0,both,-767273.0,767273.0
2018,inseason,Saraburi,พันธุ์พื้นเมือง,95917.0,3118.0,both,-92799.0,92799.0
2018,inseason,Saraburi,ราชการไม่ไวต่อช่วงแสง,6678414.0,217097.0,both,-6461317.0,6461317.0
2018,inseason,Saraburi,ราชการไวต่อช่วงแสง,246468.0,8011.0,both,-238457.0,238457.0
2018,inseason,Saraburi,สุพรรณบุรี1,1866690.0,60681.0,both,-1806009.0,1806009.0
2018,inseason,Saraburi,"สุพรรณบุรี60,90",10059.0,326.0,both,-9733.0,9733.0
2018,inseason,Saraburi,หอมสุพรรณบุรี,0.0,0.0,both,0.0,0.0
2018,inseason,Satun,กข15,0.0,0.0,both,0.0,0.0
2018,inseason,Satun,กข6,0.0,0.0,both,0.0,0.0
2018,inseason,Satun,ขาวดอกมะลิ105,0.0,0.0,both,0.0,0.0
2018,inseason,Satun,คลองหลวง1,0.0,0.0,both,0.0,0.0
2018,inseason,Satun,ชัยนาท1,0.0,0.0,both,0.0,0.0
2018,inseason,Satun,ปทุมธานี1,36140.0,1183.0,both,-34957.0,34957.0
2018,inseason,Satun,พันธุ์พื้นเมือง,414560.0,13570.0,both,-400990.0,400990.0
2018,inseason,Satun,ราชการไม่ไวต่อช่วงแสง,128920.0,4220.0,both,-124700.0,124700.0
2018,inseason,Satun,ราชการไวต่อช่วงแสง,0.0,0.0,both,0.0,0.0
2018,inseason,Satun,สุพรรณบุรี1,0.0,0.0,both,0.0,0.0
2018,inseason,Satun,"สุพรรณบุรี60,90",0.0,0.0,both,0.0,0.0
2018,inseason,Satun,หอมสุพรรณบุรี,0.0,0.0,both,0.0,0.0
2018,inseason,Si Sa Ket,กข15,2653392.0,86248.0,both,-2567144.0,2567144.0
2018,inseason,Si Sa Ket,กข6,3934325.0,127884.0,both,-3806441.0,3806441.0
2018,inseason,Si Sa Ket,ขาวดอกมะลิ105,83095568.0,2700974.0,both,-80394594.0,80394594.0
2018,inseason,Si Sa Ket,คลองหลวง1,0.0,0.0,both,0.0,0.0
2018,inseason,Si Sa Ket,ชัยนาท1,255227.0,8296.0,both,-246931.0,246931.0
2018,inseason,Si Sa Ket,ปทุมธานี1,0.0,0.0,both,0.0,0.0
2018,inseason,Si Sa Ket,พันธุ์พื้นเมือง,732423.0,23807.0,both,-708616.0,708616.0
2018,inseason,Si Sa Ket,ราชการไม่ไวต่อช่วงแสง,124322.0,4040.0,both,-120282.0,120282.0
2018,inseason,Si Sa Ket,ราชการไวต่อช่วงแสง,1706198.0,55458.0,both,-1650740.0,1650740.0
2018,inseason,Si Sa Ket,สุพรรณบุรี1,0.0,0.0,both,0.0,0.0
2018,inseason,Si Sa Ket,"สุพรรณบุรี60,90",0.0,0.0,both,0.0,0.0
2018,inseason,Si Sa Ket,หอมสุพรรณบุรี,0.0,0.0,both,0.0,0.0
2018,inseason,Sing Buri,กข15,0.0,0.0,both,0.0,0.0
2018,inseason,Sing Buri,กข6,0.0,0.0,both,0.0,0.0
2018,inseason,Sing Buri,ขาวดอกมะลิ105,44716.0,1456.0,both,-43260.0,43260.0
2018,inseason,Sing Buri,คลองหลวง1,0.0,0.0,both,0.0,0.0
2018,inseason,Sing Buri,ชัยนาท1,0.0,0.0,both,0.0,0.0
2018,inseason,Sing Buri,ปทุมธานี1,2523190.0,82157.0,both,-2441033.0,2441033.0
2018,inseason,Sing Buri,พันธุ์พื้นเมือง,44408.0,1446.0,both,-42962.0,42962.0
2018,inseason,Sing Buri,ราชการไม่ไวต่อช่วงแสง,7286442.0,237254.0,both,-7049188.0,7049188.0
2018,inseason,Sing Buri,ราชการไวต่อช่วงแสง,2764.0,90.0,both,-2674.0,2674.0
2018,inseason,Sing Buri,สุพรรณบุรี1,336690.0,10964.0,both,-325726.0,325726.0
2018,inseason,Sing Buri,"สุพรรณบุรี60,90",0.0,0.0,both,0.0,0.0
2018,inseason,Sing Buri,หอมสุพรรณบุรี,0.0,0.0,both,0.0,0.0
2018,inseason,Songkhla,กข15,20755.0,393.0,both,-20362.0,20362.0
2018,inseason,Songkhla,กข6,0.0,0.0,both,0.0,0.0
2018,inseason,Songkhla,ขาวดอกมะลิ105,60148.0,1139.0,both,-59009.0,59009.0
2018,inseason,Songkhla,คลองหลวง1,0.0,0.0,both,0.0,0.0
2018,inseason,Songkhla,ชัยนาท1,249235.0,4722.0,both,-244513.0,244513.0
2018,inseason,Songkhla,ปทุมธานี1,1019620.0,19314.0,both,-1000306.0,1000306.0
2018,inseason,Songkhla,พันธุ์พื้นเมือง,1625416.0,30788.0,both,-1594628.0,1594628.0
2018,inseason,Songkhla,ราชการไม่ไวต่อช่วงแสง,2577746.0,48828.0,both,-2528918.0,2528918.0
2018,inseason,Songkhla,ราชการไวต่อช่วงแสง,636051.0,12048.0,both,-624003.0,624003.0
2018,inseason,Songkhla,สุพรรณบุรี1,0.0,0.0,both,0.0,0.0
2018,inseason,Songkhla,"สุพรรณบุรี60,90",1718.0,34.0,both,-1684.0,1684.0
2018,inseason,Songkhla,หอมสุพรรณบุรี,0.0,0.0,both,0.0,0.0
2018,inseason,Sukhothai,กข15,25981.0,847.0,both,-25134.0,25134.0
2018,inseason,Sukhothai,กข6,410081.0,13368.0,both,-396713.0,396713.0
2018,inseason,Sukhothai,ขาวดอกมะลิ105,2565730.0,83645.0,both,-2482085.0,2482085.0
2018,inseason,Sukhothai,คลองหลวง1,0.0,0.0,both,0.0,0.0
2018,inseason,Sukhothai,ชัยนาท1,455755.0,14857.0,both,-440898.0,440898.0
2018,inseason,Sukhothai,ปทุมธานี1,784979.0,25591.0,both,-759388.0,759388.0
2018,inseason,Sukhothai,พันธุ์พื้นเมือง,638940.0,20831.0,both,-618109.0,618109.0
2018,inseason,Sukhothai,ราชการไม่ไวต่อช่วงแสง,26024840.0,848434.0,both,-25176406.0,25176406.0
2018,inseason,Sukhothai,ราชการไวต่อช่วงแสง,128801.0,4198.0,both,-124603.0,124603.0
2018,inseason,Sukhothai,สุพรรณบุรี1,865284.0,28208.0,both,-837076.0,837076.0
2018,inseason,Sukhothai,"สุพรรณบุรี60,90",350328.0,11424.0,both,-338904.0,338904.0
2018,inseason,Sukhothai,หอมสุพรรณบุรี,20061.0,654.0,both,-19407.0,19407.0
2018,inseason,Suphan Buri,กข15,0.0,0.0,both,0.0,0.0
2018,inseason,Suphan Buri,กข6,0.0,0.0,both,0.0,0.0
2018,inseason,Suphan Buri,ขาวดอกมะลิ105,1747580.0,56765.0,both,-1690815.0,1690815.0
2018,inseason,Suphan Buri,คลองหลวง1,0.0,0.0,both,0.0,0.0
2018,inseason,Suphan Buri,ชัยนาท1,4372.0,142.0,both,-4230.0,4230.0
2018,inseason,Suphan Buri,ปทุมธานี1,4368505.0,141901.0,both,-4226604.0,4226604.0
2018,inseason,Suphan Buri,พันธุ์พื้นเมือง,43037.0,1398.0,both,-41639.0,41639.0
2018,inseason,Suphan Buri,ราชการไม่ไวต่อช่วงแสง,30229447.0,981949.0,both,-29247498.0,29247498.0
2018,inseason,Suphan Buri,ราชการไวต่อช่วงแสง,8558.0,278.0,both,-8280.0,8280.0
2018,inseason,Suphan Buri,สุพรรณบุรี1,496349.0,16123.0,both,-480226.0,480226.0
2018,inseason,Suphan Buri,"สุพรรณบุรี60,90",2863.0,93.0,both,-2770.0,2770.0
2018,inseason,Suphan Buri,หอมสุพรรณบุรี,0.0,0.0,both,0.0,0.0
2018,inseason,Surat Thani,กข15,0.0,0.0,both,0.0,0.0
2018,inseason,Surat Thani,กข6,0.0,0.0,both,0.0,0.0
2018,inseason,Surat Thani,ขาวดอกมะลิ105,15945.0,525.0,both,-15420.0,15420.0
2018,inseason,Surat Thani,คลองหลวง1,0.0,0.0,both,0.0,0.0
2018,inseason,Surat Thani,ชัยนาท1,0.0,0.0,both,0.0,0.0
2018,inseason,Surat Thani,ปทุมธานี1,136640.0,4499.0,both,-132141.0,132141.0
2018,inseason,Surat Thani,พันธุ์พื้นเมือง,15732.0,518.0,both,-15214.0,15214.0
2018,inseason,Surat Thani,ราชการไม่ไวต่อช่วงแสง,36263.0,1194.0,both,-35069.0,35069.0
2018,inseason,Surat Thani,ราชการไวต่อช่วงแสง,46316.0,1525.0,both,-44791.0,44791.0
2018,inseason,Surat Thani,สุพรรณบุรี1,0.0,0.0,both,0.0,0.0
2018,inseason,Surat Thani,"สุพรรณบุรี60,90",0.0,0.0,both,0.0,0.0
2018,inseason,Surat Thani,หอมสุพรรณบุรี,0.0,0.0,both,0.0,0.0
2018,inseason,Surin,กข15,22473700.0,732130.0,both,-21741570.0,21741570.0
2018,inseason,Surin,กข6,138962.0,4527.0,both,-134435.0,134435.0
2018,inseason,Surin,ขาวดอกมะลิ105,70350603.0,2291825.0,both,-68058778.0,68058778.0
2018,inseason,Surin,คลองหลวง1,0.0,0.0,both,0.0,0.0
2018,inseason,Surin,ชัยนาท1,0.0,0.0,both,0.0,0.0
2018,inseason,Surin,ปทุมธานี1,0.0,0.0,both,0.0,0.0
2018,inseason,Surin,พันธุ์พื้นเมือง,355586.0,11584.0,both,-344002.0,344002.0
2018,inseason,Surin,ราชการไม่ไวต่อช่วงแสง,35608.0,1160.0,both,-34448.0,34448.0
2018,inseason,Surin,ราชการไวต่อช่วงแสง,31218.0,1017.0,both,-30201.0,30201.0
2018,inseason,Surin,สุพรรณบุรี1,0.0,0.0,both,0.0,0.0
2018,inseason,Surin,"สุพรรณบุรี60,90",0.0,0.0,both,0.0,0.0
2018,inseason,Surin,หอมสุพรรณบุรี,0.0,0.0,both,0.0,0.0
2018,inseason,Tak,กข15,6985.0,227.0,both,-6758.0,6758.0
2018,inseason,Tak,กข6,591957.0,19238.0,both,-572719.0,572719.0
2018,inseason,Tak,ขาวดอกมะลิ105,3384999.0,110008.0,both,-3274991.0,3274991.0
2018,inseason,Tak,คลองหลวง1,0.0,0.0,both,0.0,0.0
2018,inseason,Tak,ชัยนาท1,278101.0,9038.0,both,-269063.0,269063.0
2018,inseason,Tak,ปทุมธานี1,317917.0,10331.0,both,-307586.0,307586.0
2018,inseason,Tak,พันธุ์พื้นเมือง,3435770.0,111660.0,both,-3324110.0,3324110.0
2018,inseason,Tak,ราชการไม่ไวต่อช่วงแสง,1422568.0,46233.0,both,-1376335.0,1376335.0
2018,inseason,Tak,ราชการไวต่อช่วงแสง,348473.0,11327.0,both,-337146.0,337146.0
2018,inseason,Tak,สุพรรณบุรี1,77418.0,2516.0,both,-74902.0,74902.0
2018,inseason,Tak,"สุพรรณบุรี60,90",6708.0,218.0,both,-6490.0,6490.0
2018,inseason,Tak,หอมสุพรรณบุรี,4616.0,150.0,both,-4466.0,4466.0
2018,inseason,Trang,กข15,0.0,0.0,both,0.0,0.0
2018,inseason,Trang,กข6,0.0,0.0,both,0.0,0.0
2018,inseason,Trang,ขาวดอกมะลิ105,0.0,0.0,both,0.0,0.0
2018,inseason,Trang,คลองหลวง1,0.0,0.0,both,0.0,0.0
2018,inseason,Trang,ชัยนาท1,0.0,0.0,both,0.0,0.0
2018,inseason,Trang,ปทุมธานี1,3375.0,110.0,both,-3265.0,3265.0
2018,inseason,Trang,พันธุ์พื้นเมือง,195423.0,6371.0,both,-189052.0,189052.0
2018,inseason,Trang,ราชการไม่ไวต่อช่วงแสง,50712.0,1653.0,both,-49059.0,49059.0
2018,inseason,Trang,ราชการไวต่อช่วงแสง,0.0,0.0,both,0.0,0.0
2018,inseason,Trang,สุพรรณบุรี1,0.0,0.0,both,0.0,0.0
2018,inseason,Trang,"สุพรรณบุรี60,90",0.0,0.0,both,0.0,0.0
2018,inseason,Trang,หอมสุพรรณบุรี,0.0,0.0,both,0.0,0.0
2018,inseason,Trat,กข15,0.0,0.0,both,0.0,0.0
2018,inseason,Trat,กข6,0.0,0.0,both,0.0,0.0
2018,inseason,Trat,ขาวดอกมะลิ105,312655.0,10191.0,both,-302464.0,302464.0
2018,inseason,Trat,คลองหลวง1,0.0,0.0,both,0.0,0.0
2018,inseason,Trat,ชัยนาท1,2055.0,67.0,both,-1988.0,1988.0
2018,inseason,Trat,ปทุมธานี1,53070.0,1730.0,both,-51340.0,51340.0
2018,inseason,Trat,พันธุ์พื้นเมือง,18375.0,599.0,both,-17776.0,17776.0
2018,inseason,Trat,ราชการไม่ไวต่อช่วงแสง,40738.0,1328.0,both,-39410.0,39410.0
2018,inseason,Trat,ราชการไวต่อช่วงแสง,18345.0,598.0,both,-17747.0,17747.0
2018,inseason,Trat,สุพรรณบุรี1,0.0,0.0,both,0.0,0.0
2018,inseason,Trat,"สุพรรณบุรี60,90",0.0,0.0,both,0.0,0.0
2018,inseason,Trat,หอมสุพรรณบุรี,0.0,0.0,both,0.0,0.0
2018,inseason,Ubon Ratchathani,กข15,16957530.0,550776.0,both,-16406754.0,16406754.0
2018,inseason,Ubon Ratchathani,กข6,27517131.0,893750.0,both,-26623381.0,26623381.0
2018,inseason,Ubon Ratchathani,ขาวดอกมะลิ105,69208702.0,2247879.0,both,-66960823.0,66960823.0
2018,inseason,Ubon Ratchathani,คลองหลวง1,0.0,0.0,both,0.0,0.0
2018,inseason,Ubon Ratchathani,ชัยนาท1,0.0,0.0,both,0.0,0.0
2018,inseason,Ubon Ratchathani,ปทุมธานี1,0.0,0.0,both,0.0,0.0
2018,inseason,Ubon Ratchathani,พันธุ์พื้นเมือง,1414882.0,45954.0,both,-1368928.0,1368928.0
2018,inseason,Ubon Ratchathani,ราชการไม่ไวต่อช่วงแสง,567739.0,18442.0,both,-549297.0,549297.0
2018,inseason,Ubon Ratchathani,ราชการไวต่อช่วงแสง,5147118.0,167178.0,both,-4979940.0,4979940.0
2018,inseason,Ubon Ratchathani,สุพรรณบุรี1,0.0,0.0,both,0.0,0.0
2018,inseason,Ubon Ratchathani,"สุพรรณบุรี60,90",0.0,0.0,both,0.0,0.0
2018,inseason,Ubon Ratchathani,หอมสุพรรณบุรี,18966.0,616.0,both,-18350.0,18350.0
2018,inseason,Udon Thani,กข15,2430969.0,79077.0,both,-2351892.0,2351892.0
2018,inseason,Udon Thani,กข6,40270506.0,1309943.0,both,-38960563.0,38960563.0
2018,inseason,Udon Thani,ขาวดอกมะลิ105,9822557.0,319515.0,both,-9503042.0,9503042.0
2018,inseason,Udon Thani,คลองหลวง1,0.0,0.0,both,0.0,0.0
2018,inseason,Udon Thani,ชัยนาท1,0.0,0.0,both,0.0,0.0
2018,inseason,Udon Thani,ปทุมธานี1,4304.0,140.0,both,-4164.0,4164.0
2018,inseason,Udon Thani,พันธุ์พื้นเมือง,527474.0,17157.0,both,-510317.0,510317.0
2018,inseason,Udon Thani,ราชการไม่ไวต่อช่วงแสง,309389.0,10063.0,both,-299326.0,299326.0
2018,inseason,Udon Thani,ราชการไวต่อช่วงแสง,727514.0,23665.0,both,-703849.0,703849.0
2018,inseason,Udon Thani,สุพรรณบุรี1,0.0,0.0,both,0.0,0.0
2018,inseason,Udon Thani,"สุพรรณบุรี60,90",0.0,0.0,both,0.0,0.0
2018,inseason,Udon Thani,หอมสุพรรณบุรี,0.0,0.0,both,0.0,0.0
2018,inseason,Uthai Thani,กข15,0.0,0.0,both,0.0,0.0
2018,inseason,Uthai Thani,กข6,33337.0,1084.0,both,-32253.0,32253.0
2018,inseason,Uthai Thani,ขาวดอกมะลิ105,487478.0,15851.0,both,-471627.0,471627.0
2018,inseason,Uthai Thani,คลองหลวง1,0.0,0.0,both,0.0,0.0
2018,inseason,Uthai Thani,ชัยนาท1,761341.0,24754.0,both,-736587.0,736587.0
2018,inseason,Uthai Thani,ปทุมธานี1,1211545.0,39396.0,both,-1172149.0,1172149.0
2018,inseason,Uthai Thani,พันธุ์พื้นเมือง,134671.0,4379.0,both,-130292.0,130292.0
2018,inseason,Uthai Thani,ราชการไม่ไวต่อช่วงแสง,12747102.0,414489.0,both,-12332613.0,12332613.0
2018,inseason,Uthai Thani,ราชการไวต่อช่วงแสง,243539.0,7920.0,both,-235619.0,235619.0
2018,inseason,Uthai Thani,สุพรรณบุรี1,197901.0,6435.0,both,-191466.0,191466.0
2018,inseason,Uthai Thani,"สุพรรณบุรี60,90",0.0,0.0,both,0.0,0.0
2018,inseason,Uthai Thani,หอมสุพรรณบุรี,18667.0,607.0,both,-18060.0,18060.0
2018,inseason,Uttaradit,กข15,0.0,0.0,both,0.0,0.0
2018,inseason,Uttaradit,กข6,1063167.0,34517.0,both,-1028650.0,1028650.0
2018,inseason,Uttaradit,ขาวดอกมะลิ105,1535997.0,49868.0,both,-1486129.0,1486129.0
2018,inseason,Uttaradit,คลองหลวง1,0.0,0.0,both,0.0,0.0
2018,inseason,Uttaradit,ชัยนาท1,36777.0,1194.0,both,-35583.0,35583.0
2018,inseason,Uttaradit,ปทุมธานี1,4938428.0,160331.0,both,-4778097.0,4778097.0
2018,inseason,Uttaradit,พันธุ์พื้นเมือง,286051.0,9286.0,both,-276765.0,276765.0
2018,inseason,Uttaradit,ราชการไม่ไวต่อช่วงแสง,7969396.0,258736.0,both,-7710660.0,7710660.0
2018,inseason,Uttaradit,ราชการไวต่อช่วงแสง,374605.0,12161.0,both,-362444.0,362444.0
2018,inseason,Uttaradit,สุพรรณบุรี1,1568770.0,50930.0,both,-1517840.0,1517840.0
2018,inseason,Uttaradit,"สุพรรณบุรี60,90",123914.0,4024.0,both,-119890.0,119890.0
2018,inseason,Uttaradit,หอมสุพรรณบุรี,40842.0,1325.0,both,-39517.0,39517.0
2018,inseason,Yala,กข15,0.0,0.0,both,0.0,0.0
2018,inseason,Yala,กข6,0.0,0.0,both,0.0,0.0
2018,inseason,Yala,ขาวดอกมะลิ105,0.0,0.0,both,0.0,0.0
2018,inseason,Yala,คลองหลวง1,0.0,0.0,both,0.0,0.0
2018,inseason,Yala,ชัยนาท1,0.0,0.0,both,0.0,0.0
2018,inseason,Yala,ปทุมธานี1,0.0,0.0,both,0.0,0.0
2018,inseason,Yala,พันธุ์พื้นเมือง,698650.0,15873.0,both,-682777.0,682777.0
2018,inseason,Yala,ราชการไม่ไวต่อช่วงแสง,38670.0,879.0,both,-37791.0,37791.0
2018,inseason,Yala,ราชการไวต่อช่วงแสง,27648.0,629.0,both,-27019.0,27019.0
2018,inseason,Yala,สุพรรณบุรี1,0.0,0.0,both,0.0,0.0
2018,inseason,Yala,"สุพรรณบุรี60,90",0.0,0.0,both,0.0,0.0
2018,inseason,Yala,หอมสุพรรณบุรี,0.0,0.0,both,0.0,0.0
2018,inseason,Yasothon,กข15,1547980.0,50465.0,both,-1497515.0,1497515.0
2018,inseason,Yasothon,กข6,12077272.0,393718.0,both,-11683554.0,11683554.0
2018,inseason,Yasothon,ขาวดอกมะลิ105,26048814.0,849189.0,both,-25199625.0,25199625.0
2018,inseason,Yasothon,คลองหลวง1,0.0,0.0,both,0.0,0.0
2018,inseason,Yasothon,ชัยนาท1,86350.0,2815.0,both,-83535.0,83535.0
2018,inseason,Yasothon,ปทุมธานี1,0.0,0.0,both,0.0,0.0
2018,inseason,Yasothon,พันธุ์พื้นเมือง,316657.0,10322.0,both,-306335.0,306335.0
2018,inseason,Yasothon,ราชการไม่ไวต่อช่วงแสง,259786.0,8469.0,both,-251317.0,251317.0
2018,inseason,Yasothon,ราชการไวต่อช่วงแสง,524265.0,17090.0,both,-507175.0,507175.0
2018,inseason,Yasothon,สุพรรณบุรี1,0.0,0.0,both,0.0,0.0
2018,inseason,Yasothon,"สุพรรณบุรี60,90",0.0,0.0,both,0.0,0.0
2018,inseason,Yasothon,หอมสุพรรณบุรี,0.0,0.0,both,0.0,0.0
2018,offseason,Amnat Charoen,กข10,7560.0,155.0,both,-7405.0,7405.0
2018,offseason,Amnat Charoen,กขไม่ไวต่อช่วงแสง,7560.0,156.0,both,-7404.0,7404.0
2018,offseason,Amnat Charoen,"ชัยนาท1,2",14906.0,306.0,both,-14600.0,14600.0
2018,offseason,Amnat Charoen,ปทุมธานี1,2304.0,46.0,both,-2258.0,2258.0
2018,offseason,Amnat Charoen,"พิษณุโลก2,60-2",0.0,0.0,both,0.0,0.0
2018,offseason,Amnat Charoen,ราชการไม่ไวต่อช่วงแสง,18348.0,376.0,both,-17972.0,17972.0
2018,offseason,Amnat Charoen,สุพรรณบุรี1,0.0,0.0,both,0.0,0.0
2018,offseason,Amnat Charoen,"สุพรรณบุรี60,90",0.0,0.0,both,0.0,0.0
2018,offseason,Amnat Charoen,หอมสุพรรณบุรี,0.0,0.0,both,0.0,0.0
2018,offseason,Ang Thong,กข10,0.0,0.0,both,0.0,0.0
2018,offseason,Ang Thong,กขไม่ไวต่อช่วงแสง,6059633.0,210870.0,both,-5848763.0,5848763.0
2018,offseason,Ang Thong,"ชัยนาท1,2",0.0,0.0,both,0.0,0.0
2018,offseason,Ang Thong,ปทุมธานี1,2024316.0,70444.0,both,-1953872.0,1953872.0
2018,offseason,Ang Thong,"พิษณุโลก2,60-2",114282.0,3977.0,both,-110305.0,110305.0
2018,offseason,Ang Thong,ราชการไม่ไวต่อช่วงแสง,47997.0,1670.0,both,-46327.0,46327.0
2018,offseason,Ang Thong,สุพรรณบุรี1,45097.0,1569.0,both,-43528.0,43528.0
2018,offseason,Ang Thong,"สุพรรณบุรี60,90",0.0,0.0,both,0.0,0.0
2018,offseason,Ang Thong,หอมสุพรรณบุรี,0.0,0.0,both,0.0,0.0
2018,offseason,Bangkok,กข10,0.0,0.0,both,0.0,0.0
2018,offseason,Bangkok,กขไม่ไวต่อช่วงแสง,2163423.0,63873.0,both,-2099550.0,2099550.0
2018,offseason,Bangkok,"ชัยนาท1,2",0.0,0.0,both,0.0,0.0
2018,offseason,Bangkok,ปทุมธานี1,592061.0,17478.0,both,-574583.0,574583.0
2018,offseason,Bangkok,"พิษณุโลก2,60-2",144810.0,4275.0,both,-140535.0,140535.0
2018,offseason,Bangkok,ราชการไม่ไวต่อช่วงแสง,153509.0,4531.0,both,-148978.0,148978.0
2018,offseason,Bangkok,สุพรรณบุรี1,33398.0,986.0,both,-32412.0,32412.0
2018,offseason,Bangkok,"สุพรรณบุรี60,90",0.0,0.0,both,0.0,0.0
2018,offseason,Bangkok,หอมสุพรรณบุรี,0.0,0.0,both,0.0,0.0
2018,offseason,Bueng Kan,กข10,140929.0,4581.0,both,-136348.0,136348.0
2018,offseason,Bueng Kan,กขไม่ไวต่อช่วงแสง,66999.0,2177.0,both,-64822.0,64822.0
2018,offseason,Bueng Kan,"ชัยนาท1,2",6472.0,210.0,both,-6262.0,6262.0
2018,offseason,Bueng Kan,ปทุมธานี1,15224.0,495.0,both,-14729.0,14729.0
2018,offseason,Bueng Kan,"พิษณุโลก2,60-2",0.0,0.0,both,0.0,0.0
2018,offseason,Bueng Kan,ราชการไม่ไวต่อช่วงแสง,77229.0,2511.0,both,-74718.0,74718.0
2018,offseason,Bueng Kan,สุพรรณบุรี1,0.0,0.0,both,0.0,0.0
2018,offseason,Bueng Kan,"สุพรรณบุรี60,90",0.0,0.0,both,0.0,0.0
2018,offseason,Bueng Kan,หอมสุพรรณบุรี,0.0,0.0,both,0.0,0.0
2018,offseason,Buri Ram,กข10,13038.0,645.0,both,-12393.0,12393.0
2018,offseason,Buri Ram,กขไม่ไวต่อช่วงแสง,114208.0,5647.0,both,-108561.0,108561.0
2018,offseason,Buri Ram,"ชัยนาท1,2",584562.0,28907.0,both,-555655.0,555655.0
2018,offseason,Buri Ram,ปทุมธานี1,83346.0,4121.0,both,-79225.0,79225.0
2018,offseason,Buri Ram,"พิษณุโลก2,60-2",0.0,0.0,both,0.0,0.0
2018,offseason,Buri Ram,ราชการไม่ไวต่อช่วงแสง,115172.0,5694.0,both,-109478.0,109478.0
2018,offseason,Buri Ram,สุพรรณบุรี1,0.0,0.0,both,0.0,0.0
2018,offseason,Buri Ram,"สุพรรณบุรี60,90",0.0,0.0,both,0.0,0.0
2018,offseason,Buri Ram,หอมสุพรรณบุรี,0.0,0.0,both,0.0,0.0
2018,offseason,Chachoengsao,กข10,0.0,0.0,both,0.0,0.0
2018,offseason,Chachoengsao,กขไม่ไวต่อช่วงแสง,8300075.0,270371.0,both,-8029704.0,8029704.0
2018,offseason,Chachoengsao,"ชัยนาท1,2",0.0,0.0,both,0.0,0.0
2018,offseason,Chachoengsao,ปทุมธานี1,693620.0,22595.0,both,-671025.0,671025.0
2018,offseason,Chachoengsao,"พิษณุโลก2,60-2",1787239.0,58218.0,both,-1729021.0,1729021.0
2018,offseason,Chachoengsao,ราชการไม่ไวต่อช่วงแสง,428102.0,13947.0,both,-414155.0,414155.0
2018,offseason,Chachoengsao,สุพรรณบุรี1,357919.0,11659.0,both,-346260.0,346260.0
2018,offseason,Chachoengsao,"สุพรรณบุรี60,90",268325.0,8740.0,both,-259585.0,259585.0
2018,offseason,Chachoengsao,หอมสุพรรณบุรี,0.0,0.0,both,0.0,0.0
2018,offseason,Chai Nat,กข10,0.0,0.0,both,0.0,0.0
2018,offseason,Chai Nat,กขไม่ไวต่อช่วงแสง,12954521.0,417568.0,both,-12536953.0,12536953.0
2018,offseason,Chai Nat,"ชัยนาท1,2",33733.0,1087.0,both,-32646.0,32646.0
2018,offseason,Chai Nat,ปทุมธานี1,3035341.0,97839.0,both,-2937502.0,2937502.0
2018,offseason,Chai Nat,"พิษณุโลก2,60-2",15184.0,489.0,both,-14695.0,14695.0
2018,offseason,Chai Nat,ราชการไม่ไวต่อช่วงแสง,24031.0,775.0,both,-23256.0,23256.0
2018,offseason,Chai Nat,สุพรรณบุรี1,60334.0,1944.0,both,-58390.0,58390.0
2018,offseason,Chai Nat,"สุพรรณบุรี60,90",0.0,0.0,both,0.0,0.0
2018,offseason,Chai Nat,หอมสุพรรณบุรี,0.0,0.0,both,0.0,0.0
2018,offseason,Chaiyaphum,กข10,483134.0,16120.0,both,-467014.0,467014.0
2018,offseason,Chaiyaphum,กขไม่ไวต่อช่วงแสง,271781.0,9066.0,both,-262715.0,262715.0
2018,offseason,Chaiyaphum,"ชัยนาท1,2",175653.0,5862.0,both,-169791.0,169791.0
2018,offseason,Chaiyaphum,ปทุมธานี1,40686.0,1358.0,both,-39328.0,39328.0
2018,offseason,Chaiyaphum,"พิษณุโลก2,60-2",143714.0,4795.0,both,-138919.0,138919.0
2018,offseason,Chaiyaphum,ราชการไม่ไวต่อช่วงแสง,358853.0,11973.0,both,-346880.0,346880.0
2018,offseason,Chaiyaphum,สุพรรณบุรี1,203961.0,6806.0,both,-197155.0,197155.0
2018,offseason,Chaiyaphum,"สุพรรณบุรี60,90",102041.0,3405.0,both,-98636.0,98636.0
2018,offseason,Chaiyaphum,หอมสุพรรณบุรี,0.0,0.0,both,0.0,0.0
2018,offseason,Chanthaburi,กข10,0.0,0.0,both,0.0,0.0
2018,offseason,Chanthaburi,กขไม่ไวต่อช่วงแสง,0.0,0.0,both,0.0,0.0
2018,offseason,Chanthaburi,"ชัยนาท1,2",0.0,0.0,both,0.0,0.0
2018,offseason,Chanthaburi,ปทุมธานี1,0.0,0.0,both,0.0,0.0
2018,offseason,Chanthaburi,"พิษณุโลก2,60-2",0.0,0.0,both,0.0,0.0
2018,offseason,Chanthaburi,ราชการไม่ไวต่อช่วงแสง,0.0,0.0,both,0.0,0.0
2018,offseason,Chanthaburi,สุพรรณบุรี1,0.0,0.0,both,0.0,0.0
2018,offseason,Chanthaburi,"สุพรรณบุรี60,90",0.0,0.0,both,0.0,0.0
2018,offseason,Chanthaburi,หอมสุพรรณบุรี,0.0,0.0,both,0.0,0.0
2018,offseason,Chiang Mai,กข10,28400.0,958.0,both,-27442.0,27442.0
2018,offseason,Chiang Mai,กขไม่ไวต่อช่วงแสง,81044.0,2734.0,both,-78310.0,78310.0
2018,offseason,Chiang Mai,"ชัยนาท1,2",0.0,0.0,both,0.0,0.0
2018,offseason,Chiang Mai,ปทุมธานี1,0.0,0.0,both,0.0,0.0
2018,offseason,Chiang Mai,"พิษณุโลก2,60-2",0.0,0.0,both,0.0,0.0
2018,offseason,Chiang Mai,ราชการไม่ไวต่อช่วงแสง,3751563.0,126488.0,both,-3625075.0,3625075.0
2018,offseason,Chiang Mai,สุพรรณบุรี1,0.0,0.0,both,0.0,0.0
2018,offseason,Chiang Mai,"สุพรรณบุรี60,90",0.0,0.0,both,0.0,0.0
2018,offseason,Chiang Mai,หอมสุพรรณบุรี,0.0,0.0,both,0.0,0.0
2018,offseason,Chiang Rai,กข10,481468.0,15792.0,both,-465676.0,465676.0
2018,offseason,Chiang Rai,กขไม่ไวต่อช่วงแสง,783529.0,25700.0,both,-757829.0,757829.0
2018,offseason,Chiang Rai,"ชัยนาท1,2",0.0,0.0,both,0.0,0.0
2018,offseason,Chiang Rai,ปทุมธานี1,1416964.0,46479.0,both,-1370485.0,1370485.0
2018,offseason,Chiang Rai,"พิษณุโลก2,60-2",3299819.0,108237.0,both,-3191582.0,3191582.0
2018,offseason,Chiang Rai,ราชการไม่ไวต่อช่วงแสง,5211169.0,170931.0,both,-5040238.0,5040238.0
2018,offseason,Chiang Rai,สุพรรณบุรี1,1143762.0,37517.0,both,-1106245.0,1106245.0
2018,offseason,Chiang Rai,"สุพรรณบุรี60,90",0.0,0.0,both,0.0,0.0
2018,offseason,Chiang Rai,หอมสุพรรณบุรี,0.0,0.0,both,0.0,0.0
2018,offseason,Chon Buri,กข10,0.0,0.0,both,0.0,0.0
2018,offseason,Chon Buri,กขไม่ไวต่อช่วงแสง,807446.0,25149.0,both,-782297.0,782297.0
2018,offseason,Chon Buri,"ชัยนาท1,2",20784.0,648.0,both,-20136.0,20136.0
2018,offseason,Chon Buri,ปทุมธานี1,55142.0,1720.0,both,-53422.0,53422.0
2018,offseason,Chon Buri,"พิษณุโลก2,60-2",47839.0,1491.0,both,-46348.0,46348.0
2018,offseason,Chon Buri,ราชการไม่ไวต่อช่วงแสง,172755.0,5380.0,both,-167375.0,167375.0
2018,offseason,Chon Buri,สุพรรณบุรี1,16633.0,516.0,both,-16117.0,16117.0
2018,offseason,Chon Buri,"สุพรรณบุรี60,90",81741.0,2547.0,both,-79194.0,79194.0
2018,offseason,Chon Buri,หอมสุพรรณบุรี,0.0,0.0,both,0.0,0.0
2018,offseason,Chumphon,กข10,0.0,0.0,both,0.0,0.0
2018,offseason,Chumphon,กขไม่ไวต่อช่วงแสง,0.0,0.0,both,0.0,0.0
2018,offseason,Chumphon,"ชัยนาท1,2",2727.0,98.0,both,-2629.0,2629.0
2018,offseason,Chumphon,ปทุมธานี1,14471.0,512.0,both,-13959.0,13959.0
2018,offseason,Chumphon,"พิษณุโลก2,60-2",0.0,0.0,both,0.0,0.0
2018,offseason,Chumphon,ราชการไม่ไวต่อช่วงแสง,3383.0,119.0,both,-3264.0,3264.0
2018,offseason,Chumphon,สุพรรณบุรี1,0.0,0.0,both,0.0,0.0
2018,offseason,Chumphon,"สุพรรณบุรี60,90",0.0,0.0,both,0.0,0.0
2018,offseason,Chumphon,หอมสุพรรณบุรี,0.0,0.0,both,0.0,0.0
2018,offseason,Kalasin,กข10,1939525.0,60481.0,both,-1879044.0,1879044.0
2018,offseason,Kalasin,กขไม่ไวต่อช่วงแสง,3000098.0,93552.0,both,-2906546.0,2906546.0
2018,offseason,Kalasin,"ชัยนาท1,2",851568.0,26555.0,both,-825013.0,825013.0
2018,offseason,Kalasin,ปทุมธานี1,3994.0,123.0,both,-3871.0,3871.0
2018,offseason,Kalasin,"พิษณุโลก2,60-2",1025508.0,31978.0,both,-993530.0,993530.0
2018,offseason,Kalasin,ราชการไม่ไวต่อช่วงแสง,1803076.0,56225.0,both,-1746851.0,1746851.0
2018,offseason,Kalasin,สุพรรณบุรี1,0.0,0.0,both,0.0,0.0
2018,offseason,Kalasin,"สุพรรณบุรี60,90",0.0,0.0,both,0.0,0.0
2018,offseason,Kalasin,หอมสุพรรณบุรี,0.0,0.0,both,0.0,0.0
2018,offseason,Kamphaeng Phet,กข10,0.0,0.0,both,0.0,0.0
2018,offseason,Kamphaeng Phet,กขไม่ไวต่อช่วงแสง,14513723.0,545407.0,both,-13968316.0,13968316.0
2018,offseason,Kamphaeng Phet,"ชัยนาท1,2",56292.0,2116.0,both,-54176.0,54176.0
2018,offseason,Kamphaeng Phet,ปทุมธานี1,45568.0,1712.0,both,-43856.0,43856.0
2018,offseason,Kamphaeng Phet,"พิษณุโลก2,60-2",2191078.0,82339.0,both,-2108739.0,2108739.0
2018,offseason,Kamphaeng Phet,ราชการไม่ไวต่อช่วงแสง,1227285.0,46120.0,both,-1181165.0,1181165.0
2018,offseason,Kamphaeng Phet,สุพรรณบุรี1,563509.0,21177.0,both,-542332.0,542332.0
2018,offseason,Kamphaeng Phet,"สุพรรณบุรี60,90",108162.0,4066.0,both,-104096.0,104096.0
2018,offseason,Kamphaeng Phet,หอมสุพรรณบุรี,0.0,0.0,both,0.0,0.0
2018,offseason,Kanchanaburi,กข10,0.0,0.0,both,0.0,0.0
2018,offseason,Kanchanaburi,กขไม่ไวต่อช่วงแสง,1052584.0,34353.0,both,-1018231.0,1018231.0
2018,offseason,Kanchanaburi,"ชัยนาท1,2",38770.0,1267.0,both,-37503.0,37503.0
2018,offseason,Kanchanaburi,ปทุมธานี1,2214005.0,72258.0,both,-2141747.0,2141747.0
2018,offseason,Kanchanaburi,"พิษณุโลก2,60-2",0.0,0.0,both,0.0,0.0
2018,offseason,Kanchanaburi,ราชการไม่ไวต่อช่วงแสง,28657.0,935.0,both,-27722.0,27722.0
2018,offseason,Kanchanaburi,สุพรรณบุรี1,2321827.0,75777.0,both,-2246050.0,2246050.0
2018,offseason,Kanchanaburi,"สุพรรณบุรี60,90",0.0,0.0,both,0.0,0.0
2018,offseason,Kanchanaburi,หอมสุพรรณบุรี,0.0,0.0,both,0.0,0.0
2018,offseason,Khon Kaen,กข10,1401346.0,45428.0,both,-1355918.0,1355918.0
2018,offseason,Khon Kaen,กขไม่ไวต่อช่วงแสง,437101.0,14170.0,both,-422931.0,422931.0
2018,offseason,Khon Kaen,"ชัยนาท1,2",560003.0,18153.0,both,-541850.0,541850.0
2018,offseason,Khon Kaen,ปทุมธานี1,52583.0,1704.0,both,-50879.0,50879.0
2018,offseason,Khon Kaen,"พิษณุโลก2,60-2",1663353.0,53923.0,both,-1609430.0,1609430.0
2018,offseason,Khon Kaen,ราชการไม่ไวต่อช่วงแสง,304019.0,9855.0,both,-294164.0,294164.0
2018,offseason,Khon Kaen,สุพรรณบุรี1,11806.0,383.0,both,-11423.0,11423.0
2018,offseason,Khon Kaen,"สุพรรณบุรี60,90",0.0,0.0,both,0.0,0.0
2018,offseason,Khon Kaen,หอมสุพรรณบุรี,0.0,0.0,both,0.0,0.0
2018,offseason,Krabi,กข10,0.0,,left_only,0.0,0.0
2018,offseason,Krabi,กขไม่ไวต่อช่วงแสง,0.0,,left_only,0.0,0.0
2018,offseason,Krabi,"ชัยนาท1,2",0.0,,left_only,0.0,0.0
2018,offseason,Krabi,ปทุมธานี1,0.0,,left_only,0.0,0.0
2018,offseason,Krabi,"พิษณุโลก2,60-2",0.0,,left_only,0.0,0.0
2018,offseason,Krabi,ราชการไม่ไวต่อช่วงแสง,0.0,,left_only,0.0,0.0
2018,offseason,Krabi,สุพรรณบุรี1,0.0,,left_only,0.0,0.0
2018,offseason,Krabi,"สุพรรณบุรี60,90",0.0,,left_only,0.0,0.0
2018,offseason,Krabi,หอมสุพรรณบุรี,0.0,,left_only,0.0,0.0
2018,offseason,Lampang,กข10,24998.0,893.0,both,-24105.0,24105.0
2018,offseason,Lampang,กขไม่ไวต่อช่วงแสง,290834.0,10401.0,both,-280433.0,280433.0
2018,offseason,Lampang,"ชัยนาท1,2",0.0,0.0,both,0.0,0.0
2018,offseason,Lampang,ปทุมธานี1,0.0,0.0,both,0.0,0.0
2018,offseason,Lampang,"พิษณุโลก2,60-2",12043.0,429.0,both,-11614.0,11614.0
2018,offseason,Lampang,ราชการไม่ไวต่อช่วงแสง,907632.0,32455.0,both,-875177.0,875177.0
2018,offseason,Lampang,สุพรรณบุรี1,0.0,0.0,both,0.0,0.0
2018,offseason,Lampang,"สุพรรณบุรี60,90",0.0,0.0,both,0.0,0.0
2018,offseason,Lampang,หอมสุพรรณบุรี,0.0,0.0,both,0.0,0.0
2018,offseason,Lamphun,กข10,3618.0,124.0,both,-3494.0,3494.0
2018,offseason,Lamphun,กขไม่ไวต่อช่วงแสง,34622.0,1182.0,both,-33440.0,33440.0
2018,offseason,Lamphun,"ชัยนาท1,2",0.0,0.0,both,0.0,0.0
2018,offseason,Lamphun,ปทุมธานี1,0.0,0.0,both,0.0,0.0
2018,offseason,Lamphun,"พิษณุโลก2,60-2",0.0,0.0,both,0.0,0.0
2018,offseason,Lamphun,ราชการไม่ไวต่อช่วงแสง,496480.0,16941.0,both,-479539.0,479539.0
2018,offseason,Lamphun,สุพรรณบุรี1,0.0,0.0,both,0.0,0.0
2018,offseason,Lamphun,"สุพรรณบุรี60,90",0.0,0.0,both,0.0,0.0
2018,offseason,Lamphun,หอมสุพรรณบุรี,0.0,0.0,both,0.0,0.0
2018,offseason,Loei,กข10,5053.0,171.0,both,-4882.0,4882.0
2018,offseason,Loei,กขไม่ไวต่อช่วงแสง,1271.0,43.0,both,-1228.0,1228.0
2018,offseason,Loei,"ชัยนาท1,2",0.0,0.0,both,0.0,0.0
2018,offseason,Loei,ปทุมธานี1,0.0,0.0,both,0.0,0.0
2018,offseason,Loei,"พิษณุโลก2,60-2",0.0,0.0,both,0.0,0.0
2018,offseason,Loei,ราชการไม่ไวต่อช่วงแสง,23188.0,786.0,both,-22402.0,22402.0
2018,offseason,Loei,สุพรรณบุรี1,0.0,0.0,both,0.0,0.0
2018,offseason,Loei,"สุพรรณบุรี60,90",0.0,0.0,both,0.0,0.0
2018,offseason,Loei,หอมสุพรรณบุรี,0.0,0.0,both,0.0,0.0
2018,offseason,Lop Buri,กข10,0.0,0.0,both,0.0,0.0
2018,offseason,Lop Buri,กขไม่ไวต่อช่วงแสง,7128941.0,227715.0,both,-6901226.0,6901226.0
2018,offseason,Lop Buri,"ชัยนาท1,2",29882.0,955.0,both,-28927.0,28927.0
2018,offseason,Lop Buri,ปทุมธานี1,3073740.0,98183.0,both,-2975557.0,2975557.0
2018,offseason,Lop Buri,"พิษณุโลก2,60-2",0.0,0.0,both,0.0,0.0
2018,offseason,Lop Buri,ราชการไม่ไวต่อช่วงแสง,18100.0,576.0,both,-17524.0,17524.0
2018,offseason,Lop Buri,สุพรรณบุรี1,361615.0,11551.0,both,-350064.0,350064.0
2018,offseason,Lop Buri,"สุพรรณบุรี60,90",8365.0,268.0,both,-8097.0,8097.0
2018,offseason,Lop Buri,หอมสุพรรณบุรี,0.0,0.0,both,0.0,0.0
2018,offseason,Mae Hong Son,กข10,0.0,0.0,both,0.0,0.0
2018,offseason,Mae Hong Son,กขไม่ไวต่อช่วงแสง,1188.0,28.0,both,-1160.0,1160.0
2018,offseason,Mae Hong Son,"ชัยนาท1,2",0.0,0.0,both,0.0,0.0
2018,offseason,Mae Hong Son,ปทุมธานี1,0.0,0.0,both,0.0,0.0
2018,offseason,Mae Hong Son,"พิษณุโลก2,60-2",0.0,0.0,both,0.0,0.0
2018,offseason,Mae Hong Son,ราชการไม่ไวต่อช่วงแสง,1585.0,39.0,both,-1546.0,1546.0
2018,offseason,Mae Hong Son,สุพรรณบุรี1,0.0,0.0,both,0.0,0.0
2018,offseason,Mae Hong Son,"สุพรรณบุรี60,90",0.0,0.0,both,0.0,0.0
2018,offseason,Mae Hong Son,หอมสุพรรณบุรี,0.0,0.0,both,0.0,0.0
2018,offseason,Maha Sarakham,กข10,647913.0,20846.0,both,-627067.0,627067.0
2018,offseason,Maha Sarakham,กขไม่ไวต่อช่วงแสง,1307778.0,42076.0,both,-1265702.0,1265702.0
2018,offseason,Maha Sarakham,"ชัยนาท1,2",1609161.0,51770.0,both,-1557391.0,1557391.0
2018,offseason,Maha Sarakham,ปทุมธานี1,10972.0,353.0,both,-10619.0,10619.0
2018,offseason,Maha Sarakham,"พิษณุโลก2,60-2",1493530.0,48050.0,both,-1445480.0,1445480.0
2018,offseason,Maha Sarakham,ราชการไม่ไวต่อช่วงแสง,153481.0,4938.0,both,-148543.0,148543.0
2018,offseason,Maha Sarakham,สุพรรณบุรี1,0.0,0.0,both,0.0,0.0
2018,offseason,Maha Sarakham,"สุพรรณบุรี60,90",30280.0,974.0,both,-29306.0,29306.0
2018,offseason,Maha Sarakham,หอมสุพรรณบุรี,0.0,0.0,both,0.0,0.0
2018,offseason,Mukdahan,กข10,7469.0,257.0,both,-7212.0,7212.0
2018,offseason,Mukdahan,กขไม่ไวต่อช่วงแสง,0.0,0.0,both,0.0,0.0
2018,offseason,Mukdahan,"ชัยนาท1,2",0.0,0.0,both,0.0,0.0
2018,offseason,Mukdahan,ปทุมธานี1,0.0,0.0,both,0.0,0.0
2018,offseason,Mukdahan,"พิษณุโลก2,60-2",0.0,0.0,both,0.0,0.0
2018,offseason,Mukdahan,ราชการไม่ไวต่อช่วงแสง,7714.0,264.0,both,-7450.0,7450.0
2018,offseason,Mukdahan,สุพรรณบุรี1,0.0,0.0,both,0.0,0.0
2018,offseason,Mukdahan,"สุพรรณบุรี60,90",0.0,0.0,both,0.0,0.0
2018,offseason,Mukdahan,หอมสุพรรณบุรี,0.0,0.0,both,0.0,0.0
2018,offseason,Nakhon Nayok,กข10,0.0,0.0,both,0.0,0.0
2018,offseason,Nakhon Nayok,กขไม่ไวต่อช่วงแสง,3827298.0,129324.0,both,-3697974.0,3697974.0
2018,offseason,Nakhon Nayok,"ชัยนาท1,2",13728.0,464.0,both,-13264.0,13264.0
2018,offseason,Nakhon Nayok,ปทุมธานี1,139574.0,4717.0,both,-134857.0,134857.0
2018,offseason,Nakhon Nayok,"พิษณุโลก2,60-2",344509.0,11642.0,both,-332867.0,332867.0
2018,offseason,Nakhon Nayok,ราชการไม่ไวต่อช่วงแสง,531688.0,17966.0,both,-513722.0,513722.0
2018,offseason,Nakhon Nayok,สุพรรณบุรี1,24150.0,815.0,both,-23335.0,23335.0
2018,offseason,Nakhon Nayok,"สุพรรณบุรี60,90",12787.0,431.0,both,-12356.0,12356.0
2018,offseason,Nakhon Nayok,หอมสุพรรณบุรี,0.0,0.0,both,0.0,0.0
2018,offseason,Nakhon Pathom,กข10,0.0,0.0,both,0.0,0.0
2018,offseason,Nakhon Pathom,กขไม่ไวต่อช่วงแสง,7536333.0,254455.0,both,-7281878.0,7281878.0
2018,offseason,Nakhon Pathom,"ชัยนาท1,2",0.0,0.0,both,0.0,0.0
2018,offseason,Nakhon Pathom,ปทุมธานี1,379963.0,12828.0,both,-367135.0,367135.0
2018,offseason,Nakhon Pathom,"พิษณุโลก2,60-2",426320.0,14394.0,both,-411926.0,411926.0
2018,offseason,Nakhon Pathom,ราชการไม่ไวต่อช่วงแสง,389263.0,13143.0,both,-376120.0,376120.0
2018,offseason,Nakhon Pathom,สุพรรณบุรี1,137436.0,4642.0,both,-132794.0,132794.0
2018,offseason,Nakhon Pathom,"สุพรรณบุรี60,90",0.0,0.0,both,0.0,0.0
2018,offseason,Nakhon Pathom,หอมสุพรรณบุรี,2766.0,92.0,both,-2674.0,2674.0
2018,offseason,Nakhon Phanom,กข10,823422.0,24729.0,both,-798693.0,798693.0
2018,offseason,Nakhon Phanom,กขไม่ไวต่อช่วงแสง,147192.0,4420.0,both,-142772.0,142772.0
2018,offseason,Nakhon Phanom,"ชัยนาท1,2",73209.0,2198.0,both,-71011.0,71011.0
2018,offseason,Nakhon Phanom,ปทุมธานี1,15897.0,477.0,both,-15420.0,15420.0
2018,offseason,Nakhon Phanom,"พิษณุโลก2,60-2",0.0,0.0,both,0.0,0.0
2018,offseason,Nakhon Phanom,ราชการไม่ไวต่อช่วงแสง,879991.0,26429.0,both,-853562.0,853562.0
2018,offseason,Nakhon Phanom,สุพรรณบุรี1,0.0,0.0,both,0.0,0.0
2018,offseason,Nakhon Phanom,"สุพรรณบุรี60,90",0.0,0.0,both,0.0,0.0
2018,offseason,Nakhon Phanom,หอมสุพรรณบุรี,0.0,0.0,both,0.0,0.0
2018,offseason,Nakhon Ratchasima,กข10,0.0,0.0,both,0.0,0.0
2018,offseason,Nakhon Ratchasima,กขไม่ไวต่อช่วงแสง,2392407.0,82456.0,both,-2309951.0,2309951.0
2018,offseason,Nakhon Ratchasima,"ชัยนาท1,2",1892619.0,65231.0,both,-1827388.0,1827388.0
2018,offseason,Nakhon Ratchasima,ปทุมธานี1,96887.0,3340.0,both,-93547.0,93547.0
2018,offseason,Nakhon Ratchasima,"พิษณุโลก2,60-2",77133.0,2659.0,both,-74474.0,74474.0
2018,offseason,Nakhon Ratchasima,ราชการไม่ไวต่อช่วงแสง,165328.0,5699.0,both,-159629.0,159629.0
2018,offseason,Nakhon Ratchasima,สุพรรณบุรี1,460249.0,15861.0,both,-444388.0,444388.0
2018,offseason,Nakhon Ratchasima,"สุพรรณบุรี60,90",234157.0,8069.0,both,-226088.0,226088.0
2018,offseason,Nakhon Ratchasima,หอมสุพรรณบุรี,0.0,0.0,both,0.0,0.0
2018,offseason,Nakhon Sawan,กข10,0.0,0.0,both,0.0,0.0
2018,offseason,Nakhon Sawan,กขไม่ไวต่อช่วงแสง,22279053.0,754806.0,both,-21524247.0,21524247.0
2018,offseason,Nakhon Sawan,"ชัยนาท1,2",139167.0,4714.0,both,-134453.0,134453.0
2018,offseason,Nakhon Sawan,ปทุมธานี1,316885.0,10737.0,both,-306148.0,306148.0
2018,offseason,Nakhon Sawan,"พิษณุโลก2,60-2",360887.0,12227.0,both,-348660.0,348660.0
2018,offseason,Nakhon Sawan,ราชการไม่ไวต่อช่วงแสง,1151405.0,39009.0,both,-1112396.0,1112396.0
2018,offseason,Nakhon Sawan,สุพรรณบุรี1,513614.0,17399.0,both,-496215.0,496215.0
2018,offseason,Nakhon Sawan,"สุพรรณบุรี60,90",33886.0,1148.0,both,-32738.0,32738.0
2018,offseason,Nakhon Sawan,หอมสุพรรณบุรี,0.0,0.0,both,0.0,0.0
2018,offseason,Nakhon Si Thammarat,กข10,0.0,0.0,both,0.0,0.0
2018,offseason,Nakhon Si Thammarat,กขไม่ไวต่อช่วงแสง,1656487.0,54638.0,both,-1601849.0,1601849.0
2018,offseason,Nakhon Si Thammarat,"ชัยนาท1,2",44961.0,1483.0,both,-43478.0,43478.0
2018,offseason,Nakhon Si Thammarat,ปทุมธานี1,76309.0,2517.0,both,-73792.0,73792.0
2018,offseason,Nakhon Si Thammarat,"พิษณุโลก2,60-2",28317.0,934.0,both,-27383.0,27383.0
2018,offseason,Nakhon Si Thammarat,ราชการไม่ไวต่อช่วงแสง,147191.0,4855.0,both,-142336.0,142336.0
2018,offseason,Nakhon Si Thammarat,สุพรรณบุรี1,24193.0,798.0,both,-23395.0,23395.0
2018,offseason,Nakhon Si Thammarat,"สุพรรณบุรี60,90",21647.0,714.0,both,-20933.0,20933.0
2018,offseason,Nakhon Si Thammarat,หอมสุพรรณบุรี,0.0,0.0,both,0.0,0.0
2018,offseason,Nan,กข10,12152.0,386.0,both,-11766.0,11766.0
2018,offseason,Nan,กขไม่ไวต่อช่วงแสง,2062.0,66.0,both,-1996.0,1996.0
2018,offseason,Nan,"ชัยนาท1,2",0.0,0.0,both,0.0,0.0
2018,offseason,Nan,ปทุมธานี1,0.0,0.0,both,0.0,0.0
2018,offseason,Nan,"พิษณุโลก2,60-2",0.0,0.0,both,0.0,0.0
2018,offseason,Nan,ราชการไม่ไวต่อช่วงแสง,200426.0,6347.0,both,-194079.0,194079.0
2018,offseason,Nan,สุพรรณบุรี1,0.0,0.0,both,0.0,0.0
2018,offseason,Nan,"สุพรรณบุรี60,90",0.0,0.0,both,0.0,0.0
2018,offseason,Nan,หอมสุพรรณบุรี,0.0,0.0,both,0.0,0.0
2018,offseason,Narathiwat,กข10,0.0,0.0,both,0.0,0.0
2018,offseason,Narathiwat,กขไม่ไวต่อช่วงแสง,0.0,0.0,both,0.0,0.0
2018,offseason,Narathiwat,"ชัยนาท1,2",5276.0,173.0,both,-5103.0,5103.0
2018,offseason,Narathiwat,ปทุมธานี1,0.0,0.0,both,0.0,0.0
2018,offseason,Narathiwat,"พิษณุโลก2,60-2",0.0,0.0,both,0.0,0.0
2018,offseason,Narathiwat,ราชการไม่ไวต่อช่วงแสง,1586.0,52.0,both,-1534.0,1534.0
2018,offseason,Narathiwat,สุพรรณบุรี1,0.0,0.0,both,0.0,0.0
2018,offseason,Narathiwat,"สุพรรณบุรี60,90",0.0,0.0,both,0.0,0.0
2018,offseason,Narathiwat,หอมสุพรรณบุรี,0.0,0.0,both,0.0,0.0
2018,offseason,Nong Bua Lam Phu,กข10,116096.0,3689.0,both,-112407.0,112407.0
2018,offseason,Nong Bua Lam Phu,กขไม่ไวต่อช่วงแสง,190069.0,6038.0,both,-184031.0,184031.0
2018,offseason,Nong Bua Lam Phu,"ชัยนาท1,2",161897.0,5144.0,both,-156753.0,156753.0
2018,offseason,Nong Bua Lam Phu,ปทุมธานี1,86696.0,2756.0,both,-83940.0,83940.0
2018,offseason,Nong Bua Lam Phu,"พิษณุโลก2,60-2",0.0,0.0,both,0.0,0.0
2018,offseason,Nong Bua Lam Phu,ราชการไม่ไวต่อช่วงแสง,136358.0,4332.0,both,-132026.0,132026.0
2018,offseason,Nong Bua Lam Phu,สุพรรณบุรี1,0.0,0.0,both,0.0,0.0
2018,offseason,Nong Bua Lam Phu,"สุพรรณบุรี60,90",0.0,0.0,both,0.0,0.0
2018,offseason,Nong Bua Lam Phu,หอมสุพรรณบุรี,0.0,0.0,both,0.0,0.0
2018,offseason,Nong Khai,กข10,1729198.0,59022.0,both,-1670176.0,1670176.0
2018,offseason,Nong Khai,กขไม่ไวต่อช่วงแสง,285480.0,9746.0,both,-275734.0,275734.0
2018,offseason,Nong Khai,"ชัยนาท1,2",18359.0,626.0,both,-17733.0,17733.0
2018,offseason,Nong Khai,ปทุมธานี1,9473.0,323.0,both,-9150.0,9150.0
2018,offseason,Nong Khai,"พิษณุโลก2,60-2",0.0,0.0,both,0.0,0.0
2018,offseason,Nong Khai,ราชการไม่ไวต่อช่วงแสง,636897.0,21739.0,both,-615158.0,615158.0
2018,offseason,Nong Khai,สุพรรณบุรี1,0.0,0.0,both,0.0,0.0
2018,offseason,Nong Khai,"สุพรรณบุรี60,90",0.0,0.0,both,0.0,0.0
2018,offseason,Nong Khai,หอมสุพรรณบุรี,0.0,0.0,both,0.0,0.0
2018,offseason,Nonthaburi,กข10,0.0,0.0,both,0.0,0.0
2018,offseason,Nonthaburi,กขไม่ไวต่อช่วงแสง,2885247.0,94398.0,both,-2790849.0,2790849.0
2018,offseason,Nonthaburi,"ชัยนาท1,2",0.0,0.0,both,0.0,0.0
2018,offseason,Nonthaburi,ปทุมธานี1,11147.0,364.0,both,-10783.0,10783.0
2018,offseason,Nonthaburi,"พิษณุโลก2,60-2",10902.0,356.0,both,-10546.0,10546.0
2018,offseason,Nonthaburi,ราชการไม่ไวต่อช่วงแสง,53021.0,1735.0,both,-51286.0,51286.0
2018,offseason,Nonthaburi,สุพรรณบุรี1,9959.0,326.0,both,-9633.0,9633.0
2018,offseason,Nonthaburi,"สุพรรณบุรี60,90",0.0,0.0,both,0.0,0.0
2018,offseason,Nonthaburi,หอมสุพรรณบุรี,0.0,0.0,both,0.0,0.0
2018,offseason,Pathum Thani,กข10,0.0,0.0,both,0.0,0.0
2018,offseason,Pathum Thani,กขไม่ไวต่อช่วงแสง,7536132.0,242458.0,both,-7293674.0,7293674.0
2018,offseason,Pathum Thani,"ชัยนาท1,2",0.0,0.0,both,0.0,0.0
2018,offseason,Pathum Thani,ปทุมธานี1,314332.0,10115.0,both,-304217.0,304217.0
2018,offseason,Pathum Thani,"พิษณุโลก2,60-2",188667.0,6068.0,both,-182599.0,182599.0
2018,offseason,Pathum Thani,ราชการไม่ไวต่อช่วงแสง,218833.0,7042.0,both,-211791.0,211791.0
2018,offseason,Pathum Thani,สุพรรณบุรี1,54602.0,1757.0,both,-52845.0,52845.0
2018,offseason,Pathum Thani,"สุพรรณบุรี60,90",0.0,0.0,both,0.0,0.0
2018,offseason,Pathum Thani,หอมสุพรรณบุรี,0.0,0.0,both,0.0,0.0
2018,offseason,Pattani,กข10,0.0,0.0,both,0.0,0.0
2018,offseason,Pattani,กขไม่ไวต่อช่วงแสง,273611.0,8931.0,both,-264680.0,264680.0
2018,offseason,Pattani,"ชัยนาท1,2",190036.0,6203.0,both,-183833.0,183833.0
2018,offseason,Pattani,ปทุมธานี1,0.0,0.0,both,0.0,0.0
2018,offseason,Pattani,"พิษณุโลก2,60-2",0.0,0.0,both,0.0,0.0
2018,offseason,Pattani,ราชการไม่ไวต่อช่วงแสง,0.0,0.0,both,0.0,0.0
2018,offseason,Pattani,สุพรรณบุรี1,0.0,0.0,both,0.0,0.0
2018,offseason,Pattani,"สุพรรณบุรี60,90",0.0,0.0,both,0.0,0.0
2018,offseason,Pattani,หอมสุพรรณบุรี,12745.0,416.0,both,-12329.0,12329.0
2018,offseason,Phang-nga,กข10,0.0,,left_only,0.0,0.0
2018,offseason,Phang-nga,กขไม่ไวต่อช่วงแสง,0.0,,left_only,0.0,0.0
2018,offseason,Phang-nga,"ชัยนาท1,2",0.0,,left_only,0.0,0.0
2018,offseason,Phang-nga,ปทุมธานี1,0.0,,left_only,0.0,0.0
2018,offseason,Phang-nga,"พิษณุโลก2,60-2",0.0,,left_only,0.0,0.0
2018,offseason,Phang-nga,ราชการไม่ไวต่อช่วงแสง,0.0,,left_only,0.0,0.0
2018,offseason,Phang-nga,สุพรรณบุรี1,0.0,,left_only,0.0,0.0
2018,offseason,Phang-nga,"สุพรรณบุรี60,90",0.0,,left_only,0.0,0.0
2018,offseason,Phang-nga,หอมสุพรรณบุรี,0.0,,left_only,0.0,0.0
2018,offseason,Phatthalung,กข10,0.0,0.0,both,0.0,0.0
2018,offseason,Phatthalung,กขไม่ไวต่อช่วงแสง,546711.0,17978.0,both,-528733.0,528733.0
2018,offseason,Phatthalung,"ชัยนาท1,2",77207.0,2540.0,both,-74667.0,74667.0
2018,offseason,Phatthalung,ปทุมธานี1,186281.0,6126.0,both,-180155.0,180155.0
2018,offseason,Phatthalung,"พิษณุโลก2,60-2",37524.0,1234.0,both,-36290.0,36290.0
2018,offseason,Phatthalung,ราชการไม่ไวต่อช่วงแสง,306546.0,10082.0,both,-296464.0,296464.0
2018,offseason,Phatthalung,สุพรรณบุรี1,5717.0,188.0,both,-5529.0,5529.0
2018,offseason,Phatthalung,"สุพรรณบุรี60,90",0.0,0.0,both,0.0,0.0
2018,offseason,Phatthalung,หอมสุพรรณบุรี,0.0,0.0,both,0.0,0.0
2018,offseason,Phayao,กข10,37606.0,1307.0,both,-36299.0,36299.0
2018,offseason,Phayao,กขไม่ไวต่อช่วงแสง,236206.0,8213.0,both,-227993.0,227993.0
2018,offseason,Phayao,"ชัยนาท1,2",0.0,0.0,both,0.0,0.0
2018,offseason,Phayao,ปทุมธานี1,0.0,0.0,both,0.0,0.0
2018,offseason,Phayao,"พิษณุโลก2,60-2",869074.0,30225.0,both,-838849.0,838849.0
2018,offseason,Phayao,ราชการไม่ไวต่อช่วงแสง,691585.0,24053.0,both,-667532.0,667532.0
2018,offseason,Phayao,สุพรรณบุรี1,0.0,0.0,both,0.0,0.0
2018,offseason,Phayao,"สุพรรณบุรี60,90",0.0,0.0,both,0.0,0.0
2018,offseason,Phayao,หอมสุพรรณบุรี,0.0,0.0,both,0.0,0.0
2018,offseason,Phetchabun,กข10,55919.0,1848.0,both,-54071.0,54071.0
2018,offseason,Phetchabun,กขไม่ไวต่อช่วงแสง,421712.0,13941.0,both,-407771.0,407771.0
2018,offseason,Phetchabun,"ชัยนาท1,2",19635.0,649.0,both,-18986.0,18986.0
2018,offseason,Phetchabun,ปทุมธานี1,35612.0,1177.0,both,-34435.0,34435.0
2018,offseason,Phetchabun,"พิษณุโลก2,60-2",87934.0,2908.0,both,-85026.0,85026.0
2018,offseason,Phetchabun,ราชการไม่ไวต่อช่วงแสง,524556.0,17342.0,both,-507214.0,507214.0
2018,offseason,Phetchabun,สุพรรณบุรี1,39607.0,1310.0,both,-38297.0,38297.0
2018,offseason,Phetchabun,"สุพรรณบุรี60,90",0.0,0.0,both,0.0,0.0
2018,offseason,Phetchabun,หอมสุพรรณบุรี,0.0,0.0,both,0.0,0.0
2018,offseason,Phetchaburi,กข10,0.0,0.0,both,0.0,0.0
2018,offseason,Phetchaburi,กขไม่ไวต่อช่วงแสง,2353902.0,82314.0,both,-2271588.0,2271588.0
2018,offseason,Phetchaburi,"ชัยนาท1,2",686524.0,24008.0,both,-662516.0,662516.0
2018,offseason,Phetchaburi,ปทุมธานี1,62414.0,2181.0,both,-60233.0,60233.0
2018,offseason,Phetchaburi,"พิษณุโลก2,60-2",105321.0,3684.0,both,-101637.0,101637.0
2018,offseason,Phetchaburi,ราชการไม่ไวต่อช่วงแสง,83088.0,2908.0,both,-80180.0,80180.0
2018,offseason,Phetchaburi,สุพรรณบุรี1,873498.0,30545.0,both,-842953.0,842953.0
2018,offseason,Phetchaburi,"สุพรรณบุรี60,90",6851.0,240.0,both,-6611.0,6611.0
2018,offseason,Phetchaburi,หอมสุพรรณบุรี,0.0,0.0,both,0.0,0.0
2018,offseason,Phichit,กข10,0.0,0.0,both,0.0,0.0
2018,offseason,Phichit,กขไม่ไวต่อช่วงแสง,16491170.0,558451.0,both,-15932719.0,15932719.0
2018,offseason,Phichit,"ชัยนาท1,2",133789.0,4530.0,both,-129259.0,129259.0
2018,offseason,Phichit,ปทุมธานี1,14070.0,477.0,both,-13593.0,13593.0
2018,offseason,Phichit,"พิษณุโลก2,60-2",2400841.0,81300.0,both,-2319541.0,2319541.0
2018,offseason,Phichit,ราชการไม่ไวต่อช่วงแสง,3239916.0,109716.0,both,-3130200.0,3130200.0
2018,offseason,Phichit,สุพรรณบุรี1,525339.0,17790.0,both,-507549.0,507549.0
2018,offseason,Phichit,"สุพรรณบุรี60,90",30037.0,1016.0,both,-29021.0,29021.0
2018,offseason,Phichit,หอมสุพรรณบุรี,0.0,0.0,both,0.0,0.0
2018,offseason,Phitsanulok,กข10,69435.0,2282.0,both,-67153.0,67153.0
2018,offseason,Phitsanulok,กขไม่ไวต่อช่วงแสง,16595245.0,545579.0,both,-16049666.0,16049666.0
2018,offseason,Phitsanulok,"ชัยนาท1,2",287480.0,9450.0,both,-278030.0,278030.0
2018,offseason,Phitsanulok,ปทุมธานี1,227505.0,7480.0,both,-220025.0,220025.0
2018,offseason,Phitsanulok,"พิษณุโลก2,60-2",4938145.0,162344.0,both,-4775801.0,4775801.0
2018,offseason,Phitsanulok,ราชการไม่ไวต่อช่วงแสง,2782881.0,91488.0,both,-2691393.0,2691393.0
2018,offseason,Phitsanulok,สุพรรณบุรี1,782010.0,25710.0,both,-756300.0,756300.0
2018,offseason,Phitsanulok,"สุพรรณบุรี60,90",149832.0,4925.0,both,-144907.0,144907.0
2018,offseason,Phitsanulok,หอมสุพรรณบุรี,13134.0,432.0,both,-12702.0,12702.0
2018,offseason,Phra Nakhon Si Ayutthaya,กข10,0.0,0.0,both,0.0,0.0
2018,offseason,Phra Nakhon Si Ayutthaya,กขไม่ไวต่อช่วงแสง,18873738.0,647828.0,both,-18225910.0,18225910.0
2018,offseason,Phra Nakhon Si Ayutthaya,"ชัยนาท1,2",35712.0,1226.0,both,-34486.0,34486.0
2018,offseason,Phra Nakhon Si Ayutthaya,ปทุมธานี1,786353.0,26990.0,both,-759363.0,759363.0
2018,offseason,Phra Nakhon Si Ayutthaya,"พิษณุโลก2,60-2",1171704.0,40217.0,both,-1131487.0,1131487.0
2018,offseason,Phra Nakhon Si Ayutthaya,ราชการไม่ไวต่อช่วงแสง,154234.0,5294.0,both,-148940.0,148940.0
2018,offseason,Phra Nakhon Si Ayutthaya,สุพรรณบุรี1,1186001.0,40706.0,both,-1145295.0,1145295.0
2018,offseason,Phra Nakhon Si Ayutthaya,"สุพรรณบุรี60,90",0.0,0.0,both,0.0,0.0
2018,offseason,Phra Nakhon Si Ayutthaya,หอมสุพรรณบุรี,3436.0,117.0,both,-3319.0,3319.0
2018,offseason,Phrae,กข10,213989.0,6888.0,both,-207101.0,207101.0
2018,offseason,Phrae,กขไม่ไวต่อช่วงแสง,262056.0,8436.0,both,-253620.0,253620.0
2018,offseason,Phrae,"ชัยนาท1,2",0.0,0.0,both,0.0,0.0
2018,offseason,Phrae,ปทุมธานี1,0.0,0.0,both,0.0,0.0
2018,offseason,Phrae,"พิษณุโลก2,60-2",0.0,0.0,both,0.0,0.0
2018,offseason,Phrae,ราชการไม่ไวต่อช่วงแสง,618548.0,19911.0,both,-598637.0,598637.0
2018,offseason,Phrae,สุพรรณบุรี1,0.0,0.0,both,0.0,0.0
2018,offseason,Phrae,"สุพรรณบุรี60,90",0.0,0.0,both,0.0,0.0
2018,offseason,Phrae,หอมสุพรรณบุรี,0.0,0.0,both,0.0,0.0
2018,offseason,Phuket,กข10,0.0,,left_only,0.0,0.0
2018,offseason,Phuket,กขไม่ไวต่อช่วงแสง,0.0,,left_only,0.0,0.0
2018,offseason,Phuket,"ชัยนาท1,2",0.0,,left_only,0.0,0.0
2018,offseason,Phuket,ปทุมธานี1,0.0,,left_only,0.0,0.0
2018,offseason,Phuket,"พิษณุโลก2,60-2",0.0,,left_only,0.0,0.0
2018,offseason,Phuket,ราชการไม่ไวต่อช่วงแสง,0.0,,left_only,0.0,0.0
2018,offseason,Phuket,สุพรรณบุรี1,0.0,,left_only,0.0,0.0
2018,offseason,Phuket,"สุพรรณบุรี60,90",0.0,,left_only,0.0,0.0
2018,offseason,Phuket,หอมสุพรรณบุรี,0.0,,left_only,0.0,0.0
2018,offseason,Prachin Buri,กข10,0.0,0.0,both,0.0,0.0
2018,offseason,Prachin Buri,กขไม่ไวต่อช่วงแสง,2955828.0,100769.0,both,-2855059.0,2855059.0
2018,offseason,Prachin Buri,"ชัยนาท1,2",30594.0,1043.0,both,-29551.0,29551.0
2018,offseason,Prachin Buri,ปทุมธานี1,52671.0,1797.0,both,-50874.0,50874.0
2018,offseason,Prachin Buri,"พิษณุโลก2,60-2",98003.0,3341.0,both,-94662.0,94662.0
2018,offseason,Prachin Buri,ราชการไม่ไวต่อช่วงแสง,297842.0,10152.0,both,-287690.0,287690.0
2018,offseason,Prachin Buri,สุพรรณบุรี1,558386.0,19036.0,both,-539350.0,539350.0
2018,offseason,Prachin Buri,"สุพรรณบุรี60,90",36453.0,1243.0,both,-35210.0,35210.0
2018,offseason,Prachin Buri,หอมสุพรรณบุรี,0.0,0.0,both,0.0,0.0
2018,offseason,Prachuap Khiri Khan,กข10,0.0,0.0,both,0.0,0.0
2018,offseason,Prachuap Khiri Khan,กขไม่ไวต่อช่วงแสง,31648.0,1100.0,both,-30548.0,30548.0
2018,offseason,Prachuap Khiri Khan,"ชัยนาท1,2",103865.0,3611.0,both,-100254.0,100254.0
2018,offseason,Prachuap Khiri Khan,ปทุมธานี1,51934.0,1805.0,both,-50129.0,50129.0
2018,offseason,Prachuap Khiri Khan,"พิษณุโลก2,60-2",589.0,20.0,both,-569.0,569.0
2018,offseason,Prachuap Khiri Khan,ราชการไม่ไวต่อช่วงแสง,3827.0,134.0,both,-3693.0,3693.0
2018,offseason,Prachuap Khiri Khan,สุพรรณบุรี1,3532.0,123.0,both,-3409.0,3409.0
2018,offseason,Prachuap Khiri Khan,"สุพรรณบุรี60,90",9479.0,330.0,both,-9149.0,9149.0
2018,offseason,Prachuap Khiri Khan,หอมสุพรรณบุรี,0.0,0.0,both,0.0,0.0
2018,offseason,Ranong,กข10,0.0,,left_only,0.0,0.0
2018,offseason,Ranong,กขไม่ไวต่อช่วงแสง,0.0,,left_only,0.0,0.0
2018,offseason,Ranong,"ชัยนาท1,2",0.0,,left_only,0.0,0.0
2018,offseason,Ranong,ปทุมธานี1,0.0,,left_only,0.0,0.0
2018,offseason,Ranong,"พิษณุโลก2,60-2",0.0,,left_only,0.0,0.0
2018,offseason,Ranong,ราชการไม่ไวต่อช่วงแสง,0.0,,left_only,0.0,0.0
2018,offseason,Ranong,สุพรรณบุรี1,0.0,,left_only,0.0,0.0
2018,offseason,Ranong,"สุพรรณบุรี60,90",0.0,,left_only,0.0,0.0
2018,offseason,Ranong,หอมสุพรรณบุรี,0.0,,left_only,0.0,0.0
2018,offseason,Ratchaburi,กข10,0.0,0.0,both,0.0,0.0
2018,offseason,Ratchaburi,กขไม่ไวต่อช่วงแสง,1136263.0,37809.0,both,-1098454.0,1098454.0
2018,offseason,Ratchaburi,"ชัยนาท1,2",301718.0,10039.0,both,-291679.0,291679.0
2018,offseason,Ratchaburi,ปทุมธานี1,707538.0,23544.0,both,-683994.0,683994.0
2018,offseason,Ratchaburi,"พิษณุโลก2,60-2",27940.0,930.0,both,-27010.0,27010.0
2018,offseason,Ratchaburi,ราชการไม่ไวต่อช่วงแสง,164403.0,5470.0,both,-158933.0,158933.0
2018,offseason,Ratchaburi,สุพรรณบุรี1,2904785.0,96654.0,both,-2808131.0,2808131.0
2018,offseason,Ratchaburi,"สุพรรณบุรี60,90",47766.0,1589.0,both,-46177.0,46177.0
2018,offseason,Ratchaburi,หอมสุพรรณบุรี,0.0,0.0,both,0.0,0.0
2018,offseason,Rayong,กข10,0.0,0.0,both,0.0,0.0
2018,offseason,Rayong,กขไม่ไวต่อช่วงแสง,67419.0,2167.0,both,-65252.0,65252.0
2018,offseason,Rayong,"ชัยนาท1,2",7829.0,253.0,both,-7576.0,7576.0
2018,offseason,Rayong,ปทุมธานี1,2106.0,67.0,both,-2039.0,2039.0
2018,offseason,Rayong,"พิษณุโลก2,60-2",0.0,0.0,both,0.0,0.0
2018,offseason,Rayong,ราชการไม่ไวต่อช่วงแสง,10322.0,331.0,both,-9991.0,9991.0
2018,offseason,Rayong,สุพรรณบุรี1,2639.0,85.0,both,-2554.0,2554.0
2018,offseason,Rayong,"สุพรรณบุรี60,90",17588.0,565.0,both,-17023.0,17023.0
2018,offseason,Rayong,หอมสุพรรณบุรี,0.0,0.0,both,0.0,0.0
2018,offseason,Roi Et,กข10,199171.0,6916.0,both,-192255.0,192255.0
2018,offseason,Roi Et,กขไม่ไวต่อช่วงแสง,3430369.0,119077.0,both,-3311292.0,3311292.0
2018,offseason,Roi Et,"ชัยนาท1,2",2225498.0,77251.0,both,-2148247.0,2148247.0
2018,offseason,Roi Et,ปทุมธานี1,26478.0,920.0,both,-25558.0,25558.0
2018,offseason,Roi Et,"พิษณุโลก2,60-2",991414.0,34413.0,both,-957001.0,957001.0
2018,offseason,Roi Et,ราชการไม่ไวต่อช่วงแสง,220935.0,7669.0,both,-213266.0,213266.0
2018,offseason,Roi Et,สุพรรณบุรี1,43013.0,1493.0,both,-41520.0,41520.0
2018,offseason,Roi Et,"สุพรรณบุรี60,90",30856.0,1070.0,both,-29786.0,29786.0
2018,offseason,Roi Et,หอมสุพรรณบุรี,0.0,0.0,both,0.0,0.0
2018,offseason,Sa kaeo,กข10,0.0,0.0,both,0.0,0.0
2018,offseason,Sa kaeo,กขไม่ไวต่อช่วงแสง,105765.0,3020.0,both,-102745.0,102745.0
2018,offseason,Sa kaeo,"ชัยนาท1,2",91081.0,2600.0,both,-88481.0,88481.0
2018,offseason,Sa kaeo,ปทุมธานี1,488599.0,13950.0,both,-474649.0,474649.0
2018,offseason,Sa kaeo,"พิษณุโลก2,60-2",0.0,0.0,both,0.0,0.0
2018,offseason,Sa kaeo,ราชการไม่ไวต่อช่วงแสง,8266.0,236.0,both,-8030.0,8030.0
2018,offseason,Sa kaeo,สุพรรณบุรี1,0.0,0.0,both,0.0,0.0
2018,offseason,Sa kaeo,"สุพรรณบุรี60,90",0.0,0.0,both,0.0,0.0
2018,offseason,Sa kaeo,หอมสุพรรณบุรี,0.0,0.0,both,0.0,0.0
2018,offseason,Sakon Nakhon,กข10,609793.0,20160.0,both,-589633.0,589633.0
2018,offseason,Sakon Nakhon,กขไม่ไวต่อช่วงแสง,152217.0,5032.0,both,-147185.0,147185.0
2018,offseason,Sakon Nakhon,"ชัยนาท1,2",16865.0,557.0,both,-16308.0,16308.0
2018,offseason,Sakon Nakhon,ปทุมธานี1,28169.0,930.0,both,-27239.0,27239.0
2018,offseason,Sakon Nakhon,"พิษณุโลก2,60-2",0.0,0.0,both,0.0,0.0
2018,offseason,Sakon Nakhon,ราชการไม่ไวต่อช่วงแสง,2040560.0,67465.0,both,-1973095.0,1973095.0
2018,offseason,Sakon Nakhon,สุพรรณบุรี1,0.0,0.0,both,0.0,0.0
2018,offseason,Sakon Nakhon,"สุพรรณบุรี60,90",0.0,0.0,both,0.0,0.0
2018,offseason,Sakon Nakhon,หอมสุพรรณบุรี,0.0,0.0,both,0.0,0.0
2018,offseason,Samut Prakarn,กข10,0.0,0.0,both,0.0,0.0
2018,offseason,Samut Prakarn,กขไม่ไวต่อช่วงแสง,404739.0,13584.0,both,-391155.0,391155.0
2018,offseason,Samut Prakarn,"ชัยนาท1,2",0.0,0.0,both,0.0,0.0
2018,offseason,Samut Prakarn,ปทุมธานี1,104353.0,3502.0,both,-100851.0,100851.0
2018,offseason,Samut Prakarn,"พิษณุโลก2,60-2",92461.0,3105.0,both,-89356.0,89356.0
2018,offseason,Samut Prakarn,ราชการไม่ไวต่อช่วงแสง,19842.0,666.0,both,-19176.0,19176.0
2018,offseason,Samut Prakarn,สุพรรณบุรี1,0.0,0.0,both,0.0,0.0
2018,offseason,Samut Prakarn,"สุพรรณบุรี60,90",57385.0,1926.0,both,-55459.0,55459.0
2018,offseason,Samut Prakarn,หอมสุพรรณบุรี,0.0,0.0,both,0.0,0.0
2018,offseason,Samut Sakhon,กข10,0.0,0.0,both,0.0,0.0
2018,offseason,Samut Sakhon,กขไม่ไวต่อช่วงแสง,75620.0,2309.0,both,-73311.0,73311.0
2018,offseason,Samut Sakhon,"ชัยนาท1,2",0.0,0.0,both,0.0,0.0
2018,offseason,Samut Sakhon,ปทุมธานี1,2585.0,79.0,both,-2506.0,2506.0
2018,offseason,Samut Sakhon,"พิษณุโลก2,60-2",35711.0,1091.0,both,-34620.0,34620.0
2018,offseason,Samut Sakhon,ราชการไม่ไวต่อช่วงแสง,7664.0,233.0,both,-7431.0,7431.0
2018,offseason,Samut Sakhon,สุพรรณบุรี1,2160.0,67.0,both,-2093.0,2093.0
2018,offseason,Samut Sakhon,"สุพรรณบุรี60,90",0.0,0.0,both,0.0,0.0
2018,offseason,Samut Sakhon,หอมสุพรรณบุรี,0.0,0.0,both,0.0,0.0
2018,offseason,Samut Songkhram,กข10,0.0,0.0,both,0.0,0.0
2018,offseason,Samut Songkhram,กขไม่ไวต่อช่วงแสง,34971.0,1153.0,both,-33818.0,33818.0
2018,offseason,Samut Songkhram,"ชัยนาท1,2",5611.0,185.0,both,-5426.0,5426.0
2018,offseason,Samut Songkhram,ปทุมธานี1,0.0,0.0,both,0.0,0.0
2018,offseason,Samut Songkhram,"พิษณุโลก2,60-2",2669.0,88.0,both,-2581.0,2581.0
2018,offseason,Samut Songkhram,ราชการไม่ไวต่อช่วงแสง,3822.0,126.0,both,-3696.0,3696.0
2018,offseason,Samut Songkhram,สุพรรณบุรี1,10372.0,342.0,both,-10030.0,10030.0
2018,offseason,Samut Songkhram,"สุพรรณบุรี60,90",0.0,0.0,both,0.0,0.0
2018,offseason,Samut Songkhram,หอมสุพรรณบุรี,0.0,0.0,both,0.0,0.0
2018,offseason,Saraburi,กข10,0.0,0.0,both,0.0,0.0
2018,offseason,Saraburi,กขไม่ไวต่อช่วงแสง,5061089.0,202909.0,both,-4858180.0,4858180.0
2018,offseason,Saraburi,"ชัยนาท1,2",65614.0,2630.0,both,-62984.0,62984.0
2018,offseason,Saraburi,ปทุมธานี1,437249.0,17530.0,both,-419719.0,419719.0
2018,offseason,Saraburi,"พิษณุโลก2,60-2",24613.0,986.0,both,-23627.0,23627.0
2018,offseason,Saraburi,ราชการไม่ไวต่อช่วงแสง,25284.0,1013.0,both,-24271.0,24271.0
2018,offseason,Saraburi,สุพรรณบุรี1,1073539.0,43041.0,both,-1030498.0,1030498.0
2018,offseason,Saraburi,"สุพรรณบุรี60,90",0.0,0.0,both,0.0,0.0
2018,offseason,Saraburi,หอมสุพรรณบุรี,0.0,0.0,both,0.0,0.0
2018,offseason,Satun,กข10,0.0,0.0,both,0.0,0.0
2018,offseason,Satun,กขไม่ไวต่อช่วงแสง,1398.0,46.0,both,-1352.0,1352.0
2018,offseason,Satun,"ชัยนาท1,2",0.0,0.0,both,0.0,0.0
2018,offseason,Satun,ปทุมธานี1,2614.0,86.0,both,-2528.0,2528.0
2018,offseason,Satun,"พิษณุโลก2,60-2",0.0,0.0,both,0.0,0.0
2018,offseason,Satun,ราชการไม่ไวต่อช่วงแสง,1610.0,53.0,both,-1557.0,1557.0
2018,offseason,Satun,สุพรรณบุรี1,0.0,0.0,both,0.0,0.0
2018,offseason,Satun,"สุพรรณบุรี60,90",0.0,0.0,both,0.0,0.0
2018,offseason,Satun,หอมสุพรรณบุรี,0.0,0.0,both,0.0,0.0
2018,offseason,Si Sa Ket,กข10,104849.0,3522.0,both,-101327.0,101327.0
2018,offseason,Si Sa Ket,กขไม่ไวต่อช่วงแสง,98727.0,3315.0,both,-95412.0,95412.0
2018,offseason,Si Sa Ket,"ชัยนาท1,2",1896416.0,63695.0,both,-1832721.0,1832721.0
2018,offseason,Si Sa Ket,ปทุมธานี1,185154.0,6218.0,both,-178936.0,178936.0
2018,offseason,Si Sa Ket,"พิษณุโลก2,60-2",0.0,0.0,both,0.0,0.0
2018,offseason,Si Sa Ket,ราชการไม่ไวต่อช่วงแสง,392575.0,13186.0,both,-379389.0,379389.0
2018,offseason,Si Sa Ket,สุพรรณบุรี1,0.0,0.0,both,0.0,0.0
2018,offseason,Si Sa Ket,"สุพรรณบุรี60,90",0.0,0.0,both,0.0,0.0
2018,offseason,Si Sa Ket,หอมสุพรรณบุรี,0.0,0.0,both,0.0,0.0
2018,offseason,Sing Buri,กข10,0.0,0.0,both,0.0,0.0
2018,offseason,Sing Buri,กขไม่ไวต่อช่วงแสง,6801001.0,200665.0,both,-6600336.0,6600336.0
2018,offseason,Sing Buri,"ชัยนาท1,2",0.0,0.0,both,0.0,0.0
2018,offseason,Sing Buri,ปทุมธานี1,997400.0,29428.0,both,-967972.0,967972.0
2018,offseason,Sing Buri,"พิษณุโลก2,60-2",77553.0,2287.0,both,-75266.0,75266.0
2018,offseason,Sing Buri,ราชการไม่ไวต่อช่วงแสง,143271.0,4228.0,both,-139043.0,139043.0
2018,offseason,Sing Buri,สุพรรณบุรี1,62465.0,1842.0,both,-60623.0,60623.0
2018,offseason,Sing Buri,"สุพรรณบุรี60,90",0.0,0.0,both,0.0,0.0
2018,offseason,Sing Buri,หอมสุพรรณบุรี,0.0,0.0,both,0.0,0.0
2018,offseason,Songkhla,กข10,0.0,0.0,both,0.0,0.0
2018,offseason,Songkhla,กขไม่ไวต่อช่วงแสง,1182264.0,39032.0,both,-1143232.0,1143232.0
2018,offseason,Songkhla,"ชัยนาท1,2",47313.0,1562.0,both,-45751.0,45751.0
2018,offseason,Songkhla,ปทุมธานี1,36832.0,1216.0,both,-35616.0,35616.0
2018,offseason,Songkhla,"พิษณุโลก2,60-2",34197.0,1129.0,both,-33068.0,33068.0
2018,offseason,Songkhla,ราชการไม่ไวต่อช่วงแสง,34530.0,1140.0,both,-33390.0,33390.0
2018,offseason,Songkhla,สุพรรณบุรี1,6118.0,202.0,both,-5916.0,5916.0
2018,offseason,Songkhla,"สุพรรณบุรี60,90",0.0,0.0,both,0.0,0.0
2018,offseason,Songkhla,หอมสุพรรณบุรี,0.0,0.0,both,0.0,0.0
2018,offseason,Sukhothai,กข10,1040.0,37.0,both,-1003.0,1003.0
2018,offseason,Sukhothai,กขไม่ไวต่อช่วงแสง,10518956.0,362809.0,both,-10156147.0,10156147.0
2018,offseason,Sukhothai,"ชัยนาท1,2",170732.0,5888.0,both,-164844.0,164844.0
2018,offseason,Sukhothai,ปทุมธานี1,78217.0,2697.0,both,-75520.0,75520.0
2018,offseason,Sukhothai,"พิษณุโลก2,60-2",4255457.0,146775.0,both,-4108682.0,4108682.0
2018,offseason,Sukhothai,ราชการไม่ไวต่อช่วงแสง,1488867.0,51353.0,both,-1437514.0,1437514.0
2018,offseason,Sukhothai,สุพรรณบุรี1,862019.0,29732.0,both,-832287.0,832287.0
2018,offseason,Sukhothai,"สุพรรณบุรี60,90",568651.0,19613.0,both,-549038.0,549038.0
2018,offseason,Sukhothai,หอมสุพรรณบุรี,0.0,0.0,both,0.0,0.0
2018,offseason,Suphan Buri,กข10,0.0,0.0,both,0.0,0.0
2018,offseason,Suphan Buri,กขไม่ไวต่อช่วงแสง,24048811.0,827359.0,both,-23221452.0,23221452.0
2018,offseason,Suphan Buri,"ชัยนาท1,2",8860.0,306.0,both,-8554.0,8554.0
2018,offseason,Suphan Buri,ปทุมธานี1,2683686.0,92326.0,both,-2591360.0,2591360.0
2018,offseason,Suphan Buri,"พิษณุโลก2,60-2",649376.0,22339.0,both,-627037.0,627037.0
2018,offseason,Suphan Buri,ราชการไม่ไวต่อช่วงแสง,134104.0,4614.0,both,-129490.0,129490.0
2018,offseason,Suphan Buri,สุพรรณบุรี1,207873.0,7153.0,both,-200720.0,200720.0
2018,offseason,Suphan Buri,"สุพรรณบุรี60,90",0.0,0.0,both,0.0,0.0
2018,offseason,Suphan Buri,หอมสุพรรณบุรี,46144.0,1588.0,both,-44556.0,44556.0
2018,offseason,Surat Thani,กข10,0.0,0.0,both,0.0,0.0
2018,offseason,Surat Thani,กขไม่ไวต่อช่วงแสง,27683.0,985.0,both,-26698.0,26698.0
2018,offseason,Surat Thani,"ชัยนาท1,2",2420.0,86.0,both,-2334.0,2334.0
2018,offseason,Surat Thani,ปทุมธานี1,53672.0,1910.0,both,-51762.0,51762.0
2018,offseason,Surat Thani,"พิษณุโลก2,60-2",5507.0,196.0,both,-5311.0,5311.0
2018,offseason,Surat Thani,ราชการไม่ไวต่อช่วงแสง,20483.0,728.0,both,-19755.0,19755.0
2018,offseason,Surat Thani,สุพรรณบุรี1,0.0,0.0,both,0.0,0.0
2018,offseason,Surat Thani,"สุพรรณบุรี60,90",2087.0,74.0,both,-2013.0,2013.0
2018,offseason,Surat Thani,หอมสุพรรณบุรี,0.0,0.0,both,0.0,0.0
2018,offseason,Surin,กข10,88387.0,2921.0,both,-85466.0,85466.0
2018,offseason,Surin,กขไม่ไวต่อช่วงแสง,396855.0,13112.0,both,-383743.0,383743.0
2018,offseason,Surin,"ชัยนาท1,2",181062.0,5981.0,both,-175081.0,175081.0
2018,offseason,Surin,ปทุมธานี1,146639.0,4843.0,both,-141796.0,141796.0
2018,offseason,Surin,"พิษณุโลก2,60-2",2409.0,81.0,both,-2328.0,2328.0
2018,offseason,Surin,ราชการไม่ไวต่อช่วงแสง,413772.0,13671.0,both,-400101.0,400101.0
2018,offseason,Surin,สุพรรณบุรี1,0.0,0.0,both,0.0,0.0
2018,offseason,Surin,"สุพรรณบุรี60,90",13276.0,440.0,both,-12836.0,12836.0
2018,offseason,Surin,หอมสุพรรณบุรี,0.0,0.0,both,0.0,0.0
2018,offseason,Tak,กข10,0.0,0.0,both,0.0,0.0
2018,offseason,Tak,กขไม่ไวต่อช่วงแสง,121647.0,3426.0,both,-118221.0,118221.0
2018,offseason,Tak,"ชัยนาท1,2",103642.0,2917.0,both,-100725.0,100725.0
2018,offseason,Tak,ปทุมธานี1,2427.0,68.0,both,-2359.0,2359.0
2018,offseason,Tak,"พิษณุโลก2,60-2",89813.0,2528.0,both,-87285.0,87285.0
2018,offseason,Tak,ราชการไม่ไวต่อช่วงแสง,43295.0,1219.0,both,-42076.0,42076.0
2018,offseason,Tak,สุพรรณบุรี1,26763.0,753.0,both,-26010.0,26010.0
2018,offseason,Tak,"สุพรรณบุรี60,90",0.0,0.0,both,0.0,0.0
2018,offseason,Tak,หอมสุพรรณบุรี,0.0,0.0,both,0.0,0.0
2018,offseason,Trang,กข10,0.0,0.0,both,0.0,0.0
2018,offseason,Trang,กขไม่ไวต่อช่วงแสง,1148.0,0.0,both,-1148.0,1148.0
2018,offseason,Trang,"ชัยนาท1,2",0.0,0.0,both,0.0,0.0
2018,offseason,Trang,ปทุมธานี1,0.0,0.0,both,0.0,0.0
2018,offseason,Trang,"พิษณุโลก2,60-2",0.0,0.0,both,0.0,0.0
2018,offseason,Trang,ราชการไม่ไวต่อช่วงแสง,532.0,0.0,both,-532.0,532.0
2018,offseason,Trang,สุพรรณบุรี1,0.0,0.0,both,0.0,0.0
2018,offseason,Trang,"สุพรรณบุรี60,90",0.0,0.0,both,0.0,0.0
2018,offseason,Trang,หอมสุพรรณบุรี,0.0,0.0,both,0.0,0.0
2018,offseason,Trat,กข10,0.0,0.0,both,0.0,0.0
2018,offseason,Trat,กขไม่ไวต่อช่วงแสง,23729.0,764.0,both,-22965.0,22965.0
2018,offseason,Trat,"ชัยนาท1,2",6378.0,205.0,both,-6173.0,6173.0
2018,offseason,Trat,ปทุมธานี1,19323.0,623.0,both,-18700.0,18700.0
2018,offseason,Trat,"พิษณุโลก2,60-2",0.0,0.0,both,0.0,0.0
2018,offseason,Trat,ราชการไม่ไวต่อช่วงแสง,23667.0,762.0,both,-22905.0,22905.0
2018,offseason,Trat,สุพรรณบุรี1,0.0,0.0,both,0.0,0.0
2018,offseason,Trat,"สุพรรณบุรี60,90",0.0,0.0,both,0.0,0.0
2018,offseason,Trat,หอมสุพรรณบุรี,0.0,0.0,both,0.0,0.0
2018,offseason,Ubon Ratchathani,กข10,972832.0,31241.0,both,-941591.0,941591.0
2018,offseason,Ubon Ratchathani,กขไม่ไวต่อช่วงแสง,2092110.0,67187.0,both,-2024923.0,2024923.0
2018,offseason,Ubon Ratchathani,"ชัยนาท1,2",518359.0,16646.0,both,-501713.0,501713.0
2018,offseason,Ubon Ratchathani,ปทุมธานี1,15352.0,494.0,both,-14858.0,14858.0
2018,offseason,Ubon Ratchathani,"พิษณุโลก2,60-2",15628.0,502.0,both,-15126.0,15126.0
2018,offseason,Ubon Ratchathani,ราชการไม่ไวต่อช่วงแสง,963586.0,30945.0,both,-932641.0,932641.0
2018,offseason,Ubon Ratchathani,สุพรรณบุรี1,8729.0,280.0,both,-8449.0,8449.0
2018,offseason,Ubon Ratchathani,"สุพรรณบุรี60,90",20115.0,646.0,both,-19469.0,19469.0
2018,offseason,Ubon Ratchathani,หอมสุพรรณบุรี,1740.0,56.0,both,-1684.0,1684.0
2018,offseason,Udon Thani,กข10,893462.0,30575.0,both,-862887.0,862887.0
2018,offseason,Udon Thani,กขไม่ไวต่อช่วงแสง,185687.0,6354.0,both,-179333.0,179333.0
2018,offseason,Udon Thani,"ชัยนาท1,2",62256.0,2131.0,both,-60125.0,60125.0
2018,offseason,Udon Thani,ปทุมธานี1,3167.0,109.0,both,-3058.0,3058.0
2018,offseason,Udon Thani,"พิษณุโลก2,60-2",7105.0,243.0,both,-6862.0,6862.0
2018,offseason,Udon Thani,ราชการไม่ไวต่อช่วงแสง,259385.0,8878.0,both,-250507.0,250507.0
2018,offseason,Udon Thani,สุพรรณบุรี1,0.0,0.0,both,0.0,0.0
2018,offseason,Udon Thani,"สุพรรณบุรี60,90",0.0,0.0,both,0.0,0.0
2018,offseason,Udon Thani,หอมสุพรรณบุรี,0.0,0.0,both,0.0,0.0
2018,offseason,Uthai Thani,กข10,0.0,0.0,both,0.0,0.0
2018,offseason,Uthai Thani,กขไม่ไวต่อช่วงแสง,4202378.0,120955.0,both,-4081423.0,4081423.0
2018,offseason,Uthai Thani,"ชัยนาท1,2",18743.0,539.0,both,-18204.0,18204.0
2018,offseason,Uthai Thani,ปทุมธานี1,166377.0,4788.0,both,-161589.0,161589.0
2018,offseason,Uthai Thani,"พิษณุโลก2,60-2",229945.0,6619.0,both,-223326.0,223326.0
2018,offseason,Uthai Thani,ราชการไม่ไวต่อช่วงแสง,102629.0,2953.0,both,-99676.0,99676.0
2018,offseason,Uthai Thani,สุพรรณบุรี1,8765.0,251.0,both,-8514.0,8514.0
2018,offseason,Uthai Thani,"สุพรรณบุรี60,90",0.0,0.0,both,0.0,0.0
2018,offseason,Uthai Thani,หอมสุพรรณบุรี,0.0,0.0,both,0.0,0.0
2018,offseason,Uttaradit,กข10,11389.0,328.0,both,-11061.0,11061.0
2018,offseason,Uttaradit,กขไม่ไวต่อช่วงแสง,4261128.0,122559.0,both,-4138569.0,4138569.0
2018,offseason,Uttaradit,"ชัยนาท1,2",29305.0,844.0,both,-28461.0,28461.0
2018,offseason,Uttaradit,ปทุมธานี1,2074523.0,59669.0,both,-2014854.0,2014854.0
2018,offseason,Uttaradit,"พิษณุโลก2,60-2",1700074.0,48900.0,both,-1651174.0,1651174.0
2018,offseason,Uttaradit,ราชการไม่ไวต่อช่วงแสง,700692.0,20155.0,both,-680537.0,680537.0
2018,offseason,Uttaradit,สุพรรณบุรี1,814958.0,23439.0,both,-791519.0,791519.0
2018,offseason,Uttaradit,"สุพรรณบุรี60,90",59566.0,1713.0,both,-57853.0,57853.0
2018,offseason,Uttaradit,หอมสุพรรณบุรี,14745.0,425.0,both,-14320.0,14320.0
2018,offseason,Yala,กข10,0.0,0.0,both,0.0,0.0
2018,offseason,Yala,กขไม่ไวต่อช่วงแสง,7493.0,245.0,both,-7248.0,7248.0
2018,offseason,Yala,"ชัยนาท1,2",2905.0,95.0,both,-2810.0,2810.0
2018,offseason,Yala,ปทุมธานี1,0.0,0.0,both,0.0,0.0
2018,offseason,Yala,"พิษณุโลก2,60-2",0.0,0.0,both,0.0,0.0
2018,offseason,Yala,ราชการไม่ไวต่อช่วงแสง,0.0,0.0,both,0.0,0.0
2018,offseason,Yala,สุพรรณบุรี1,0.0,0.0,both,0.0,0.0
2018,offseason,Yala,"สุพรรณบุรี60,90",0.0,0.0,both,0.0,0.0
2018,offseason,Yala,หอมสุพรรณบุรี,0.0,0.0,both,0.0,0.0
2018,offseason,Yasothon,กข10,64898.0,2159.0,both,-62739.0,62739.0
2018,offseason,Yasothon,กขไม่ไวต่อช่วงแสง,985657.0,32793.0,both,-952864.0,952864.0
2018,offseason,Yasothon,"ชัยนาท1,2",782709.0,26041.0,both,-756668.0,756668.0
2018,offseason,Yasothon,ปทุมธานี1,4557.0,152.0,both,-4405.0,4405.0
2018,offseason,Yasothon,"พิษณุโลก2,60-2",0.0,0.0,both,0.0,0.0
2018,offseason,Yasothon,ราชการไม่ไวต่อช่วงแสง,114196.0,3798.0,both,-110398.0,110398.0
2018,offseason,Yasothon,สุพรรณบุรี1,13334.0,442.0,both,-12892.0,12892.0
2018,offseason,Yasothon,"สุพรรณบุรี60,90",13455.0,448.0,both,-13007.0,13007.0
2018,offseason,Yasothon,หอมสุพรรณบุรี,0.0,0.0,both,0.0,0.0
2019,inseason,Amnat Charoen,กข15,1039312.0,33992.0,both,-1005320.0,1005320.0
2019,inseason,Amnat Charoen,กข6,10129343.0,331293.0,both,-9798050.0,9798050.0
2019,inseason,Amnat Charoen,ขาวดอกมะลิ105,20588470.0,673372.0,both,-19915098.0,19915098.0
2019,inseason,Amnat Charoen,คลองหลวง1,0.0,0.0,both,0.0,0.0
2019,inseason,Amnat Charoen,ชัยนาท1,0.0,0.0,both,0.0,0.0
2019,inseason,Amnat Charoen,ปทุมธานี1,0.0,0.0,both,0.0,0.0
2019,inseason,Amnat Charoen,พันธุ์พื้นเมือง,272822.0,8923.0,both,-263899.0,263899.0
2019,inseason,Amnat Charoen,ราชการไม่ไวต่อช่วงแสง,20516.0,671.0,both,-19845.0,19845.0
2019,inseason,Amnat Charoen,ราชการไวต่อช่วงแสง,93468.0,3057.0,both,-90411.0,90411.0
2019,inseason,Amnat Charoen,สุพรรณบุรี1,0.0,0.0,both,0.0,0.0
2019,inseason,Amnat Charoen,"สุพรรณบุรี60,90",0.0,0.0,both,0.0,0.0
2019,inseason,Amnat Charoen,หอมสุพรรณบุรี,0.0,0.0,both,0.0,0.0
2019,inseason,Ang Thong,กข15,0.0,0.0,both,0.0,0.0
2019,inseason,Ang Thong,กข6,0.0,0.0,both,0.0,0.0
2019,inseason,Ang Thong,ขาวดอกมะลิ105,203401.0,6634.0,both,-196767.0,196767.0
2019,inseason,Ang Thong,คลองหลวง1,0.0,0.0,both,0.0,0.0
2019,inseason,Ang Thong,ชัยนาท1,29868.0,975.0,both,-28893.0,28893.0
2019,inseason,Ang Thong,ปทุมธานี1,4284577.0,139722.0,both,-4144855.0,4144855.0
2019,inseason,Ang Thong,พันธุ์พื้นเมือง,215330.0,7022.0,both,-208308.0,208308.0
2019,inseason,Ang Thong,ราชการไม่ไวต่อช่วงแสง,5415442.0,176602.0,both,-5238840.0,5238840.0
2019,inseason,Ang Thong,ราชการไวต่อช่วงแสง,122691.0,4001.0,both,-118690.0,118690.0
2019,inseason,Ang Thong,สุพรรณบุรี1,69947.0,2282.0,both,-67665.0,67665.0
2019,inseason,Ang Thong,"สุพรรณบุรี60,90",16713.0,546.0,both,-16167.0,16167.0
2019,inseason,Ang Thong,หอมสุพรรณบุรี,0.0,0.0,both,0.0,0.0
2019,inseason,Bangkok,กข15,0.0,0.0,both,0.0,0.0
2019,inseason,Bangkok,กข6,0.0,0.0,both,0.0,0.0
2019,inseason,Bangkok,ขาวดอกมะลิ105,0.0,0.0,both,0.0,0.0
2019,inseason,Bangkok,คลองหลวง1,0.0,0.0,both,0.0,0.0
2019,inseason,Bangkok,ชัยนาท1,0.0,0.0,both,0.0,0.0
2019,inseason,Bangkok,ปทุมธานี1,1015279.0,32995.0,both,-982284.0,982284.0
2019,inseason,Bangkok,พันธุ์พื้นเมือง,0.0,0.0,both,0.0,0.0
2019,inseason,Bangkok,ราชการไม่ไวต่อช่วงแสง,1501270.0,48785.0,both,-1452485.0,1452485.0
2019,inseason,Bangkok,ราชการไวต่อช่วงแสง,7601.0,247.0,both,-7354.0,7354.0
2019,inseason,Bangkok,สุพรรณบุรี1,21110.0,686.0,both,-20424.0,20424.0
2019,inseason,Bangkok,"สุพรรณบุรี60,90",0.0,0.0,both,0.0,0.0
2019,inseason,Bangkok,หอมสุพรรณบุรี,0.0,0.0,both,0.0,0.0
2019,inseason,Bueng Kan,กข15,256405.0,8382.0,both,-248023.0,248023.0
2019,inseason,Bueng Kan,กข6,12037618.0,393517.0,both,-11644101.0,11644101.0
2019,inseason,Bueng Kan,ขาวดอกมะลิ105,2070881.0,67698.0,both,-2003183.0,2003183.0
2019,inseason,Bueng Kan,คลองหลวง1,0.0,0.0,both,0.0,0.0
2019,inseason,Bueng Kan,ชัยนาท1,0.0,0.0,both,0.0,0.0
2019,inseason,Bueng Kan,ปทุมธานี1,0.0,0.0,both,0.0,0.0
2019,inseason,Bueng Kan,พันธุ์พื้นเมือง,46069.0,1506.0,both,-44563.0,44563.0
2019,inseason,Bueng Kan,ราชการไม่ไวต่อช่วงแสง,101467.0,3319.0,both,-98148.0,98148.0
2019,inseason,Bueng Kan,ราชการไวต่อช่วงแสง,419817.0,13724.0,both,-406093.0,406093.0
2019,inseason,Bueng Kan,สุพรรณบุรี1,0.0,0.0,both,0.0,0.0
2019,inseason,Bueng Kan,"สุพรรณบุรี60,90",0.0,0.0,both,0.0,0.0
2019,inseason,Bueng Kan,หอมสุพรรณบุรี,0.0,0.0,both,0.0,0.0
2019,inseason,Buri Ram,กข15,2760062.0,90487.0,both,-2669575.0,2669575.0
2019,inseason,Buri Ram,กข6,3499224.0,114718.0,both,-3384506.0,3384506.0
2019,inseason,Buri Ram,ขาวดอกมะลิ105,79605822.0,2609831.0,both,-76995991.0,76995991.0
2019,inseason,Buri Ram,คลองหลวง1,0.0,0.0,both,0.0,0.0
2019,inseason,Buri Ram,ชัยนาท1,11713.0,384.0,both,-11329.0,11329.0
2019,inseason,Buri Ram,ปทุมธานี1,0.0,0.0,both,0.0,0.0
2019,inseason,Buri Ram,พันธุ์พื้นเมือง,1449774.0,47530.0,both,-1402244.0,1402244.0
2019,inseason,Buri Ram,ราชการไม่ไวต่อช่วงแสง,142537.0,4671.0,both,-137866.0,137866.0
2019,inseason,Buri Ram,ราชการไวต่อช่วงแสง,500543.0,16410.0,both,-484133.0,484133.0
2019,inseason,Buri Ram,สุพรรณบุรี1,0.0,0.0,both,0.0,0.0
2019,inseason,Buri Ram,"สุพรรณบุรี60,90",0.0,0.0,both,0.0,0.0
2019,inseason,Buri Ram,หอมสุพรรณบุรี,0.0,0.0,both,0.0,0.0
2019,inseason,Chachoengsao,กข15,0.0,0.0,both,0.0,0.0
2019,inseason,Chachoengsao,กข6,64228.0,2093.0,both,-62135.0,62135.0
2019,inseason,Chachoengsao,ขาวดอกมะลิ105,2815702.0,91711.0,both,-2723991.0,2723991.0
2019,inseason,Chachoengsao,คลองหลวง1,0.0,0.0,both,0.0,0.0
2019,inseason,Chachoengsao,ชัยนาท1,0.0,0.0,both,0.0,0.0
2019,inseason,Chachoengsao,ปทุมธานี1,1813438.0,59067.0,both,-1754371.0,1754371.0
2019,inseason,Chachoengsao,พันธุ์พื้นเมือง,41878.0,1364.0,both,-40514.0,40514.0
2019,inseason,Chachoengsao,ราชการไม่ไวต่อช่วงแสง,10707779.0,348767.0,both,-10359012.0,10359012.0
2019,inseason,Chachoengsao,ราชการไวต่อช่วงแสง,2565174.0,83550.0,both,-2481624.0,2481624.0
2019,inseason,Chachoengsao,สุพรรณบุรี1,365506.0,11905.0,both,-353601.0,353601.0
2019,inseason,Chachoengsao,"สุพรรณบุรี60,90",338949.0,11041.0,both,-327908.0,327908.0
2019,inseason,Chachoengsao,หอมสุพรรณบุรี,0.0,0.0,both,0.0,0.0
2019,inseason,Chai Nat,กข15,0.0,0.0,both,0.0,0.0
2019,inseason,Chai Nat,กข6,0.0,0.0,both,0.0,0.0
2019,inseason,Chai Nat,ขาวดอกมะลิ105,653351.0,21296.0,both,-632055.0,632055.0
2019,inseason,Chai Nat,คลองหลวง1,0.0,0.0,both,0.0,0.0
2019,inseason,Chai Nat,ชัยนาท1,82831.0,2700.0,both,-80131.0,80131.0
2019,inseason,Chai Nat,ปทุมธานี1,6323522.0,206124.0,both,-6117398.0,6117398.0
2019,inseason,Chai Nat,พันธุ์พื้นเมือง,54853.0,1788.0,both,-53065.0,53065.0
2019,inseason,Chai Nat,ราชการไม่ไวต่อช่วงแสง,18606908.0,606520.0,both,-18000388.0,18000388.0
2019,inseason,Chai Nat,ราชการไวต่อช่วงแสง,2914.0,95.0,both,-2819.0,2819.0
2019,inseason,Chai Nat,สุพรรณบุรี1,263279.0,8583.0,both,-254696.0,254696.0
2019,inseason,Chai Nat,"สุพรรณบุรี60,90",28132.0,917.0,both,-27215.0,27215.0
2019,inseason,Chai Nat,หอมสุพรรณบุรี,0.0,0.0,both,0.0,0.0
2019,inseason,Chaiyaphum,กข15,165495.0,5440.0,both,-160055.0,160055.0
2019,inseason,Chaiyaphum,กข6,19783278.0,650298.0,both,-19132980.0,19132980.0
2019,inseason,Chaiyaphum,ขาวดอกมะลิ105,26961967.0,886267.0,both,-26075700.0,26075700.0
2019,inseason,Chaiyaphum,คลองหลวง1,0.0,0.0,both,0.0,0.0
2019,inseason,Chaiyaphum,ชัยนาท1,0.0,0.0,both,0.0,0.0
2019,inseason,Chaiyaphum,ปทุมธานี1,53543.0,1760.0,both,-51783.0,51783.0
2019,inseason,Chaiyaphum,พันธุ์พื้นเมือง,2352344.0,77324.0,both,-2275020.0,2275020.0
2019,inseason,Chaiyaphum,ราชการไม่ไวต่อช่วงแสง,552614.0,18166.0,both,-534448.0,534448.0
2019,inseason,Chaiyaphum,ราชการไวต่อช่วงแสง,3022204.0,99343.0,both,-2922861.0,2922861.0
2019,inseason,Chaiyaphum,สุพรรณบุรี1,0.0,0.0,both,0.0,0.0
2019,inseason,Chaiyaphum,"สุพรรณบุรี60,90",0.0,0.0,both,0.0,0.0
2019,inseason,Chaiyaphum,หอมสุพรรณบุรี,0.0,0.0,both,0.0,0.0
2019,inseason,Chanthaburi,กข15,0.0,0.0,both,0.0,0.0
2019,inseason,Chanthaburi,กข6,0.0,0.0,both,0.0,0.0
2019,inseason,Chanthaburi,ขาวดอกมะลิ105,328357.0,10724.0,both,-317633.0,317633.0
2019,inseason,Chanthaburi,คลองหลวง1,0.0,0.0,both,0.0,0.0
2019,inseason,Chanthaburi,ชัยนาท1,3246.0,106.0,both,-3140.0,3140.0
2019,inseason,Chanthaburi,ปทุมธานี1,10962.0,358.0,both,-10604.0,10604.0
2019,inseason,Chanthaburi,พันธุ์พื้นเมือง,43908.0,1434.0,both,-42474.0,42474.0
2019,inseason,Chanthaburi,ราชการไม่ไวต่อช่วงแสง,21372.0,698.0,both,-20674.0,20674.0
2019,inseason,Chanthaburi,ราชการไวต่อช่วงแสง,3950.0,129.0,both,-3821.0,3821.0
2019,inseason,Chanthaburi,สุพรรณบุรี1,0.0,0.0,both,0.0,0.0
2019,inseason,Chanthaburi,"สุพรรณบุรี60,90",0.0,0.0,both,0.0,0.0
2019,inseason,Chanthaburi,หอมสุพรรณบุรี,0.0,0.0,both,0.0,0.0
2019,inseason,Chiang Mai,กข15,23437.0,761.0,both,-22676.0,22676.0
2019,inseason,Chiang Mai,กข6,1640970.0,53283.0,both,-1587687.0,1587687.0
2019,inseason,Chiang Mai,ขาวดอกมะลิ105,931031.0,30231.0,both,-900800.0,900800.0
2019,inseason,Chiang Mai,คลองหลวง1,0.0,0.0,both,0.0,0.0
2019,inseason,Chiang Mai,ชัยนาท1,0.0,0.0,both,0.0,0.0
2019,inseason,Chiang Mai,ปทุมธานี1,54049.0,1755.0,both,-52294.0,52294.0
2019,inseason,Chiang Mai,พันธุ์พื้นเมือง,3659730.0,118832.0,both,-3540898.0,3540898.0
2019,inseason,Chiang Mai,ราชการไม่ไวต่อช่วงแสง,7307696.0,237286.0,both,-7070410.0,7070410.0
2019,inseason,Chiang Mai,ราชการไวต่อช่วงแสง,1997479.0,64859.0,both,-1932620.0,1932620.0
2019,inseason,Chiang Mai,สุพรรณบุรี1,46196.0,1500.0,both,-44696.0,44696.0
2019,inseason,Chiang Mai,"สุพรรณบุรี60,90",0.0,0.0,both,0.0,0.0
2019,inseason,Chiang Mai,หอมสุพรรณบุรี,0.0,0.0,both,0.0,0.0
2019,inseason,Chiang Rai,กข15,4511884.0,146573.0,both,-4365311.0,4365311.0
2019,inseason,Chiang Rai,กข6,17220588.0,559426.0,both,-16661162.0,16661162.0
2019,inseason,Chiang Rai,ขาวดอกมะลิ105,4612882.0,149854.0,both,-4463028.0,4463028.0
2019,inseason,Chiang Rai,คลองหลวง1,0.0,0.0,both,0.0,0.0
2019,inseason,Chiang Rai,ชัยนาท1,9573.0,312.0,both,-9261.0,9261.0
2019,inseason,Chiang Rai,ปทุมธานี1,1839175.0,59748.0,both,-1779427.0,1779427.0
2019,inseason,Chiang Rai,พันธุ์พื้นเมือง,2031844.0,66007.0,both,-1965837.0,1965837.0
2019,inseason,Chiang Rai,ราชการไม่ไวต่อช่วงแสง,6134748.0,199290.0,both,-5935458.0,5935458.0
2019,inseason,Chiang Rai,ราชการไวต่อช่วงแสง,3069467.0,99713.0,both,-2969754.0,2969754.0
2019,inseason,Chiang Rai,สุพรรณบุรี1,160378.0,5210.0,both,-155168.0,155168.0
2019,inseason,Chiang Rai,"สุพรรณบุรี60,90",142062.0,4615.0,both,-137447.0,137447.0
2019,inseason,Chiang Rai,หอมสุพรรณบุรี,0.0,0.0,both,0.0,0.0
2019,inseason,Chon Buri,กข15,0.0,0.0,both,0.0,0.0
2019,inseason,Chon Buri,กข6,0.0,0.0,both,0.0,0.0
2019,inseason,Chon Buri,ขาวดอกมะลิ105,532630.0,17300.0,both,-515330.0,515330.0
2019,inseason,Chon Buri,คลองหลวง1,0.0,0.0,both,0.0,0.0
2019,inseason,Chon Buri,ชัยนาท1,10992.0,357.0,both,-10635.0,10635.0
2019,inseason,Chon Buri,ปทุมธานี1,400265.0,12999.0,both,-387266.0,387266.0
2019,inseason,Chon Buri,พันธุ์พื้นเมือง,15949.0,518.0,both,-15431.0,15431.0
2019,inseason,Chon Buri,ราชการไม่ไวต่อช่วงแสง,959189.0,31152.0,both,-928037.0,928037.0
2019,inseason,Chon Buri,ราชการไวต่อช่วงแสง,123374.0,4007.0,both,-119367.0,119367.0
2019,inseason,Chon Buri,สุพรรณบุรี1,5573.0,181.0,both,-5392.0,5392.0
2019,inseason,Chon Buri,"สุพรรณบุรี60,90",20598.0,669.0,both,-19929.0,19929.0
2019,inseason,Chon Buri,หอมสุพรรณบุรี,0.0,0.0,both,0.0,0.0
2019,inseason,Chumphon,กข15,0.0,0.0,both,0.0,0.0
2019,inseason,Chumphon,กข6,0.0,0.0,both,0.0,0.0
2019,inseason,Chumphon,ขาวดอกมะลิ105,0.0,0.0,both,0.0,0.0
2019,inseason,Chumphon,คลองหลวง1,0.0,0.0,both,0.0,0.0
2019,inseason,Chumphon,ชัยนาท1,0.0,0.0,both,0.0,0.0
2019,inseason,Chumphon,ปทุมธานี1,73367.0,2393.0,both,-70974.0,70974.0
2019,inseason,Chumphon,พันธุ์พื้นเมือง,12473.0,406.0,both,-12067.0,12067.0
2019,inseason,Chumphon,ราชการไม่ไวต่อช่วงแสง,12105.0,395.0,both,-11710.0,11710.0
2019,inseason,Chumphon,ราชการไวต่อช่วงแสง,7539.0,246.0,both,-7293.0,7293.0
2019,inseason,Chumphon,สุพรรณบุรี1,0.0,0.0,both,0.0,0.0
2019,inseason,Chumphon,"สุพรรณบุรี60,90",0.0,0.0,both,0.0,0.0
2019,inseason,Chumphon,หอมสุพรรณบุรี,0.0,0.0,both,0.0,0.0
2019,inseason,Kalasin,กข15,110512.0,3623.0,both,-106889.0,106889.0
2019,inseason,Kalasin,กข6,29926135.0,981368.0,both,-28944767.0,28944767.0
2019,inseason,Kalasin,ขาวดอกมะลิ105,12906531.0,423244.0,both,-12483287.0,12483287.0
2019,inseason,Kalasin,คลองหลวง1,0.0,0.0,both,0.0,0.0
2019,inseason,Kalasin,ชัยนาท1,19242.0,631.0,both,-18611.0,18611.0
2019,inseason,Kalasin,ปทุมธานี1,0.0,0.0,both,0.0,0.0
2019,inseason,Kalasin,พันธุ์พื้นเมือง,855304.0,28049.0,both,-827255.0,827255.0
2019,inseason,Kalasin,ราชการไม่ไวต่อช่วงแสง,1219955.0,40006.0,both,-1179949.0,1179949.0
2019,inseason,Kalasin,ราชการไวต่อช่วงแสง,265758.0,8715.0,both,-257043.0,257043.0
2019,inseason,Kalasin,สุพรรณบุรี1,0.0,0.0,both,0.0,0.0
2019,inseason,Kalasin,"สุพรรณบุรี60,90",0.0,0.0,both,0.0,0.0
2019,inseason,Kalasin,หอมสุพรรณบุรี,0.0,0.0,both,0.0,0.0
2019,inseason,Kamphaeng Phet,กข15,60572.0,1977.0,both,-58595.0,58595.0
2019,inseason,Kamphaeng Phet,กข6,182328.0,5949.0,both,-176379.0,176379.0
2019,inseason,Kamphaeng Phet,ขาวดอกมะลิ105,3023749.0,98692.0,both,-2925057.0,2925057.0
2019,inseason,Kamphaeng Phet,คลองหลวง1,0.0,0.0,both,0.0,0.0
2019,inseason,Kamphaeng Phet,ชัยนาท1,130121.0,4247.0,both,-125874.0,125874.0
2019,inseason,Kamphaeng Phet,ปทุมธานี1,658201.0,21483.0,both,-636718.0,636718.0
2019,inseason,Kamphaeng Phet,พันธุ์พื้นเมือง,119581.0,3902.0,both,-115679.0,115679.0
2019,inseason,Kamphaeng Phet,ราชการไม่ไวต่อช่วงแสง,29834414.0,973762.0,both,-28860652.0,28860652.0
2019,inseason,Kamphaeng Phet,ราชการไวต่อช่วงแสง,387053.0,12635.0,both,-374418.0,374418.0
2019,inseason,Kamphaeng Phet,สุพรรณบุรี1,532615.0,17384.0,both,-515231.0,515231.0
2019,inseason,Kamphaeng Phet,"สุพรรณบุรี60,90",70529.0,2302.0,both,-68227.0,68227.0
2019,inseason,Kamphaeng Phet,หอมสุพรรณบุรี,52974.0,1729.0,both,-51245.0,51245.0
2019,inseason,Kanchanaburi,กข15,0.0,0.0,both,0.0,0.0
2019,inseason,Kanchanaburi,กข6,0.0,0.0,both,0.0,0.0
2019,inseason,Kanchanaburi,ขาวดอกมะลิ105,3888132.0,125508.0,both,-3762624.0,3762624.0
2019,inseason,Kanchanaburi,คลองหลวง1,0.0,0.0,both,0.0,0.0
2019,inseason,Kanchanaburi,ชัยนาท1,105175.0,3395.0,both,-101780.0,101780.0
2019,inseason,Kanchanaburi,ปทุมธานี1,3418299.0,110340.0,both,-3307959.0,3307959.0
2019,inseason,Kanchanaburi,พันธุ์พื้นเมือง,336623.0,10865.0,both,-325758.0,325758.0
2019,inseason,Kanchanaburi,ราชการไม่ไวต่อช่วงแสง,1162564.0,37527.0,both,-1125037.0,1125037.0
2019,inseason,Kanchanaburi,ราชการไวต่อช่วงแสง,134265.0,4334.0,both,-129931.0,129931.0
2019,inseason,Kanchanaburi,สุพรรณบุรี1,2526123.0,81543.0,both,-2444580.0,2444580.0
2019,inseason,Kanchanaburi,"สุพรรณบุรี60,90",9386.0,303.0,both,-9083.0,9083.0
2019,inseason,Kanchanaburi,หอมสุพรรณบุรี,38755.0,1252.0,both,-37503.0,37503.0
2019,inseason,Khon Kaen,กข15,141391.0,4637.0,both,-136754.0,136754.0
2019,inseason,Khon Kaen,กข6,50483634.0,1655639.0,both,-48827995.0,48827995.0
2019,inseason,Khon Kaen,ขาวดอกมะลิ105,19213863.0,630130.0,both,-18583733.0,18583733.0
2019,inseason,Khon Kaen,คลองหลวง1,0.0,0.0,both,0.0,0.0
2019,inseason,Khon Kaen,ชัยนาท1,39518.0,1296.0,both,-38222.0,38222.0
2019,inseason,Khon Kaen,ปทุมธานี1,0.0,0.0,both,0.0,0.0
2019,inseason,Khon Kaen,พันธุ์พื้นเมือง,480950.0,15773.0,both,-465177.0,465177.0
2019,inseason,Khon Kaen,ราชการไม่ไวต่อช่วงแสง,1042184.0,34179.0,both,-1008005.0,1008005.0
2019,inseason,Khon Kaen,ราชการไวต่อช่วงแสง,201033.0,6593.0,both,-194440.0,194440.0
2019,inseason,Khon Kaen,สุพรรณบุรี1,0.0,0.0,both,0.0,0.0
2019,inseason,Khon Kaen,"สุพรรณบุรี60,90",0.0,0.0,both,0.0,0.0
2019,inseason,Khon Kaen,หอมสุพรรณบุรี,0.0,0.0,both,0.0,0.0
2019,inseason,Krabi,กข15,0.0,0.0,both,0.0,0.0
2019,inseason,Krabi,กข6,0.0,0.0,both,0.0,0.0
2019,inseason,Krabi,ขาวดอกมะลิ105,67223.0,2206.0,both,-65017.0,65017.0
2019,inseason,Krabi,คลองหลวง1,0.0,0.0,both,0.0,0.0
2019,inseason,Krabi,ชัยนาท1,0.0,0.0,both,0.0,0.0
2019,inseason,Krabi,ปทุมธานี1,0.0,0.0,both,0.0,0.0
2019,inseason,Krabi,พันธุ์พื้นเมือง,101170.0,3321.0,both,-97849.0,97849.0
2019,inseason,Krabi,ราชการไม่ไวต่อช่วงแสง,3870.0,127.0,both,-3743.0,3743.0
2019,inseason,Krabi,ราชการไวต่อช่วงแสง,69936.0,2295.0,both,-67641.0,67641.0
2019,inseason,Krabi,สุพรรณบุรี1,0.0,0.0,both,0.0,0.0
2019,inseason,Krabi,"สุพรรณบุรี60,90",0.0,0.0,both,0.0,0.0
2019,inseason,Krabi,หอมสุพรรณบุรี,0.0,0.0,both,0.0,0.0
2019,inseason,Lampang,กข15,19745.0,640.0,both,-19105.0,19105.0
2019,inseason,Lampang,กข6,6513336.0,211121.0,both,-6302215.0,6302215.0
2019,inseason,Lampang,ขาวดอกมะลิ105,1727019.0,55979.0,both,-1671040.0,1671040.0
2019,inseason,Lampang,คลองหลวง1,0.0,0.0,both,0.0,0.0
2019,inseason,Lampang,ชัยนาท1,0.0,0.0,both,0.0,0.0
2019,inseason,Lampang,ปทุมธานี1,34368.0,1114.0,both,-33254.0,33254.0
2019,inseason,Lampang,พันธุ์พื้นเมือง,145494.0,4715.0,both,-140779.0,140779.0
2019,inseason,Lampang,ราชการไม่ไวต่อช่วงแสง,4465248.0,144735.0,both,-4320513.0,4320513.0
2019,inseason,Lampang,ราชการไวต่อช่วงแสง,633314.0,20529.0,both,-612785.0,612785.0
2019,inseason,Lampang,สุพรรณบุรี1,0.0,0.0,both,0.0,0.0
2019,inseason,Lampang,"สุพรรณบุรี60,90",0.0,0.0,both,0.0,0.0
2019,inseason,Lampang,หอมสุพรรณบุรี,0.0,0.0,both,0.0,0.0
2019,inseason,Lamphun,กข15,3894.0,126.0,both,-3768.0,3768.0
2019,inseason,Lamphun,กข6,1258322.0,40721.0,both,-1217601.0,1217601.0
2019,inseason,Lamphun,ขาวดอกมะลิ105,153547.0,4969.0,both,-148578.0,148578.0
2019,inseason,Lamphun,คลองหลวง1,0.0,0.0,both,0.0,0.0
2019,inseason,Lamphun,ชัยนาท1,0.0,0.0,both,0.0,0.0
2019,inseason,Lamphun,ปทุมธานี1,5160.0,167.0,both,-4993.0,4993.0
2019,inseason,Lamphun,พันธุ์พื้นเมือง,97925.0,3169.0,both,-94756.0,94756.0
2019,inseason,Lamphun,ราชการไม่ไวต่อช่วงแสง,1494715.0,48371.0,both,-1446344.0,1446344.0
2019,inseason,Lamphun,ราชการไวต่อช่วงแสง,266120.0,8610.0,both,-257510.0,257510.0
2019,inseason,Lamphun,สุพรรณบุรี1,0.0,0.0,both,0.0,0.0
2019,inseason,Lamphun,"สุพรรณบุรี60,90",0.0,0.0,both,0.0,0.0
2019,inseason,Lamphun,หอมสุพรรณบุรี,0.0,0.0,both,0.0,0.0
2019,inseason,Loei,กข15,0.0,0.0,both,0.0,0.0
2019,inseason,Loei,กข6,8573795.0,279431.0,both,-8294364.0,8294364.0
2019,inseason,Loei,ขาวดอกมะลิ105,267005.0,8702.0,both,-258303.0,258303.0
2019,inseason,Loei,คลองหลวง1,0.0,0.0,both,0.0,0.0
2019,inseason,Loei,ชัยนาท1,0.0,0.0,both,0.0,0.0
2019,inseason,Loei,ปทุมธานี1,0.0,0.0,both,0.0,0.0
2019,inseason,Loei,พันธุ์พื้นเมือง,1449564.0,47244.0,both,-1402320.0,1402320.0
2019,inseason,Loei,ราชการไม่ไวต่อช่วงแสง,707308.0,23051.0,both,-684257.0,684257.0
2019,inseason,Loei,ราชการไวต่อช่วงแสง,2108731.0,68725.0,both,-2040006.0,2040006.0
2019,inseason,Loei,สุพรรณบุรี1,0.0,0.0,both,0.0,0.0
2019,inseason,Loei,"สุพรรณบุรี60,90",0.0,0.0,both,0.0,0.0
2019,inseason,Loei,หอมสุพรรณบุรี,0.0,0.0,both,0.0,0.0
2019,inseason,Lop Buri,กข15,0.0,0.0,both,0.0,0.0
2019,inseason,Lop Buri,กข6,0.0,0.0,both,0.0,0.0
2019,inseason,Lop Buri,ขาวดอกมะลิ105,7290598.0,238498.0,both,-7052100.0,7052100.0
2019,inseason,Lop Buri,คลองหลวง1,0.0,0.0,both,0.0,0.0
2019,inseason,Lop Buri,ชัยนาท1,289397.0,9467.0,both,-279930.0,279930.0
2019,inseason,Lop Buri,ปทุมธานี1,5856420.0,191580.0,both,-5664840.0,5664840.0
2019,inseason,Lop Buri,พันธุ์พื้นเมือง,128482.0,4203.0,both,-124279.0,124279.0
2019,inseason,Lop Buri,ราชการไม่ไวต่อช่วงแสง,9146292.0,299200.0,both,-8847092.0,8847092.0
2019,inseason,Lop Buri,ราชการไวต่อช่วงแสง,95345.0,3119.0,both,-92226.0,92226.0
2019,inseason,Lop Buri,สุพรรณบุรี1,309542.0,10127.0,both,-299415.0,299415.0
2019,inseason,Lop Buri,"สุพรรณบุรี60,90",0.0,0.0,both,0.0,0.0
2019,inseason,Lop Buri,หอมสุพรรณบุรี,11402.0,373.0,both,-11029.0,11029.0
2019,inseason,Mae Hong Son,กข15,0.0,0.0,both,0.0,0.0
2019,inseason,Mae Hong Son,กข6,54316.0,1773.0,both,-52543.0,52543.0
2019,inseason,Mae Hong Son,ขาวดอกมะลิ105,1130162.0,36891.0,both,-1093271.0,1093271.0
2019,inseason,Mae Hong Son,คลองหลวง1,0.0,0.0,both,0.0,0.0
2019,inseason,Mae Hong Son,ชัยนาท1,0.0,0.0,both,0.0,0.0
2019,inseason,Mae Hong Son,ปทุมธานี1,0.0,0.0,both,0.0,0.0
2019,inseason,Mae Hong Son,พันธุ์พื้นเมือง,2725366.0,88962.0,both,-2636404.0,2636404.0
2019,inseason,Mae Hong Son,ราชการไม่ไวต่อช่วงแสง,2039444.0,66573.0,both,-1972871.0,1972871.0
2019,inseason,Mae Hong Son,ราชการไวต่อช่วงแสง,136296.0,4450.0,both,-131846.0,131846.0
2019,inseason,Mae Hong Son,สุพรรณบุรี1,0.0,0.0,both,0.0,0.0
2019,inseason,Mae Hong Son,"สุพรรณบุรี60,90",0.0,0.0,both,0.0,0.0
2019,inseason,Mae Hong Son,หอมสุพรรณบุรี,0.0,0.0,both,0.0,0.0
2019,inseason,Maha Sarakham,กข15,1421893.0,46694.0,both,-1375199.0,1375199.0
2019,inseason,Maha Sarakham,กข6,30078378.0,987732.0,both,-29090646.0,29090646.0
2019,inseason,Maha Sarakham,ขาวดอกมะลิ105,32100328.0,1054130.0,both,-31046198.0,31046198.0
2019,inseason,Maha Sarakham,คลองหลวง1,0.0,0.0,both,0.0,0.0
2019,inseason,Maha Sarakham,ชัยนาท1,43303.0,1422.0,both,-41881.0,41881.0
2019,inseason,Maha Sarakham,ปทุมธานี1,0.0,0.0,both,0.0,0.0
2019,inseason,Maha Sarakham,พันธุ์พื้นเมือง,77561.0,2547.0,both,-75014.0,75014.0
2019,inseason,Maha Sarakham,ราชการไม่ไวต่อช่วงแสง,269104.0,8836.0,both,-260268.0,260268.0
2019,inseason,Maha Sarakham,ราชการไวต่อช่วงแสง,122996.0,4039.0,both,-118957.0,118957.0
2019,inseason,Maha Sarakham,สุพรรณบุรี1,0.0,0.0,both,0.0,0.0
2019,inseason,Maha Sarakham,"สุพรรณบุรี60,90",32188.0,1056.0,both,-31132.0,31132.0
2019,inseason,Maha Sarakham,หอมสุพรรณบุรี,0.0,0.0,both,0.0,0.0
2019,inseason,Mukdahan,กข15,64624.0,2109.0,both,-62515.0,62515.0
2019,inseason,Mukdahan,กข6,10468984.0,341659.0,both,-10127325.0,10127325.0
2019,inseason,Mukdahan,ขาวดอกมะลิ105,3452350.0,112668.0,both,-3339682.0,3339682.0
2019,inseason,Mukdahan,คลองหลวง1,0.0,0.0,both,0.0,0.0
2019,inseason,Mukdahan,ชัยนาท1,1685.0,55.0,both,-1630.0,1630.0
2019,inseason,Mukdahan,ปทุมธานี1,59016.0,1926.0,both,-57090.0,57090.0
2019,inseason,Mukdahan,พันธุ์พื้นเมือง,173586.0,5665.0,both,-167921.0,167921.0
2019,inseason,Mukdahan,ราชการไม่ไวต่อช่วงแสง,96675.0,3155.0,both,-93520.0,93520.0
2019,inseason,Mukdahan,ราชการไวต่อช่วงแสง,254909.0,8319.0,both,-246590.0,246590.0
2019,inseason,Mukdahan,สุพรรณบุรี1,0.0,0.0,both,0.0,0.0
2019,inseason,Mukdahan,"สุพรรณบุรี60,90",0.0,0.0,both,0.0,0.0
2019,inseason,Mukdahan,หอมสุพรรณบุรี,0.0,0.0,both,0.0,0.0
2019,inseason,Nakhon Nayok,กข15,0.0,0.0,both,0.0,0.0
2019,inseason,Nakhon Nayok,กข6,0.0,0.0,both,0.0,0.0
2019,inseason,Nakhon Nayok,ขาวดอกมะลิ105,1015054.0,33112.0,both,-981942.0,981942.0
2019,inseason,Nakhon Nayok,คลองหลวง1,0.0,0.0,both,0.0,0.0
2019,inseason,Nakhon Nayok,ชัยนาท1,46688.0,1523.0,both,-45165.0,45165.0
2019,inseason,Nakhon Nayok,ปทุมธานี1,351247.0,11458.0,both,-339789.0,339789.0
2019,inseason,Nakhon Nayok,พันธุ์พื้นเมือง,1342758.0,43802.0,both,-1298956.0,1298956.0
2019,inseason,Nakhon Nayok,ราชการไม่ไวต่อช่วงแสง,5817433.0,189771.0,both,-5627662.0,5627662.0
2019,inseason,Nakhon Nayok,ราชการไวต่อช่วงแสง,2437516.0,79514.0,both,-2358002.0,2358002.0
2019,inseason,Nakhon Nayok,สุพรรณบุรี1,78324.0,2555.0,both,-75769.0,75769.0
2019,inseason,Nakhon Nayok,"สุพรรณบุรี60,90",52819.0,1723.0,both,-51096.0,51096.0
2019,inseason,Nakhon Nayok,หอมสุพรรณบุรี,0.0,0.0,both,0.0,0.0
2019,inseason,Nakhon Pathom,กข15,0.0,0.0,both,0.0,0.0
2019,inseason,Nakhon Pathom,กข6,0.0,0.0,both,0.0,0.0
2019,inseason,Nakhon Pathom,ขาวดอกมะลิ105,891.0,29.0,both,-862.0,862.0
2019,inseason,Nakhon Pathom,คลองหลวง1,0.0,0.0,both,0.0,0.0
2019,inseason,Nakhon Pathom,ชัยนาท1,33529.0,1092.0,both,-32437.0,32437.0
2019,inseason,Nakhon Pathom,ปทุมธานี1,710889.0,23152.0,both,-687737.0,687737.0
2019,inseason,Nakhon Pathom,พันธุ์พื้นเมือง,11207.0,365.0,both,-10842.0,10842.0
2019,inseason,Nakhon Pathom,ราชการไม่ไวต่อช่วงแสง,6969162.0,226978.0,both,-6742184.0,6742184.0
2019,inseason,Nakhon Pathom,ราชการไวต่อช่วงแสง,402069.0,13096.0,both,-388973.0,388973.0
2019,inseason,Nakhon Pathom,สุพรรณบุรี1,155117.0,5052.0,both,-150065.0,150065.0
2019,inseason,Nakhon Pathom,"สุพรรณบุรี60,90",13264.0,432.0,both,-12832.0,12832.0
2019,inseason,Nakhon Pathom,หอมสุพรรณบุรี,0.0,0.0,both,0.0,0.0
2019,inseason,Nakhon Phanom,กข15,2016021.0,65934.0,both,-1950087.0,1950087.0
2019,inseason,Nakhon Phanom,กข6,21148193.0,691652.0,both,-20456541.0,20456541.0
2019,inseason,Nakhon Phanom,ขาวดอกมะลิ105,18585589.0,607842.0,both,-17977747.0,17977747.0
2019,inseason,Nakhon Phanom,คลองหลวง1,0.0,0.0,both,0.0,0.0
2019,inseason,Nakhon Phanom,ชัยนาท1,0.0,0.0,both,0.0,0.0
2019,inseason,Nakhon Phanom,ปทุมธานี1,24614.0,805.0,both,-23809.0,23809.0
2019,inseason,Nakhon Phanom,พันธุ์พื้นเมือง,801345.0,26209.0,both,-775136.0,775136.0
2019,inseason,Nakhon Phanom,ราชการไม่ไวต่อช่วงแสง,1158538.0,37890.0,both,-1120648.0,1120648.0
2019,inseason,Nakhon Phanom,ราชการไวต่อช่วงแสง,711420.0,23267.0,both,-688153.0,688153.0
2019,inseason,Nakhon Phanom,สุพรรณบุรี1,0.0,0.0,both,0.0,0.0
2019,inseason,Nakhon Phanom,"สุพรรณบุรี60,90",0.0,0.0,both,0.0,0.0
2019,inseason,Nakhon Phanom,หอมสุพรรณบุรี,0.0,0.0,both,0.0,0.0
2019,inseason,Nakhon Ratchasima,กข15,1324481.0,43272.0,both,-1281209.0,1281209.0
2019,inseason,Nakhon Ratchasima,กข6,4878030.0,159366.0,both,-4718664.0,4718664.0
2019,inseason,Nakhon Ratchasima,ขาวดอกมะลิ105,91284743.0,2982287.0,both,-88302456.0,88302456.0
2019,inseason,Nakhon Ratchasima,คลองหลวง1,0.0,0.0,both,0.0,0.0
2019,inseason,Nakhon Ratchasima,ชัยนาท1,1879054.0,61389.0,both,-1817665.0,1817665.0
2019,inseason,Nakhon Ratchasima,ปทุมธานี1,659409.0,21543.0,both,-637866.0,637866.0
2019,inseason,Nakhon Ratchasima,พันธุ์พื้นเมือง,2732586.0,89274.0,both,-2643312.0,2643312.0
2019,inseason,Nakhon Ratchasima,ราชการไม่ไวต่อช่วงแสง,2979110.0,97327.0,both,-2881783.0,2881783.0
2019,inseason,Nakhon Ratchasima,ราชการไวต่อช่วงแสง,2510089.0,82004.0,both,-2428085.0,2428085.0
2019,inseason,Nakhon Ratchasima,สุพรรณบุรี1,237893.0,7772.0,both,-230121.0,230121.0
2019,inseason,Nakhon Ratchasima,"สุพรรณบุรี60,90",429444.0,14031.0,both,-415413.0,415413.0
2019,inseason,Nakhon Ratchasima,หอมสุพรรณบุรี,16590.0,542.0,both,-16048.0,16048.0
2019,inseason,Nakhon Sawan,กข15,0.0,0.0,both,0.0,0.0
2019,inseason,Nakhon Sawan,กข6,112218.0,3668.0,both,-108550.0,108550.0
2019,inseason,Nakhon Sawan,ขาวดอกมะลิ105,17855339.0,583629.0,both,-17271710.0,17271710.0
2019,inseason,Nakhon Sawan,คลองหลวง1,0.0,0.0,both,0.0,0.0
2019,inseason,Nakhon Sawan,ชัยนาท1,2116438.0,69180.0,both,-2047258.0,2047258.0
2019,inseason,Nakhon Sawan,ปทุมธานี1,2245665.0,73404.0,both,-2172261.0,2172261.0
2019,inseason,Nakhon Sawan,พันธุ์พื้นเมือง,552644.0,18065.0,both,-534579.0,534579.0
2019,inseason,Nakhon Sawan,ราชการไม่ไวต่อช่วงแสง,45126790.0,1475037.0,both,-43651753.0,43651753.0
2019,inseason,Nakhon Sawan,ราชการไวต่อช่วงแสง,856224.0,27988.0,both,-828236.0,828236.0
2019,inseason,Nakhon Sawan,สุพรรณบุรี1,2176126.0,71130.0,both,-2104996.0,2104996.0
2019,inseason,Nakhon Sawan,"สุพรรณบุรี60,90",236611.0,7734.0,both,-228877.0,228877.0
2019,inseason,Nakhon Sawan,หอมสุพรรณบุรี,1235494.0,40384.0,both,-1195110.0,1195110.0
2019,inseason,Nakhon Si Thammarat,กข15,0.0,0.0,both,0.0,0.0
2019,inseason,Nakhon Si Thammarat,กข6,0.0,0.0,both,0.0,0.0
2019,inseason,Nakhon Si Thammarat,ขาวดอกมะลิ105,91898.0,2230.0,both,-89668.0,89668.0
2019,inseason,Nakhon Si Thammarat,คลองหลวง1,0.0,0.0,both,0.0,0.0
2019,inseason,Nakhon Si Thammarat,ชัยนาท1,126482.0,3068.0,both,-123414.0,123414.0
2019,inseason,Nakhon Si Thammarat,ปทุมธานี1,1357968.0,32941.0,both,-1325027.0,1325027.0
2019,inseason,Nakhon Si Thammarat,พันธุ์พื้นเมือง,772272.0,18732.0,both,-753540.0,753540.0
2019,inseason,Nakhon Si Thammarat,ราชการไม่ไวต่อช่วงแสง,4791859.0,116237.0,both,-4675622.0,4675622.0
2019,inseason,Nakhon Si Thammarat,ราชการไวต่อช่วงแสง,629722.0,15275.0,both,-614447.0,614447.0
2019,inseason,Nakhon Si Thammarat,สุพรรณบุรี1,0.0,0.0,both,0.0,0.0
2019,inseason,Nakhon Si Thammarat,"สุพรรณบุรี60,90",4568.0,110.0,both,-4458.0,4458.0
2019,inseason,Nakhon Si Thammarat,หอมสุพรรณบุรี,0.0,0.0,both,0.0,0.0
2019,inseason,Nan,กข15,12588.0,411.0,both,-12177.0,12177.0
2019,inseason,Nan,กข6,2198378.0,71778.0,both,-2126600.0,2126600.0
2019,inseason,Nan,ขาวดอกมะลิ105,217455.0,7101.0,both,-210354.0,210354.0
2019,inseason,Nan,คลองหลวง1,0.0,0.0,both,0.0,0.0
2019,inseason,Nan,ชัยนาท1,0.0,0.0,both,0.0,0.0
2019,inseason,Nan,ปทุมธานี1,0.0,0.0,both,0.0,0.0
2019,inseason,Nan,พันธุ์พื้นเมือง,2197521.0,71750.0,both,-2125771.0,2125771.0
2019,inseason,Nan,ราชการไม่ไวต่อช่วงแสง,3299987.0,107746.0,both,-3192241.0,3192241.0
2019,inseason,Nan,ราชการไวต่อช่วงแสง,1526840.0,49852.0,both,-1476988.0,1476988.0
2019,inseason,Nan,สุพรรณบุรี1,0.0,0.0,both,0.0,0.0
2019,inseason,Nan,"สุพรรณบุรี60,90",0.0,0.0,both,0.0,0.0
2019,inseason,Nan,หอมสุพรรณบุรี,0.0,0.0,both,0.0,0.0
2019,inseason,Narathiwat,กข15,0.0,0.0,both,0.0,0.0
2019,inseason,Narathiwat,กข6,0.0,0.0,both,0.0,0.0
2019,inseason,Narathiwat,ขาวดอกมะลิ105,0.0,0.0,both,0.0,0.0
2019,inseason,Narathiwat,คลองหลวง1,0.0,0.0,both,0.0,0.0
2019,inseason,Narathiwat,ชัยนาท1,0.0,0.0,both,0.0,0.0
2019,inseason,Narathiwat,ปทุมธานี1,0.0,0.0,both,0.0,0.0
2019,inseason,Narathiwat,พันธุ์พื้นเมือง,691946.0,18644.0,both,-673302.0,673302.0
2019,inseason,Narathiwat,ราชการไม่ไวต่อช่วงแสง,283569.0,7640.0,both,-275929.0,275929.0
2019,inseason,Narathiwat,ราชการไวต่อช่วงแสง,93124.0,2510.0,both,-90614.0,90614.0
2019,inseason,Narathiwat,สุพรรณบุรี1,0.0,0.0,both,0.0,0.0
2019,inseason,Narathiwat,"สุพรรณบุรี60,90",0.0,0.0,both,0.0,0.0
2019,inseason,Narathiwat,หอมสุพรรณบุรี,0.0,0.0,both,0.0,0.0
2019,inseason,Nong Bua Lam Phu,กข15,623651.0,20361.0,both,-603290.0,603290.0
2019,inseason,Nong Bua Lam Phu,กข6,15498392.0,505969.0,both,-14992423.0,14992423.0
2019,inseason,Nong Bua Lam Phu,ขาวดอกมะลิ105,4255619.0,138931.0,both,-4116688.0,4116688.0
2019,inseason,Nong Bua Lam Phu,คลองหลวง1,0.0,0.0,both,0.0,0.0
2019,inseason,Nong Bua Lam Phu,ชัยนาท1,0.0,0.0,both,0.0,0.0
2019,inseason,Nong Bua Lam Phu,ปทุมธานี1,0.0,0.0,both,0.0,0.0
2019,inseason,Nong Bua Lam Phu,พันธุ์พื้นเมือง,136891.0,4470.0,both,-132421.0,132421.0
2019,inseason,Nong Bua Lam Phu,ราชการไม่ไวต่อช่วงแสง,149266.0,4872.0,both,-144394.0,144394.0
2019,inseason,Nong Bua Lam Phu,ราชการไวต่อช่วงแสง,127273.0,4155.0,both,-123118.0,123118.0
2019,inseason,Nong Bua Lam Phu,สุพรรณบุรี1,0.0,0.0,both,0.0,0.0
2019,inseason,Nong Bua Lam Phu,"สุพรรณบุรี60,90",0.0,0.0,both,0.0,0.0
2019,inseason,Nong Bua Lam Phu,หอมสุพรรณบุรี,0.0,0.0,both,0.0,0.0
2019,inseason,Nong Khai,กข15,838238.0,27108.0,both,-811130.0,811130.0
2019,inseason,Nong Khai,กข6,11145743.0,360447.0,both,-10785296.0,10785296.0
2019,inseason,Nong Khai,ขาวดอกมะลิ105,3403294.0,110060.0,both,-3293234.0,3293234.0
2019,inseason,Nong Khai,คลองหลวง1,0.0,0.0,both,0.0,0.0
2019,inseason,Nong Khai,ชัยนาท1,0.0,0.0,both,0.0,0.0
2019,inseason,Nong Khai,ปทุมธานี1,0.0,0.0,both,0.0,0.0
2019,inseason,Nong Khai,พันธุ์พื้นเมือง,120194.0,3886.0,both,-116308.0,116308.0
2019,inseason,Nong Khai,ราชการไม่ไวต่อช่วงแสง,585851.0,18946.0,both,-566905.0,566905.0
2019,inseason,Nong Khai,ราชการไวต่อช่วงแสง,1394250.0,45089.0,both,-1349161.0,1349161.0
2019,inseason,Nong Khai,สุพรรณบุรี1,0.0,0.0,both,0.0,0.0
2019,inseason,Nong Khai,"สุพรรณบุรี60,90",0.0,0.0,both,0.0,0.0
2019,inseason,Nong Khai,หอมสุพรรณบุรี,0.0,0.0,both,0.0,0.0
2019,inseason,Nonthaburi,กข15,0.0,0.0,both,0.0,0.0
2019,inseason,Nonthaburi,กข6,0.0,0.0,both,0.0,0.0
2019,inseason,Nonthaburi,ขาวดอกมะลิ105,0.0,0.0,both,0.0,0.0
2019,inseason,Nonthaburi,คลองหลวง1,0.0,0.0,both,0.0,0.0
2019,inseason,Nonthaburi,ชัยนาท1,0.0,0.0,both,0.0,0.0
2019,inseason,Nonthaburi,ปทุมธานี1,37427.0,1221.0,both,-36206.0,36206.0
2019,inseason,Nonthaburi,พันธุ์พื้นเมือง,0.0,0.0,both,0.0,0.0
2019,inseason,Nonthaburi,ราชการไม่ไวต่อช่วงแสง,2575149.0,84011.0,both,-2491138.0,2491138.0
2019,inseason,Nonthaburi,ราชการไวต่อช่วงแสง,0.0,0.0,both,0.0,0.0
2019,inseason,Nonthaburi,สุพรรณบุรี1,14100.0,460.0,both,-13640.0,13640.0
2019,inseason,Nonthaburi,"สุพรรณบุรี60,90",0.0,0.0,both,0.0,0.0
2019,inseason,Nonthaburi,หอมสุพรรณบุรี,0.0,0.0,both,0.0,0.0
2019,inseason,Pathum Thani,กข15,0.0,0.0,both,0.0,0.0
2019,inseason,Pathum Thani,กข6,0.0,0.0,both,0.0,0.0
2019,inseason,Pathum Thani,ขาวดอกมะลิ105,0.0,0.0,both,0.0,0.0
2019,inseason,Pathum Thani,คลองหลวง1,0.0,0.0,both,0.0,0.0
2019,inseason,Pathum Thani,ชัยนาท1,0.0,0.0,both,0.0,0.0
2019,inseason,Pathum Thani,ปทุมธานี1,1325553.0,43193.0,both,-1282360.0,1282360.0
2019,inseason,Pathum Thani,พันธุ์พื้นเมือง,0.0,0.0,both,0.0,0.0
2019,inseason,Pathum Thani,ราชการไม่ไวต่อช่วงแสง,8030014.0,261657.0,both,-7768357.0,7768357.0
2019,inseason,Pathum Thani,ราชการไวต่อช่วงแสง,58769.0,1915.0,both,-56854.0,56854.0
2019,inseason,Pathum Thani,สุพรรณบุรี1,89367.0,2912.0,both,-86455.0,86455.0
2019,inseason,Pathum Thani,"สุพรรณบุรี60,90",0.0,0.0,both,0.0,0.0
2019,inseason,Pathum Thani,หอมสุพรรณบุรี,0.0,0.0,both,0.0,0.0
2019,inseason,Pattani,กข15,0.0,0.0,both,0.0,0.0
2019,inseason,Pattani,กข6,0.0,0.0,both,0.0,0.0
2019,inseason,Pattani,ขาวดอกมะลิ105,0.0,0.0,both,0.0,0.0
2019,inseason,Pattani,คลองหลวง1,0.0,0.0,both,0.0,0.0
2019,inseason,Pattani,ชัยนาท1,0.0,0.0,both,0.0,0.0
2019,inseason,Pattani,ปทุมธานี1,0.0,0.0,both,0.0,0.0
2019,inseason,Pattani,พันธุ์พื้นเมือง,1597756.0,52154.0,both,-1545602.0,1545602.0
2019,inseason,Pattani,ราชการไม่ไวต่อช่วงแสง,333429.0,10884.0,both,-322545.0,322545.0
2019,inseason,Pattani,ราชการไวต่อช่วงแสง,343875.0,11224.0,both,-332651.0,332651.0
2019,inseason,Pattani,สุพรรณบุรี1,0.0,0.0,both,0.0,0.0
2019,inseason,Pattani,"สุพรรณบุรี60,90",0.0,0.0,both,0.0,0.0
2019,inseason,Pattani,หอมสุพรรณบุรี,0.0,0.0,both,0.0,0.0
2019,inseason,Phang-nga,กข15,0.0,0.0,both,0.0,0.0
2019,inseason,Phang-nga,กข6,0.0,0.0,both,0.0,0.0
2019,inseason,Phang-nga,ขาวดอกมะลิ105,7496.0,245.0,both,-7251.0,7251.0
2019,inseason,Phang-nga,คลองหลวง1,0.0,0.0,both,0.0,0.0
2019,inseason,Phang-nga,ชัยนาท1,0.0,0.0,both,0.0,0.0
2019,inseason,Phang-nga,ปทุมธานี1,22641.0,737.0,both,-21904.0,21904.0
2019,inseason,Phang-nga,พันธุ์พื้นเมือง,21842.0,711.0,both,-21131.0,21131.0
2019,inseason,Phang-nga,ราชการไม่ไวต่อช่วงแสง,25252.0,822.0,both,-24430.0,24430.0
2019,inseason,Phang-nga,ราชการไวต่อช่วงแสง,5868.0,191.0,both,-5677.0,5677.0
2019,inseason,Phang-nga,สุพรรณบุรี1,0.0,0.0,both,0.0,0.0
2019,inseason,Phang-nga,"สุพรรณบุรี60,90",0.0,0.0,both,0.0,0.0
2019,inseason,Phang-nga,หอมสุพรรณบุรี,0.0,0.0,both,0.0,0.0
2019,inseason,Phatthalung,กข15,0.0,0.0,both,0.0,0.0
2019,inseason,Phatthalung,กข6,0.0,0.0,both,0.0,0.0
2019,inseason,Phatthalung,ขาวดอกมะลิ105,22805.0,522.0,both,-22283.0,22283.0
2019,inseason,Phatthalung,คลองหลวง1,0.0,0.0,both,0.0,0.0
2019,inseason,Phatthalung,ชัยนาท1,252454.0,5790.0,both,-246664.0,246664.0
2019,inseason,Phatthalung,ปทุมธานี1,348814.0,7999.0,both,-340815.0,340815.0
2019,inseason,Phatthalung,พันธุ์พื้นเมือง,1902484.0,43636.0,both,-1858848.0,1858848.0
2019,inseason,Phatthalung,ราชการไม่ไวต่อช่วงแสง,1386706.0,31807.0,both,-1354899.0,1354899.0
2019,inseason,Phatthalung,ราชการไวต่อช่วงแสง,572225.0,13125.0,both,-559100.0,559100.0
2019,inseason,Phatthalung,สุพรรณบุรี1,0.0,0.0,both,0.0,0.0
2019,inseason,Phatthalung,"สุพรรณบุรี60,90",20855.0,479.0,both,-20376.0,20376.0
2019,inseason,Phatthalung,หอมสุพรรณบุรี,0.0,0.0,both,0.0,0.0
2019,inseason,Phayao,กข15,2475294.0,80739.0,both,-2394555.0,2394555.0
2019,inseason,Phayao,กข6,5479799.0,178743.0,both,-5301056.0,5301056.0
2019,inseason,Phayao,ขาวดอกมะลิ105,8930096.0,291285.0,both,-8638811.0,8638811.0
2019,inseason,Phayao,คลองหลวง1,0.0,0.0,both,0.0,0.0
2019,inseason,Phayao,ชัยนาท1,8063.0,263.0,both,-7800.0,7800.0
2019,inseason,Phayao,ปทุมธานี1,53436.0,1743.0,both,-51693.0,51693.0
2019,inseason,Phayao,พันธุ์พื้นเมือง,459343.0,14983.0,both,-444360.0,444360.0
2019,inseason,Phayao,ราชการไม่ไวต่อช่วงแสง,1105482.0,36058.0,both,-1069424.0,1069424.0
2019,inseason,Phayao,ราชการไวต่อช่วงแสง,780481.0,25458.0,both,-755023.0,755023.0
2019,inseason,Phayao,สุพรรณบุรี1,0.0,0.0,both,0.0,0.0
2019,inseason,Phayao,"สุพรรณบุรี60,90",0.0,0.0,both,0.0,0.0
2019,inseason,Phayao,หอมสุพรรณบุรี,0.0,0.0,both,0.0,0.0
2019,inseason,Phetchabun,กข15,2349.0,77.0,both,-2272.0,2272.0
2019,inseason,Phetchabun,กข6,1185760.0,38864.0,both,-1146896.0,1146896.0
2019,inseason,Phetchabun,ขาวดอกมะลิ105,7756484.0,254233.0,both,-7502251.0,7502251.0
2019,inseason,Phetchabun,คลองหลวง1,0.0,0.0,both,0.0,0.0
2019,inseason,Phetchabun,ชัยนาท1,1277228.0,41862.0,both,-1235366.0,1235366.0
2019,inseason,Phetchabun,ปทุมธานี1,540998.0,17732.0,both,-523266.0,523266.0
2019,inseason,Phetchabun,พันธุ์พื้นเมือง,1313138.0,43040.0,both,-1270098.0,1270098.0
2019,inseason,Phetchabun,ราชการไม่ไวต่อช่วงแสง,19485882.0,638678.0,both,-18847204.0,18847204.0
2019,inseason,Phetchabun,ราชการไวต่อช่วงแสง,3523719.0,115493.0,both,-3408226.0,3408226.0
2019,inseason,Phetchabun,สุพรรณบุรี1,127683.0,4184.0,both,-123499.0,123499.0
2019,inseason,Phetchabun,"สุพรรณบุรี60,90",280903.0,9208.0,both,-271695.0,271695.0
2019,inseason,Phetchabun,หอมสุพรรณบุรี,1190.0,39.0,both,-1151.0,1151.0
2019,inseason,Phetchaburi,กข15,0.0,0.0,both,0.0,0.0
2019,inseason,Phetchaburi,กข6,0.0,0.0,both,0.0,0.0
2019,inseason,Phetchaburi,ขาวดอกมะลิ105,20482.0,665.0,both,-19817.0,19817.0
2019,inseason,Phetchaburi,คลองหลวง1,0.0,0.0,both,0.0,0.0
2019,inseason,Phetchaburi,ชัยนาท1,1078308.0,35010.0,both,-1043298.0,1043298.0
2019,inseason,Phetchaburi,ปทุมธานี1,554492.0,18003.0,both,-536489.0,536489.0
2019,inseason,Phetchaburi,พันธุ์พื้นเมือง,31724.0,1030.0,both,-30694.0,30694.0
2019,inseason,Phetchaburi,ราชการไม่ไวต่อช่วงแสง,4952268.0,160789.0,both,-4791479.0,4791479.0
2019,inseason,Phetchaburi,ราชการไวต่อช่วงแสง,207315.0,6731.0,both,-200584.0,200584.0
2019,inseason,Phetchaburi,สุพรรณบุรี1,1832630.0,59501.0,both,-1773129.0,1773129.0
2019,inseason,Phetchaburi,"สุพรรณบุรี60,90",35296.0,1146.0,both,-34150.0,34150.0
2019,inseason,Phetchaburi,หอมสุพรรณบุรี,0.0,0.0,both,0.0,0.0
2019,inseason,Phichit,กข15,273440.0,8923.0,both,-264517.0,264517.0
2019,inseason,Phichit,กข6,0.0,0.0,both,0.0,0.0
2019,inseason,Phichit,ขาวดอกมะลิ105,15428647.0,503474.0,both,-14925173.0,14925173.0
2019,inseason,Phichit,คลองหลวง1,0.0,0.0,both,0.0,0.0
2019,inseason,Phichit,ชัยนาท1,306996.0,10019.0,both,-296977.0,296977.0
2019,inseason,Phichit,ปทุมธานี1,749747.0,24468.0,both,-725279.0,725279.0
2019,inseason,Phichit,พันธุ์พื้นเมือง,419308.0,13684.0,both,-405624.0,405624.0
2019,inseason,Phichit,ราชการไม่ไวต่อช่วงแสง,31577255.0,1030441.0,both,-30546814.0,30546814.0
2019,inseason,Phichit,ราชการไวต่อช่วงแสง,1956647.0,63849.0,both,-1892798.0,1892798.0
2019,inseason,Phichit,สุพรรณบุรี1,1678794.0,54781.0,both,-1624013.0,1624013.0
2019,inseason,Phichit,"สุพรรณบุรี60,90",556381.0,18157.0,both,-538224.0,538224.0
2019,inseason,Phichit,หอมสุพรรณบุรี,54823.0,1789.0,both,-53034.0,53034.0
2019,inseason,Phitsanulok,กข15,73645.0,2401.0,both,-71244.0,71244.0
2019,inseason,Phitsanulok,กข6,1927179.0,62829.0,both,-1864350.0,1864350.0
2019,inseason,Phitsanulok,ขาวดอกมะลิ105,8276532.0,269832.0,both,-8006700.0,8006700.0
2019,inseason,Phitsanulok,คลองหลวง1,0.0,0.0,both,0.0,0.0
2019,inseason,Phitsanulok,ชัยนาท1,975613.0,31808.0,both,-943805.0,943805.0
2019,inseason,Phitsanulok,ปทุมธานี1,1684986.0,54933.0,both,-1630053.0,1630053.0
2019,inseason,Phitsanulok,พันธุ์พื้นเมือง,369609.0,12051.0,both,-357558.0,357558.0
2019,inseason,Phitsanulok,ราชการไม่ไวต่อช่วงแสง,26902227.0,877067.0,both,-26025160.0,26025160.0
2019,inseason,Phitsanulok,ราชการไวต่อช่วงแสง,1611984.0,52554.0,both,-1559430.0,1559430.0
2019,inseason,Phitsanulok,สุพรรณบุรี1,586834.0,19133.0,both,-567701.0,567701.0
2019,inseason,Phitsanulok,"สุพรรณบุรี60,90",279645.0,9118.0,both,-270527.0,270527.0
2019,inseason,Phitsanulok,หอมสุพรรณบุรี,0.0,0.0,both,0.0,0.0
2019,inseason,Phra Nakhon Si Ayutthaya,กข15,0.0,0.0,both,0.0,0.0
2019,inseason,Phra Nakhon Si Ayutthaya,กข6,0.0,0.0,both,0.0,0.0
2019,inseason,Phra Nakhon Si Ayutthaya,ขาวดอกมะลิ105,54708.0,1782.0,both,-52926.0,52926.0
2019,inseason,Phra Nakhon Si Ayutthaya,คลองหลวง1,0.0,0.0,both,0.0,0.0
2019,inseason,Phra Nakhon Si Ayutthaya,ชัยนาท1,94895.0,3091.0,both,-91804.0,91804.0
2019,inseason,Phra Nakhon Si Ayutthaya,ปทุมธานี1,1273857.0,41493.0,both,-1232364.0,1232364.0
2019,inseason,Phra Nakhon Si Ayutthaya,พันธุ์พื้นเมือง,886508.0,28877.0,both,-857631.0,857631.0
2019,inseason,Phra Nakhon Si Ayutthaya,ราชการไม่ไวต่อช่วงแสง,21032776.0,685095.0,both,-20347681.0,20347681.0
2019,inseason,Phra Nakhon Si Ayutthaya,ราชการไวต่อช่วงแสง,237591.0,7737.0,both,-229854.0,229854.0
2019,inseason,Phra Nakhon Si Ayutthaya,สุพรรณบุรี1,1231521.0,40114.0,both,-1191407.0,1191407.0
2019,inseason,Phra Nakhon Si Ayutthaya,"สุพรรณบุรี60,90",78685.0,2563.0,both,-76122.0,76122.0
2019,inseason,Phra Nakhon Si Ayutthaya,หอมสุพรรณบุรี,0.0,0.0,both,0.0,0.0
2019,inseason,Phrae,กข15,7958.0,259.0,both,-7699.0,7699.0
2019,inseason,Phrae,กข6,1723842.0,56104.0,both,-1667738.0,1667738.0
2019,inseason,Phrae,ขาวดอกมะลิ105,635675.0,20689.0,both,-614986.0,614986.0
2019,inseason,Phrae,คลองหลวง1,0.0,0.0,both,0.0,0.0
2019,inseason,Phrae,ชัยนาท1,0.0,0.0,both,0.0,0.0
2019,inseason,Phrae,ปทุมธานี1,0.0,0.0,both,0.0,0.0
2019,inseason,Phrae,พันธุ์พื้นเมือง,60867.0,1981.0,both,-58886.0,58886.0
2019,inseason,Phrae,ราชการไม่ไวต่อช่วงแสง,5181204.0,168629.0,both,-5012575.0,5012575.0
2019,inseason,Phrae,ราชการไวต่อช่วงแสง,1552948.0,50544.0,both,-1502404.0,1502404.0
2019,inseason,Phrae,สุพรรณบุรี1,0.0,0.0,both,0.0,0.0
2019,inseason,Phrae,"สุพรรณบุรี60,90",0.0,0.0,both,0.0,0.0
2019,inseason,Phrae,หอมสุพรรณบุรี,0.0,0.0,both,0.0,0.0
2019,inseason,Phuket,กข15,0.0,0.0,both,0.0,0.0
2019,inseason,Phuket,กข6,0.0,0.0,both,0.0,0.0
2019,inseason,Phuket,ขาวดอกมะลิ105,0.0,0.0,both,0.0,0.0
2019,inseason,Phuket,คลองหลวง1,0.0,0.0,both,0.0,0.0
2019,inseason,Phuket,ชัยนาท1,0.0,0.0,both,0.0,0.0
2019,inseason,Phuket,ปทุมธานี1,0.0,0.0,both,0.0,0.0
2019,inseason,Phuket,พันธุ์พื้นเมือง,0.0,0.0,both,0.0,0.0
2019,inseason,Phuket,ราชการไม่ไวต่อช่วงแสง,2097.0,69.0,both,-2028.0,2028.0
2019,inseason,Phuket,ราชการไวต่อช่วงแสง,0.0,0.0,both,0.0,0.0
2019,inseason,Phuket,สุพรรณบุรี1,0.0,0.0,both,0.0,0.0
2019,inseason,Phuket,"สุพรรณบุรี60,90",0.0,0.0,both,0.0,0.0
2019,inseason,Phuket,หอมสุพรรณบุรี,0.0,0.0,both,0.0,0.0
2019,inseason,Prachin Buri,กข15,0.0,0.0,both,0.0,0.0
2019,inseason,Prachin Buri,กข6,23945.0,780.0,both,-23165.0,23165.0
2019,inseason,Prachin Buri,ขาวดอกมะลิ105,2435869.0,79346.0,both,-2356523.0,2356523.0
2019,inseason,Prachin Buri,คลองหลวง1,0.0,0.0,both,0.0,0.0
2019,inseason,Prachin Buri,ชัยนาท1,44206.0,1440.0,both,-42766.0,42766.0
2019,inseason,Prachin Buri,ปทุมธานี1,112203.0,3655.0,both,-108548.0,108548.0
2019,inseason,Prachin Buri,พันธุ์พื้นเมือง,841141.0,27398.0,both,-813743.0,813743.0
2019,inseason,Prachin Buri,ราชการไม่ไวต่อช่วงแสง,4850924.0,158016.0,both,-4692908.0,4692908.0
2019,inseason,Prachin Buri,ราชการไวต่อช่วงแสง,3571685.0,116345.0,both,-3455340.0,3455340.0
2019,inseason,Prachin Buri,สุพรรณบุรี1,32940.0,1073.0,both,-31867.0,31867.0
2019,inseason,Prachin Buri,"สุพรรณบุรี60,90",84114.0,2740.0,both,-81374.0,81374.0
2019,inseason,Prachin Buri,หอมสุพรรณบุรี,0.0,0.0,both,0.0,0.0
2019,inseason,Prachuap Khiri Khan,กข15,0.0,0.0,both,0.0,0.0
2019,inseason,Prachuap Khiri Khan,กข6,0.0,0.0,both,0.0,0.0
2019,inseason,Prachuap Khiri Khan,ขาวดอกมะลิ105,48867.0,1584.0,both,-47283.0,47283.0
2019,inseason,Prachuap Khiri Khan,คลองหลวง1,0.0,0.0,both,0.0,0.0
2019,inseason,Prachuap Khiri Khan,ชัยนาท1,198029.0,6419.0,both,-191610.0,191610.0
2019,inseason,Prachuap Khiri Khan,ปทุมธานี1,318192.0,10314.0,both,-307878.0,307878.0
2019,inseason,Prachuap Khiri Khan,พันธุ์พื้นเมือง,6695.0,217.0,both,-6478.0,6478.0
2019,inseason,Prachuap Khiri Khan,ราชการไม่ไวต่อช่วงแสง,47942.0,1554.0,both,-46388.0,46388.0
2019,inseason,Prachuap Khiri Khan,ราชการไวต่อช่วงแสง,1697.0,55.0,both,-1642.0,1642.0
2019,inseason,Prachuap Khiri Khan,สุพรรณบุรี1,12587.0,408.0,both,-12179.0,12179.0
2019,inseason,Prachuap Khiri Khan,"สุพรรณบุรี60,90",0.0,0.0,both,0.0,0.0
2019,inseason,Prachuap Khiri Khan,หอมสุพรรณบุรี,0.0,0.0,both,0.0,0.0
2019,inseason,Ranong,กข15,0.0,0.0,both,0.0,0.0
2019,inseason,Ranong,กข6,0.0,0.0,both,0.0,0.0
2019,inseason,Ranong,ขาวดอกมะลิ105,0.0,0.0,both,0.0,0.0
2019,inseason,Ranong,คลองหลวง1,0.0,0.0,both,0.0,0.0
2019,inseason,Ranong,ชัยนาท1,0.0,0.0,both,0.0,0.0
2019,inseason,Ranong,ปทุมธานี1,15378.0,503.0,both,-14875.0,14875.0
2019,inseason,Ranong,พันธุ์พื้นเมือง,2140.0,70.0,both,-2070.0,2070.0
2019,inseason,Ranong,ราชการไม่ไวต่อช่วงแสง,2385.0,78.0,both,-2307.0,2307.0
2019,inseason,Ranong,ราชการไวต่อช่วงแสง,1162.0,38.0,both,-1124.0,1124.0
2019,inseason,Ranong,สุพรรณบุรี1,0.0,0.0,both,0.0,0.0
2019,inseason,Ranong,"สุพรรณบุรี60,90",0.0,0.0,both,0.0,0.0
2019,inseason,Ranong,หอมสุพรรณบุรี,0.0,0.0,both,0.0,0.0
2019,inseason,Ratchaburi,กข15,0.0,0.0,both,0.0,0.0
2019,inseason,Ratchaburi,กข6,0.0,0.0,both,0.0,0.0
2019,inseason,Ratchaburi,ขาวดอกมะลิ105,192894.0,6229.0,both,-186665.0,186665.0
2019,inseason,Ratchaburi,คลองหลวง1,0.0,0.0,both,0.0,0.0
2019,inseason,Ratchaburi,ชัยนาท1,225843.0,7293.0,both,-218550.0,218550.0
2019,inseason,Ratchaburi,ปทุมธานี1,1487503.0,48034.0,both,-1439469.0,1439469.0
2019,inseason,Ratchaburi,พันธุ์พื้นเมือง,37965.0,1226.0,both,-36739.0,36739.0
2019,inseason,Ratchaburi,ราชการไม่ไวต่อช่วงแสง,1137977.0,36747.0,both,-1101230.0,1101230.0
2019,inseason,Ratchaburi,ราชการไวต่อช่วงแสง,59674.0,1928.0,both,-57746.0,57746.0
2019,inseason,Ratchaburi,สุพรรณบุรี1,4217869.0,136207.0,both,-4081662.0,4081662.0
2019,inseason,Ratchaburi,"สุพรรณบุรี60,90",7680.0,248.0,both,-7432.0,7432.0
2019,inseason,Ratchaburi,หอมสุพรรณบุรี,0.0,0.0,both,0.0,0.0
2019,inseason,Rayong,กข15,0.0,0.0,both,0.0,0.0
2019,inseason,Rayong,กข6,0.0,0.0,both,0.0,0.0
2019,inseason,Rayong,ขาวดอกมะลิ105,76492.0,2489.0,both,-74003.0,74003.0
2019,inseason,Rayong,คลองหลวง1,0.0,0.0,both,0.0,0.0
2019,inseason,Rayong,ชัยนาท1,1321.0,43.0,both,-1278.0,1278.0
2019,inseason,Rayong,ปทุมธานี1,24954.0,811.0,both,-24143.0,24143.0
2019,inseason,Rayong,พันธุ์พื้นเมือง,9681.0,315.0,both,-9366.0,9366.0
2019,inseason,Rayong,ราชการไม่ไวต่อช่วงแสง,143210.0,4659.0,both,-138551.0,138551.0
2019,inseason,Rayong,ราชการไวต่อช่วงแสง,15089.0,491.0,both,-14598.0,14598.0
2019,inseason,Rayong,สุพรรณบุรี1,22588.0,735.0,both,-21853.0,21853.0
2019,inseason,Rayong,"สุพรรณบุรี60,90",10602.0,345.0,both,-10257.0,10257.0
2019,inseason,Rayong,หอมสุพรรณบุรี,0.0,0.0,both,0.0,0.0
2019,inseason,Roi Et,กข15,690063.0,22623.0,both,-667440.0,667440.0
2019,inseason,Roi Et,กข6,21271858.0,697376.0,both,-20574482.0,20574482.0
2019,inseason,Roi Et,ขาวดอกมะลิ105,71019673.0,2328306.0,both,-68691367.0,68691367.0
2019,inseason,Roi Et,คลองหลวง1,0.0,0.0,both,0.0,0.0
2019,inseason,Roi Et,ชัยนาท1,119266.0,3909.0,both,-115357.0,115357.0
2019,inseason,Roi Et,ปทุมธานี1,0.0,0.0,both,0.0,0.0
2019,inseason,Roi Et,พันธุ์พื้นเมือง,245699.0,8056.0,both,-237643.0,237643.0
2019,inseason,Roi Et,ราชการไม่ไวต่อช่วงแสง,550604.0,18051.0,both,-532553.0,532553.0
2019,inseason,Roi Et,ราชการไวต่อช่วงแสง,225872.0,7406.0,both,-218466.0,218466.0
2019,inseason,Roi Et,สุพรรณบุรี1,0.0,0.0,both,0.0,0.0
2019,inseason,Roi Et,"สุพรรณบุรี60,90",0.0,0.0,both,0.0,0.0
2019,inseason,Roi Et,หอมสุพรรณบุรี,0.0,0.0,both,0.0,0.0
2019,inseason,Sa kaeo,กข15,0.0,0.0,both,0.0,0.0
2019,inseason,Sa kaeo,กข6,268665.0,8754.0,both,-259911.0,259911.0
2019,inseason,Sa kaeo,ขาวดอกมะลิ105,20733765.0,675498.0,both,-20058267.0,20058267.0
2019,inseason,Sa kaeo,คลองหลวง1,0.0,0.0,both,0.0,0.0
2019,inseason,Sa kaeo,ชัยนาท1,0.0,0.0,both,0.0,0.0
2019,inseason,Sa kaeo,ปทุมธานี1,35759.0,1165.0,both,-34594.0,34594.0
2019,inseason,Sa kaeo,พันธุ์พื้นเมือง,271458.0,8846.0,both,-262612.0,262612.0
2019,inseason,Sa kaeo,ราชการไม่ไวต่อช่วงแสง,447734.0,14588.0,both,-433146.0,433146.0
2019,inseason,Sa kaeo,ราชการไวต่อช่วงแสง,917537.0,29893.0,both,-887644.0,887644.0
2019,inseason,Sa kaeo,สุพรรณบุรี1,0.0,0.0,both,0.0,0.0
2019,inseason,Sa kaeo,"สุพรรณบุรี60,90",0.0,0.0,both,0.0,0.0
2019,inseason,Sa kaeo,หอมสุพรรณบุรี,0.0,0.0,both,0.0,0.0
2019,inseason,Sakon Nakhon,กข15,3608674.0,117713.0,both,-3490961.0,3490961.0
2019,inseason,Sakon Nakhon,กข6,45000515.0,1467879.0,both,-43532636.0,43532636.0
2019,inseason,Sakon Nakhon,ขาวดอกมะลิ105,14113720.0,460378.0,both,-13653342.0,13653342.0
2019,inseason,Sakon Nakhon,คลองหลวง1,0.0,0.0,both,0.0,0.0
2019,inseason,Sakon Nakhon,ชัยนาท1,0.0,0.0,both,0.0,0.0
2019,inseason,Sakon Nakhon,ปทุมธานี1,0.0,0.0,both,0.0,0.0
2019,inseason,Sakon Nakhon,พันธุ์พื้นเมือง,735610.0,23995.0,both,-711615.0,711615.0
2019,inseason,Sakon Nakhon,ราชการไม่ไวต่อช่วงแสง,904284.0,29498.0,both,-874786.0,874786.0
2019,inseason,Sakon Nakhon,ราชการไวต่อช่วงแสง,1574902.0,51372.0,both,-1523530.0,1523530.0
2019,inseason,Sakon Nakhon,สุพรรณบุรี1,0.0,0.0,both,0.0,0.0
2019,inseason,Sakon Nakhon,"สุพรรณบุรี60,90",298505.0,9738.0,both,-288767.0,288767.0
2019,inseason,Sakon Nakhon,หอมสุพรรณบุรี,0.0,0.0,both,0.0,0.0
2019,inseason,Samut Prakarn,กข15,0.0,0.0,both,0.0,0.0
2019,inseason,Samut Prakarn,กข6,0.0,0.0,both,0.0,0.0
2019,inseason,Samut Prakarn,ขาวดอกมะลิ105,0.0,0.0,both,0.0,0.0
2019,inseason,Samut Prakarn,คลองหลวง1,0.0,0.0,both,0.0,0.0
2019,inseason,Samut Prakarn,ชัยนาท1,0.0,0.0,both,0.0,0.0
2019,inseason,Samut Prakarn,ปทุมธานี1,137089.0,4479.0,both,-132610.0,132610.0
2019,inseason,Samut Prakarn,พันธุ์พื้นเมือง,0.0,0.0,both,0.0,0.0
2019,inseason,Samut Prakarn,ราชการไม่ไวต่อช่วงแสง,409584.0,13382.0,both,-396202.0,396202.0
2019,inseason,Samut Prakarn,ราชการไวต่อช่วงแสง,3245.0,106.0,both,-3139.0,3139.0
2019,inseason,Samut Prakarn,สุพรรณบุรี1,0.0,0.0,both,0.0,0.0
2019,inseason,Samut Prakarn,"สุพรรณบุรี60,90",10621.0,347.0,both,-10274.0,10274.0
2019,inseason,Samut Prakarn,หอมสุพรรณบุรี,0.0,0.0,both,0.0,0.0
2019,inseason,Samut Sakhon,กข15,0.0,0.0,both,0.0,0.0
2019,inseason,Samut Sakhon,กข6,0.0,0.0,both,0.0,0.0
2019,inseason,Samut Sakhon,ขาวดอกมะลิ105,0.0,0.0,both,0.0,0.0
2019,inseason,Samut Sakhon,คลองหลวง1,0.0,0.0,both,0.0,0.0
2019,inseason,Samut Sakhon,ชัยนาท1,0.0,0.0,both,0.0,0.0
2019,inseason,Samut Sakhon,ปทุมธานี1,2599.0,85.0,both,-2514.0,2514.0
2019,inseason,Samut Sakhon,พันธุ์พื้นเมือง,0.0,0.0,both,0.0,0.0
2019,inseason,Samut Sakhon,ราชการไม่ไวต่อช่วงแสง,133775.0,4374.0,both,-129401.0,129401.0
2019,inseason,Samut Sakhon,ราชการไวต่อช่วงแสง,14956.0,489.0,both,-14467.0,14467.0
2019,inseason,Samut Sakhon,สุพรรณบุรี1,2569.0,84.0,both,-2485.0,2485.0
2019,inseason,Samut Sakhon,"สุพรรณบุรี60,90",0.0,0.0,both,0.0,0.0
2019,inseason,Samut Sakhon,หอมสุพรรณบุรี,0.0,0.0,both,0.0,0.0
2019,inseason,Samut Songkhram,กข15,0.0,0.0,both,0.0,0.0
2019,inseason,Samut Songkhram,กข6,0.0,0.0,both,0.0,0.0
2019,inseason,Samut Songkhram,ขาวดอกมะลิ105,0.0,0.0,both,0.0,0.0
2019,inseason,Samut Songkhram,คลองหลวง1,0.0,0.0,both,0.0,0.0
2019,inseason,Samut Songkhram,ชัยนาท1,1510.0,49.0,both,-1461.0,1461.0
2019,inseason,Samut Songkhram,ปทุมธานี1,1356.0,44.0,both,-1312.0,1312.0
2019,inseason,Samut Songkhram,พันธุ์พื้นเมือง,0.0,0.0,both,0.0,0.0
2019,inseason,Samut Songkhram,ราชการไม่ไวต่อช่วงแสง,52422.0,1701.0,both,-50721.0,50721.0
2019,inseason,Samut Songkhram,ราชการไวต่อช่วงแสง,0.0,0.0,both,0.0,0.0
2019,inseason,Samut Songkhram,สุพรรณบุรี1,15872.0,515.0,both,-15357.0,15357.0
2019,inseason,Samut Songkhram,"สุพรรณบุรี60,90",0.0,0.0,both,0.0,0.0
2019,inseason,Samut Songkhram,หอมสุพรรณบุรี,0.0,0.0,both,0.0,0.0
2019,inseason,Saraburi,กข15,0.0,0.0,both,0.0,0.0
2019,inseason,Saraburi,กข6,0.0,0.0,both,0.0,0.0
2019,inseason,Saraburi,ขาวดอกมะลิ105,222361.0,7251.0,both,-215110.0,215110.0
2019,inseason,Saraburi,คลองหลวง1,0.0,0.0,both,0.0,0.0
2019,inseason,Saraburi,ชัยนาท1,66598.0,2171.0,both,-64427.0,64427.0
2019,inseason,Saraburi,ปทุมธานี1,1320094.0,43050.0,both,-1277044.0,1277044.0
2019,inseason,Saraburi,พันธุ์พื้นเมือง,62275.0,2031.0,both,-60244.0,60244.0
2019,inseason,Saraburi,ราชการไม่ไวต่อช่วงแสง,6581244.0,214636.0,both,-6366608.0,6366608.0
2019,inseason,Saraburi,ราชการไวต่อช่วงแสง,159964.0,5217.0,both,-154747.0,154747.0
2019,inseason,Saraburi,สุพรรณบุรี1,1563796.0,51002.0,both,-1512794.0,1512794.0
2019,inseason,Saraburi,"สุพรรณบุรี60,90",19072.0,622.0,both,-18450.0,18450.0
2019,inseason,Saraburi,หอมสุพรรณบุรี,0.0,0.0,both,0.0,0.0
2019,inseason,Satun,กข15,0.0,0.0,both,0.0,0.0
2019,inseason,Satun,กข6,0.0,0.0,both,0.0,0.0
2019,inseason,Satun,ขาวดอกมะลิ105,2660.0,88.0,both,-2572.0,2572.0
2019,inseason,Satun,คลองหลวง1,0.0,0.0,both,0.0,0.0
2019,inseason,Satun,ชัยนาท1,0.0,0.0,both,0.0,0.0
2019,inseason,Satun,ปทุมธานี1,38125.0,1248.0,both,-36877.0,36877.0
2019,inseason,Satun,พันธุ์พื้นเมือง,452552.0,14802.0,both,-437750.0,437750.0
2019,inseason,Satun,ราชการไม่ไวต่อช่วงแสง,61423.0,2008.0,both,-59415.0,59415.0
2019,inseason,Satun,ราชการไวต่อช่วงแสง,0.0,0.0,both,0.0,0.0
2019,inseason,Satun,สุพรรณบุรี1,0.0,0.0,both,0.0,0.0
2019,inseason,Satun,"สุพรรณบุรี60,90",1070.0,35.0,both,-1035.0,1035.0
2019,inseason,Satun,หอมสุพรรณบุรี,0.0,0.0,both,0.0,0.0
2019,inseason,Si Sa Ket,กข15,2613722.0,85085.0,both,-2528637.0,2528637.0
2019,inseason,Si Sa Ket,กข6,5039383.0,164047.0,both,-4875336.0,4875336.0
2019,inseason,Si Sa Ket,ขาวดอกมะลิ105,82876385.0,2697890.0,both,-80178495.0,80178495.0
2019,inseason,Si Sa Ket,คลองหลวง1,0.0,0.0,both,0.0,0.0
2019,inseason,Si Sa Ket,ชัยนาท1,37108.0,1207.0,both,-35901.0,35901.0
2019,inseason,Si Sa Ket,ปทุมธานี1,8478.0,276.0,both,-8202.0,8202.0
2019,inseason,Si Sa Ket,พันธุ์พื้นเมือง,373051.0,12146.0,both,-360905.0,360905.0
2019,inseason,Si Sa Ket,ราชการไม่ไวต่อช่วงแสง,209258.0,6812.0,both,-202446.0,202446.0
2019,inseason,Si Sa Ket,ราชการไวต่อช่วงแสง,1085178.0,35327.0,both,-1049851.0,1049851.0
2019,inseason,Si Sa Ket,สุพรรณบุรี1,0.0,0.0,both,0.0,0.0
2019,inseason,Si Sa Ket,"สุพรรณบุรี60,90",0.0,0.0,both,0.0,0.0
2019,inseason,Si Sa Ket,หอมสุพรรณบุรี,0.0,0.0,both,0.0,0.0
2019,inseason,Sing Buri,กข15,0.0,0.0,both,0.0,0.0
2019,inseason,Sing Buri,กข6,10493.0,344.0,both,-10149.0,10149.0
2019,inseason,Sing Buri,ขาวดอกมะลิ105,185863.0,6094.0,both,-179769.0,179769.0
2019,inseason,Sing Buri,คลองหลวง1,0.0,0.0,both,0.0,0.0
2019,inseason,Sing Buri,ชัยนาท1,0.0,0.0,both,0.0,0.0
2019,inseason,Sing Buri,ปทุมธานี1,3662870.0,120077.0,both,-3542793.0,3542793.0
2019,inseason,Sing Buri,พันธุ์พื้นเมือง,51888.0,1702.0,both,-50186.0,50186.0
2019,inseason,Sing Buri,ราชการไม่ไวต่อช่วงแสง,5131257.0,168215.0,both,-4963042.0,4963042.0
2019,inseason,Sing Buri,ราชการไวต่อช่วงแสง,16289.0,534.0,both,-15755.0,15755.0
2019,inseason,Sing Buri,สุพรรณบุรี1,213195.0,6990.0,both,-206205.0,206205.0
2019,inseason,Sing Buri,"สุพรรณบุรี60,90",0.0,0.0,both,0.0,0.0
2019,inseason,Sing Buri,หอมสุพรรณบุรี,0.0,0.0,both,0.0,0.0
2019,inseason,Songkhla,กข15,1845.0,52.0,both,-1793.0,1793.0
2019,inseason,Songkhla,กข6,0.0,0.0,both,0.0,0.0
2019,inseason,Songkhla,ขาวดอกมะลิ105,40672.0,1158.0,both,-39514.0,39514.0
2019,inseason,Songkhla,คลองหลวง1,0.0,0.0,both,0.0,0.0
2019,inseason,Songkhla,ชัยนาท1,121495.0,3458.0,both,-118037.0,118037.0
2019,inseason,Songkhla,ปทุมธานี1,954078.0,27148.0,both,-926930.0,926930.0
2019,inseason,Songkhla,พันธุ์พื้นเมือง,901076.0,25640.0,both,-875436.0,875436.0
2019,inseason,Songkhla,ราชการไม่ไวต่อช่วงแสง,2945056.0,83803.0,both,-2861253.0,2861253.0
2019,inseason,Songkhla,ราชการไวต่อช่วงแสง,403595.0,11485.0,both,-392110.0,392110.0
2019,inseason,Songkhla,สุพรรณบุรี1,0.0,0.0,both,0.0,0.0
2019,inseason,Songkhla,"สุพรรณบุรี60,90",2429.0,70.0,both,-2359.0,2359.0
2019,inseason,Songkhla,หอมสุพรรณบุรี,0.0,0.0,both,0.0,0.0
2019,inseason,Sukhothai,กข15,13793.0,450.0,both,-13343.0,13343.0
2019,inseason,Sukhothai,กข6,485603.0,15843.0,both,-469760.0,469760.0
2019,inseason,Sukhothai,ขาวดอกมะลิ105,3598511.0,117403.0,both,-3481108.0,3481108.0
2019,inseason,Sukhothai,คลองหลวง1,0.0,0.0,both,0.0,0.0
2019,inseason,Sukhothai,ชัยนาท1,568544.0,18548.0,both,-549996.0,549996.0
2019,inseason,Sukhothai,ปทุมธานี1,1812910.0,59147.0,both,-1753763.0,1753763.0
2019,inseason,Sukhothai,พันธุ์พื้นเมือง,532529.0,17373.0,both,-515156.0,515156.0
2019,inseason,Sukhothai,ราชการไม่ไวต่อช่วงแสง,24357036.0,794659.0,both,-23562377.0,23562377.0
2019,inseason,Sukhothai,ราชการไวต่อช่วงแสง,242878.0,7923.0,both,-234955.0,234955.0
2019,inseason,Sukhothai,สุพรรณบุรี1,1337606.0,43641.0,both,-1293965.0,1293965.0
2019,inseason,Sukhothai,"สุพรรณบุรี60,90",770993.0,25154.0,both,-745839.0,745839.0
2019,inseason,Sukhothai,หอมสุพรรณบุรี,9839.0,321.0,both,-9518.0,9518.0
2019,inseason,Suphan Buri,กข15,0.0,0.0,both,0.0,0.0
2019,inseason,Suphan Buri,กข6,0.0,0.0,both,0.0,0.0
2019,inseason,Suphan Buri,ขาวดอกมะลิ105,2233504.0,72618.0,both,-2160886.0,2160886.0
2019,inseason,Suphan Buri,คลองหลวง1,0.0,0.0,both,0.0,0.0
2019,inseason,Suphan Buri,ชัยนาท1,0.0,0.0,both,0.0,0.0
2019,inseason,Suphan Buri,ปทุมธานี1,7332626.0,238406.0,both,-7094220.0,7094220.0
2019,inseason,Suphan Buri,พันธุ์พื้นเมือง,82151.0,2671.0,both,-79480.0,79480.0
2019,inseason,Suphan Buri,ราชการไม่ไวต่อช่วงแสง,27218122.0,884944.0,both,-26333178.0,26333178.0
2019,inseason,Suphan Buri,ราชการไวต่อช่วงแสง,0.0,0.0,both,0.0,0.0
2019,inseason,Suphan Buri,สุพรรณบุรี1,320518.0,10422.0,both,-310096.0,310096.0
2019,inseason,Suphan Buri,"สุพรรณบุรี60,90",0.0,0.0,both,0.0,0.0
2019,inseason,Suphan Buri,หอมสุพรรณบุรี,0.0,0.0,both,0.0,0.0
2019,inseason,Surat Thani,กข15,0.0,0.0,both,0.0,0.0
2019,inseason,Surat Thani,กข6,0.0,0.0,both,0.0,0.0
2019,inseason,Surat Thani,ขาวดอกมะลิ105,21861.0,715.0,both,-21146.0,21146.0
2019,inseason,Surat Thani,คลองหลวง1,0.0,0.0,both,0.0,0.0
2019,inseason,Surat Thani,ชัยนาท1,0.0,0.0,both,0.0,0.0
2019,inseason,Surat Thani,ปทุมธานี1,229307.0,7501.0,both,-221806.0,221806.0
2019,inseason,Surat Thani,พันธุ์พื้นเมือง,15807.0,517.0,both,-15290.0,15290.0
2019,inseason,Surat Thani,ราชการไม่ไวต่อช่วงแสง,199222.0,6517.0,both,-192705.0,192705.0
2019,inseason,Surat Thani,ราชการไวต่อช่วงแสง,19109.0,625.0,both,-18484.0,18484.0
2019,inseason,Surat Thani,สุพรรณบุรี1,0.0,0.0,both,0.0,0.0
2019,inseason,Surat Thani,"สุพรรณบุรี60,90",0.0,0.0,both,0.0,0.0
2019,inseason,Surat Thani,หอมสุพรรณบุรี,0.0,0.0,both,0.0,0.0
2019,inseason,Surin,กข15,24917780.0,813995.0,both,-24103785.0,24103785.0
2019,inseason,Surin,กข6,95845.0,3131.0,both,-92714.0,92714.0
2019,inseason,Surin,ขาวดอกมะลิ105,68701834.0,2244299.0,both,-66457535.0,66457535.0
2019,inseason,Surin,คลองหลวง1,0.0,0.0,both,0.0,0.0
2019,inseason,Surin,ชัยนาท1,0.0,0.0,both,0.0,0.0
2019,inseason,Surin,ปทุมธานี1,0.0,0.0,both,0.0,0.0
2019,inseason,Surin,พันธุ์พื้นเมือง,243486.0,7955.0,both,-235531.0,235531.0
2019,inseason,Surin,ราชการไม่ไวต่อช่วงแสง,42581.0,1392.0,both,-41189.0,41189.0
2019,inseason,Surin,ราชการไวต่อช่วงแสง,190405.0,6219.0,both,-184186.0,184186.0
2019,inseason,Surin,สุพรรณบุรี1,0.0,0.0,both,0.0,0.0
2019,inseason,Surin,"สุพรรณบุรี60,90",0.0,0.0,both,0.0,0.0
2019,inseason,Surin,หอมสุพรรณบุรี,0.0,0.0,both,0.0,0.0
2019,inseason,Tak,กข15,4391.0,143.0,both,-4248.0,4248.0
2019,inseason,Tak,กข6,436702.0,14223.0,both,-422479.0,422479.0
2019,inseason,Tak,ขาวดอกมะลิ105,3886041.0,126547.0,both,-3759494.0,3759494.0
2019,inseason,Tak,คลองหลวง1,0.0,0.0,both,0.0,0.0
2019,inseason,Tak,ชัยนาท1,284758.0,9276.0,both,-275482.0,275482.0
2019,inseason,Tak,ปทุมธานี1,239555.0,7801.0,both,-231754.0,231754.0
2019,inseason,Tak,พันธุ์พื้นเมือง,3836785.0,124943.0,both,-3711842.0,3711842.0
2019,inseason,Tak,ราชการไม่ไวต่อช่วงแสง,2031998.0,66171.0,both,-1965827.0,1965827.0
2019,inseason,Tak,ราชการไวต่อช่วงแสง,268697.0,8751.0,both,-259946.0,259946.0
2019,inseason,Tak,สุพรรณบุรี1,37894.0,1234.0,both,-36660.0,36660.0
2019,inseason,Tak,"สุพรรณบุรี60,90",0.0,0.0,both,0.0,0.0
2019,inseason,Tak,หอมสุพรรณบุรี,0.0,0.0,both,0.0,0.0
2019,inseason,Trang,กข15,0.0,0.0,both,0.0,0.0
2019,inseason,Trang,กข6,0.0,0.0,both,0.0,0.0
2019,inseason,Trang,ขาวดอกมะลิ105,0.0,0.0,both,0.0,0.0
2019,inseason,Trang,คลองหลวง1,0.0,0.0,both,0.0,0.0
2019,inseason,Trang,ชัยนาท1,0.0,0.0,both,0.0,0.0
2019,inseason,Trang,ปทุมธานี1,5859.0,192.0,both,-5667.0,5667.0
2019,inseason,Trang,พันธุ์พื้นเมือง,178077.0,5835.0,both,-172242.0,172242.0
2019,inseason,Trang,ราชการไม่ไวต่อช่วงแสง,155192.0,5085.0,both,-150107.0,150107.0
2019,inseason,Trang,ราชการไวต่อช่วงแสง,0.0,0.0,both,0.0,0.0
2019,inseason,Trang,สุพรรณบุรี1,0.0,0.0,both,0.0,0.0
2019,inseason,Trang,"สุพรรณบุรี60,90",0.0,0.0,both,0.0,0.0
2019,inseason,Trang,หอมสุพรรณบุรี,0.0,0.0,both,0.0,0.0
2019,inseason,Trat,กข15,0.0,0.0,both,0.0,0.0
2019,inseason,Trat,กข6,0.0,0.0,both,0.0,0.0
2019,inseason,Trat,ขาวดอกมะลิ105,366909.0,12120.0,both,-354789.0,354789.0
2019,inseason,Trat,คลองหลวง1,0.0,0.0,both,0.0,0.0
2019,inseason,Trat,ชัยนาท1,0.0,0.0,both,0.0,0.0
2019,inseason,Trat,ปทุมธานี1,24882.0,822.0,both,-24060.0,24060.0
2019,inseason,Trat,พันธุ์พื้นเมือง,12865.0,425.0,both,-12440.0,12440.0
2019,inseason,Trat,ราชการไม่ไวต่อช่วงแสง,26396.0,872.0,both,-25524.0,25524.0
2019,inseason,Trat,ราชการไวต่อช่วงแสง,9475.0,313.0,both,-9162.0,9162.0
2019,inseason,Trat,สุพรรณบุรี1,0.0,0.0,both,0.0,0.0
2019,inseason,Trat,"สุพรรณบุรี60,90",0.0,0.0,both,0.0,0.0
2019,inseason,Trat,หอมสุพรรณบุรี,0.0,0.0,both,0.0,0.0
2019,inseason,Ubon Ratchathani,กข15,13627560.0,442361.0,both,-13185199.0,13185199.0
2019,inseason,Ubon Ratchathani,กข6,27923559.0,906419.0,both,-27017140.0,27017140.0
2019,inseason,Ubon Ratchathani,ขาวดอกมะลิ105,74031111.0,2403100.0,both,-71628011.0,71628011.0
2019,inseason,Ubon Ratchathani,คลองหลวง1,0.0,0.0,both,0.0,0.0
2019,inseason,Ubon Ratchathani,ชัยนาท1,0.0,0.0,both,0.0,0.0
2019,inseason,Ubon Ratchathani,ปทุมธานี1,0.0,0.0,both,0.0,0.0
2019,inseason,Ubon Ratchathani,พันธุ์พื้นเมือง,942956.0,30609.0,both,-912347.0,912347.0
2019,inseason,Ubon Ratchathani,ราชการไม่ไวต่อช่วงแสง,366166.0,11884.0,both,-354282.0,354282.0
2019,inseason,Ubon Ratchathani,ราชการไวต่อช่วงแสง,4510625.0,146419.0,both,-4364206.0,4364206.0
2019,inseason,Ubon Ratchathani,สุพรรณบุรี1,0.0,0.0,both,0.0,0.0
2019,inseason,Ubon Ratchathani,"สุพรรณบุรี60,90",0.0,0.0,both,0.0,0.0
2019,inseason,Ubon Ratchathani,หอมสุพรรณบุรี,2064.0,67.0,both,-1997.0,1997.0
2019,inseason,Udon Thani,กข15,3164986.0,102935.0,both,-3062051.0,3062051.0
2019,inseason,Udon Thani,กข6,45164999.0,1468932.0,both,-43696067.0,43696067.0
2019,inseason,Udon Thani,ขาวดอกมะลิ105,9536467.0,310161.0,both,-9226306.0,9226306.0
2019,inseason,Udon Thani,คลองหลวง1,0.0,0.0,both,0.0,0.0
2019,inseason,Udon Thani,ชัยนาท1,0.0,0.0,both,0.0,0.0
2019,inseason,Udon Thani,ปทุมธานี1,0.0,0.0,both,0.0,0.0
2019,inseason,Udon Thani,พันธุ์พื้นเมือง,367763.0,11961.0,both,-355802.0,355802.0
2019,inseason,Udon Thani,ราชการไม่ไวต่อช่วงแสง,235490.0,7661.0,both,-227829.0,227829.0
2019,inseason,Udon Thani,ราชการไวต่อช่วงแสง,944850.0,30731.0,both,-914119.0,914119.0
2019,inseason,Udon Thani,สุพรรณบุรี1,0.0,0.0,both,0.0,0.0
2019,inseason,Udon Thani,"สุพรรณบุรี60,90",0.0,0.0,both,0.0,0.0
2019,inseason,Udon Thani,หอมสุพรรณบุรี,0.0,0.0,both,0.0,0.0
2019,inseason,Uthai Thani,กข15,0.0,0.0,both,0.0,0.0
2019,inseason,Uthai Thani,กข6,45483.0,1483.0,both,-44000.0,44000.0
2019,inseason,Uthai Thani,ขาวดอกมะลิ105,849303.0,27691.0,both,-821612.0,821612.0
2019,inseason,Uthai Thani,คลองหลวง1,0.0,0.0,both,0.0,0.0
2019,inseason,Uthai Thani,ชัยนาท1,469613.0,15311.0,both,-454302.0,454302.0
2019,inseason,Uthai Thani,ปทุมธานี1,1314806.0,42871.0,both,-1271935.0,1271935.0
2019,inseason,Uthai Thani,พันธุ์พื้นเมือง,176074.0,5741.0,both,-170333.0,170333.0
2019,inseason,Uthai Thani,ราชการไม่ไวต่อช่วงแสง,12534362.0,408688.0,both,-12125674.0,12125674.0
2019,inseason,Uthai Thani,ราชการไวต่อช่วงแสง,170339.0,5554.0,both,-164785.0,164785.0
2019,inseason,Uthai Thani,สุพรรณบุรี1,118384.0,3862.0,both,-114522.0,114522.0
2019,inseason,Uthai Thani,"สุพรรณบุรี60,90",84771.0,2765.0,both,-82006.0,82006.0
2019,inseason,Uthai Thani,หอมสุพรรณบุรี,49807.0,1624.0,both,-48183.0,48183.0
2019,inseason,Uttaradit,กข15,17302.0,562.0,both,-16740.0,16740.0
2019,inseason,Uttaradit,กข6,971475.0,31555.0,both,-939920.0,939920.0
2019,inseason,Uttaradit,ขาวดอกมะลิ105,1711133.0,55581.0,both,-1655552.0,1655552.0
2019,inseason,Uttaradit,คลองหลวง1,0.0,0.0,both,0.0,0.0
2019,inseason,Uttaradit,ชัยนาท1,39221.0,1274.0,both,-37947.0,37947.0
2019,inseason,Uttaradit,ปทุมธานี1,5601683.0,181958.0,both,-5419725.0,5419725.0
2019,inseason,Uttaradit,พันธุ์พื้นเมือง,597274.0,19401.0,both,-577873.0,577873.0
2019,inseason,Uttaradit,ราชการไม่ไวต่อช่วงแสง,7636713.0,248060.0,both,-7388653.0,7388653.0
2019,inseason,Uttaradit,ราชการไวต่อช่วงแสง,321804.0,10453.0,both,-311351.0,311351.0
2019,inseason,Uttaradit,สุพรรณบุรี1,936810.0,30429.0,both,-906381.0,906381.0
2019,inseason,Uttaradit,"สุพรรณบุรี60,90",75733.0,2460.0,both,-73273.0,73273.0
2019,inseason,Uttaradit,หอมสุพรรณบุรี,34418.0,1118.0,both,-33300.0,33300.0
2019,inseason,Yala,กข15,0.0,0.0,both,0.0,0.0
2019,inseason,Yala,กข6,0.0,0.0,both,0.0,0.0
2019,inseason,Yala,ขาวดอกมะลิ105,0.0,0.0,both,0.0,0.0
2019,inseason,Yala,คลองหลวง1,0.0,0.0,both,0.0,0.0
2019,inseason,Yala,ชัยนาท1,0.0,0.0,both,0.0,0.0
2019,inseason,Yala,ปทุมธานี1,0.0,0.0,both,0.0,0.0
2019,inseason,Yala,พันธุ์พื้นเมือง,589711.0,14975.0,both,-574736.0,574736.0
2019,inseason,Yala,ราชการไม่ไวต่อช่วงแสง,72234.0,1835.0,both,-70399.0,70399.0
2019,inseason,Yala,ราชการไวต่อช่วงแสง,51323.0,1304.0,both,-50019.0,50019.0
2019,inseason,Yala,สุพรรณบุรี1,0.0,0.0,both,0.0,0.0
2019,inseason,Yala,"สุพรรณบุรี60,90",0.0,0.0,both,0.0,0.0
2019,inseason,Yala,หอมสุพรรณบุรี,0.0,0.0,both,0.0,0.0
2019,inseason,Yasothon,กข15,1155986.0,37695.0,both,-1118291.0,1118291.0
2019,inseason,Yasothon,กข6,11970952.0,390355.0,both,-11580597.0,11580597.0
2019,inseason,Yasothon,ขาวดอกมะลิ105,26641536.0,868742.0,both,-25772794.0,25772794.0
2019,inseason,Yasothon,คลองหลวง1,0.0,0.0,both,0.0,0.0
2019,inseason,Yasothon,ชัยนาท1,12573.0,410.0,both,-12163.0,12163.0
2019,inseason,Yasothon,ปทุมธานี1,0.0,0.0,both,0.0,0.0
2019,inseason,Yasothon,พันธุ์พื้นเมือง,177929.0,5803.0,both,-172126.0,172126.0
2019,inseason,Yasothon,ราชการไม่ไวต่อช่วงแสง,397166.0,12951.0,both,-384215.0,384215.0
2019,inseason,Yasothon,ราชการไวต่อช่วงแสง,676357.0,22053.0,both,-654304.0,654304.0
2019,inseason,Yasothon,สุพรรณบุรี1,0.0,0.0,both,0.0,0.0
2019,inseason,Yasothon,"สุพรรณบุรี60,90",0.0,0.0,both,0.0,0.0
2019,inseason,Yasothon,หอมสุพรรณบุรี,0.0,0.0,both,0.0,0.0
2019,offseason,Amnat Charoen,กข10,5133.0,197.0,both,-4936.0,4936.0
2019,offseason,Amnat Charoen,กขไม่ไวต่อช่วงแสง,71561.0,2748.0,both,-68813.0,68813.0
2019,offseason,Amnat Charoen,"ชัยนาท1,2",7791.0,298.0,both,-7493.0,7493.0
2019,offseason,Amnat Charoen,ปทุมธานี1,763.0,29.0,both,-734.0,734.0
2019,offseason,Amnat Charoen,"พิษณุโลก2,60-2",0.0,0.0,both,0.0,0.0
2019,offseason,Amnat Charoen,ราชการไม่ไวต่อช่วงแสง,8526.0,327.0,both,-8199.0,8199.0
2019,offseason,Amnat Charoen,สุพรรณบุรี1,0.0,0.0,both,0.0,0.0
2019,offseason,Amnat Charoen,"สุพรรณบุรี60,90",0.0,0.0,both,0.0,0.0
2019,offseason,Amnat Charoen,หอมสุพรรณบุรี,0.0,0.0,both,0.0,0.0
2019,offseason,Ang Thong,กข10,0.0,0.0,both,0.0,0.0
2019,offseason,Ang Thong,กขไม่ไวต่อช่วงแสง,4697694.0,215240.0,both,-4482454.0,4482454.0
2019,offseason,Ang Thong,"ชัยนาท1,2",0.0,0.0,both,0.0,0.0
2019,offseason,Ang Thong,ปทุมธานี1,2798673.0,128228.0,both,-2670445.0,2670445.0
2019,offseason,Ang Thong,"พิษณุโลก2,60-2",90799.0,4162.0,both,-86637.0,86637.0
2019,offseason,Ang Thong,ราชการไม่ไวต่อช่วงแสง,56127.0,2570.0,both,-53557.0,53557.0
2019,offseason,Ang Thong,สุพรรณบุรี1,19168.0,878.0,both,-18290.0,18290.0
2019,offseason,Ang Thong,"สุพรรณบุรี60,90",0.0,0.0,both,0.0,0.0
2019,offseason,Ang Thong,หอมสุพรรณบุรี,0.0,0.0,both,0.0,0.0
2019,offseason,Bangkok,กข10,0.0,0.0,both,0.0,0.0
2019,offseason,Bangkok,กขไม่ไวต่อช่วงแสง,1947689.0,75026.0,both,-1872663.0,1872663.0
2019,offseason,Bangkok,"ชัยนาท1,2",0.0,0.0,both,0.0,0.0
2019,offseason,Bangkok,ปทุมธานี1,672357.0,25899.0,both,-646458.0,646458.0
2019,offseason,Bangkok,"พิษณุโลก2,60-2",94712.0,3649.0,both,-91063.0,91063.0
2019,offseason,Bangkok,ราชการไม่ไวต่อช่วงแสง,108417.0,4177.0,both,-104240.0,104240.0
2019,offseason,Bangkok,สุพรรณบุรี1,16067.0,618.0,both,-15449.0,15449.0
2019,offseason,Bangkok,"สุพรรณบุรี60,90",0.0,0.0,both,0.0,0.0
2019,offseason,Bangkok,หอมสุพรรณบุรี,0.0,0.0,both,0.0,0.0
2019,offseason,Bueng Kan,กข10,183307.0,6479.0,both,-176828.0,176828.0
2019,offseason,Bueng Kan,กขไม่ไวต่อช่วงแสง,66846.0,2363.0,both,-64483.0,64483.0
2019,offseason,Bueng Kan,"ชัยนาท1,2",5094.0,181.0,both,-4913.0,4913.0
2019,offseason,Bueng Kan,ปทุมธานี1,26275.0,929.0,both,-25346.0,25346.0
2019,offseason,Bueng Kan,"พิษณุโลก2,60-2",0.0,0.0,both,0.0,0.0
2019,offseason,Bueng Kan,ราชการไม่ไวต่อช่วงแสง,64528.0,2281.0,both,-62247.0,62247.0
2019,offseason,Bueng Kan,สุพรรณบุรี1,0.0,0.0,both,0.0,0.0
2019,offseason,Bueng Kan,"สุพรรณบุรี60,90",0.0,0.0,both,0.0,0.0
2019,offseason,Bueng Kan,หอมสุพรรณบุรี,0.0,0.0,both,0.0,0.0
2019,offseason,Buri Ram,กข10,9254.0,277.0,both,-8977.0,8977.0
2019,offseason,Buri Ram,กขไม่ไวต่อช่วงแสง,163970.0,4908.0,both,-159062.0,159062.0
2019,offseason,Buri Ram,"ชัยนาท1,2",285551.0,8547.0,both,-277004.0,277004.0
2019,offseason,Buri Ram,ปทุมธานี1,44039.0,1318.0,both,-42721.0,42721.0
2019,offseason,Buri Ram,"พิษณุโลก2,60-2",0.0,0.0,both,0.0,0.0
2019,offseason,Buri Ram,ราชการไม่ไวต่อช่วงแสง,99989.0,2993.0,both,-96996.0,96996.0
2019,offseason,Buri Ram,สุพรรณบุรี1,0.0,0.0,both,0.0,0.0
2019,offseason,Buri Ram,"สุพรรณบุรี60,90",0.0,0.0,both,0.0,0.0
2019,offseason,Buri Ram,หอมสุพรรณบุรี,0.0,0.0,both,0.0,0.0
2019,offseason,Chachoengsao,กข10,0.0,0.0,both,0.0,0.0
2019,offseason,Chachoengsao,กขไม่ไวต่อช่วงแสง,6267972.0,230170.0,both,-6037802.0,6037802.0
2019,offseason,Chachoengsao,"ชัยนาท1,2",0.0,0.0,both,0.0,0.0
2019,offseason,Chachoengsao,ปทุมธานี1,615073.0,22585.0,both,-592488.0,592488.0
2019,offseason,Chachoengsao,"พิษณุโลก2,60-2",1103393.0,40519.0,both,-1062874.0,1062874.0
2019,offseason,Chachoengsao,ราชการไม่ไวต่อช่วงแสง,326009.0,11971.0,both,-314038.0,314038.0
2019,offseason,Chachoengsao,สุพรรณบุรี1,295257.0,10841.0,both,-284416.0,284416.0
2019,offseason,Chachoengsao,"สุพรรณบุรี60,90",255110.0,9368.0,both,-245742.0,245742.0
2019,offseason,Chachoengsao,หอมสุพรรณบุรี,0.0,0.0,both,0.0,0.0
2019,offseason,Chai Nat,กข10,0.0,0.0,both,0.0,0.0
2019,offseason,Chai Nat,กขไม่ไวต่อช่วงแสง,11994282.0,533859.0,both,-11460423.0,11460423.0
2019,offseason,Chai Nat,"ชัยนาท1,2",32465.0,1444.0,both,-31021.0,31021.0
2019,offseason,Chai Nat,ปทุมธานี1,3719442.0,165552.0,both,-3553890.0,3553890.0
2019,offseason,Chai Nat,"พิษณุโลก2,60-2",5346.0,237.0,both,-5109.0,5109.0
2019,offseason,Chai Nat,ราชการไม่ไวต่อช่วงแสง,150724.0,6709.0,both,-144015.0,144015.0
2019,offseason,Chai Nat,สุพรรณบุรี1,29778.0,1326.0,both,-28452.0,28452.0
2019,offseason,Chai Nat,"สุพรรณบุรี60,90",0.0,0.0,both,0.0,0.0
2019,offseason,Chai Nat,หอมสุพรรณบุรี,0.0,0.0,both,0.0,0.0
2019,offseason,Chaiyaphum,กข10,664153.0,21497.0,both,-642656.0,642656.0
2019,offseason,Chaiyaphum,กขไม่ไวต่อช่วงแสง,452310.0,14638.0,both,-437672.0,437672.0
2019,offseason,Chaiyaphum,"ชัยนาท1,2",76584.0,2478.0,both,-74106.0,74106.0
2019,offseason,Chaiyaphum,ปทุมธานี1,94279.0,3051.0,both,-91228.0,91228.0
2019,offseason,Chaiyaphum,"พิษณุโลก2,60-2",168268.0,5445.0,both,-162823.0,162823.0
2019,offseason,Chaiyaphum,ราชการไม่ไวต่อช่วงแสง,482111.0,15605.0,both,-466506.0,466506.0
2019,offseason,Chaiyaphum,สุพรรณบุรี1,250258.0,8100.0,both,-242158.0,242158.0
2019,offseason,Chaiyaphum,"สุพรรณบุรี60,90",76122.0,2464.0,both,-73658.0,73658.0
2019,offseason,Chaiyaphum,หอมสุพรรณบุรี,0.0,0.0,both,0.0,0.0
2019,offseason,Chanthaburi,กข10,0.0,,left_only,0.0,0.0
2019,offseason,Chanthaburi,กขไม่ไวต่อช่วงแสง,0.0,,left_only,0.0,0.0
2019,offseason,Chanthaburi,"ชัยนาท1,2",0.0,,left_only,0.0,0.0
2019,offseason,Chanthaburi,ปทุมธานี1,0.0,,left_only,0.0,0.0
2019,offseason,Chanthaburi,"พิษณุโลก2,60-2",0.0,,left_only,0.0,0.0
2019,offseason,Chanthaburi,ราชการไม่ไวต่อช่วงแสง,0.0,,left_only,0.0,0.0
2019,offseason,Chanthaburi,สุพรรณบุรี1,0.0,,left_only,0.0,0.0
2019,offseason,Chanthaburi,"สุพรรณบุรี60,90",0.0,,left_only,0.0,0.0
2019,offseason,Chanthaburi,หอมสุพรรณบุรี,0.0,,left_only,0.0,0.0
2019,offseason,Chiang Mai,กข10,43039.0,1459.0,both,-41580.0,41580.0
2019,offseason,Chiang Mai,กขไม่ไวต่อช่วงแสง,92135.0,3123.0,both,-89012.0,89012.0
2019,offseason,Chiang Mai,"ชัยนาท1,2",0.0,0.0,both,0.0,0.0
2019,offseason,Chiang Mai,ปทุมธานี1,13774.0,466.0,both,-13308.0,13308.0
2019,offseason,Chiang Mai,"พิษณุโลก2,60-2",0.0,0.0,both,0.0,0.0
2019,offseason,Chiang Mai,ราชการไม่ไวต่อช่วงแสง,3818569.0,129461.0,both,-3689108.0,3689108.0
2019,offseason,Chiang Mai,สุพรรณบุรี1,0.0,0.0,both,0.0,0.0
2019,offseason,Chiang Mai,"สุพรรณบุรี60,90",0.0,0.0,both,0.0,0.0
2019,offseason,Chiang Mai,หอมสุพรรณบุรี,0.0,0.0,both,0.0,0.0
2019,offseason,Chiang Rai,กข10,549299.0,18322.0,both,-530977.0,530977.0
2019,offseason,Chiang Rai,กขไม่ไวต่อช่วงแสง,1169794.0,39019.0,both,-1130775.0,1130775.0
2019,offseason,Chiang Rai,"ชัยนาท1,2",0.0,0.0,both,0.0,0.0
2019,offseason,Chiang Rai,ปทุมธานี1,1246100.0,41565.0,both,-1204535.0,1204535.0
2019,offseason,Chiang Rai,"พิษณุโลก2,60-2",3410685.0,113764.0,both,-3296921.0,3296921.0
2019,offseason,Chiang Rai,ราชการไม่ไวต่อช่วงแสง,6573541.0,219263.0,both,-6354278.0,6354278.0
2019,offseason,Chiang Rai,สุพรรณบุรี1,721731.0,24075.0,both,-697656.0,697656.0
2019,offseason,Chiang Rai,"สุพรรณบุรี60,90",28199.0,941.0,both,-27258.0,27258.0
2019,offseason,Chiang Rai,หอมสุพรรณบุรี,42570.0,1420.0,both,-41150.0,41150.0
2019,offseason,Chon Buri,กข10,0.0,0.0,both,0.0,0.0
2019,offseason,Chon Buri,กขไม่ไวต่อช่วงแสง,846179.0,33196.0,both,-812983.0,812983.0
2019,offseason,Chon Buri,"ชัยนาท1,2",7791.0,305.0,both,-7486.0,7486.0
2019,offseason,Chon Buri,ปทุมธานี1,89385.0,3505.0,both,-85880.0,85880.0
2019,offseason,Chon Buri,"พิษณุโลก2,60-2",37990.0,1490.0,both,-36500.0,36500.0
2019,offseason,Chon Buri,ราชการไม่ไวต่อช่วงแสง,150386.0,5899.0,both,-144487.0,144487.0
2019,offseason,Chon Buri,สุพรรณบุรี1,11022.0,432.0,both,-10590.0,10590.0
2019,offseason,Chon Buri,"สุพรรณบุรี60,90",45961.0,1804.0,both,-44157.0,44157.0
2019,offseason,Chon Buri,หอมสุพรรณบุรี,0.0,0.0,both,0.0,0.0
2019,offseason,Chumphon,กข10,0.0,0.0,both,0.0,0.0
2019,offseason,Chumphon,กขไม่ไวต่อช่วงแสง,295.0,11.0,both,-284.0,284.0
2019,offseason,Chumphon,"ชัยนาท1,2",2363.0,81.0,both,-2282.0,2282.0
2019,offseason,Chumphon,ปทุมธานี1,24332.0,830.0,both,-23502.0,23502.0
2019,offseason,Chumphon,"พิษณุโลก2,60-2",0.0,0.0,both,0.0,0.0
2019,offseason,Chumphon,ราชการไม่ไวต่อช่วงแสง,2450.0,85.0,both,-2365.0,2365.0
2019,offseason,Chumphon,สุพรรณบุรี1,0.0,0.0,both,0.0,0.0
2019,offseason,Chumphon,"สุพรรณบุรี60,90",0.0,0.0,both,0.0,0.0
2019,offseason,Chumphon,หอมสุพรรณบุรี,0.0,0.0,both,0.0,0.0
2019,offseason,Kalasin,กข10,2045971.0,70849.0,both,-1975122.0,1975122.0
2019,offseason,Kalasin,กขไม่ไวต่อช่วงแสง,3859854.0,133663.0,both,-3726191.0,3726191.0
2019,offseason,Kalasin,"ชัยนาท1,2",495879.0,17172.0,both,-478707.0,478707.0
2019,offseason,Kalasin,ปทุมธานี1,10249.0,354.0,both,-9895.0,9895.0
2019,offseason,Kalasin,"พิษณุโลก2,60-2",679716.0,23538.0,both,-656178.0,656178.0
2019,offseason,Kalasin,ราชการไม่ไวต่อช่วงแสง,1777776.0,61562.0,both,-1716214.0,1716214.0
2019,offseason,Kalasin,สุพรรณบุรี1,0.0,0.0,both,0.0,0.0
2019,offseason,Kalasin,"สุพรรณบุรี60,90",0.0,0.0,both,0.0,0.0
2019,offseason,Kalasin,หอมสุพรรณบุรี,0.0,0.0,both,0.0,0.0
2019,offseason,Kamphaeng Phet,กข10,0.0,0.0,both,0.0,0.0
2019,offseason,Kamphaeng Phet,กขไม่ไวต่อช่วงแสง,14767745.0,461809.0,both,-14305936.0,14305936.0
2019,offseason,Kamphaeng Phet,"ชัยนาท1,2",28020.0,874.0,both,-27146.0,27146.0
2019,offseason,Kamphaeng Phet,ปทุมธานี1,142004.0,4439.0,both,-137565.0,137565.0
2019,offseason,Kamphaeng Phet,"พิษณุโลก2,60-2",1898178.0,59359.0,both,-1838819.0,1838819.0
2019,offseason,Kamphaeng Phet,ราชการไม่ไวต่อช่วงแสง,1029196.0,32184.0,both,-997012.0,997012.0
2019,offseason,Kamphaeng Phet,สุพรรณบุรี1,736112.0,23019.0,both,-713093.0,713093.0
2019,offseason,Kamphaeng Phet,"สุพรรณบุรี60,90",70420.0,2202.0,both,-68218.0,68218.0
2019,offseason,Kamphaeng Phet,หอมสุพรรณบุรี,0.0,0.0,both,0.0,0.0
2019,offseason,Kanchanaburi,กข10,0.0,0.0,both,0.0,0.0
2019,offseason,Kanchanaburi,กขไม่ไวต่อช่วงแสง,990013.0,32016.0,both,-957997.0,957997.0
2019,offseason,Kanchanaburi,"ชัยนาท1,2",8301.0,269.0,both,-8032.0,8032.0
2019,offseason,Kanchanaburi,ปทุมธานี1,2296092.0,74251.0,both,-2221841.0,2221841.0
2019,offseason,Kanchanaburi,"พิษณุโลก2,60-2",0.0,0.0,both,0.0,0.0
2019,offseason,Kanchanaburi,ราชการไม่ไวต่อช่วงแสง,45490.0,1472.0,both,-44018.0,44018.0
2019,offseason,Kanchanaburi,สุพรรณบุรี1,2209309.0,71446.0,both,-2137863.0,2137863.0
2019,offseason,Kanchanaburi,"สุพรรณบุรี60,90",0.0,0.0,both,0.0,0.0
2019,offseason,Kanchanaburi,หอมสุพรรณบุรี,0.0,0.0,both,0.0,0.0
2019,offseason,Khon Kaen,กข10,379945.0,18573.0,both,-361372.0,361372.0
2019,offseason,Khon Kaen,กขไม่ไวต่อช่วงแสง,104467.0,5109.0,both,-99358.0,99358.0
2019,offseason,Khon Kaen,"ชัยนาท1,2",21403.0,1046.0,both,-20357.0,20357.0
2019,offseason,Khon Kaen,ปทุมธานี1,18606.0,911.0,both,-17695.0,17695.0
2019,offseason,Khon Kaen,"พิษณุโลก2,60-2",190389.0,9307.0,both,-181082.0,181082.0
2019,offseason,Khon Kaen,ราชการไม่ไวต่อช่วงแสง,65071.0,3179.0,both,-61892.0,61892.0
2019,offseason,Khon Kaen,สุพรรณบุรี1,0.0,0.0,both,0.0,0.0
2019,offseason,Khon Kaen,"สุพรรณบุรี60,90",0.0,0.0,both,0.0,0.0
2019,offseason,Khon Kaen,หอมสุพรรณบุรี,0.0,0.0,both,0.0,0.0
2019,offseason,Krabi,กข10,0.0,,left_only,0.0,0.0
2019,offseason,Krabi,กขไม่ไวต่อช่วงแสง,0.0,,left_only,0.0,0.0
2019,offseason,Krabi,"ชัยนาท1,2",0.0,,left_only,0.0,0.0
2019,offseason,Krabi,ปทุมธานี1,0.0,,left_only,0.0,0.0
2019,offseason,Krabi,"พิษณุโลก2,60-2",0.0,,left_only,0.0,0.0
2019,offseason,Krabi,ราชการไม่ไวต่อช่วงแสง,0.0,,left_only,0.0,0.0
2019,offseason,Krabi,สุพรรณบุรี1,0.0,,left_only,0.0,0.0
2019,offseason,Krabi,"สุพรรณบุรี60,90",0.0,,left_only,0.0,0.0
2019,offseason,Krabi,หอมสุพรรณบุรี,0.0,,left_only,0.0,0.0
2019,offseason,Lampang,กข10,21040.0,680.0,both,-20360.0,20360.0
2019,offseason,Lampang,กขไม่ไวต่อช่วงแสง,223183.0,7213.0,both,-215970.0,215970.0
2019,offseason,Lampang,"ชัยนาท1,2",0.0,0.0,both,0.0,0.0
2019,offseason,Lampang,ปทุมธานี1,1188.0,38.0,both,-1150.0,1150.0
2019,offseason,Lampang,"พิษณุโลก2,60-2",0.0,0.0,both,0.0,0.0
2019,offseason,Lampang,ราชการไม่ไวต่อช่วงแสง,894708.0,28918.0,both,-865790.0,865790.0
2019,offseason,Lampang,สุพรรณบุรี1,0.0,0.0,both,0.0,0.0
2019,offseason,Lampang,"สุพรรณบุรี60,90",0.0,0.0,both,0.0,0.0
2019,offseason,Lampang,หอมสุพรรณบุรี,0.0,0.0,both,0.0,0.0
2019,offseason,Lamphun,กข10,2762.0,95.0,both,-2667.0,2667.0
2019,offseason,Lamphun,กขไม่ไวต่อช่วงแสง,24849.0,859.0,both,-23990.0,23990.0
2019,offseason,Lamphun,"ชัยนาท1,2",0.0,0.0,both,0.0,0.0
2019,offseason,Lamphun,ปทุมธานี1,0.0,0.0,both,0.0,0.0
2019,offseason,Lamphun,"พิษณุโลก2,60-2",0.0,0.0,both,0.0,0.0
2019,offseason,Lamphun,ราชการไม่ไวต่อช่วงแสง,417920.0,14448.0,both,-403472.0,403472.0
2019,offseason,Lamphun,สุพรรณบุรี1,0.0,0.0,both,0.0,0.0
2019,offseason,Lamphun,"สุพรรณบุรี60,90",0.0,0.0,both,0.0,0.0
2019,offseason,Lamphun,หอมสุพรรณบุรี,0.0,0.0,both,0.0,0.0
2019,offseason,Loei,กข10,3100.0,100.0,both,-3000.0,3000.0
2019,offseason,Loei,กขไม่ไวต่อช่วงแสง,1426.0,46.0,both,-1380.0,1380.0
2019,offseason,Loei,"ชัยนาท1,2",0.0,0.0,both,0.0,0.0
2019,offseason,Loei,ปทุมธานี1,0.0,0.0,both,0.0,0.0
2019,offseason,Loei,"พิษณุโลก2,60-2",0.0,0.0,both,0.0,0.0
2019,offseason,Loei,ราชการไม่ไวต่อช่วงแสง,7471.0,240.0,both,-7231.0,7231.0
2019,offseason,Loei,สุพรรณบุรี1,0.0,0.0,both,0.0,0.0
2019,offseason,Loei,"สุพรรณบุรี60,90",0.0,0.0,both,0.0,0.0
2019,offseason,Loei,หอมสุพรรณบุรี,0.0,0.0,both,0.0,0.0
2019,offseason,Lop Buri,กข10,0.0,0.0,both,0.0,0.0
2019,offseason,Lop Buri,กขไม่ไวต่อช่วงแสง,5699954.0,278788.0,both,-5421166.0,5421166.0
2019,offseason,Lop Buri,"ชัยนาท1,2",36198.0,1771.0,both,-34427.0,34427.0
2019,offseason,Lop Buri,ปทุมธานี1,3242879.0,158612.0,both,-3084267.0,3084267.0
2019,offseason,Lop Buri,"พิษณุโลก2,60-2",0.0,0.0,both,0.0,0.0
2019,offseason,Lop Buri,ราชการไม่ไวต่อช่วงแสง,78185.0,3825.0,both,-74360.0,74360.0
2019,offseason,Lop Buri,สุพรรณบุรี1,64613.0,3159.0,both,-61454.0,61454.0
2019,offseason,Lop Buri,"สุพรรณบุรี60,90",2484.0,122.0,both,-2362.0,2362.0
2019,offseason,Lop Buri,หอมสุพรรณบุรี,0.0,0.0,both,0.0,0.0
2019,offseason,Mae Hong Son,กข10,0.0,0.0,both,0.0,0.0
2019,offseason,Mae Hong Son,กขไม่ไวต่อช่วงแสง,1798.0,69.0,both,-1729.0,1729.0
2019,offseason,Mae Hong Son,"ชัยนาท1,2",0.0,0.0,both,0.0,0.0
2019,offseason,Mae Hong Son,ปทุมธานี1,0.0,0.0,both,0.0,0.0
2019,offseason,Mae Hong Son,"พิษณุโลก2,60-2",0.0,0.0,both,0.0,0.0
2019,offseason,Mae Hong Son,ราชการไม่ไวต่อช่วงแสง,1922.0,73.0,both,-1849.0,1849.0
2019,offseason,Mae Hong Son,สุพรรณบุรี1,0.0,0.0,both,0.0,0.0
2019,offseason,Mae Hong Son,"สุพรรณบุรี60,90",0.0,0.0,both,0.0,0.0
2019,offseason,Mae Hong Son,หอมสุพรรณบุรี,0.0,0.0,both,0.0,0.0
2019,offseason,Maha Sarakham,กข10,78041.0,3175.0,both,-74866.0,74866.0
2019,offseason,Maha Sarakham,กขไม่ไวต่อช่วงแสง,390330.0,15877.0,both,-374453.0,374453.0
2019,offseason,Maha Sarakham,"ชัยนาท1,2",130602.0,5313.0,both,-125289.0,125289.0
2019,offseason,Maha Sarakham,ปทุมธานี1,0.0,0.0,both,0.0,0.0
2019,offseason,Maha Sarakham,"พิษณุโลก2,60-2",124620.0,5069.0,both,-119551.0,119551.0
2019,offseason,Maha Sarakham,ราชการไม่ไวต่อช่วงแสง,22201.0,903.0,both,-21298.0,21298.0
2019,offseason,Maha Sarakham,สุพรรณบุรี1,0.0,0.0,both,0.0,0.0
2019,offseason,Maha Sarakham,"สุพรรณบุรี60,90",0.0,0.0,both,0.0,0.0
2019,offseason,Maha Sarakham,หอมสุพรรณบุรี,0.0,0.0,both,0.0,0.0
2019,offseason,Mukdahan,กข10,3990.0,126.0,both,-3864.0,3864.0
2019,offseason,Mukdahan,กขไม่ไวต่อช่วงแสง,2443.0,77.0,both,-2366.0,2366.0
2019,offseason,Mukdahan,"ชัยนาท1,2",496.0,16.0,both,-480.0,480.0
2019,offseason,Mukdahan,ปทุมธานี1,1268.0,40.0,both,-1228.0,1228.0
2019,offseason,Mukdahan,"พิษณุโลก2,60-2",0.0,0.0,both,0.0,0.0
2019,offseason,Mukdahan,ราชการไม่ไวต่อช่วงแสง,4889.0,155.0,both,-4734.0,4734.0
2019,offseason,Mukdahan,สุพรรณบุรี1,0.0,0.0,both,0.0,0.0
2019,offseason,Mukdahan,"สุพรรณบุรี60,90",0.0,0.0,both,0.0,0.0
2019,offseason,Mukdahan,หอมสุพรรณบุรี,0.0,0.0,both,0.0,0.0
2019,offseason,Nakhon Nayok,กข10,0.0,0.0,both,0.0,0.0
2019,offseason,Nakhon Nayok,กขไม่ไวต่อช่วงแสง,3474947.0,125649.0,both,-3349298.0,3349298.0
2019,offseason,Nakhon Nayok,"ชัยนาท1,2",31575.0,1141.0,both,-30434.0,30434.0
2019,offseason,Nakhon Nayok,ปทุมธานี1,121492.0,4391.0,both,-117101.0,117101.0
2019,offseason,Nakhon Nayok,"พิษณุโลก2,60-2",224826.0,8130.0,both,-216696.0,216696.0
2019,offseason,Nakhon Nayok,ราชการไม่ไวต่อช่วงแสง,969827.0,35067.0,both,-934760.0,934760.0
2019,offseason,Nakhon Nayok,สุพรรณบุรี1,20305.0,735.0,both,-19570.0,19570.0
2019,offseason,Nakhon Nayok,"สุพรรณบุรี60,90",8129.0,293.0,both,-7836.0,7836.0
2019,offseason,Nakhon Nayok,หอมสุพรรณบุรี,0.0,0.0,both,0.0,0.0
2019,offseason,Nakhon Pathom,กข10,0.0,0.0,both,0.0,0.0
2019,offseason,Nakhon Pathom,กขไม่ไวต่อช่วงแสง,6987951.0,225399.0,both,-6762552.0,6762552.0
2019,offseason,Nakhon Pathom,"ชัยนาท1,2",0.0,0.0,both,0.0,0.0
2019,offseason,Nakhon Pathom,ปทุมธานี1,370974.0,11967.0,both,-359007.0,359007.0
2019,offseason,Nakhon Pathom,"พิษณุโลก2,60-2",183259.0,5911.0,both,-177348.0,177348.0
2019,offseason,Nakhon Pathom,ราชการไม่ไวต่อช่วงแสง,145942.0,4708.0,both,-141234.0,141234.0
2019,offseason,Nakhon Pathom,สุพรรณบุรี1,79302.0,2557.0,both,-76745.0,76745.0
2019,offseason,Nakhon Pathom,"สุพรรณบุรี60,90",0.0,0.0,both,0.0,0.0
2019,offseason,Nakhon Pathom,หอมสุพรรณบุรี,1586.0,52.0,both,-1534.0,1534.0
2019,offseason,Nakhon Phanom,กข10,1040523.0,39962.0,both,-1000561.0,1000561.0
2019,offseason,Nakhon Phanom,กขไม่ไวต่อช่วงแสง,111721.0,4289.0,both,-107432.0,107432.0
2019,offseason,Nakhon Phanom,"ชัยนาท1,2",52265.0,2008.0,both,-50257.0,50257.0
2019,offseason,Nakhon Phanom,ปทุมธานี1,13004.0,499.0,both,-12505.0,12505.0
2019,offseason,Nakhon Phanom,"พิษณุโลก2,60-2",0.0,0.0,both,0.0,0.0
2019,offseason,Nakhon Phanom,ราชการไม่ไวต่อช่วงแสง,816532.0,31358.0,both,-785174.0,785174.0
2019,offseason,Nakhon Phanom,สุพรรณบุรี1,0.0,0.0,both,0.0,0.0
2019,offseason,Nakhon Phanom,"สุพรรณบุรี60,90",0.0,0.0,both,0.0,0.0
2019,offseason,Nakhon Phanom,หอมสุพรรณบุรี,0.0,0.0,both,0.0,0.0
2019,offseason,Nakhon Ratchasima,กข10,0.0,0.0,both,0.0,0.0
2019,offseason,Nakhon Ratchasima,กขไม่ไวต่อช่วงแสง,1601252.0,54146.0,both,-1547106.0,1547106.0
2019,offseason,Nakhon Ratchasima,"ชัยนาท1,2",1268285.0,42889.0,both,-1225396.0,1225396.0
2019,offseason,Nakhon Ratchasima,ปทุมธานี1,113662.0,3843.0,both,-109819.0,109819.0
2019,offseason,Nakhon Ratchasima,"พิษณุโลก2,60-2",28252.0,955.0,both,-27297.0,27297.0
2019,offseason,Nakhon Ratchasima,ราชการไม่ไวต่อช่วงแสง,174247.0,5894.0,both,-168353.0,168353.0
2019,offseason,Nakhon Ratchasima,สุพรรณบุรี1,472186.0,15968.0,both,-456218.0,456218.0
2019,offseason,Nakhon Ratchasima,"สุพรรณบุรี60,90",230960.0,7811.0,both,-223149.0,223149.0
2019,offseason,Nakhon Ratchasima,หอมสุพรรณบุรี,0.0,0.0,both,0.0,0.0
2019,offseason,Nakhon Sawan,กข10,0.0,0.0,both,0.0,0.0
2019,offseason,Nakhon Sawan,กขไม่ไวต่อช่วงแสง,21927409.0,848974.0,both,-21078435.0,21078435.0
2019,offseason,Nakhon Sawan,"ชัยนาท1,2",71047.0,2750.0,both,-68297.0,68297.0
2019,offseason,Nakhon Sawan,ปทุมธานี1,351178.0,13596.0,both,-337582.0,337582.0
2019,offseason,Nakhon Sawan,"พิษณุโลก2,60-2",301707.0,11682.0,both,-290025.0,290025.0
2019,offseason,Nakhon Sawan,ราชการไม่ไวต่อช่วงแสง,784112.0,30359.0,both,-753753.0,753753.0
2019,offseason,Nakhon Sawan,สุพรรณบุรี1,434919.0,16838.0,both,-418081.0,418081.0
2019,offseason,Nakhon Sawan,"สุพรรณบุรี60,90",24629.0,953.0,both,-23676.0,23676.0
2019,offseason,Nakhon Sawan,หอมสุพรรณบุรี,0.0,0.0,both,0.0,0.0
2019,offseason,Nakhon Si Thammarat,กข10,0.0,0.0,both,0.0,0.0
2019,offseason,Nakhon Si Thammarat,กขไม่ไวต่อช่วงแสง,378048.0,12438.0,both,-365610.0,365610.0
2019,offseason,Nakhon Si Thammarat,"ชัยนาท1,2",6444.0,212.0,both,-6232.0,6232.0
2019,offseason,Nakhon Si Thammarat,ปทุมธานี1,12371.0,407.0,both,-11964.0,11964.0
2019,offseason,Nakhon Si Thammarat,"พิษณุโลก2,60-2",19392.0,638.0,both,-18754.0,18754.0
2019,offseason,Nakhon Si Thammarat,ราชการไม่ไวต่อช่วงแสง,38631.0,1271.0,both,-37360.0,37360.0
2019,offseason,Nakhon Si Thammarat,สุพรรณบุรี1,0.0,0.0,both,0.0,0.0
2019,offseason,Nakhon Si Thammarat,"สุพรรณบุรี60,90",12036.0,396.0,both,-11640.0,11640.0
2019,offseason,Nakhon Si Thammarat,หอมสุพรรณบุรี,0.0,0.0,both,0.0,0.0
2019,offseason,Nan,กข10,4753.0,170.0,both,-4583.0,4583.0
2019,offseason,Nan,กขไม่ไวต่อช่วงแสง,1358.0,49.0,both,-1309.0,1309.0
2019,offseason,Nan,"ชัยนาท1,2",0.0,0.0,both,0.0,0.0
2019,offseason,Nan,ปทุมธานี1,0.0,0.0,both,0.0,0.0
2019,offseason,Nan,"พิษณุโลก2,60-2",0.0,0.0,both,0.0,0.0
2019,offseason,Nan,ราชการไม่ไวต่อช่วงแสง,217185.0,7784.0,both,-209401.0,209401.0
2019,offseason,Nan,สุพรรณบุรี1,0.0,0.0,both,0.0,0.0
2019,offseason,Nan,"สุพรรณบุรี60,90",0.0,0.0,both,0.0,0.0
2019,offseason,Nan,หอมสุพรรณบุรี,0.0,0.0,both,0.0,0.0
2019,offseason,Narathiwat,กข10,0.0,,left_only,0.0,0.0
2019,offseason,Narathiwat,กขไม่ไวต่อช่วงแสง,0.0,,left_only,0.0,0.0
2019,offseason,Narathiwat,"ชัยนาท1,2",0.0,,left_only,0.0,0.0
2019,offseason,Narathiwat,ปทุมธานี1,0.0,,left_only,0.0,0.0
2019,offseason,Narathiwat,"พิษณุโลก2,60-2",0.0,,left_only,0.0,0.0
2019,offseason,Narathiwat,ราชการไม่ไวต่อช่วงแสง,0.0,,left_only,0.0,0.0
2019,offseason,Narathiwat,สุพรรณบุรี1,0.0,,left_only,0.0,0.0
2019,offseason,Narathiwat,"สุพรรณบุรี60,90",0.0,,left_only,0.0,0.0
2019,offseason,Narathiwat,หอมสุพรรณบุรี,0.0,,left_only,0.0,0.0
2019,offseason,Nong Bua Lam Phu,กข10,60858.0,1851.0,both,-59007.0,59007.0
2019,offseason,Nong Bua Lam Phu,กขไม่ไวต่อช่วงแสง,164918.0,5018.0,both,-159900.0,159900.0
2019,offseason,Nong Bua Lam Phu,"ชัยนาท1,2",118696.0,3611.0,both,-115085.0,115085.0
2019,offseason,Nong Bua Lam Phu,ปทุมธานี1,21106.0,641.0,both,-20465.0,20465.0
2019,offseason,Nong Bua Lam Phu,"พิษณุโลก2,60-2",5146.0,156.0,both,-4990.0,4990.0
2019,offseason,Nong Bua Lam Phu,ราชการไม่ไวต่อช่วงแสง,87666.0,2668.0,both,-84998.0,84998.0
2019,offseason,Nong Bua Lam Phu,สุพรรณบุรี1,0.0,0.0,both,0.0,0.0
2019,offseason,Nong Bua Lam Phu,"สุพรรณบุรี60,90",0.0,0.0,both,0.0,0.0
2019,offseason,Nong Bua Lam Phu,หอมสุพรรณบุรี,0.0,0.0,both,0.0,0.0
2019,offseason,Nong Khai,กข10,1671173.0,52073.0,both,-1619100.0,1619100.0
2019,offseason,Nong Khai,กขไม่ไวต่อช่วงแสง,201358.0,6274.0,both,-195084.0,195084.0
2019,offseason,Nong Khai,"ชัยนาท1,2",0.0,0.0,both,0.0,0.0
2019,offseason,Nong Khai,ปทุมธานี1,0.0,0.0,both,0.0,0.0
2019,offseason,Nong Khai,"พิษณุโลก2,60-2",0.0,0.0,both,0.0,0.0
2019,offseason,Nong Khai,ราชการไม่ไวต่อช่วงแสง,686021.0,21377.0,both,-664644.0,664644.0
2019,offseason,Nong Khai,สุพรรณบุรี1,0.0,0.0,both,0.0,0.0
2019,offseason,Nong Khai,"สุพรรณบุรี60,90",0.0,0.0,both,0.0,0.0
2019,offseason,Nong Khai,หอมสุพรรณบุรี,0.0,0.0,both,0.0,0.0
2019,offseason,Nonthaburi,กข10,0.0,0.0,both,0.0,0.0
2019,offseason,Nonthaburi,กขไม่ไวต่อช่วงแสง,2748338.0,108627.0,both,-2639711.0,2639711.0
2019,offseason,Nonthaburi,"ชัยนาท1,2",0.0,0.0,both,0.0,0.0
2019,offseason,Nonthaburi,ปทุมธานี1,25217.0,995.0,both,-24222.0,24222.0
2019,offseason,Nonthaburi,"พิษณุโลก2,60-2",11984.0,473.0,both,-11511.0,11511.0
2019,offseason,Nonthaburi,ราชการไม่ไวต่อช่วงแสง,64275.0,2541.0,both,-61734.0,61734.0
2019,offseason,Nonthaburi,สุพรรณบุรี1,0.0,0.0,both,0.0,0.0
2019,offseason,Nonthaburi,"สุพรรณบุรี60,90",0.0,0.0,both,0.0,0.0
2019,offseason,Nonthaburi,หอมสุพรรณบุรี,0.0,0.0,both,0.0,0.0
2019,offseason,Pathum Thani,กข10,0.0,0.0,both,0.0,0.0
2019,offseason,Pathum Thani,กขไม่ไวต่อช่วงแสง,6832239.0,315502.0,both,-6516737.0,6516737.0
2019,offseason,Pathum Thani,"ชัยนาท1,2",0.0,0.0,both,0.0,0.0
2019,offseason,Pathum Thani,ปทุมธานี1,995881.0,45988.0,both,-949893.0,949893.0
2019,offseason,Pathum Thani,"พิษณุโลก2,60-2",75853.0,3503.0,both,-72350.0,72350.0
2019,offseason,Pathum Thani,ราชการไม่ไวต่อช่วงแสง,132908.0,6138.0,both,-126770.0,126770.0
2019,offseason,Pathum Thani,สุพรรณบุรี1,58351.0,2695.0,both,-55656.0,55656.0
2019,offseason,Pathum Thani,"สุพรรณบุรี60,90",0.0,0.0,both,0.0,0.0
2019,offseason,Pathum Thani,หอมสุพรรณบุรี,0.0,0.0,both,0.0,0.0
2019,offseason,Pattani,กข10,0.0,0.0,both,0.0,0.0
2019,offseason,Pattani,กขไม่ไวต่อช่วงแสง,352494.0,11545.0,both,-340949.0,340949.0
2019,offseason,Pattani,"ชัยนาท1,2",215233.0,7052.0,both,-208181.0,208181.0
2019,offseason,Pattani,ปทุมธานี1,0.0,0.0,both,0.0,0.0
2019,offseason,Pattani,"พิษณุโลก2,60-2",0.0,0.0,both,0.0,0.0
2019,offseason,Pattani,ราชการไม่ไวต่อช่วงแสง,0.0,0.0,both,0.0,0.0
2019,offseason,Pattani,สุพรรณบุรี1,0.0,0.0,both,0.0,0.0
2019,offseason,Pattani,"สุพรรณบุรี60,90",0.0,0.0,both,0.0,0.0
2019,offseason,Pattani,หอมสุพรรณบุรี,15509.0,508.0,both,-15001.0,15001.0
2019,offseason,Phang-nga,กข10,0.0,,left_only,0.0,0.0
2019,offseason,Phang-nga,กขไม่ไวต่อช่วงแสง,0.0,,left_only,0.0,0.0
2019,offseason,Phang-nga,"ชัยนาท1,2",0.0,,left_only,0.0,0.0
2019,offseason,Phang-nga,ปทุมธานี1,0.0,,left_only,0.0,0.0
2019,offseason,Phang-nga,"พิษณุโลก2,60-2",0.0,,left_only,0.0,0.0
2019,offseason,Phang-nga,ราชการไม่ไวต่อช่วงแสง,0.0,,left_only,0.0,0.0
2019,offseason,Phang-nga,สุพรรณบุรี1,0.0,,left_only,0.0,0.0
2019,offseason,Phang-nga,"สุพรรณบุรี60,90",0.0,,left_only,0.0,0.0
2019,offseason,Phang-nga,หอมสุพรรณบุรี,0.0,,left_only,0.0,0.0
2019,offseason,Phatthalung,กข10,0.0,0.0,both,0.0,0.0
2019,offseason,Phatthalung,กขไม่ไวต่อช่วงแสง,529855.0,17477.0,both,-512378.0,512378.0
2019,offseason,Phatthalung,"ชัยนาท1,2",45233.0,1492.0,both,-43741.0,43741.0
2019,offseason,Phatthalung,ปทุมธานี1,183965.0,6069.0,both,-177896.0,177896.0
2019,offseason,Phatthalung,"พิษณุโลก2,60-2",13431.0,443.0,both,-12988.0,12988.0
2019,offseason,Phatthalung,ราชการไม่ไวต่อช่วงแสง,185177.0,6108.0,both,-179069.0,179069.0
2019,offseason,Phatthalung,สุพรรณบุรี1,8155.0,269.0,both,-7886.0,7886.0
2019,offseason,Phatthalung,"สุพรรณบุรี60,90",0.0,0.0,both,0.0,0.0
2019,offseason,Phatthalung,หอมสุพรรณบุรี,0.0,0.0,both,0.0,0.0
2019,offseason,Phayao,กข10,41973.0,1426.0,both,-40547.0,40547.0
2019,offseason,Phayao,กขไม่ไวต่อช่วงแสง,75447.0,2565.0,both,-72882.0,72882.0
2019,offseason,Phayao,"ชัยนาท1,2",0.0,0.0,both,0.0,0.0
2019,offseason,Phayao,ปทุมธานี1,73536.0,2501.0,both,-71035.0,71035.0
2019,offseason,Phayao,"พิษณุโลก2,60-2",1162341.0,39516.0,both,-1122825.0,1122825.0
2019,offseason,Phayao,ราชการไม่ไวต่อช่วงแสง,871232.0,29619.0,both,-841613.0,841613.0
2019,offseason,Phayao,สุพรรณบุรี1,0.0,0.0,both,0.0,0.0
2019,offseason,Phayao,"สุพรรณบุรี60,90",0.0,0.0,both,0.0,0.0
2019,offseason,Phayao,หอมสุพรรณบุรี,0.0,0.0,both,0.0,0.0
2019,offseason,Phetchabun,กข10,37258.0,1359.0,both,-35899.0,35899.0
2019,offseason,Phetchabun,กขไม่ไวต่อช่วงแสง,256169.0,9352.0,both,-246817.0,246817.0
2019,offseason,Phetchabun,"ชัยนาท1,2",6652.0,242.0,both,-6410.0,6410.0
2019,offseason,Phetchabun,ปทุมธานี1,17120.0,625.0,both,-16495.0,16495.0
2019,offseason,Phetchabun,"พิษณุโลก2,60-2",45008.0,1641.0,both,-43367.0,43367.0
2019,offseason,Phetchabun,ราชการไม่ไวต่อช่วงแสง,318722.0,11633.0,both,-307089.0,307089.0
2019,offseason,Phetchabun,สุพรรณบุรี1,2595.0,95.0,both,-2500.0,2500.0
2019,offseason,Phetchabun,"สุพรรณบุรี60,90",0.0,0.0,both,0.0,0.0
2019,offseason,Phetchabun,หอมสุพรรณบุรี,0.0,0.0,both,0.0,0.0
2019,offseason,Phetchaburi,กข10,0.0,0.0,both,0.0,0.0
2019,offseason,Phetchaburi,กขไม่ไวต่อช่วงแสง,2687499.0,85726.0,both,-2601773.0,2601773.0
2019,offseason,Phetchaburi,"ชัยนาท1,2",697216.0,22239.0,both,-674977.0,674977.0
2019,offseason,Phetchaburi,ปทุมธานี1,171465.0,5469.0,both,-165996.0,165996.0
2019,offseason,Phetchaburi,"พิษณุโลก2,60-2",130194.0,4154.0,both,-126040.0,126040.0
2019,offseason,Phetchaburi,ราชการไม่ไวต่อช่วงแสง,192594.0,6142.0,both,-186452.0,186452.0
2019,offseason,Phetchaburi,สุพรรณบุรี1,693770.0,22129.0,both,-671641.0,671641.0
2019,offseason,Phetchaburi,"สุพรรณบุรี60,90",15585.0,499.0,both,-15086.0,15086.0
2019,offseason,Phetchaburi,หอมสุพรรณบุรี,0.0,0.0,both,0.0,0.0
2019,offseason,Phichit,กข10,0.0,0.0,both,0.0,0.0
2019,offseason,Phichit,กขไม่ไวต่อช่วงแสง,16419579.0,564259.0,both,-15855320.0,15855320.0
2019,offseason,Phichit,"ชัยนาท1,2",218326.0,7503.0,both,-210823.0,210823.0
2019,offseason,Phichit,ปทุมธานี1,86408.0,2970.0,both,-83438.0,83438.0
2019,offseason,Phichit,"พิษณุโลก2,60-2",1779327.0,61146.0,both,-1718181.0,1718181.0
2019,offseason,Phichit,ราชการไม่ไวต่อช่วงแสง,2780977.0,95570.0,both,-2685407.0,2685407.0
2019,offseason,Phichit,สุพรรณบุรี1,320515.0,11015.0,both,-309500.0,309500.0
2019,offseason,Phichit,"สุพรรณบุรี60,90",12850.0,442.0,both,-12408.0,12408.0
2019,offseason,Phichit,หอมสุพรรณบุรี,0.0,0.0,both,0.0,0.0
2019,offseason,Phitsanulok,กข10,90746.0,3305.0,both,-87441.0,87441.0
2019,offseason,Phitsanulok,กขไม่ไวต่อช่วงแสง,15687260.0,571494.0,both,-15115766.0,15115766.0
2019,offseason,Phitsanulok,"ชัยนาท1,2",251056.0,9146.0,both,-241910.0,241910.0
2019,offseason,Phitsanulok,ปทุมธานี1,1004229.0,36584.0,both,-967645.0,967645.0
2019,offseason,Phitsanulok,"พิษณุโลก2,60-2",2840889.0,103495.0,both,-2737394.0,2737394.0
2019,offseason,Phitsanulok,ราชการไม่ไวต่อช่วงแสง,3291598.0,119916.0,both,-3171682.0,3171682.0
2019,offseason,Phitsanulok,สุพรรณบุรี1,540419.0,19688.0,both,-520731.0,520731.0
2019,offseason,Phitsanulok,"สุพรรณบุรี60,90",97144.0,3539.0,both,-93605.0,93605.0
2019,offseason,Phitsanulok,หอมสุพรรณบุรี,1585.0,57.0,both,-1528.0,1528.0
2019,offseason,Phra Nakhon Si Ayutthaya,กข10,0.0,0.0,both,0.0,0.0
2019,offseason,Phra Nakhon Si Ayutthaya,กขไม่ไวต่อช่วงแสง,19495463.0,775332.0,both,-18720131.0,18720131.0
2019,offseason,Phra Nakhon Si Ayutthaya,"ชัยนาท1,2",74482.0,2961.0,both,-71521.0,71521.0
2019,offseason,Phra Nakhon Si Ayutthaya,ปทุมธานี1,1014835.0,40361.0,both,-974474.0,974474.0
2019,offseason,Phra Nakhon Si Ayutthaya,"พิษณุโลก2,60-2",568039.0,22589.0,both,-545450.0,545450.0
2019,offseason,Phra Nakhon Si Ayutthaya,ราชการไม่ไวต่อช่วงแสง,445366.0,17711.0,both,-427655.0,427655.0
2019,offseason,Phra Nakhon Si Ayutthaya,สุพรรณบุรี1,255888.0,10175.0,both,-245713.0,245713.0
2019,offseason,Phra Nakhon Si Ayutthaya,"สุพรรณบุรี60,90",0.0,0.0,both,0.0,0.0
2019,offseason,Phra Nakhon Si Ayutthaya,หอมสุพรรณบุรี,0.0,0.0,both,0.0,0.0
2019,offseason,Phrae,กข10,198203.0,6464.0,both,-191739.0,191739.0
2019,offseason,Phrae,กขไม่ไวต่อช่วงแสง,255462.0,8333.0,both,-247129.0,247129.0
2019,offseason,Phrae,"ชัยนาท1,2",0.0,0.0,both,0.0,0.0
2019,offseason,Phrae,ปทุมธานี1,0.0,0.0,both,0.0,0.0
2019,offseason,Phrae,"พิษณุโลก2,60-2",0.0,0.0,both,0.0,0.0
2019,offseason,Phrae,ราชการไม่ไวต่อช่วงแสง,676896.0,22079.0,both,-654817.0,654817.0
2019,offseason,Phrae,สุพรรณบุรี1,0.0,0.0,both,0.0,0.0
2019,offseason,Phrae,"สุพรรณบุรี60,90",0.0,0.0,both,0.0,0.0
2019,offseason,Phrae,หอมสุพรรณบุรี,0.0,0.0,both,0.0,0.0
2019,offseason,Phuket,กข10,0.0,,left_only,0.0,0.0
2019,offseason,Phuket,กขไม่ไวต่อช่วงแสง,0.0,,left_only,0.0,0.0
2019,offseason,Phuket,"ชัยนาท1,2",0.0,,left_only,0.0,0.0
2019,offseason,Phuket,ปทุมธานี1,0.0,,left_only,0.0,0.0
2019,offseason,Phuket,"พิษณุโลก2,60-2",0.0,,left_only,0.0,0.0
2019,offseason,Phuket,ราชการไม่ไวต่อช่วงแสง,0.0,,left_only,0.0,0.0
2019,offseason,Phuket,สุพรรณบุรี1,0.0,,left_only,0.0,0.0
2019,offseason,Phuket,"สุพรรณบุรี60,90",0.0,,left_only,0.0,0.0
2019,offseason,Phuket,หอมสุพรรณบุรี,0.0,,left_only,0.0,0.0
2019,offseason,Prachin Buri,กข10,0.0,0.0,both,0.0,0.0
2019,offseason,Prachin Buri,กขไม่ไวต่อช่วงแสง,3130434.0,106380.0,both,-3024054.0,3024054.0
2019,offseason,Prachin Buri,"ชัยนาท1,2",16637.0,565.0,both,-16072.0,16072.0
2019,offseason,Prachin Buri,ปทุมธานี1,40294.0,1369.0,both,-38925.0,38925.0
2019,offseason,Prachin Buri,"พิษณุโลก2,60-2",87885.0,2985.0,both,-84900.0,84900.0
2019,offseason,Prachin Buri,ราชการไม่ไวต่อช่วงแสง,330017.0,11216.0,both,-318801.0,318801.0
2019,offseason,Prachin Buri,สุพรรณบุรี1,462929.0,15731.0,both,-447198.0,447198.0
2019,offseason,Prachin Buri,"สุพรรณบุรี60,90",33784.0,1148.0,both,-32636.0,32636.0
2019,offseason,Prachin Buri,หอมสุพรรณบุรี,0.0,0.0,both,0.0,0.0
2019,offseason,Prachuap Khiri Khan,กข10,0.0,0.0,both,0.0,0.0
2019,offseason,Prachuap Khiri Khan,กขไม่ไวต่อช่วงแสง,60233.0,1986.0,both,-58247.0,58247.0
2019,offseason,Prachuap Khiri Khan,"ชัยนาท1,2",138147.0,4554.0,both,-133593.0,133593.0
2019,offseason,Prachuap Khiri Khan,ปทุมธานี1,106242.0,3503.0,both,-102739.0,102739.0
2019,offseason,Prachuap Khiri Khan,"พิษณุโลก2,60-2",0.0,0.0,both,0.0,0.0
2019,offseason,Prachuap Khiri Khan,ราชการไม่ไวต่อช่วงแสง,2007.0,66.0,both,-1941.0,1941.0
2019,offseason,Prachuap Khiri Khan,สุพรรณบุรี1,2299.0,76.0,both,-2223.0,2223.0
2019,offseason,Prachuap Khiri Khan,"สุพรรณบุรี60,90",3838.0,129.0,both,-3709.0,3709.0
2019,offseason,Prachuap Khiri Khan,หอมสุพรรณบุรี,0.0,0.0,both,0.0,0.0
2019,offseason,Ranong,กข10,0.0,,left_only,0.0,0.0
2019,offseason,Ranong,กขไม่ไวต่อช่วงแสง,0.0,,left_only,0.0,0.0
2019,offseason,Ranong,"ชัยนาท1,2",0.0,,left_only,0.0,0.0
2019,offseason,Ranong,ปทุมธานี1,0.0,,left_only,0.0,0.0
2019,offseason,Ranong,"พิษณุโลก2,60-2",0.0,,left_only,0.0,0.0
2019,offseason,Ranong,ราชการไม่ไวต่อช่วงแสง,0.0,,left_only,0.0,0.0
2019,offseason,Ranong,สุพรรณบุรี1,0.0,,left_only,0.0,0.0
2019,offseason,Ranong,"สุพรรณบุรี60,90",0.0,,left_only,0.0,0.0
2019,offseason,Ranong,หอมสุพรรณบุรี,0.0,,left_only,0.0,0.0
2019,offseason,Ratchaburi,กข10,0.0,0.0,both,0.0,0.0
2019,offseason,Ratchaburi,กขไม่ไวต่อช่วงแสง,1083034.0,35341.0,both,-1047693.0,1047693.0
2019,offseason,Ratchaburi,"ชัยนาท1,2",248757.0,8117.0,both,-240640.0,240640.0
2019,offseason,Ratchaburi,ปทุมธานี1,1198243.0,39100.0,both,-1159143.0,1159143.0
2019,offseason,Ratchaburi,"พิษณุโลก2,60-2",0.0,0.0,both,0.0,0.0
2019,offseason,Ratchaburi,ราชการไม่ไวต่อช่วงแสง,45573.0,1488.0,both,-44085.0,44085.0
2019,offseason,Ratchaburi,สุพรรณบุรี1,2662209.0,86868.0,both,-2575341.0,2575341.0
2019,offseason,Ratchaburi,"สุพรรณบุรี60,90",67992.0,2220.0,both,-65772.0,65772.0
2019,offseason,Ratchaburi,หอมสุพรรณบุรี,0.0,0.0,both,0.0,0.0
2019,offseason,Rayong,กข10,0.0,0.0,both,0.0,0.0
2019,offseason,Rayong,กขไม่ไวต่อช่วงแสง,71405.0,4349.0,both,-67056.0,67056.0
2019,offseason,Rayong,"ชัยนาท1,2",3784.0,232.0,both,-3552.0,3552.0
2019,offseason,Rayong,ปทุมธานี1,871.0,55.0,both,-816.0,816.0
2019,offseason,Rayong,"พิษณุโลก2,60-2",0.0,0.0,both,0.0,0.0
2019,offseason,Rayong,ราชการไม่ไวต่อช่วงแสง,8829.0,538.0,both,-8291.0,8291.0
2019,offseason,Rayong,สุพรรณบุรี1,7267.0,445.0,both,-6822.0,6822.0
2019,offseason,Rayong,"สุพรรณบุรี60,90",19067.0,1162.0,both,-17905.0,17905.0
2019,offseason,Rayong,หอมสุพรรณบุรี,0.0,0.0,both,0.0,0.0
2019,offseason,Roi Et,กข10,106196.0,3802.0,both,-102394.0,102394.0
2019,offseason,Roi Et,กขไม่ไวต่อช่วงแสง,2302017.0,82420.0,both,-2219597.0,2219597.0
2019,offseason,Roi Et,"ชัยนาท1,2",1853444.0,66360.0,both,-1787084.0,1787084.0
2019,offseason,Roi Et,ปทุมธานี1,13464.0,483.0,both,-12981.0,12981.0
2019,offseason,Roi Et,"พิษณุโลก2,60-2",767674.0,27486.0,both,-740188.0,740188.0
2019,offseason,Roi Et,ราชการไม่ไวต่อช่วงแสง,212573.0,7610.0,both,-204963.0,204963.0
2019,offseason,Roi Et,สุพรรณบุรี1,21202.0,759.0,both,-20443.0,20443.0
2019,offseason,Roi Et,"สุพรรณบุรี60,90",16967.0,607.0,both,-16360.0,16360.0
2019,offseason,Roi Et,หอมสุพรรณบุรี,0.0,0.0,both,0.0,0.0
2019,offseason,Sa kaeo,กข10,0.0,0.0,both,0.0,0.0
2019,offseason,Sa kaeo,กขไม่ไวต่อช่วงแสง,136519.0,5129.0,both,-131390.0,131390.0
2019,offseason,Sa kaeo,"ชัยนาท1,2",36266.0,1364.0,both,-34902.0,34902.0
2019,offseason,Sa kaeo,ปทุมธานี1,74448.0,2797.0,both,-71651.0,71651.0
2019,offseason,Sa kaeo,"พิษณุโลก2,60-2",0.0,0.0,both,0.0,0.0
2019,offseason,Sa kaeo,ราชการไม่ไวต่อช่วงแสง,3271.0,123.0,both,-3148.0,3148.0
2019,offseason,Sa kaeo,สุพรรณบุรี1,0.0,0.0,both,0.0,0.0
2019,offseason,Sa kaeo,"สุพรรณบุรี60,90",0.0,0.0,both,0.0,0.0
2019,offseason,Sa kaeo,หอมสุพรรณบุรี,0.0,0.0,both,0.0,0.0
2019,offseason,Sakon Nakhon,กข10,538951.0,18337.0,both,-520614.0,520614.0
2019,offseason,Sakon Nakhon,กขไม่ไวต่อช่วงแสง,338163.0,11505.0,both,-326658.0,326658.0
2019,offseason,Sakon Nakhon,"ชัยนาท1,2",9094.0,308.0,both,-8786.0,8786.0
2019,offseason,Sakon Nakhon,ปทุมธานี1,16302.0,554.0,both,-15748.0,15748.0
2019,offseason,Sakon Nakhon,"พิษณุโลก2,60-2",0.0,0.0,both,0.0,0.0
2019,offseason,Sakon Nakhon,ราชการไม่ไวต่อช่วงแสง,1954118.0,66482.0,both,-1887636.0,1887636.0
2019,offseason,Sakon Nakhon,สุพรรณบุรี1,0.0,0.0,both,0.0,0.0
2019,offseason,Sakon Nakhon,"สุพรรณบุรี60,90",0.0,0.0,both,0.0,0.0
2019,offseason,Sakon Nakhon,หอมสุพรรณบุรี,0.0,0.0,both,0.0,0.0
2019,offseason,Samut Prakarn,กข10,0.0,0.0,both,0.0,0.0
2019,offseason,Samut Prakarn,กขไม่ไวต่อช่วงแสง,360941.0,13052.0,both,-347889.0,347889.0
2019,offseason,Samut Prakarn,"ชัยนาท1,2",0.0,0.0,both,0.0,0.0
2019,offseason,Samut Prakarn,ปทุมธานี1,84208.0,3045.0,both,-81163.0,81163.0
2019,offseason,Samut Prakarn,"พิษณุโลก2,60-2",68265.0,2469.0,both,-65796.0,65796.0
2019,offseason,Samut Prakarn,ราชการไม่ไวต่อช่วงแสง,4490.0,163.0,both,-4327.0,4327.0
2019,offseason,Samut Prakarn,สุพรรณบุรี1,0.0,0.0,both,0.0,0.0
2019,offseason,Samut Prakarn,"สุพรรณบุรี60,90",18023.0,652.0,both,-17371.0,17371.0
2019,offseason,Samut Prakarn,หอมสุพรรณบุรี,0.0,0.0,both,0.0,0.0
2019,offseason,Samut Sakhon,กข10,0.0,0.0,both,0.0,0.0
2019,offseason,Samut Sakhon,กขไม่ไวต่อช่วงแสง,49772.0,1874.0,both,-47898.0,47898.0
2019,offseason,Samut Sakhon,"ชัยนาท1,2",0.0,0.0,both,0.0,0.0
2019,offseason,Samut Sakhon,ปทุมธานี1,2435.0,91.0,both,-2344.0,2344.0
2019,offseason,Samut Sakhon,"พิษณุโลก2,60-2",28251.0,1064.0,both,-27187.0,27187.0
2019,offseason,Samut Sakhon,ราชการไม่ไวต่อช่วงแสง,5633.0,212.0,both,-5421.0,5421.0
2019,offseason,Samut Sakhon,สุพรรณบุรี1,1217.0,46.0,both,-1171.0,1171.0
2019,offseason,Samut Sakhon,"สุพรรณบุรี60,90",0.0,0.0,both,0.0,0.0
2019,offseason,Samut Sakhon,หอมสุพรรณบุรี,0.0,0.0,both,0.0,0.0
2019,offseason,Samut Songkhram,กข10,0.0,0.0,both,0.0,0.0
2019,offseason,Samut Songkhram,กขไม่ไวต่อช่วงแสง,27004.0,903.0,both,-26101.0,26101.0
2019,offseason,Samut Songkhram,"ชัยนาท1,2",4186.0,140.0,both,-4046.0,4046.0
2019,offseason,Samut Songkhram,ปทุมธานี1,0.0,0.0,both,0.0,0.0
2019,offseason,Samut Songkhram,"พิษณุโลก2,60-2",838.0,28.0,both,-810.0,810.0
2019,offseason,Samut Songkhram,ราชการไม่ไวต่อช่วงแสง,6849.0,229.0,both,-6620.0,6620.0
2019,offseason,Samut Songkhram,สุพรรณบุรี1,8074.0,270.0,both,-7804.0,7804.0
2019,offseason,Samut Songkhram,"สุพรรณบุรี60,90",0.0,0.0,both,0.0,0.0
2019,offseason,Samut Songkhram,หอมสุพรรณบุรี,0.0,0.0,both,0.0,0.0
2019,offseason,Saraburi,กข10,0.0,0.0,both,0.0,0.0
2019,offseason,Saraburi,กขไม่ไวต่อช่วงแสง,4192509.0,188354.0,both,-4004155.0,4004155.0
2019,offseason,Saraburi,"ชัยนาท1,2",25618.0,1150.0,both,-24468.0,24468.0
2019,offseason,Saraburi,ปทุมธานี1,566248.0,25441.0,both,-540807.0,540807.0
2019,offseason,Saraburi,"พิษณุโลก2,60-2",11826.0,534.0,both,-11292.0,11292.0
2019,offseason,Saraburi,ราชการไม่ไวต่อช่วงแสง,13578.0,609.0,both,-12969.0,12969.0
2019,offseason,Saraburi,สุพรรณบุรี1,1133283.0,50914.0,both,-1082369.0,1082369.0
2019,offseason,Saraburi,"สุพรรณบุรี60,90",0.0,0.0,both,0.0,0.0
2019,offseason,Saraburi,หอมสุพรรณบุรี,0.0,0.0,both,0.0,0.0
2019,offseason,Satun,กข10,0.0,,left_only,0.0,0.0
2019,offseason,Satun,กขไม่ไวต่อช่วงแสง,0.0,,left_only,0.0,0.0
2019,offseason,Satun,"ชัยนาท1,2",0.0,,left_only,0.0,0.0
2019,offseason,Satun,ปทุมธานี1,0.0,,left_only,0.0,0.0
2019,offseason,Satun,"พิษณุโลก2,60-2",0.0,,left_only,0.0,0.0
2019,offseason,Satun,ราชการไม่ไวต่อช่วงแสง,0.0,,left_only,0.0,0.0
2019,offseason,Satun,สุพรรณบุรี1,0.0,,left_only,0.0,0.0
2019,offseason,Satun,"สุพรรณบุรี60,90",0.0,,left_only,0.0,0.0
2019,offseason,Satun,หอมสุพรรณบุรี,0.0,,left_only,0.0,0.0
2019,offseason,Si Sa Ket,กข10,82023.0,2779.0,both,-79244.0,79244.0
2019,offseason,Si Sa Ket,กขไม่ไวต่อช่วงแสง,127888.0,4331.0,both,-123557.0,123557.0
2019,offseason,Si Sa Ket,"ชัยนาท1,2",1608015.0,54479.0,both,-1553536.0,1553536.0
2019,offseason,Si Sa Ket,ปทุมธานี1,141883.0,4808.0,both,-137075.0,137075.0
2019,offseason,Si Sa Ket,"พิษณุโลก2,60-2",0.0,0.0,both,0.0,0.0
2019,offseason,Si Sa Ket,ราชการไม่ไวต่อช่วงแสง,438069.0,14842.0,both,-423227.0,423227.0
2019,offseason,Si Sa Ket,สุพรรณบุรี1,0.0,0.0,both,0.0,0.0
2019,offseason,Si Sa Ket,"สุพรรณบุรี60,90",0.0,0.0,both,0.0,0.0
2019,offseason,Si Sa Ket,หอมสุพรรณบุรี,0.0,0.0,both,0.0,0.0
2019,offseason,Sing Buri,กข10,0.0,0.0,both,0.0,0.0
2019,offseason,Sing Buri,กขไม่ไวต่อช่วงแสง,5377226.0,209202.0,both,-5168024.0,5168024.0
2019,offseason,Sing Buri,"ชัยนาท1,2",0.0,0.0,both,0.0,0.0
2019,offseason,Sing Buri,ปทุมธานี1,2183566.0,84951.0,both,-2098615.0,2098615.0
2019,offseason,Sing Buri,"พิษณุโลก2,60-2",39657.0,1542.0,both,-38115.0,38115.0
2019,offseason,Sing Buri,ราชการไม่ไวต่อช่วงแสง,85246.0,3317.0,both,-81929.0,81929.0
2019,offseason,Sing Buri,สุพรรณบุรี1,25486.0,991.0,both,-24495.0,24495.0
2019,offseason,Sing Buri,"สุพรรณบุรี60,90",0.0,0.0,both,0.0,0.0
2019,offseason,Sing Buri,หอมสุพรรณบุรี,0.0,0.0,both,0.0,0.0
2019,offseason,Songkhla,กข10,0.0,0.0,both,0.0,0.0
2019,offseason,Songkhla,กขไม่ไวต่อช่วงแสง,1326845.0,43912.0,both,-1282933.0,1282933.0
2019,offseason,Songkhla,"ชัยนาท1,2",24838.0,822.0,both,-24016.0,24016.0
2019,offseason,Songkhla,ปทุมธานี1,26379.0,872.0,both,-25507.0,25507.0
2019,offseason,Songkhla,"พิษณุโลก2,60-2",12903.0,427.0,both,-12476.0,12476.0
2019,offseason,Songkhla,ราชการไม่ไวต่อช่วงแสง,22632.0,749.0,both,-21883.0,21883.0
2019,offseason,Songkhla,สุพรรณบุรี1,16588.0,550.0,both,-16038.0,16038.0
2019,offseason,Songkhla,"สุพรรณบุรี60,90",0.0,0.0,both,0.0,0.0
2019,offseason,Songkhla,หอมสุพรรณบุรี,0.0,0.0,both,0.0,0.0
2019,offseason,Sukhothai,กข10,0.0,0.0,both,0.0,0.0
2019,offseason,Sukhothai,กขไม่ไวต่อช่วงแสง,8128811.0,252159.0,both,-7876652.0,7876652.0
2019,offseason,Sukhothai,"ชัยนาท1,2",58709.0,1822.0,both,-56887.0,56887.0
2019,offseason,Sukhothai,ปทุมธานี1,85206.0,2642.0,both,-82564.0,82564.0
2019,offseason,Sukhothai,"พิษณุโลก2,60-2",3325346.0,103153.0,both,-3222193.0,3222193.0
2019,offseason,Sukhothai,ราชการไม่ไวต่อช่วงแสง,1182363.0,36679.0,both,-1145684.0,1145684.0
2019,offseason,Sukhothai,สุพรรณบุรี1,429654.0,13328.0,both,-416326.0,416326.0
2019,offseason,Sukhothai,"สุพรรณบุรี60,90",415546.0,12890.0,both,-402656.0,402656.0
2019,offseason,Sukhothai,หอมสุพรรณบุรี,0.0,0.0,both,0.0,0.0
2019,offseason,Suphan Buri,กข10,0.0,0.0,both,0.0,0.0
2019,offseason,Suphan Buri,กขไม่ไวต่อช่วงแสง,21039580.0,891691.0,both,-20147889.0,20147889.0
2019,offseason,Suphan Buri,"ชัยนาท1,2",2744.0,117.0,both,-2627.0,2627.0
2019,offseason,Suphan Buri,ปทุมธานี1,3186425.0,135044.0,both,-3051381.0,3051381.0
2019,offseason,Suphan Buri,"พิษณุโลก2,60-2",333569.0,14135.0,both,-319434.0,319434.0
2019,offseason,Suphan Buri,ราชการไม่ไวต่อช่วงแสง,661897.0,28054.0,both,-633843.0,633843.0
2019,offseason,Suphan Buri,สุพรรณบุรี1,140372.0,5949.0,both,-134423.0,134423.0
2019,offseason,Suphan Buri,"สุพรรณบุรี60,90",0.0,0.0,both,0.0,0.0
2019,offseason,Suphan Buri,หอมสุพรรณบุรี,7682.0,325.0,both,-7357.0,7357.0
2019,offseason,Surat Thani,กข10,0.0,0.0,both,0.0,0.0
2019,offseason,Surat Thani,กขไม่ไวต่อช่วงแสง,51787.0,2029.0,both,-49758.0,49758.0
2019,offseason,Surat Thani,"ชัยนาท1,2",762.0,30.0,both,-732.0,732.0
2019,offseason,Surat Thani,ปทุมธานี1,42758.0,1675.0,both,-41083.0,41083.0
2019,offseason,Surat Thani,"พิษณุโลก2,60-2",3476.0,135.0,both,-3341.0,3341.0
2019,offseason,Surat Thani,ราชการไม่ไวต่อช่วงแสง,19001.0,745.0,both,-18256.0,18256.0
2019,offseason,Surat Thani,สุพรรณบุรี1,0.0,0.0,both,0.0,0.0
2019,offseason,Surat Thani,"สุพรรณบุรี60,90",0.0,0.0,both,0.0,0.0
2019,offseason,Surat Thani,หอมสุพรรณบุรี,0.0,0.0,both,0.0,0.0
2019,offseason,Surin,กข10,85067.0,2934.0,both,-82133.0,82133.0
2019,offseason,Surin,กขไม่ไวต่อช่วงแสง,560808.0,19341.0,both,-541467.0,541467.0
2019,offseason,Surin,"ชัยนาท1,2",180759.0,6236.0,both,-174523.0,174523.0
2019,offseason,Surin,ปทุมธานี1,139213.0,4802.0,both,-134411.0,134411.0
2019,offseason,Surin,"พิษณุโลก2,60-2",2964.0,102.0,both,-2862.0,2862.0
2019,offseason,Surin,ราชการไม่ไวต่อช่วงแสง,575140.0,19837.0,both,-555303.0,555303.0
2019,offseason,Surin,สุพรรณบุรี1,0.0,0.0,both,0.0,0.0
2019,offseason,Surin,"สุพรรณบุรี60,90",10472.0,362.0,both,-10110.0,10110.0
2019,offseason,Surin,หอมสุพรรณบุรี,0.0,0.0,both,0.0,0.0
2019,offseason,Tak,กข10,0.0,0.0,both,0.0,0.0
2019,offseason,Tak,กขไม่ไวต่อช่วงแสง,151964.0,5842.0,both,-146122.0,146122.0
2019,offseason,Tak,"ชัยนาท1,2",113760.0,4373.0,both,-109387.0,109387.0
2019,offseason,Tak,ปทุมธานี1,32930.0,1267.0,both,-31663.0,31663.0
2019,offseason,Tak,"พิษณุโลก2,60-2",131016.0,5036.0,both,-125980.0,125980.0
2019,offseason,Tak,ราชการไม่ไวต่อช่วงแสง,39577.0,1521.0,both,-38056.0,38056.0
2019,offseason,Tak,สุพรรณบุรี1,18722.0,720.0,both,-18002.0,18002.0
2019,offseason,Tak,"สุพรรณบุรี60,90",0.0,0.0,both,0.0,0.0
2019,offseason,Tak,หอมสุพรรณบุรี,0.0,0.0,both,0.0,0.0
2019,offseason,Trang,กข10,0.0,0.0,both,0.0,0.0
2019,offseason,Trang,กขไม่ไวต่อช่วงแสง,2772.0,0.0,both,-2772.0,2772.0
2019,offseason,Trang,"ชัยนาท1,2",0.0,0.0,both,0.0,0.0
2019,offseason,Trang,ปทุมธานี1,0.0,0.0,both,0.0,0.0
2019,offseason,Trang,"พิษณุโลก2,60-2",0.0,0.0,both,0.0,0.0
2019,offseason,Trang,ราชการไม่ไวต่อช่วงแสง,1344.0,0.0,both,-1344.0,1344.0
2019,offseason,Trang,สุพรรณบุรี1,0.0,0.0,both,0.0,0.0
2019,offseason,Trang,"สุพรรณบุรี60,90",0.0,0.0,both,0.0,0.0
2019,offseason,Trang,หอมสุพรรณบุรี,0.0,0.0,both,0.0,0.0
2019,offseason,Trat,กข10,0.0,0.0,both,0.0,0.0
2019,offseason,Trat,กขไม่ไวต่อช่วงแสง,28880.0,934.0,both,-27946.0,27946.0
2019,offseason,Trat,"ชัยนาท1,2",6238.0,202.0,both,-6036.0,6036.0
2019,offseason,Trat,ปทุมธานี1,25913.0,838.0,both,-25075.0,25075.0
2019,offseason,Trat,"พิษณุโลก2,60-2",0.0,0.0,both,0.0,0.0
2019,offseason,Trat,ราชการไม่ไวต่อช่วงแสง,18100.0,585.0,both,-17515.0,17515.0
2019,offseason,Trat,สุพรรณบุรี1,0.0,0.0,both,0.0,0.0
2019,offseason,Trat,"สุพรรณบุรี60,90",0.0,0.0,both,0.0,0.0
2019,offseason,Trat,หอมสุพรรณบุรี,0.0,0.0,both,0.0,0.0
2019,offseason,Ubon Ratchathani,กข10,930672.0,40089.0,both,-890583.0,890583.0
2019,offseason,Ubon Ratchathani,กขไม่ไวต่อช่วงแสง,2416635.0,104095.0,both,-2312540.0,2312540.0
2019,offseason,Ubon Ratchathani,"ชัยนาท1,2",305390.0,13155.0,both,-292235.0,292235.0
2019,offseason,Ubon Ratchathani,ปทุมธานี1,11314.0,487.0,both,-10827.0,10827.0
2019,offseason,Ubon Ratchathani,"พิษณุโลก2,60-2",11036.0,475.0,both,-10561.0,10561.0
2019,offseason,Ubon Ratchathani,ราชการไม่ไวต่อช่วงแสง,1050119.0,45233.0,both,-1004886.0,1004886.0
2019,offseason,Ubon Ratchathani,สุพรรณบุรี1,5671.0,246.0,both,-5425.0,5425.0
2019,offseason,Ubon Ratchathani,"สุพรรณบุรี60,90",0.0,0.0,both,0.0,0.0
2019,offseason,Ubon Ratchathani,หอมสุพรรณบุรี,3679.0,159.0,both,-3520.0,3520.0
2019,offseason,Udon Thani,กข10,737209.0,26282.0,both,-710927.0,710927.0
2019,offseason,Udon Thani,กขไม่ไวต่อช่วงแสง,274591.0,9789.0,both,-264802.0,264802.0
2019,offseason,Udon Thani,"ชัยนาท1,2",47122.0,1681.0,both,-45441.0,45441.0
2019,offseason,Udon Thani,ปทุมธานี1,2613.0,94.0,both,-2519.0,2519.0
2019,offseason,Udon Thani,"พิษณุโลก2,60-2",12727.0,453.0,both,-12274.0,12274.0
2019,offseason,Udon Thani,ราชการไม่ไวต่อช่วงแสง,279416.0,9961.0,both,-269455.0,269455.0
2019,offseason,Udon Thani,สุพรรณบุรี1,0.0,0.0,both,0.0,0.0
2019,offseason,Udon Thani,"สุพรรณบุรี60,90",0.0,0.0,both,0.0,0.0
2019,offseason,Udon Thani,หอมสุพรรณบุรี,0.0,0.0,both,0.0,0.0
2019,offseason,Uthai Thani,กข10,0.0,0.0,both,0.0,0.0
2019,offseason,Uthai Thani,กขไม่ไวต่อช่วงแสง,2375575.0,92787.0,both,-2282788.0,2282788.0
2019,offseason,Uthai Thani,"ชัยนาท1,2",8361.0,326.0,both,-8035.0,8035.0
2019,offseason,Uthai Thani,ปทุมธานี1,211046.0,8244.0,both,-202802.0,202802.0
2019,offseason,Uthai Thani,"พิษณุโลก2,60-2",102437.0,4002.0,both,-98435.0,98435.0
2019,offseason,Uthai Thani,ราชการไม่ไวต่อช่วงแสง,63518.0,2480.0,both,-61038.0,61038.0
2019,offseason,Uthai Thani,สุพรรณบุรี1,3618.0,141.0,both,-3477.0,3477.0
2019,offseason,Uthai Thani,"สุพรรณบุรี60,90",0.0,0.0,both,0.0,0.0
2019,offseason,Uthai Thani,หอมสุพรรณบุรี,0.0,0.0,both,0.0,0.0
2019,offseason,Uttaradit,กข10,14499.0,422.0,both,-14077.0,14077.0
2019,offseason,Uttaradit,กขไม่ไวต่อช่วงแสง,3409854.0,99176.0,both,-3310678.0,3310678.0
2019,offseason,Uttaradit,"ชัยนาท1,2",41691.0,1212.0,both,-40479.0,40479.0
2019,offseason,Uttaradit,ปทุมธานี1,3008492.0,87503.0,both,-2920989.0,2920989.0
2019,offseason,Uttaradit,"พิษณุโลก2,60-2",1139683.0,33149.0,both,-1106534.0,1106534.0
2019,offseason,Uttaradit,ราชการไม่ไวต่อช่วงแสง,717843.0,20879.0,both,-696964.0,696964.0
2019,offseason,Uttaradit,สุพรรณบุรี1,574132.0,16699.0,both,-557433.0,557433.0
2019,offseason,Uttaradit,"สุพรรณบุรี60,90",23266.0,677.0,both,-22589.0,22589.0
2019,offseason,Uttaradit,หอมสุพรรณบุรี,1993.0,58.0,both,-1935.0,1935.0
2019,offseason,Yala,กข10,0.0,0.0,both,0.0,0.0
2019,offseason,Yala,กขไม่ไวต่อช่วงแสง,4630.0,152.0,both,-4478.0,4478.0
2019,offseason,Yala,"ชัยนาท1,2",853.0,28.0,both,-825.0,825.0
2019,offseason,Yala,ปทุมธานี1,0.0,0.0,both,0.0,0.0
2019,offseason,Yala,"พิษณุโลก2,60-2",0.0,0.0,both,0.0,0.0
2019,offseason,Yala,ราชการไม่ไวต่อช่วงแสง,0.0,0.0,both,0.0,0.0
2019,offseason,Yala,สุพรรณบุรี1,0.0,0.0,both,0.0,0.0
2019,offseason,Yala,"สุพรรณบุรี60,90",0.0,0.0,both,0.0,0.0
2019,offseason,Yala,หอมสุพรรณบุรี,0.0,0.0,both,0.0,0.0
2019,offseason,Yasothon,กข10,63760.0,2478.0,both,-61282.0,61282.0
2019,offseason,Yasothon,กขไม่ไวต่อช่วงแสง,1114846.0,43362.0,both,-1071484.0,1071484.0
2019,offseason,Yasothon,"ชัยนาท1,2",813498.0,31642.0,both,-781856.0,781856.0
2019,offseason,Yasothon,ปทุมธานี1,5203.0,202.0,both,-5001.0,5001.0
2019,offseason,Yasothon,"พิษณุโลก2,60-2",0.0,0.0,both,0.0,0.0
2019,offseason,Yasothon,ราชการไม่ไวต่อช่วงแสง,134202.0,5220.0,both,-128982.0,128982.0
2019,offseason,Yasothon,สุพรรณบุรี1,14779.0,575.0,both,-14204.0,14204.0
2019,offseason,Yasothon,"สุพรรณบุรี60,90",12591.0,490.0,both,-12101.0,12101.0
2019,offseason,Yasothon,หอมสุพรรณบุรี,0.0,0.0,both,0.0,0.0
2020,inseason,Amnat Charoen,กข15,545618.0,17822.0,both,-527796.0,527796.0
2020,inseason,Amnat Charoen,กข6,10198211.0,333132.0,both,-9865079.0,9865079.0
2020,inseason,Amnat Charoen,ขาวดอกมะลิ105,21431146.0,700064.0,both,-20731082.0,20731082.0
2020,inseason,Amnat Charoen,คลองหลวง1,0.0,0.0,both,0.0,0.0
2020,inseason,Amnat Charoen,ชัยนาท1,0.0,0.0,both,0.0,0.0
2020,inseason,Amnat Charoen,ปทุมธานี1,0.0,0.0,both,0.0,0.0
2020,inseason,Amnat Charoen,พันธุ์พื้นเมือง,183097.0,5980.0,both,-177117.0,177117.0
2020,inseason,Amnat Charoen,ราชการไม่ไวต่อช่วงแสง,39583.0,1293.0,both,-38290.0,38290.0
2020,inseason,Amnat Charoen,ราชการไวต่อช่วงแสง,117830.0,3851.0,both,-113979.0,113979.0
2020,inseason,Amnat Charoen,สุพรรณบุรี1,0.0,0.0,both,0.0,0.0
2020,inseason,Amnat Charoen,"สุพรรณบุรี60,90",0.0,0.0,both,0.0,0.0
2020,inseason,Amnat Charoen,หอมสุพรรณบุรี,0.0,0.0,both,0.0,0.0
2020,inseason,Ang Thong,กข15,0.0,0.0,both,0.0,0.0
2020,inseason,Ang Thong,กข6,0.0,0.0,both,0.0,0.0
2020,inseason,Ang Thong,ขาวดอกมะลิ105,212714.0,6884.0,both,-205830.0,205830.0
2020,inseason,Ang Thong,คลองหลวง1,0.0,0.0,both,0.0,0.0
2020,inseason,Ang Thong,ชัยนาท1,17026.0,551.0,both,-16475.0,16475.0
2020,inseason,Ang Thong,ปทุมธานี1,3101258.0,100366.0,both,-3000892.0,3000892.0
2020,inseason,Ang Thong,พันธุ์พื้นเมือง,238207.0,7710.0,both,-230497.0,230497.0
2020,inseason,Ang Thong,ราชการไม่ไวต่อช่วงแสง,4493171.0,145411.0,both,-4347760.0,4347760.0
2020,inseason,Ang Thong,ราชการไวต่อช่วงแสง,124063.0,4015.0,both,-120048.0,120048.0
2020,inseason,Ang Thong,สุพรรณบุรี1,26883.0,870.0,both,-26013.0,26013.0
2020,inseason,Ang Thong,"สุพรรณบุรี60,90",9362.0,303.0,both,-9059.0,9059.0
2020,inseason,Ang Thong,หอมสุพรรณบุรี,0.0,0.0,both,0.0,0.0
2020,inseason,Bangkok,กข15,0.0,0.0,both,0.0,0.0
2020,inseason,Bangkok,กข6,0.0,0.0,both,0.0,0.0
2020,inseason,Bangkok,ขาวดอกมะลิ105,0.0,0.0,both,0.0,0.0
2020,inseason,Bangkok,คลองหลวง1,0.0,0.0,both,0.0,0.0
2020,inseason,Bangkok,ชัยนาท1,0.0,0.0,both,0.0,0.0
2020,inseason,Bangkok,ปทุมธานี1,707842.0,23043.0,both,-684799.0,684799.0
2020,inseason,Bangkok,พันธุ์พื้นเมือง,0.0,0.0,both,0.0,0.0
2020,inseason,Bangkok,ราชการไม่ไวต่อช่วงแสง,1827327.0,59485.0,both,-1767842.0,1767842.0
2020,inseason,Bangkok,ราชการไวต่อช่วงแสง,11858.0,386.0,both,-11472.0,11472.0
2020,inseason,Bangkok,สุพรรณบุรี1,5806.0,189.0,both,-5617.0,5617.0
2020,inseason,Bangkok,"สุพรรณบุรี60,90",0.0,0.0,both,0.0,0.0
2020,inseason,Bangkok,หอมสุพรรณบุรี,0.0,0.0,both,0.0,0.0
2020,inseason,Bueng Kan,กข15,178238.0,5819.0,both,-172419.0,172419.0
2020,inseason,Bueng Kan,กข6,12320051.0,402218.0,both,-11917833.0,11917833.0
2020,inseason,Bueng Kan,ขาวดอกมะลิ105,2147489.0,70110.0,both,-2077379.0,2077379.0
2020,inseason,Bueng Kan,คลองหลวง1,0.0,0.0,both,0.0,0.0
2020,inseason,Bueng Kan,ชัยนาท1,0.0,0.0,both,0.0,0.0
2020,inseason,Bueng Kan,ปทุมธานี1,0.0,0.0,both,0.0,0.0
2020,inseason,Bueng Kan,พันธุ์พื้นเมือง,28364.0,926.0,both,-27438.0,27438.0
2020,inseason,Bueng Kan,ราชการไม่ไวต่อช่วงแสง,70327.0,2296.0,both,-68031.0,68031.0
2020,inseason,Bueng Kan,ราชการไวต่อช่วงแสง,297175.0,9702.0,both,-287473.0,287473.0
2020,inseason,Bueng Kan,สุพรรณบุรี1,0.0,0.0,both,0.0,0.0
2020,inseason,Bueng Kan,"สุพรรณบุรี60,90",0.0,0.0,both,0.0,0.0
2020,inseason,Bueng Kan,หอมสุพรรณบุรี,0.0,0.0,both,0.0,0.0
2020,inseason,Buri Ram,กข15,3545049.0,115781.0,both,-3429268.0,3429268.0
2020,inseason,Buri Ram,กข6,4151506.0,135588.0,both,-4015918.0,4015918.0
2020,inseason,Buri Ram,ขาวดอกมะลิ105,82219344.0,2685301.0,both,-79534043.0,79534043.0
2020,inseason,Buri Ram,คลองหลวง1,0.0,0.0,both,0.0,0.0
2020,inseason,Buri Ram,ชัยนาท1,82364.0,2690.0,both,-79674.0,79674.0
2020,inseason,Buri Ram,ปทุมธานี1,0.0,0.0,both,0.0,0.0
2020,inseason,Buri Ram,พันธุ์พื้นเมือง,921029.0,30082.0,both,-890947.0,890947.0
2020,inseason,Buri Ram,ราชการไม่ไวต่อช่วงแสง,82700.0,2703.0,both,-79997.0,79997.0
2020,inseason,Buri Ram,ราชการไวต่อช่วงแสง,404315.0,13206.0,both,-391109.0,391109.0
2020,inseason,Buri Ram,สุพรรณบุรี1,0.0,0.0,both,0.0,0.0
2020,inseason,Buri Ram,"สุพรรณบุรี60,90",0.0,0.0,both,0.0,0.0
2020,inseason,Buri Ram,หอมสุพรรณบุรี,0.0,0.0,both,0.0,0.0
2020,inseason,Chachoengsao,กข15,0.0,0.0,both,0.0,0.0
2020,inseason,Chachoengsao,กข6,59991.0,1952.0,both,-58039.0,58039.0
2020,inseason,Chachoengsao,ขาวดอกมะลิ105,2689542.0,87515.0,both,-2602027.0,2602027.0
2020,inseason,Chachoengsao,คลองหลวง1,0.0,0.0,both,0.0,0.0
2020,inseason,Chachoengsao,ชัยนาท1,0.0,0.0,both,0.0,0.0
2020,inseason,Chachoengsao,ปทุมธานี1,1530875.0,49814.0,both,-1481061.0,1481061.0
2020,inseason,Chachoengsao,พันธุ์พื้นเมือง,218143.0,7098.0,both,-211045.0,211045.0
2020,inseason,Chachoengsao,ราชการไม่ไวต่อช่วงแสง,12033619.0,391551.0,both,-11642068.0,11642068.0
2020,inseason,Chachoengsao,ราชการไวต่อช่วงแสง,1309658.0,42613.0,both,-1267045.0,1267045.0
2020,inseason,Chachoengsao,สุพรรณบุรี1,303427.0,9872.0,both,-293555.0,293555.0
2020,inseason,Chachoengsao,"สุพรรณบุรี60,90",206895.0,6732.0,both,-200163.0,200163.0
2020,inseason,Chachoengsao,หอมสุพรรณบุรี,0.0,0.0,both,0.0,0.0
2020,inseason,Chai Nat,กข15,0.0,0.0,both,0.0,0.0
2020,inseason,Chai Nat,กข6,0.0,0.0,both,0.0,0.0
2020,inseason,Chai Nat,ขาวดอกมะลิ105,688034.0,22457.0,both,-665577.0,665577.0
2020,inseason,Chai Nat,คลองหลวง1,0.0,0.0,both,0.0,0.0
2020,inseason,Chai Nat,ชัยนาท1,54898.0,1792.0,both,-53106.0,53106.0
2020,inseason,Chai Nat,ปทุมธานี1,5518761.0,180145.0,both,-5338616.0,5338616.0
2020,inseason,Chai Nat,พันธุ์พื้นเมือง,20250.0,662.0,both,-19588.0,19588.0
2020,inseason,Chai Nat,ราชการไม่ไวต่อช่วงแสง,19212255.0,627132.0,both,-18585123.0,18585123.0
2020,inseason,Chai Nat,ราชการไวต่อช่วงแสง,3216.0,105.0,both,-3111.0,3111.0
2020,inseason,Chai Nat,สุพรรณบุรี1,102781.0,3354.0,both,-99427.0,99427.0
2020,inseason,Chai Nat,"สุพรรณบุรี60,90",6740.0,220.0,both,-6520.0,6520.0
2020,inseason,Chai Nat,หอมสุพรรณบุรี,0.0,0.0,both,0.0,0.0
2020,inseason,Chaiyaphum,กข15,75317.0,2483.0,both,-72834.0,72834.0
2020,inseason,Chaiyaphum,กข6,21324541.0,703300.0,both,-20621241.0,20621241.0
2020,inseason,Chaiyaphum,ขาวดอกมะลิ105,27727461.0,914472.0,both,-26812989.0,26812989.0
2020,inseason,Chaiyaphum,คลองหลวง1,0.0,0.0,both,0.0,0.0
2020,inseason,Chaiyaphum,ชัยนาท1,0.0,0.0,both,0.0,0.0
2020,inseason,Chaiyaphum,ปทุมธานี1,37022.0,1221.0,both,-35801.0,35801.0
2020,inseason,Chaiyaphum,พันธุ์พื้นเมือง,1150884.0,37957.0,both,-1112927.0,1112927.0
2020,inseason,Chaiyaphum,ราชการไม่ไวต่อช่วงแสง,2072119.0,68339.0,both,-2003780.0,2003780.0
2020,inseason,Chaiyaphum,ราชการไวต่อช่วงแสง,2577080.0,84994.0,both,-2492086.0,2492086.0
2020,inseason,Chaiyaphum,สุพรรณบุรี1,54335.0,1792.0,both,-52543.0,52543.0
2020,inseason,Chaiyaphum,"สุพรรณบุรี60,90",0.0,0.0,both,0.0,0.0
2020,inseason,Chaiyaphum,หอมสุพรรณบุรี,0.0,0.0,both,0.0,0.0
2020,inseason,Chanthaburi,กข15,0.0,0.0,both,0.0,0.0
2020,inseason,Chanthaburi,กข6,0.0,0.0,both,0.0,0.0
2020,inseason,Chanthaburi,ขาวดอกมะลิ105,326918.0,10711.0,both,-316207.0,316207.0
2020,inseason,Chanthaburi,คลองหลวง1,0.0,0.0,both,0.0,0.0
2020,inseason,Chanthaburi,ชัยนาท1,3266.0,107.0,both,-3159.0,3159.0
2020,inseason,Chanthaburi,ปทุมธานี1,10226.0,335.0,both,-9891.0,9891.0
2020,inseason,Chanthaburi,พันธุ์พื้นเมือง,28357.0,930.0,both,-27427.0,27427.0
2020,inseason,Chanthaburi,ราชการไม่ไวต่อช่วงแสง,32020.0,1049.0,both,-30971.0,30971.0
2020,inseason,Chanthaburi,ราชการไวต่อช่วงแสง,0.0,0.0,both,0.0,0.0
2020,inseason,Chanthaburi,สุพรรณบุรี1,0.0,0.0,both,0.0,0.0
2020,inseason,Chanthaburi,"สุพรรณบุรี60,90",0.0,0.0,both,0.0,0.0
2020,inseason,Chanthaburi,หอมสุพรรณบุรี,0.0,0.0,both,0.0,0.0
2020,inseason,Chiang Mai,กข15,5709.0,185.0,both,-5524.0,5524.0
2020,inseason,Chiang Mai,กข6,913678.0,29604.0,both,-884074.0,884074.0
2020,inseason,Chiang Mai,ขาวดอกมะลิ105,867537.0,28108.0,both,-839429.0,839429.0
2020,inseason,Chiang Mai,คลองหลวง1,0.0,0.0,both,0.0,0.0
2020,inseason,Chiang Mai,ชัยนาท1,0.0,0.0,both,0.0,0.0
2020,inseason,Chiang Mai,ปทุมธานี1,46850.0,1518.0,both,-45332.0,45332.0
2020,inseason,Chiang Mai,พันธุ์พื้นเมือง,5000477.0,162020.0,both,-4838457.0,4838457.0
2020,inseason,Chiang Mai,ราชการไม่ไวต่อช่วงแสง,7980208.0,258567.0,both,-7721641.0,7721641.0
2020,inseason,Chiang Mai,ราชการไวต่อช่วงแสง,2546194.0,82497.0,both,-2463697.0,2463697.0
2020,inseason,Chiang Mai,สุพรรณบุรี1,10586.0,343.0,both,-10243.0,10243.0
2020,inseason,Chiang Mai,"สุพรรณบุรี60,90",0.0,0.0,both,0.0,0.0
2020,inseason,Chiang Mai,หอมสุพรรณบุรี,0.0,0.0,both,0.0,0.0
2020,inseason,Chiang Rai,กข15,4533289.0,147540.0,both,-4385749.0,4385749.0
2020,inseason,Chiang Rai,กข6,17956820.0,584422.0,both,-17372398.0,17372398.0
2020,inseason,Chiang Rai,ขาวดอกมะลิ105,4682924.0,152410.0,both,-4530514.0,4530514.0
2020,inseason,Chiang Rai,คลองหลวง1,0.0,0.0,both,0.0,0.0
2020,inseason,Chiang Rai,ชัยนาท1,3195.0,104.0,both,-3091.0,3091.0
2020,inseason,Chiang Rai,ปทุมธานี1,1549995.0,50446.0,both,-1499549.0,1499549.0
2020,inseason,Chiang Rai,พันธุ์พื้นเมือง,1793774.0,58381.0,both,-1735393.0,1735393.0
2020,inseason,Chiang Rai,ราชการไม่ไวต่อช่วงแสง,6482812.0,210990.0,both,-6271822.0,6271822.0
2020,inseason,Chiang Rai,ราชการไวต่อช่วงแสง,3664516.0,119264.0,both,-3545252.0,3545252.0
2020,inseason,Chiang Rai,สุพรรณบุรี1,57181.0,1861.0,both,-55320.0,55320.0
2020,inseason,Chiang Rai,"สุพรรณบุรี60,90",304739.0,9919.0,both,-294820.0,294820.0
2020,inseason,Chiang Rai,หอมสุพรรณบุรี,0.0,0.0,both,0.0,0.0
2020,inseason,Chon Buri,กข15,0.0,0.0,both,0.0,0.0
2020,inseason,Chon Buri,กข6,0.0,0.0,both,0.0,0.0
2020,inseason,Chon Buri,ขาวดอกมะลิ105,538048.0,17652.0,both,-520396.0,520396.0
2020,inseason,Chon Buri,คลองหลวง1,0.0,0.0,both,0.0,0.0
2020,inseason,Chon Buri,ชัยนาท1,8412.0,276.0,both,-8136.0,8136.0
2020,inseason,Chon Buri,ปทุมธานี1,385561.0,12649.0,both,-372912.0,372912.0
2020,inseason,Chon Buri,พันธุ์พื้นเมือง,10363.0,340.0,both,-10023.0,10023.0
2020,inseason,Chon Buri,ราชการไม่ไวต่อช่วงแสง,1043970.0,34253.0,both,-1009717.0,1009717.0
2020,inseason,Chon Buri,ราชการไวต่อช่วงแสง,36057.0,1183.0,both,-34874.0,34874.0
2020,inseason,Chon Buri,สุพรรณบุรี1,3749.0,123.0,both,-3626.0,3626.0
2020,inseason,Chon Buri,"สุพรรณบุรี60,90",29565.0,970.0,both,-28595.0,28595.0
2020,inseason,Chon Buri,หอมสุพรรณบุรี,0.0,0.0,both,0.0,0.0
2020,inseason,Chumphon,กข15,0.0,0.0,both,0.0,0.0
2020,inseason,Chumphon,กข6,0.0,0.0,both,0.0,0.0
2020,inseason,Chumphon,ขาวดอกมะลิ105,0.0,0.0,both,0.0,0.0
2020,inseason,Chumphon,คลองหลวง1,0.0,0.0,both,0.0,0.0
2020,inseason,Chumphon,ชัยนาท1,0.0,0.0,both,0.0,0.0
2020,inseason,Chumphon,ปทุมธานี1,66533.0,2172.0,both,-64361.0,64361.0
2020,inseason,Chumphon,พันธุ์พื้นเมือง,15714.0,513.0,both,-15201.0,15201.0
2020,inseason,Chumphon,ราชการไม่ไวต่อช่วงแสง,7995.0,261.0,both,-7734.0,7734.0
2020,inseason,Chumphon,ราชการไวต่อช่วงแสง,7015.0,229.0,both,-6786.0,6786.0
2020,inseason,Chumphon,สุพรรณบุรี1,0.0,0.0,both,0.0,0.0
2020,inseason,Chumphon,"สุพรรณบุรี60,90",0.0,0.0,both,0.0,0.0
2020,inseason,Chumphon,หอมสุพรรณบุรี,0.0,0.0,both,0.0,0.0
2020,inseason,Kalasin,กข15,190439.0,6242.0,both,-184197.0,184197.0
2020,inseason,Kalasin,กข6,31455734.0,1031022.0,both,-30424712.0,30424712.0
2020,inseason,Kalasin,ขาวดอกมะลิ105,12837461.0,420772.0,both,-12416689.0,12416689.0
2020,inseason,Kalasin,คลองหลวง1,0.0,0.0,both,0.0,0.0
2020,inseason,Kalasin,ชัยนาท1,0.0,0.0,both,0.0,0.0
2020,inseason,Kalasin,ปทุมธานี1,0.0,0.0,both,0.0,0.0
2020,inseason,Kalasin,พันธุ์พื้นเมือง,143516.0,4704.0,both,-138812.0,138812.0
2020,inseason,Kalasin,ราชการไม่ไวต่อช่วงแสง,513105.0,16818.0,both,-496287.0,496287.0
2020,inseason,Kalasin,ราชการไวต่อช่วงแสง,834033.0,27336.0,both,-806697.0,806697.0
2020,inseason,Kalasin,สุพรรณบุรี1,0.0,0.0,both,0.0,0.0
2020,inseason,Kalasin,"สุพรรณบุรี60,90",0.0,0.0,both,0.0,0.0
2020,inseason,Kalasin,หอมสุพรรณบุรี,0.0,0.0,both,0.0,0.0
2020,inseason,Kamphaeng Phet,กข15,9386.0,306.0,both,-9080.0,9080.0
2020,inseason,Kamphaeng Phet,กข6,126396.0,4123.0,both,-122273.0,122273.0
2020,inseason,Kamphaeng Phet,ขาวดอกมะลิ105,3121373.0,101770.0,both,-3019603.0,3019603.0
2020,inseason,Kamphaeng Phet,คลองหลวง1,0.0,0.0,both,0.0,0.0
2020,inseason,Kamphaeng Phet,ชัยนาท1,55883.0,1822.0,both,-54061.0,54061.0
2020,inseason,Kamphaeng Phet,ปทุมธานี1,651271.0,21235.0,both,-630036.0,630036.0
2020,inseason,Kamphaeng Phet,พันธุ์พื้นเมือง,85174.0,2777.0,both,-82397.0,82397.0
2020,inseason,Kamphaeng Phet,ราชการไม่ไวต่อช่วงแสง,32002445.0,1043406.0,both,-30959039.0,30959039.0
2020,inseason,Kamphaeng Phet,ราชการไวต่อช่วงแสง,211478.0,6894.0,both,-204584.0,204584.0
2020,inseason,Kamphaeng Phet,สุพรรณบุรี1,229083.0,7470.0,both,-221613.0,221613.0
2020,inseason,Kamphaeng Phet,"สุพรรณบุรี60,90",107932.0,3520.0,both,-104412.0,104412.0
2020,inseason,Kamphaeng Phet,หอมสุพรรณบุรี,10643.0,346.0,both,-10297.0,10297.0
2020,inseason,Kanchanaburi,กข15,0.0,0.0,both,0.0,0.0
2020,inseason,Kanchanaburi,กข6,0.0,0.0,both,0.0,0.0
2020,inseason,Kanchanaburi,ขาวดอกมะลิ105,3757578.0,121287.0,both,-3636291.0,3636291.0
2020,inseason,Kanchanaburi,คลองหลวง1,0.0,0.0,both,0.0,0.0
2020,inseason,Kanchanaburi,ชัยนาท1,57501.0,1856.0,both,-55645.0,55645.0
2020,inseason,Kanchanaburi,ปทุมธานี1,3301845.0,106576.0,both,-3195269.0,3195269.0
2020,inseason,Kanchanaburi,พันธุ์พื้นเมือง,273377.0,8821.0,both,-264556.0,264556.0
2020,inseason,Kanchanaburi,ราชการไม่ไวต่อช่วงแสง,1711057.0,55229.0,both,-1655828.0,1655828.0
2020,inseason,Kanchanaburi,ราชการไวต่อช่วงแสง,87491.0,2824.0,both,-84667.0,84667.0
2020,inseason,Kanchanaburi,สุพรรณบุรี1,2180886.0,70393.0,both,-2110493.0,2110493.0
2020,inseason,Kanchanaburi,"สุพรรณบุรี60,90",5670.0,183.0,both,-5487.0,5487.0
2020,inseason,Kanchanaburi,หอมสุพรรณบุรี,18960.0,612.0,both,-18348.0,18348.0
2020,inseason,Khon Kaen,กข15,131634.0,4323.0,both,-127311.0,127311.0
2020,inseason,Khon Kaen,กข6,51526164.0,1692963.0,both,-49833201.0,49833201.0
2020,inseason,Khon Kaen,ขาวดอกมะลิ105,19649002.0,645595.0,both,-19003407.0,19003407.0
2020,inseason,Khon Kaen,คลองหลวง1,0.0,0.0,both,0.0,0.0
2020,inseason,Khon Kaen,ชัยนาท1,0.0,0.0,both,0.0,0.0
2020,inseason,Khon Kaen,ปทุมธานี1,0.0,0.0,both,0.0,0.0
2020,inseason,Khon Kaen,พันธุ์พื้นเมือง,243119.0,7988.0,both,-235131.0,235131.0
2020,inseason,Khon Kaen,ราชการไม่ไวต่อช่วงแสง,413801.0,13596.0,both,-400205.0,400205.0
2020,inseason,Khon Kaen,ราชการไวต่อช่วงแสง,646663.0,21247.0,both,-625416.0,625416.0
2020,inseason,Khon Kaen,สุพรรณบุรี1,0.0,0.0,both,0.0,0.0
2020,inseason,Khon Kaen,"สุพรรณบุรี60,90",0.0,0.0,both,0.0,0.0
2020,inseason,Khon Kaen,หอมสุพรรณบุรี,0.0,0.0,both,0.0,0.0
2020,inseason,Krabi,กข15,0.0,0.0,both,0.0,0.0
2020,inseason,Krabi,กข6,0.0,0.0,both,0.0,0.0
2020,inseason,Krabi,ขาวดอกมะลิ105,65208.0,2138.0,both,-63070.0,63070.0
2020,inseason,Krabi,คลองหลวง1,0.0,0.0,both,0.0,0.0
2020,inseason,Krabi,ชัยนาท1,0.0,0.0,both,0.0,0.0
2020,inseason,Krabi,ปทุมธานี1,0.0,0.0,both,0.0,0.0
2020,inseason,Krabi,พันธุ์พื้นเมือง,108395.0,3554.0,both,-104841.0,104841.0
2020,inseason,Krabi,ราชการไม่ไวต่อช่วงแสง,1494.0,49.0,both,-1445.0,1445.0
2020,inseason,Krabi,ราชการไวต่อช่วงแสง,86954.0,2851.0,both,-84103.0,84103.0
2020,inseason,Krabi,สุพรรณบุรี1,0.0,0.0,both,0.0,0.0
2020,inseason,Krabi,"สุพรรณบุรี60,90",0.0,0.0,both,0.0,0.0
2020,inseason,Krabi,หอมสุพรรณบุรี,0.0,0.0,both,0.0,0.0
2020,inseason,Lampang,กข15,16423.0,532.0,both,-15891.0,15891.0
2020,inseason,Lampang,กข6,5956782.0,192967.0,both,-5763815.0,5763815.0
2020,inseason,Lampang,ขาวดอกมะลิ105,1622127.0,52548.0,both,-1569579.0,1569579.0
2020,inseason,Lampang,คลองหลวง1,0.0,0.0,both,0.0,0.0
2020,inseason,Lampang,ชัยนาท1,0.0,0.0,both,0.0,0.0
2020,inseason,Lampang,ปทุมธานี1,37939.0,1228.0,both,-36711.0,36711.0
2020,inseason,Lampang,พันธุ์พื้นเมือง,133696.0,4332.0,both,-129364.0,129364.0
2020,inseason,Lampang,ราชการไม่ไวต่อช่วงแสง,4796555.0,155383.0,both,-4641172.0,4641172.0
2020,inseason,Lampang,ราชการไวต่อช่วงแสง,1453518.0,47086.0,both,-1406432.0,1406432.0
2020,inseason,Lampang,สุพรรณบุรี1,0.0,0.0,both,0.0,0.0
2020,inseason,Lampang,"สุพรรณบุรี60,90",0.0,0.0,both,0.0,0.0
2020,inseason,Lampang,หอมสุพรรณบุรี,0.0,0.0,both,0.0,0.0
2020,inseason,Lamphun,กข15,4516.0,148.0,both,-4368.0,4368.0
2020,inseason,Lamphun,กข6,706702.0,23161.0,both,-683541.0,683541.0
2020,inseason,Lamphun,ขาวดอกมะลิ105,131509.0,4310.0,both,-127199.0,127199.0
2020,inseason,Lamphun,คลองหลวง1,0.0,0.0,both,0.0,0.0
2020,inseason,Lamphun,ชัยนาท1,0.0,0.0,both,0.0,0.0
2020,inseason,Lamphun,ปทุมธานี1,4760.0,156.0,both,-4604.0,4604.0
2020,inseason,Lamphun,พันธุ์พื้นเมือง,58157.0,1904.0,both,-56253.0,56253.0
2020,inseason,Lamphun,ราชการไม่ไวต่อช่วงแสง,1419171.0,46510.0,both,-1372661.0,1372661.0
2020,inseason,Lamphun,ราชการไวต่อช่วงแสง,823138.0,26978.0,both,-796160.0,796160.0
2020,inseason,Lamphun,สุพรรณบุรี1,0.0,0.0,both,0.0,0.0
2020,inseason,Lamphun,"สุพรรณบุรี60,90",0.0,0.0,both,0.0,0.0
2020,inseason,Lamphun,หอมสุพรรณบุรี,0.0,0.0,both,0.0,0.0
2020,inseason,Loei,กข15,0.0,0.0,both,0.0,0.0
2020,inseason,Loei,กข6,8058437.0,262643.0,both,-7795794.0,7795794.0
2020,inseason,Loei,ขาวดอกมะลิ105,320258.0,10438.0,both,-309820.0,309820.0
2020,inseason,Loei,คลองหลวง1,0.0,0.0,both,0.0,0.0
2020,inseason,Loei,ชัยนาท1,0.0,0.0,both,0.0,0.0
2020,inseason,Loei,ปทุมธานี1,0.0,0.0,both,0.0,0.0
2020,inseason,Loei,พันธุ์พื้นเมือง,1497863.0,48819.0,both,-1449044.0,1449044.0
2020,inseason,Loei,ราชการไม่ไวต่อช่วงแสง,1592701.0,51910.0,both,-1540791.0,1540791.0
2020,inseason,Loei,ราชการไวต่อช่วงแสง,2200542.0,71720.0,both,-2128822.0,2128822.0
2020,inseason,Loei,สุพรรณบุรี1,0.0,0.0,both,0.0,0.0
2020,inseason,Loei,"สุพรรณบุรี60,90",0.0,0.0,both,0.0,0.0
2020,inseason,Loei,หอมสุพรรณบุรี,0.0,0.0,both,0.0,0.0
2020,inseason,Lop Buri,กข15,0.0,0.0,both,0.0,0.0
2020,inseason,Lop Buri,กข6,0.0,0.0,both,0.0,0.0
2020,inseason,Lop Buri,ขาวดอกมะลิ105,7611815.0,248794.0,both,-7363021.0,7363021.0
2020,inseason,Lop Buri,คลองหลวง1,0.0,0.0,both,0.0,0.0
2020,inseason,Lop Buri,ชัยนาท1,1220760.0,39901.0,both,-1180859.0,1180859.0
2020,inseason,Lop Buri,ปทุมธานี1,6506183.0,212657.0,both,-6293526.0,6293526.0
2020,inseason,Lop Buri,พันธุ์พื้นเมือง,450171.0,14715.0,both,-435456.0,435456.0
2020,inseason,Lop Buri,ราชการไม่ไวต่อช่วงแสง,7919996.0,258869.0,both,-7661127.0,7661127.0
2020,inseason,Lop Buri,ราชการไวต่อช่วงแสง,65320.0,2135.0,both,-63185.0,63185.0
2020,inseason,Lop Buri,สุพรรณบุรี1,127182.0,4156.0,both,-123026.0,123026.0
2020,inseason,Lop Buri,"สุพรรณบุรี60,90",0.0,0.0,both,0.0,0.0
2020,inseason,Lop Buri,หอมสุพรรณบุรี,0.0,0.0,both,0.0,0.0
2020,inseason,Mae Hong Son,กข15,0.0,0.0,both,0.0,0.0
2020,inseason,Mae Hong Son,กข6,87875.0,2849.0,both,-85026.0,85026.0
2020,inseason,Mae Hong Son,ขาวดอกมะลิ105,1249006.0,40495.0,both,-1208511.0,1208511.0
2020,inseason,Mae Hong Son,คลองหลวง1,0.0,0.0,both,0.0,0.0
2020,inseason,Mae Hong Son,ชัยนาท1,0.0,0.0,both,0.0,0.0
2020,inseason,Mae Hong Son,ปทุมธานี1,0.0,0.0,both,0.0,0.0
2020,inseason,Mae Hong Son,พันธุ์พื้นเมือง,2732182.0,88582.0,both,-2643600.0,2643600.0
2020,inseason,Mae Hong Son,ราชการไม่ไวต่อช่วงแสง,2830390.0,91763.0,both,-2738627.0,2738627.0
2020,inseason,Mae Hong Son,ราชการไวต่อช่วงแสง,202677.0,6571.0,both,-196106.0,196106.0
2020,inseason,Mae Hong Son,สุพรรณบุรี1,0.0,0.0,both,0.0,0.0
2020,inseason,Mae Hong Son,"สุพรรณบุรี60,90",0.0,0.0,both,0.0,0.0
2020,inseason,Mae Hong Son,หอมสุพรรณบุรี,0.0,0.0,both,0.0,0.0
2020,inseason,Maha Sarakham,กข15,1248404.0,41072.0,both,-1207332.0,1207332.0
2020,inseason,Maha Sarakham,กข6,30015860.0,987488.0,both,-29028372.0,29028372.0
2020,inseason,Maha Sarakham,ขาวดอกมะลิ105,32291596.0,1062355.0,both,-31229241.0,31229241.0
2020,inseason,Maha Sarakham,คลองหลวง1,0.0,0.0,both,0.0,0.0
2020,inseason,Maha Sarakham,ชัยนาท1,41582.0,1368.0,both,-40214.0,40214.0
2020,inseason,Maha Sarakham,ปทุมธานี1,0.0,0.0,both,0.0,0.0
2020,inseason,Maha Sarakham,พันธุ์พื้นเมือง,48664.0,1601.0,both,-47063.0,47063.0
2020,inseason,Maha Sarakham,ราชการไม่ไวต่อช่วงแสง,526737.0,17330.0,both,-509407.0,509407.0
2020,inseason,Maha Sarakham,ราชการไวต่อช่วงแสง,120399.0,3962.0,both,-116437.0,116437.0
2020,inseason,Maha Sarakham,สุพรรณบุรี1,0.0,0.0,both,0.0,0.0
2020,inseason,Maha Sarakham,"สุพรรณบุรี60,90",0.0,0.0,both,0.0,0.0
2020,inseason,Maha Sarakham,หอมสุพรรณบุรี,0.0,0.0,both,0.0,0.0
2020,inseason,Mukdahan,กข15,39554.0,1288.0,both,-38266.0,38266.0
2020,inseason,Mukdahan,กข6,10221056.0,332833.0,both,-9888223.0,9888223.0
2020,inseason,Mukdahan,ขาวดอกมะลิ105,3489985.0,113646.0,both,-3376339.0,3376339.0
2020,inseason,Mukdahan,คลองหลวง1,0.0,0.0,both,0.0,0.0
2020,inseason,Mukdahan,ชัยนาท1,0.0,0.0,both,0.0,0.0
2020,inseason,Mukdahan,ปทุมธานี1,49442.0,1610.0,both,-47832.0,47832.0
2020,inseason,Mukdahan,พันธุ์พื้นเมือง,59975.0,1953.0,both,-58022.0,58022.0
2020,inseason,Mukdahan,ราชการไม่ไวต่อช่วงแสง,42440.0,1382.0,both,-41058.0,41058.0
2020,inseason,Mukdahan,ราชการไวต่อช่วงแสง,359636.0,11709.0,both,-347927.0,347927.0
2020,inseason,Mukdahan,สุพรรณบุรี1,0.0,0.0,both,0.0,0.0
2020,inseason,Mukdahan,"สุพรรณบุรี60,90",0.0,0.0,both,0.0,0.0
2020,inseason,Mukdahan,หอมสุพรรณบุรี,0.0,0.0,both,0.0,0.0
2020,inseason,Nakhon Nayok,กข15,0.0,0.0,both,0.0,0.0
2020,inseason,Nakhon Nayok,กข6,0.0,0.0,both,0.0,0.0
2020,inseason,Nakhon Nayok,ขาวดอกมะลิ105,976549.0,31981.0,both,-944568.0,944568.0
2020,inseason,Nakhon Nayok,คลองหลวง1,0.0,0.0,both,0.0,0.0
2020,inseason,Nakhon Nayok,ชัยนาท1,73106.0,2393.0,both,-70713.0,70713.0
2020,inseason,Nakhon Nayok,ปทุมธานี1,343452.0,11248.0,both,-332204.0,332204.0
2020,inseason,Nakhon Nayok,พันธุ์พื้นเมือง,875991.0,28685.0,both,-847306.0,847306.0
2020,inseason,Nakhon Nayok,ราชการไม่ไวต่อช่วงแสง,6538259.0,214107.0,both,-6324152.0,6324152.0
2020,inseason,Nakhon Nayok,ราชการไวต่อช่วงแสง,2033258.0,66584.0,both,-1966674.0,1966674.0
2020,inseason,Nakhon Nayok,สุพรรณบุรี1,215501.0,7058.0,both,-208443.0,208443.0
2020,inseason,Nakhon Nayok,"สุพรรณบุรี60,90",12520.0,410.0,both,-12110.0,12110.0
2020,inseason,Nakhon Nayok,หอมสุพรรณบุรี,0.0,0.0,both,0.0,0.0
2020,inseason,Nakhon Pathom,กข15,0.0,0.0,both,0.0,0.0
2020,inseason,Nakhon Pathom,กข6,0.0,0.0,both,0.0,0.0
2020,inseason,Nakhon Pathom,ขาวดอกมะลิ105,35650.0,1159.0,both,-34491.0,34491.0
2020,inseason,Nakhon Pathom,คลองหลวง1,0.0,0.0,both,0.0,0.0
2020,inseason,Nakhon Pathom,ชัยนาท1,16395.0,533.0,both,-15862.0,15862.0
2020,inseason,Nakhon Pathom,ปทุมธานี1,710358.0,23095.0,both,-687263.0,687263.0
2020,inseason,Nakhon Pathom,พันธุ์พื้นเมือง,7444.0,242.0,both,-7202.0,7202.0
2020,inseason,Nakhon Pathom,ราชการไม่ไวต่อช่วงแสง,7384231.0,240064.0,both,-7144167.0,7144167.0
2020,inseason,Nakhon Pathom,ราชการไวต่อช่วงแสง,53245.0,1731.0,both,-51514.0,51514.0
2020,inseason,Nakhon Pathom,สุพรรณบุรี1,137064.0,4455.0,both,-132609.0,132609.0
2020,inseason,Nakhon Pathom,"สุพรรณบุรี60,90",0.0,0.0,both,0.0,0.0
2020,inseason,Nakhon Pathom,หอมสุพรรณบุรี,0.0,0.0,both,0.0,0.0
2020,inseason,Nakhon Phanom,กข15,2011168.0,65702.0,both,-1945466.0,1945466.0
2020,inseason,Nakhon Phanom,กข6,22206536.0,725456.0,both,-21481080.0,21481080.0
2020,inseason,Nakhon Phanom,ขาวดอกมะลิ105,18638000.0,608876.0,both,-18029124.0,18029124.0
2020,inseason,Nakhon Phanom,คลองหลวง1,0.0,0.0,both,0.0,0.0
2020,inseason,Nakhon Phanom,ชัยนาท1,0.0,0.0,both,0.0,0.0
2020,inseason,Nakhon Phanom,ปทุมธานี1,26478.0,865.0,both,-25613.0,25613.0
2020,inseason,Nakhon Phanom,พันธุ์พื้นเมือง,682399.0,22293.0,both,-660106.0,660106.0
2020,inseason,Nakhon Phanom,ราชการไม่ไวต่อช่วงแสง,1045194.0,34143.0,both,-1011051.0,1011051.0
2020,inseason,Nakhon Phanom,ราชการไวต่อช่วงแสง,521480.0,17036.0,both,-504444.0,504444.0
2020,inseason,Nakhon Phanom,สุพรรณบุรี1,0.0,0.0,both,0.0,0.0
2020,inseason,Nakhon Phanom,"สุพรรณบุรี60,90",0.0,0.0,both,0.0,0.0
2020,inseason,Nakhon Phanom,หอมสุพรรณบุรี,0.0,0.0,both,0.0,0.0
2020,inseason,Nakhon Ratchasima,กข15,1243012.0,40775.0,both,-1202237.0,1202237.0
2020,inseason,Nakhon Ratchasima,กข6,5534917.0,181564.0,both,-5353353.0,5353353.0
2020,inseason,Nakhon Ratchasima,ขาวดอกมะลิ105,92637635.0,3038827.0,both,-89598808.0,89598808.0
2020,inseason,Nakhon Ratchasima,คลองหลวง1,0.0,0.0,both,0.0,0.0
2020,inseason,Nakhon Ratchasima,ชัยนาท1,1236305.0,40554.0,both,-1195751.0,1195751.0
2020,inseason,Nakhon Ratchasima,ปทุมธานี1,568722.0,18655.0,both,-550067.0,550067.0
2020,inseason,Nakhon Ratchasima,พันธุ์พื้นเมือง,2048020.0,67181.0,both,-1980839.0,1980839.0
2020,inseason,Nakhon Ratchasima,ราชการไม่ไวต่อช่วงแสง,4103174.0,134600.0,both,-3968574.0,3968574.0
2020,inseason,Nakhon Ratchasima,ราชการไวต่อช่วงแสง,2058964.0,67541.0,both,-1991423.0,1991423.0
2020,inseason,Nakhon Ratchasima,สุพรรณบุรี1,212021.0,6957.0,both,-205064.0,205064.0
2020,inseason,Nakhon Ratchasima,"สุพรรณบุรี60,90",116360.0,3817.0,both,-112543.0,112543.0
2020,inseason,Nakhon Ratchasima,หอมสุพรรณบุรี,12316.0,404.0,both,-11912.0,11912.0
2020,inseason,Nakhon Sawan,กข15,0.0,0.0,both,0.0,0.0
2020,inseason,Nakhon Sawan,กข6,132233.0,4314.0,both,-127919.0,127919.0
2020,inseason,Nakhon Sawan,ขาวดอกมะลิ105,19454345.0,634535.0,both,-18819810.0,18819810.0
2020,inseason,Nakhon Sawan,คลองหลวง1,0.0,0.0,both,0.0,0.0
2020,inseason,Nakhon Sawan,ชัยนาท1,1608873.0,52477.0,both,-1556396.0,1556396.0
2020,inseason,Nakhon Sawan,ปทุมธานี1,1753830.0,57204.0,both,-1696626.0,1696626.0
2020,inseason,Nakhon Sawan,พันธุ์พื้นเมือง,275412.0,8983.0,both,-266429.0,266429.0
2020,inseason,Nakhon Sawan,ราชการไม่ไวต่อช่วงแสง,48728376.0,1589355.0,both,-47139021.0,47139021.0
2020,inseason,Nakhon Sawan,ราชการไวต่อช่วงแสง,598775.0,19529.0,both,-579246.0,579246.0
2020,inseason,Nakhon Sawan,สุพรรณบุรี1,858611.0,28004.0,both,-830607.0,830607.0
2020,inseason,Nakhon Sawan,"สุพรรณบุรี60,90",299786.0,9778.0,both,-290008.0,290008.0
2020,inseason,Nakhon Sawan,หอมสุพรรณบุรี,206551.0,6737.0,both,-199814.0,199814.0
2020,inseason,Nakhon Si Thammarat,กข15,0.0,0.0,both,0.0,0.0
2020,inseason,Nakhon Si Thammarat,กข6,0.0,0.0,both,0.0,0.0
2020,inseason,Nakhon Si Thammarat,ขาวดอกมะลิ105,100464.0,2373.0,both,-98091.0,98091.0
2020,inseason,Nakhon Si Thammarat,คลองหลวง1,0.0,0.0,both,0.0,0.0
2020,inseason,Nakhon Si Thammarat,ชัยนาท1,334342.0,7895.0,both,-326447.0,326447.0
2020,inseason,Nakhon Si Thammarat,ปทุมธานี1,1354238.0,31973.0,both,-1322265.0,1322265.0
2020,inseason,Nakhon Si Thammarat,พันธุ์พื้นเมือง,813312.0,19203.0,both,-794109.0,794109.0
2020,inseason,Nakhon Si Thammarat,ราชการไม่ไวต่อช่วงแสง,3793837.0,89570.0,both,-3704267.0,3704267.0
2020,inseason,Nakhon Si Thammarat,ราชการไวต่อช่วงแสง,1598659.0,37743.0,both,-1560916.0,1560916.0
2020,inseason,Nakhon Si Thammarat,สุพรรณบุรี1,0.0,0.0,both,0.0,0.0
2020,inseason,Nakhon Si Thammarat,"สุพรรณบุรี60,90",0.0,0.0,both,0.0,0.0
2020,inseason,Nakhon Si Thammarat,หอมสุพรรณบุรี,0.0,0.0,both,0.0,0.0
2020,inseason,Nan,กข15,0.0,0.0,both,0.0,0.0
2020,inseason,Nan,กข6,1993044.0,65027.0,both,-1928017.0,1928017.0
2020,inseason,Nan,ขาวดอกมะลิ105,246820.0,8053.0,both,-238767.0,238767.0
2020,inseason,Nan,คลองหลวง1,0.0,0.0,both,0.0,0.0
2020,inseason,Nan,ชัยนาท1,0.0,0.0,both,0.0,0.0
2020,inseason,Nan,ปทุมธานี1,0.0,0.0,both,0.0,0.0
2020,inseason,Nan,พันธุ์พื้นเมือง,2639411.0,86117.0,both,-2553294.0,2553294.0
2020,inseason,Nan,ราชการไม่ไวต่อช่วงแสง,3936804.0,128446.0,both,-3808358.0,3808358.0
2020,inseason,Nan,ราชการไวต่อช่วงแสง,1265180.0,41281.0,both,-1223899.0,1223899.0
2020,inseason,Nan,สุพรรณบุรี1,0.0,0.0,both,0.0,0.0
2020,inseason,Nan,"สุพรรณบุรี60,90",21608.0,705.0,both,-20903.0,20903.0
2020,inseason,Nan,หอมสุพรรณบุรี,0.0,0.0,both,0.0,0.0
2020,inseason,Narathiwat,กข15,0.0,0.0,both,0.0,0.0
2020,inseason,Narathiwat,กข6,0.0,0.0,both,0.0,0.0
2020,inseason,Narathiwat,ขาวดอกมะลิ105,0.0,0.0,both,0.0,0.0
2020,inseason,Narathiwat,คลองหลวง1,0.0,0.0,both,0.0,0.0
2020,inseason,Narathiwat,ชัยนาท1,0.0,0.0,both,0.0,0.0
2020,inseason,Narathiwat,ปทุมธานี1,0.0,0.0,both,0.0,0.0
2020,inseason,Narathiwat,พันธุ์พื้นเมือง,649300.0,17949.0,both,-631351.0,631351.0
2020,inseason,Narathiwat,ราชการไม่ไวต่อช่วงแสง,323500.0,8943.0,both,-314557.0,314557.0
2020,inseason,Narathiwat,ราชการไวต่อช่วงแสง,97062.0,2683.0,both,-94379.0,94379.0
2020,inseason,Narathiwat,สุพรรณบุรี1,0.0,0.0,both,0.0,0.0
2020,inseason,Narathiwat,"สุพรรณบุรี60,90",0.0,0.0,both,0.0,0.0
2020,inseason,Narathiwat,หอมสุพรรณบุรี,0.0,0.0,both,0.0,0.0
2020,inseason,Nong Bua Lam Phu,กข15,201311.0,6565.0,both,-194746.0,194746.0
2020,inseason,Nong Bua Lam Phu,กข6,17011243.0,554757.0,both,-16456486.0,16456486.0
2020,inseason,Nong Bua Lam Phu,ขาวดอกมะลิ105,4403388.0,143600.0,both,-4259788.0,4259788.0
2020,inseason,Nong Bua Lam Phu,คลองหลวง1,0.0,0.0,both,0.0,0.0
2020,inseason,Nong Bua Lam Phu,ชัยนาท1,0.0,0.0,both,0.0,0.0
2020,inseason,Nong Bua Lam Phu,ปทุมธานี1,0.0,0.0,both,0.0,0.0
2020,inseason,Nong Bua Lam Phu,พันธุ์พื้นเมือง,173314.0,5651.0,both,-167663.0,167663.0
2020,inseason,Nong Bua Lam Phu,ราชการไม่ไวต่อช่วงแสง,167611.0,5466.0,both,-162145.0,162145.0
2020,inseason,Nong Bua Lam Phu,ราชการไวต่อช่วงแสง,157216.0,5127.0,both,-152089.0,152089.0
2020,inseason,Nong Bua Lam Phu,สุพรรณบุรี1,0.0,0.0,both,0.0,0.0
2020,inseason,Nong Bua Lam Phu,"สุพรรณบุรี60,90",0.0,0.0,both,0.0,0.0
2020,inseason,Nong Bua Lam Phu,หอมสุพรรณบุรี,0.0,0.0,both,0.0,0.0
2020,inseason,Nong Khai,กข15,579082.0,18810.0,both,-560272.0,560272.0
2020,inseason,Nong Khai,กข6,12785852.0,415337.0,both,-12370515.0,12370515.0
2020,inseason,Nong Khai,ขาวดอกมะลิ105,3587161.0,116527.0,both,-3470634.0,3470634.0
2020,inseason,Nong Khai,คลองหลวง1,0.0,0.0,both,0.0,0.0
2020,inseason,Nong Khai,ชัยนาท1,0.0,0.0,both,0.0,0.0
2020,inseason,Nong Khai,ปทุมธานี1,0.0,0.0,both,0.0,0.0
2020,inseason,Nong Khai,พันธุ์พื้นเมือง,145332.0,4721.0,both,-140611.0,140611.0
2020,inseason,Nong Khai,ราชการไม่ไวต่อช่วงแสง,443385.0,14404.0,both,-428981.0,428981.0
2020,inseason,Nong Khai,ราชการไวต่อช่วงแสง,856417.0,27821.0,both,-828596.0,828596.0
2020,inseason,Nong Khai,สุพรรณบุรี1,0.0,0.0,both,0.0,0.0
2020,inseason,Nong Khai,"สุพรรณบุรี60,90",0.0,0.0,both,0.0,0.0
2020,inseason,Nong Khai,หอมสุพรรณบุรี,0.0,0.0,both,0.0,0.0
2020,inseason,Nonthaburi,กข15,0.0,0.0,both,0.0,0.0
2020,inseason,Nonthaburi,กข6,0.0,0.0,both,0.0,0.0
2020,inseason,Nonthaburi,ขาวดอกมะลิ105,0.0,0.0,both,0.0,0.0
2020,inseason,Nonthaburi,คลองหลวง1,0.0,0.0,both,0.0,0.0
2020,inseason,Nonthaburi,ชัยนาท1,0.0,0.0,both,0.0,0.0
2020,inseason,Nonthaburi,ปทุมธานี1,38063.0,1239.0,both,-36824.0,36824.0
2020,inseason,Nonthaburi,พันธุ์พื้นเมือง,0.0,0.0,both,0.0,0.0
2020,inseason,Nonthaburi,ราชการไม่ไวต่อช่วงแสง,2681893.0,87300.0,both,-2594593.0,2594593.0
2020,inseason,Nonthaburi,ราชการไวต่อช่วงแสง,0.0,0.0,both,0.0,0.0
2020,inseason,Nonthaburi,สุพรรณบุรี1,8141.0,266.0,both,-7875.0,7875.0
2020,inseason,Nonthaburi,"สุพรรณบุรี60,90",0.0,0.0,both,0.0,0.0
2020,inseason,Nonthaburi,หอมสุพรรณบุรี,0.0,0.0,both,0.0,0.0
2020,inseason,Pathum Thani,กข15,0.0,0.0,both,0.0,0.0
2020,inseason,Pathum Thani,กข6,0.0,0.0,both,0.0,0.0
2020,inseason,Pathum Thani,ขาวดอกมะลิ105,0.0,0.0,both,0.0,0.0
2020,inseason,Pathum Thani,คลองหลวง1,0.0,0.0,both,0.0,0.0
2020,inseason,Pathum Thani,ชัยนาท1,0.0,0.0,both,0.0,0.0
2020,inseason,Pathum Thani,ปทุมธานี1,1182332.0,38587.0,both,-1143745.0,1143745.0
2020,inseason,Pathum Thani,พันธุ์พื้นเมือง,0.0,0.0,both,0.0,0.0
2020,inseason,Pathum Thani,ราชการไม่ไวต่อช่วงแสง,8261495.0,269631.0,both,-7991864.0,7991864.0
2020,inseason,Pathum Thani,ราชการไวต่อช่วงแสง,18077.0,590.0,both,-17487.0,17487.0
2020,inseason,Pathum Thani,สุพรรณบุรี1,74424.0,2428.0,both,-71996.0,71996.0
2020,inseason,Pathum Thani,"สุพรรณบุรี60,90",0.0,0.0,both,0.0,0.0
2020,inseason,Pathum Thani,หอมสุพรรณบุรี,0.0,0.0,both,0.0,0.0
2020,inseason,Pattani,กข15,0.0,0.0,both,0.0,0.0
2020,inseason,Pattani,กข6,0.0,0.0,both,0.0,0.0
2020,inseason,Pattani,ขาวดอกมะลิ105,0.0,0.0,both,0.0,0.0
2020,inseason,Pattani,คลองหลวง1,0.0,0.0,both,0.0,0.0
2020,inseason,Pattani,ชัยนาท1,0.0,0.0,both,0.0,0.0
2020,inseason,Pattani,ปทุมธานี1,0.0,0.0,both,0.0,0.0
2020,inseason,Pattani,พันธุ์พื้นเมือง,1579084.0,51606.0,both,-1527478.0,1527478.0
2020,inseason,Pattani,ราชการไม่ไวต่อช่วงแสง,485145.0,15854.0,both,-469291.0,469291.0
2020,inseason,Pattani,ราชการไวต่อช่วงแสง,270494.0,8841.0,both,-261653.0,261653.0
2020,inseason,Pattani,สุพรรณบุรี1,0.0,0.0,both,0.0,0.0
2020,inseason,Pattani,"สุพรรณบุรี60,90",0.0,0.0,both,0.0,0.0
2020,inseason,Pattani,หอมสุพรรณบุรี,0.0,0.0,both,0.0,0.0
2020,inseason,Phang-nga,กข15,0.0,0.0,both,0.0,0.0
2020,inseason,Phang-nga,กข6,0.0,0.0,both,0.0,0.0
2020,inseason,Phang-nga,ขาวดอกมะลิ105,9331.0,306.0,both,-9025.0,9025.0
2020,inseason,Phang-nga,คลองหลวง1,0.0,0.0,both,0.0,0.0
2020,inseason,Phang-nga,ชัยนาท1,0.0,0.0,both,0.0,0.0
2020,inseason,Phang-nga,ปทุมธานี1,22321.0,732.0,both,-21589.0,21589.0
2020,inseason,Phang-nga,พันธุ์พื้นเมือง,29914.0,981.0,both,-28933.0,28933.0
2020,inseason,Phang-nga,ราชการไม่ไวต่อช่วงแสง,13753.0,451.0,both,-13302.0,13302.0
2020,inseason,Phang-nga,ราชการไวต่อช่วงแสง,8417.0,276.0,both,-8141.0,8141.0
2020,inseason,Phang-nga,สุพรรณบุรี1,0.0,0.0,both,0.0,0.0
2020,inseason,Phang-nga,"สุพรรณบุรี60,90",0.0,0.0,both,0.0,0.0
2020,inseason,Phang-nga,หอมสุพรรณบุรี,0.0,0.0,both,0.0,0.0
2020,inseason,Phatthalung,กข15,0.0,0.0,both,0.0,0.0
2020,inseason,Phatthalung,กข6,0.0,0.0,both,0.0,0.0
2020,inseason,Phatthalung,ขาวดอกมะลิ105,19779.0,552.0,both,-19227.0,19227.0
2020,inseason,Phatthalung,คลองหลวง1,0.0,0.0,both,0.0,0.0
2020,inseason,Phatthalung,ชัยนาท1,161630.0,4518.0,both,-157112.0,157112.0
2020,inseason,Phatthalung,ปทุมธานี1,423657.0,11845.0,both,-411812.0,411812.0
2020,inseason,Phatthalung,พันธุ์พื้นเมือง,1906445.0,53307.0,both,-1853138.0,1853138.0
2020,inseason,Phatthalung,ราชการไม่ไวต่อช่วงแสง,928453.0,25961.0,both,-902492.0,902492.0
2020,inseason,Phatthalung,ราชการไวต่อช่วงแสง,1067916.0,29862.0,both,-1038054.0,1038054.0
2020,inseason,Phatthalung,สุพรรณบุรี1,0.0,0.0,both,0.0,0.0
2020,inseason,Phatthalung,"สุพรรณบุรี60,90",0.0,0.0,both,0.0,0.0
2020,inseason,Phatthalung,หอมสุพรรณบุรี,0.0,0.0,both,0.0,0.0
2020,inseason,Phayao,กข15,3396440.0,110840.0,both,-3285600.0,3285600.0
2020,inseason,Phayao,กข6,5734634.0,187146.0,both,-5547488.0,5547488.0
2020,inseason,Phayao,ขาวดอกมะลิ105,8091458.0,264059.0,both,-7827399.0,7827399.0
2020,inseason,Phayao,คลองหลวง1,0.0,0.0,both,0.0,0.0
2020,inseason,Phayao,ชัยนาท1,0.0,0.0,both,0.0,0.0
2020,inseason,Phayao,ปทุมธานี1,42747.0,1395.0,both,-41352.0,41352.0
2020,inseason,Phayao,พันธุ์พื้นเมือง,279033.0,9104.0,both,-269929.0,269929.0
2020,inseason,Phayao,ราชการไม่ไวต่อช่วงแสง,1479278.0,48275.0,both,-1431003.0,1431003.0
2020,inseason,Phayao,ราชการไวต่อช่วงแสง,826373.0,26968.0,both,-799405.0,799405.0
2020,inseason,Phayao,สุพรรณบุรี1,0.0,0.0,both,0.0,0.0
2020,inseason,Phayao,"สุพรรณบุรี60,90",0.0,0.0,both,0.0,0.0
2020,inseason,Phayao,หอมสุพรรณบุรี,0.0,0.0,both,0.0,0.0
2020,inseason,Phetchabun,กข15,0.0,0.0,both,0.0,0.0
2020,inseason,Phetchabun,กข6,1803522.0,58970.0,both,-1744552.0,1744552.0
2020,inseason,Phetchabun,ขาวดอกมะลิ105,7856329.0,256875.0,both,-7599454.0,7599454.0
2020,inseason,Phetchabun,คลองหลวง1,0.0,0.0,both,0.0,0.0
2020,inseason,Phetchabun,ชัยนาท1,1224379.0,40033.0,both,-1184346.0,1184346.0
2020,inseason,Phetchabun,ปทุมธานี1,589787.0,19286.0,both,-570501.0,570501.0
2020,inseason,Phetchabun,พันธุ์พื้นเมือง,1084273.0,35452.0,both,-1048821.0,1048821.0
2020,inseason,Phetchabun,ราชการไม่ไวต่อช่วงแสง,22374489.0,731568.0,both,-21642921.0,21642921.0
2020,inseason,Phetchabun,ราชการไวต่อช่วงแสง,2734171.0,89398.0,both,-2644773.0,2644773.0
2020,inseason,Phetchabun,สุพรรณบุรี1,146621.0,4794.0,both,-141827.0,141827.0
2020,inseason,Phetchabun,"สุพรรณบุรี60,90",179499.0,5867.0,both,-173632.0,173632.0
2020,inseason,Phetchabun,หอมสุพรรณบุรี,0.0,0.0,both,0.0,0.0
2020,inseason,Phetchaburi,กข15,0.0,0.0,both,0.0,0.0
2020,inseason,Phetchaburi,กข6,0.0,0.0,both,0.0,0.0
2020,inseason,Phetchaburi,ขาวดอกมะลิ105,20269.0,659.0,both,-19610.0,19610.0
2020,inseason,Phetchaburi,คลองหลวง1,0.0,0.0,both,0.0,0.0
2020,inseason,Phetchaburi,ชัยนาท1,1386215.0,45070.0,both,-1341145.0,1341145.0
2020,inseason,Phetchaburi,ปทุมธานี1,551398.0,17928.0,both,-533470.0,533470.0
2020,inseason,Phetchaburi,พันธุ์พื้นเมือง,145631.0,4735.0,both,-140896.0,140896.0
2020,inseason,Phetchaburi,ราชการไม่ไวต่อช่วงแสง,4915219.0,159811.0,both,-4755408.0,4755408.0
2020,inseason,Phetchaburi,ราชการไวต่อช่วงแสง,248449.0,8078.0,both,-240371.0,240371.0
2020,inseason,Phetchaburi,สุพรรณบุรี1,1447082.0,47049.0,both,-1400033.0,1400033.0
2020,inseason,Phetchaburi,"สุพรรณบุรี60,90",24513.0,798.0,both,-23715.0,23715.0
2020,inseason,Phetchaburi,หอมสุพรรณบุรี,0.0,0.0,both,0.0,0.0
2020,inseason,Phichit,กข15,654296.0,21355.0,both,-632941.0,632941.0
2020,inseason,Phichit,กข6,0.0,0.0,both,0.0,0.0
2020,inseason,Phichit,ขาวดอกมะลิ105,16405106.0,535431.0,both,-15869675.0,15869675.0
2020,inseason,Phichit,คลองหลวง1,0.0,0.0,both,0.0,0.0
2020,inseason,Phichit,ชัยนาท1,127091.0,4148.0,both,-122943.0,122943.0
2020,inseason,Phichit,ปทุมธานี1,563053.0,18376.0,both,-544677.0,544677.0
2020,inseason,Phichit,พันธุ์พื้นเมือง,234817.0,7663.0,both,-227154.0,227154.0
2020,inseason,Phichit,ราชการไม่ไวต่อช่วงแสง,30609350.0,999033.0,both,-29610317.0,29610317.0
2020,inseason,Phichit,ราชการไวต่อช่วงแสง,3151927.0,102874.0,both,-3049053.0,3049053.0
2020,inseason,Phichit,สุพรรณบุรี1,765669.0,24988.0,both,-740681.0,740681.0
2020,inseason,Phichit,"สุพรรณบุรี60,90",508056.0,16583.0,both,-491473.0,491473.0
2020,inseason,Phichit,หอมสุพรรณบุรี,51749.0,1688.0,both,-50061.0,50061.0
2020,inseason,Phitsanulok,กข15,201585.0,6581.0,both,-195004.0,195004.0
2020,inseason,Phitsanulok,กข6,2386898.0,77886.0,both,-2309012.0,2309012.0
2020,inseason,Phitsanulok,ขาวดอกมะลิ105,8391836.0,273839.0,both,-8117997.0,8117997.0
2020,inseason,Phitsanulok,คลองหลวง1,0.0,0.0,both,0.0,0.0
2020,inseason,Phitsanulok,ชัยนาท1,356649.0,11638.0,both,-345011.0,345011.0
2020,inseason,Phitsanulok,ปทุมธานี1,1251736.0,40846.0,both,-1210890.0,1210890.0
2020,inseason,Phitsanulok,พันธุ์พื้นเมือง,803089.0,26206.0,both,-776883.0,776883.0
2020,inseason,Phitsanulok,ราชการไม่ไวต่อช่วงแสง,28701980.0,936588.0,both,-27765392.0,27765392.0
2020,inseason,Phitsanulok,ราชการไวต่อช่วงแสง,2446656.0,79838.0,both,-2366818.0,2366818.0
2020,inseason,Phitsanulok,สุพรรณบุรี1,420361.0,13717.0,both,-406644.0,406644.0
2020,inseason,Phitsanulok,"สุพรรณบุรี60,90",931922.0,30409.0,both,-901513.0,901513.0
2020,inseason,Phitsanulok,หอมสุพรรณบุรี,0.0,0.0,both,0.0,0.0
2020,inseason,Phra Nakhon Si Ayutthaya,กข15,0.0,0.0,both,0.0,0.0
2020,inseason,Phra Nakhon Si Ayutthaya,กข6,0.0,0.0,both,0.0,0.0
2020,inseason,Phra Nakhon Si Ayutthaya,ขาวดอกมะลิ105,168069.0,5466.0,both,-162603.0,162603.0
2020,inseason,Phra Nakhon Si Ayutthaya,คลองหลวง1,0.0,0.0,both,0.0,0.0
2020,inseason,Phra Nakhon Si Ayutthaya,ชัยนาท1,60839.0,1979.0,both,-58860.0,58860.0
2020,inseason,Phra Nakhon Si Ayutthaya,ปทุมธานี1,1003799.0,32653.0,both,-971146.0,971146.0
2020,inseason,Phra Nakhon Si Ayutthaya,พันธุ์พื้นเมือง,622041.0,20234.0,both,-601807.0,601807.0
2020,inseason,Phra Nakhon Si Ayutthaya,ราชการไม่ไวต่อช่วงแสง,21026511.0,683960.0,both,-20342551.0,20342551.0
2020,inseason,Phra Nakhon Si Ayutthaya,ราชการไวต่อช่วงแสง,157094.0,5110.0,both,-151984.0,151984.0
2020,inseason,Phra Nakhon Si Ayutthaya,สุพรรณบุรี1,747009.0,24299.0,both,-722710.0,722710.0
2020,inseason,Phra Nakhon Si Ayutthaya,"สุพรรณบุรี60,90",36184.0,1177.0,both,-35007.0,35007.0
2020,inseason,Phra Nakhon Si Ayutthaya,หอมสุพรรณบุรี,0.0,0.0,both,0.0,0.0
2020,inseason,Phrae,กข15,6702.0,219.0,both,-6483.0,6483.0
2020,inseason,Phrae,กข6,1370078.0,44770.0,both,-1325308.0,1325308.0
2020,inseason,Phrae,ขาวดอกมะลิ105,613966.0,20063.0,both,-593903.0,593903.0
2020,inseason,Phrae,คลองหลวง1,0.0,0.0,both,0.0,0.0
2020,inseason,Phrae,ชัยนาท1,0.0,0.0,both,0.0,0.0
2020,inseason,Phrae,ปทุมธานี1,0.0,0.0,both,0.0,0.0
2020,inseason,Phrae,พันธุ์พื้นเมือง,31734.0,1037.0,both,-30697.0,30697.0
2020,inseason,Phrae,ราชการไม่ไวต่อช่วงแสง,5542895.0,181128.0,both,-5361767.0,5361767.0
2020,inseason,Phrae,ราชการไวต่อช่วงแสง,1801718.0,58877.0,both,-1742841.0,1742841.0
2020,inseason,Phrae,สุพรรณบุรี1,0.0,0.0,both,0.0,0.0
2020,inseason,Phrae,"สุพรรณบุรี60,90",0.0,0.0,both,0.0,0.0
2020,inseason,Phrae,หอมสุพรรณบุรี,0.0,0.0,both,0.0,0.0
2020,inseason,Phuket,กข15,0.0,0.0,both,0.0,0.0
2020,inseason,Phuket,กข6,0.0,0.0,both,0.0,0.0
2020,inseason,Phuket,ขาวดอกมะลิ105,0.0,0.0,both,0.0,0.0
2020,inseason,Phuket,คลองหลวง1,0.0,0.0,both,0.0,0.0
2020,inseason,Phuket,ชัยนาท1,0.0,0.0,both,0.0,0.0
2020,inseason,Phuket,ปทุมธานี1,0.0,0.0,both,0.0,0.0
2020,inseason,Phuket,พันธุ์พื้นเมือง,0.0,0.0,both,0.0,0.0
2020,inseason,Phuket,ราชการไม่ไวต่อช่วงแสง,2139.0,0.0,both,-2139.0,2139.0
2020,inseason,Phuket,ราชการไวต่อช่วงแสง,0.0,0.0,both,0.0,0.0
2020,inseason,Phuket,สุพรรณบุรี1,0.0,0.0,both,0.0,0.0
2020,inseason,Phuket,"สุพรรณบุรี60,90",0.0,0.0,both,0.0,0.0
2020,inseason,Phuket,หอมสุพรรณบุรี,0.0,0.0,both,0.0,0.0
2020,inseason,Prachin Buri,กข15,0.0,0.0,both,0.0,0.0
2020,inseason,Prachin Buri,กข6,14267.0,464.0,both,-13803.0,13803.0
2020,inseason,Prachin Buri,ขาวดอกมะลิ105,2518348.0,81901.0,both,-2436447.0,2436447.0
2020,inseason,Prachin Buri,คลองหลวง1,0.0,0.0,both,0.0,0.0
2020,inseason,Prachin Buri,ชัยนาท1,59468.0,1934.0,both,-57534.0,57534.0
2020,inseason,Prachin Buri,ปทุมธานี1,192087.0,6247.0,both,-185840.0,185840.0
2020,inseason,Prachin Buri,พันธุ์พื้นเมือง,946076.0,30769.0,both,-915307.0,915307.0
2020,inseason,Prachin Buri,ราชการไม่ไวต่อช่วงแสง,4684439.0,152346.0,both,-4532093.0,4532093.0
2020,inseason,Prachin Buri,ราชการไวต่อช่วงแสง,4291656.0,139573.0,both,-4152083.0,4152083.0
2020,inseason,Prachin Buri,สุพรรณบุรี1,0.0,0.0,both,0.0,0.0
2020,inseason,Prachin Buri,"สุพรรณบุรี60,90",116537.0,3791.0,both,-112746.0,112746.0
2020,inseason,Prachin Buri,หอมสุพรรณบุรี,0.0,0.0,both,0.0,0.0
2020,inseason,Prachuap Khiri Khan,กข15,0.0,0.0,both,0.0,0.0
2020,inseason,Prachuap Khiri Khan,กข6,0.0,0.0,both,0.0,0.0
2020,inseason,Prachuap Khiri Khan,ขาวดอกมะลิ105,50326.0,1632.0,both,-48694.0,48694.0
2020,inseason,Prachuap Khiri Khan,คลองหลวง1,0.0,0.0,both,0.0,0.0
2020,inseason,Prachuap Khiri Khan,ชัยนาท1,239263.0,7758.0,both,-231505.0,231505.0
2020,inseason,Prachuap Khiri Khan,ปทุมธานี1,284655.0,9231.0,both,-275424.0,275424.0
2020,inseason,Prachuap Khiri Khan,พันธุ์พื้นเมือง,8357.0,271.0,both,-8086.0,8086.0
2020,inseason,Prachuap Khiri Khan,ราชการไม่ไวต่อช่วงแสง,59793.0,1939.0,both,-57854.0,57854.0
2020,inseason,Prachuap Khiri Khan,ราชการไวต่อช่วงแสง,1912.0,62.0,both,-1850.0,1850.0
2020,inseason,Prachuap Khiri Khan,สุพรรณบุรี1,8912.0,289.0,both,-8623.0,8623.0
2020,inseason,Prachuap Khiri Khan,"สุพรรณบุรี60,90",0.0,0.0,both,0.0,0.0
2020,inseason,Prachuap Khiri Khan,หอมสุพรรณบุรี,0.0,0.0,both,0.0,0.0
2020,inseason,Ranong,กข15,0.0,0.0,both,0.0,0.0
2020,inseason,Ranong,กข6,0.0,0.0,both,0.0,0.0
2020,inseason,Ranong,ขาวดอกมะลิ105,0.0,0.0,both,0.0,0.0
2020,inseason,Ranong,คลองหลวง1,0.0,0.0,both,0.0,0.0
2020,inseason,Ranong,ชัยนาท1,0.0,0.0,both,0.0,0.0
2020,inseason,Ranong,ปทุมธานี1,7507.0,244.0,both,-7263.0,7263.0
2020,inseason,Ranong,พันธุ์พื้นเมือง,9384.0,305.0,both,-9079.0,9079.0
2020,inseason,Ranong,ราชการไม่ไวต่อช่วงแสง,0.0,0.0,both,0.0,0.0
2020,inseason,Ranong,ราชการไวต่อช่วงแสง,3907.0,127.0,both,-3780.0,3780.0
2020,inseason,Ranong,สุพรรณบุรี1,0.0,0.0,both,0.0,0.0
2020,inseason,Ranong,"สุพรรณบุรี60,90",0.0,0.0,both,0.0,0.0
2020,inseason,Ranong,หอมสุพรรณบุรี,0.0,0.0,both,0.0,0.0
2020,inseason,Ratchaburi,กข15,0.0,0.0,both,0.0,0.0
2020,inseason,Ratchaburi,กข6,0.0,0.0,both,0.0,0.0
2020,inseason,Ratchaburi,ขาวดอกมะลิ105,187473.0,6061.0,both,-181412.0,181412.0
2020,inseason,Ratchaburi,คลองหลวง1,0.0,0.0,both,0.0,0.0
2020,inseason,Ratchaburi,ชัยนาท1,167584.0,5418.0,both,-162166.0,162166.0
2020,inseason,Ratchaburi,ปทุมธานี1,1720071.0,55610.0,both,-1664461.0,1664461.0
2020,inseason,Ratchaburi,พันธุ์พื้นเมือง,18311.0,592.0,both,-17719.0,17719.0
2020,inseason,Ratchaburi,ราชการไม่ไวต่อช่วงแสง,1196595.0,38686.0,both,-1157909.0,1157909.0
2020,inseason,Ratchaburi,ราชการไวต่อช่วงแสง,38571.0,1247.0,both,-37324.0,37324.0
2020,inseason,Ratchaburi,สุพรรณบุรี1,4071195.0,131622.0,both,-3939573.0,3939573.0
2020,inseason,Ratchaburi,"สุพรรณบุรี60,90",4361.0,141.0,both,-4220.0,4220.0
2020,inseason,Ratchaburi,หอมสุพรรณบุรี,0.0,0.0,both,0.0,0.0
2020,inseason,Rayong,กข15,0.0,0.0,both,0.0,0.0
2020,inseason,Rayong,กข6,0.0,0.0,both,0.0,0.0
2020,inseason,Rayong,ขาวดอกมะลิ105,70879.0,2307.0,both,-68572.0,68572.0
2020,inseason,Rayong,คลองหลวง1,0.0,0.0,both,0.0,0.0
2020,inseason,Rayong,ชัยนาท1,2120.0,69.0,both,-2051.0,2051.0
2020,inseason,Rayong,ปทุมธานี1,22612.0,736.0,both,-21876.0,21876.0
2020,inseason,Rayong,พันธุ์พื้นเมือง,15239.0,496.0,both,-14743.0,14743.0
2020,inseason,Rayong,ราชการไม่ไวต่อช่วงแสง,166797.0,5429.0,both,-161368.0,161368.0
2020,inseason,Rayong,ราชการไวต่อช่วงแสง,3349.0,109.0,both,-3240.0,3240.0
2020,inseason,Rayong,สุพรรณบุรี1,17481.0,569.0,both,-16912.0,16912.0
2020,inseason,Rayong,"สุพรรณบุรี60,90",9862.0,321.0,both,-9541.0,9541.0
2020,inseason,Rayong,หอมสุพรรณบุรี,0.0,0.0,both,0.0,0.0
2020,inseason,Roi Et,กข15,310765.0,10150.0,both,-300615.0,300615.0
2020,inseason,Roi Et,กข6,21603471.0,705737.0,both,-20897734.0,20897734.0
2020,inseason,Roi Et,ขาวดอกมะลิ105,71893206.0,2348591.0,both,-69544615.0,69544615.0
2020,inseason,Roi Et,คลองหลวง1,0.0,0.0,both,0.0,0.0
2020,inseason,Roi Et,ชัยนาท1,57641.0,1883.0,both,-55758.0,55758.0
2020,inseason,Roi Et,ปทุมธานี1,0.0,0.0,both,0.0,0.0
2020,inseason,Roi Et,พันธุ์พื้นเมือง,136771.0,4467.0,both,-132304.0,132304.0
2020,inseason,Roi Et,ราชการไม่ไวต่อช่วงแสง,616816.0,20149.0,both,-596667.0,596667.0
2020,inseason,Roi Et,ราชการไวต่อช่วงแสง,147179.0,4808.0,both,-142371.0,142371.0
2020,inseason,Roi Et,สุพรรณบุรี1,0.0,0.0,both,0.0,0.0
2020,inseason,Roi Et,"สุพรรณบุรี60,90",0.0,0.0,both,0.0,0.0
2020,inseason,Roi Et,หอมสุพรรณบุรี,0.0,0.0,both,0.0,0.0
2020,inseason,Sa kaeo,กข15,0.0,0.0,both,0.0,0.0
2020,inseason,Sa kaeo,กข6,400528.0,13090.0,both,-387438.0,387438.0
2020,inseason,Sa kaeo,ขาวดอกมะลิ105,20809609.0,680149.0,both,-20129460.0,20129460.0
2020,inseason,Sa kaeo,คลองหลวง1,0.0,0.0,both,0.0,0.0
2020,inseason,Sa kaeo,ชัยนาท1,0.0,0.0,both,0.0,0.0
2020,inseason,Sa kaeo,ปทุมธานี1,62018.0,2027.0,both,-59991.0,59991.0
2020,inseason,Sa kaeo,พันธุ์พื้นเมือง,282215.0,9224.0,both,-272991.0,272991.0
2020,inseason,Sa kaeo,ราชการไม่ไวต่อช่วงแสง,493172.0,16119.0,both,-477053.0,477053.0
2020,inseason,Sa kaeo,ราชการไวต่อช่วงแสง,850499.0,27799.0,both,-822700.0,822700.0
2020,inseason,Sa kaeo,สุพรรณบุรี1,0.0,0.0,both,0.0,0.0
2020,inseason,Sa kaeo,"สุพรรณบุรี60,90",0.0,0.0,both,0.0,0.0
2020,inseason,Sa kaeo,หอมสุพรรณบุรี,0.0,0.0,both,0.0,0.0
2020,inseason,Sakon Nakhon,กข15,3204441.0,104503.0,both,-3099938.0,3099938.0
2020,inseason,Sakon Nakhon,กข6,49152520.0,1602973.0,both,-47549547.0,47549547.0
2020,inseason,Sakon Nakhon,ขาวดอกมะลิ105,14336149.0,467535.0,both,-13868614.0,13868614.0
2020,inseason,Sakon Nakhon,คลองหลวง1,0.0,0.0,both,0.0,0.0
2020,inseason,Sakon Nakhon,ชัยนาท1,0.0,0.0,both,0.0,0.0
2020,inseason,Sakon Nakhon,ปทุมธานี1,0.0,0.0,both,0.0,0.0
2020,inseason,Sakon Nakhon,พันธุ์พื้นเมือง,326197.0,10638.0,both,-315559.0,315559.0
2020,inseason,Sakon Nakhon,ราชการไม่ไวต่อช่วงแสง,562089.0,18332.0,both,-543757.0,543757.0
2020,inseason,Sakon Nakhon,ราชการไวต่อช่วงแสง,946117.0,30855.0,both,-915262.0,915262.0
2020,inseason,Sakon Nakhon,สุพรรณบุรี1,0.0,0.0,both,0.0,0.0
2020,inseason,Sakon Nakhon,"สุพรรณบุรี60,90",64485.0,2102.0,both,-62383.0,62383.0
2020,inseason,Sakon Nakhon,หอมสุพรรณบุรี,0.0,0.0,both,0.0,0.0
2020,inseason,Samut Prakarn,กข15,0.0,0.0,both,0.0,0.0
2020,inseason,Samut Prakarn,กข6,0.0,0.0,both,0.0,0.0
2020,inseason,Samut Prakarn,ขาวดอกมะลิ105,0.0,0.0,both,0.0,0.0
2020,inseason,Samut Prakarn,คลองหลวง1,0.0,0.0,both,0.0,0.0
2020,inseason,Samut Prakarn,ชัยนาท1,0.0,0.0,both,0.0,0.0
2020,inseason,Samut Prakarn,ปทุมธานี1,107753.0,3506.0,both,-104247.0,104247.0
2020,inseason,Samut Prakarn,พันธุ์พื้นเมือง,0.0,0.0,both,0.0,0.0
2020,inseason,Samut Prakarn,ราชการไม่ไวต่อช่วงแสง,451085.0,14673.0,both,-436412.0,436412.0
2020,inseason,Samut Prakarn,ราชการไวต่อช่วงแสง,4581.0,149.0,both,-4432.0,4432.0
2020,inseason,Samut Prakarn,สุพรรณบุรี1,0.0,0.0,both,0.0,0.0
2020,inseason,Samut Prakarn,"สุพรรณบุรี60,90",6917.0,225.0,both,-6692.0,6692.0
2020,inseason,Samut Prakarn,หอมสุพรรณบุรี,0.0,0.0,both,0.0,0.0
2020,inseason,Samut Sakhon,กข15,0.0,0.0,both,0.0,0.0
2020,inseason,Samut Sakhon,กข6,0.0,0.0,both,0.0,0.0
2020,inseason,Samut Sakhon,ขาวดอกมะลิ105,0.0,0.0,both,0.0,0.0
2020,inseason,Samut Sakhon,คลองหลวง1,0.0,0.0,both,0.0,0.0
2020,inseason,Samut Sakhon,ชัยนาท1,0.0,0.0,both,0.0,0.0
2020,inseason,Samut Sakhon,ปทุมธานี1,2321.0,76.0,both,-2245.0,2245.0
2020,inseason,Samut Sakhon,พันธุ์พื้นเมือง,0.0,0.0,both,0.0,0.0
2020,inseason,Samut Sakhon,ราชการไม่ไวต่อช่วงแสง,139382.0,4563.0,both,-134819.0,134819.0
2020,inseason,Samut Sakhon,ราชการไวต่อช่วงแสง,11547.0,377.0,both,-11170.0,11170.0
2020,inseason,Samut Sakhon,สุพรรณบุรี1,2841.0,93.0,both,-2748.0,2748.0
2020,inseason,Samut Sakhon,"สุพรรณบุรี60,90",0.0,0.0,both,0.0,0.0
2020,inseason,Samut Sakhon,หอมสุพรรณบุรี,0.0,0.0,both,0.0,0.0
2020,inseason,Samut Songkhram,กข15,0.0,0.0,both,0.0,0.0
2020,inseason,Samut Songkhram,กข6,0.0,0.0,both,0.0,0.0
2020,inseason,Samut Songkhram,ขาวดอกมะลิ105,0.0,0.0,both,0.0,0.0
2020,inseason,Samut Songkhram,คลองหลวง1,0.0,0.0,both,0.0,0.0
2020,inseason,Samut Songkhram,ชัยนาท1,3918.0,127.0,both,-3791.0,3791.0
2020,inseason,Samut Songkhram,ปทุมธานี1,0.0,0.0,both,0.0,0.0
2020,inseason,Samut Songkhram,พันธุ์พื้นเมือง,0.0,0.0,both,0.0,0.0
2020,inseason,Samut Songkhram,ราชการไม่ไวต่อช่วงแสง,50225.0,1628.0,both,-48597.0,48597.0
2020,inseason,Samut Songkhram,ราชการไวต่อช่วงแสง,0.0,0.0,both,0.0,0.0
2020,inseason,Samut Songkhram,สุพรรณบุรี1,14592.0,473.0,both,-14119.0,14119.0
2020,inseason,Samut Songkhram,"สุพรรณบุรี60,90",0.0,0.0,both,0.0,0.0
2020,inseason,Samut Songkhram,หอมสุพรรณบุรี,0.0,0.0,both,0.0,0.0
2020,inseason,Saraburi,กข15,0.0,0.0,both,0.0,0.0
2020,inseason,Saraburi,กข6,0.0,0.0,both,0.0,0.0
2020,inseason,Saraburi,ขาวดอกมะลิ105,213089.0,6924.0,both,-206165.0,206165.0
2020,inseason,Saraburi,คลองหลวง1,0.0,0.0,both,0.0,0.0
2020,inseason,Saraburi,ชัยนาท1,85248.0,2772.0,both,-82476.0,82476.0
2020,inseason,Saraburi,ปทุมธานี1,1123210.0,36496.0,both,-1086714.0,1086714.0
2020,inseason,Saraburi,พันธุ์พื้นเมือง,57735.0,1877.0,both,-55858.0,55858.0
2020,inseason,Saraburi,ราชการไม่ไวต่อช่วงแสง,7368988.0,239444.0,both,-7129544.0,7129544.0
2020,inseason,Saraburi,ราชการไวต่อช่วงแสง,103036.0,3347.0,both,-99689.0,99689.0
2020,inseason,Saraburi,สุพรรณบุรี1,870421.0,28283.0,both,-842138.0,842138.0
2020,inseason,Saraburi,"สุพรรณบุรี60,90",57335.0,1863.0,both,-55472.0,55472.0
2020,inseason,Saraburi,หอมสุพรรณบุรี,0.0,0.0,both,0.0,0.0
2020,inseason,Satun,กข15,0.0,0.0,both,0.0,0.0
2020,inseason,Satun,กข6,0.0,0.0,both,0.0,0.0
2020,inseason,Satun,ขาวดอกมะลิ105,0.0,0.0,both,0.0,0.0
2020,inseason,Satun,คลองหลวง1,0.0,0.0,both,0.0,0.0
2020,inseason,Satun,ชัยนาท1,0.0,0.0,both,0.0,0.0
2020,inseason,Satun,ปทุมธานี1,39862.0,1307.0,both,-38555.0,38555.0
2020,inseason,Satun,พันธุ์พื้นเมือง,371657.0,12186.0,both,-359471.0,359471.0
2020,inseason,Satun,ราชการไม่ไวต่อช่วงแสง,169756.0,5566.0,both,-164190.0,164190.0
2020,inseason,Satun,ราชการไวต่อช่วงแสง,0.0,0.0,both,0.0,0.0
2020,inseason,Satun,สุพรรณบุรี1,0.0,0.0,both,0.0,0.0
2020,inseason,Satun,"สุพรรณบุรี60,90",0.0,0.0,both,0.0,0.0
2020,inseason,Satun,หอมสุพรรณบุรี,0.0,0.0,both,0.0,0.0
2020,inseason,Si Sa Ket,กข15,2728297.0,88745.0,both,-2639552.0,2639552.0
2020,inseason,Si Sa Ket,กข6,4573569.0,148769.0,both,-4424800.0,4424800.0
2020,inseason,Si Sa Ket,ขาวดอกมะลิ105,83046180.0,2701325.0,both,-80344855.0,80344855.0
2020,inseason,Si Sa Ket,คลองหลวง1,0.0,0.0,both,0.0,0.0
2020,inseason,Si Sa Ket,ชัยนาท1,43593.0,1418.0,both,-42175.0,42175.0
2020,inseason,Si Sa Ket,ปทุมธานี1,7532.0,245.0,both,-7287.0,7287.0
2020,inseason,Si Sa Ket,พันธุ์พื้นเมือง,221225.0,7197.0,both,-214028.0,214028.0
2020,inseason,Si Sa Ket,ราชการไม่ไวต่อช่วงแสง,192665.0,6267.0,both,-186398.0,186398.0
2020,inseason,Si Sa Ket,ราชการไวต่อช่วงแสง,1733738.0,56395.0,both,-1677343.0,1677343.0
2020,inseason,Si Sa Ket,สุพรรณบุรี1,0.0,0.0,both,0.0,0.0
2020,inseason,Si Sa Ket,"สุพรรณบุรี60,90",0.0,0.0,both,0.0,0.0
2020,inseason,Si Sa Ket,หอมสุพรรณบุรี,0.0,0.0,both,0.0,0.0
2020,inseason,Sing Buri,กข15,0.0,0.0,both,0.0,0.0
2020,inseason,Sing Buri,กข6,9919.0,322.0,both,-9597.0,9597.0
2020,inseason,Sing Buri,ขาวดอกมะลิ105,277486.0,9009.0,both,-268477.0,268477.0
2020,inseason,Sing Buri,คลองหลวง1,0.0,0.0,both,0.0,0.0
2020,inseason,Sing Buri,ชัยนาท1,0.0,0.0,both,0.0,0.0
2020,inseason,Sing Buri,ปทุมธานี1,3419688.0,111014.0,both,-3308674.0,3308674.0
2020,inseason,Sing Buri,พันธุ์พื้นเมือง,120291.0,3905.0,both,-116386.0,116386.0
2020,inseason,Sing Buri,ราชการไม่ไวต่อช่วงแสง,4475847.0,145299.0,both,-4330548.0,4330548.0
2020,inseason,Sing Buri,ราชการไวต่อช่วงแสง,8471.0,275.0,both,-8196.0,8196.0
2020,inseason,Sing Buri,สุพรรณบุรี1,131073.0,4255.0,both,-126818.0,126818.0
2020,inseason,Sing Buri,"สุพรรณบุรี60,90",0.0,0.0,both,0.0,0.0
2020,inseason,Sing Buri,หอมสุพรรณบุรี,0.0,0.0,both,0.0,0.0
2020,inseason,Songkhla,กข15,0.0,0.0,both,0.0,0.0
2020,inseason,Songkhla,กข6,0.0,0.0,both,0.0,0.0
2020,inseason,Songkhla,ขาวดอกมะลิ105,50490.0,1235.0,both,-49255.0,49255.0
2020,inseason,Songkhla,คลองหลวง1,0.0,0.0,both,0.0,0.0
2020,inseason,Songkhla,ชัยนาท1,105484.0,2579.0,both,-102905.0,102905.0
2020,inseason,Songkhla,ปทุมธานี1,1144181.0,27973.0,both,-1116208.0,1116208.0
2020,inseason,Songkhla,พันธุ์พื้นเมือง,778616.0,19035.0,both,-759581.0,759581.0
2020,inseason,Songkhla,ราชการไม่ไวต่อช่วงแสง,2775770.0,67860.0,both,-2707910.0,2707910.0
2020,inseason,Songkhla,ราชการไวต่อช่วงแสง,733151.0,17923.0,both,-715228.0,715228.0
2020,inseason,Songkhla,สุพรรณบุรี1,0.0,0.0,both,0.0,0.0
2020,inseason,Songkhla,"สุพรรณบุรี60,90",0.0,0.0,both,0.0,0.0
2020,inseason,Songkhla,หอมสุพรรณบุรี,0.0,0.0,both,0.0,0.0
2020,inseason,Sukhothai,กข15,310980.0,10170.0,both,-300810.0,300810.0
2020,inseason,Sukhothai,กข6,705499.0,23072.0,both,-682427.0,682427.0
2020,inseason,Sukhothai,ขาวดอกมะลิ105,3330145.0,108907.0,both,-3221238.0,3221238.0
2020,inseason,Sukhothai,คลองหลวง1,0.0,0.0,both,0.0,0.0
2020,inseason,Sukhothai,ชัยนาท1,1000548.0,32722.0,both,-967826.0,967826.0
2020,inseason,Sukhothai,ปทุมธานี1,1697271.0,55505.0,both,-1641766.0,1641766.0
2020,inseason,Sukhothai,พันธุ์พื้นเมือง,700117.0,22897.0,both,-677220.0,677220.0
2020,inseason,Sukhothai,ราชการไม่ไวต่อช่วงแสง,25679319.0,839794.0,both,-24839525.0,24839525.0
2020,inseason,Sukhothai,ราชการไวต่อช่วงแสง,144971.0,4741.0,both,-140230.0,140230.0
2020,inseason,Sukhothai,สุพรรณบุรี1,507353.0,16592.0,both,-490761.0,490761.0
2020,inseason,Sukhothai,"สุพรรณบุรี60,90",573035.0,18740.0,both,-554295.0,554295.0
2020,inseason,Sukhothai,หอมสุพรรณบุรี,43268.0,1415.0,both,-41853.0,41853.0
2020,inseason,Suphan Buri,กข15,0.0,0.0,both,0.0,0.0
2020,inseason,Suphan Buri,กข6,0.0,0.0,both,0.0,0.0
2020,inseason,Suphan Buri,ขาวดอกมะลิ105,2949995.0,95845.0,both,-2854150.0,2854150.0
2020,inseason,Suphan Buri,คลองหลวง1,0.0,0.0,both,0.0,0.0
2020,inseason,Suphan Buri,ชัยนาท1,0.0,0.0,both,0.0,0.0
2020,inseason,Suphan Buri,ปทุมธานี1,6292724.0,204452.0,both,-6088272.0,6088272.0
2020,inseason,Suphan Buri,พันธุ์พื้นเมือง,67928.0,2207.0,both,-65721.0,65721.0
2020,inseason,Suphan Buri,ราชการไม่ไวต่อช่วงแสง,26174088.0,850403.0,both,-25323685.0,25323685.0
2020,inseason,Suphan Buri,ราชการไวต่อช่วงแสง,0.0,0.0,both,0.0,0.0
2020,inseason,Suphan Buri,สุพรรณบุรี1,128869.0,4187.0,both,-124682.0,124682.0
2020,inseason,Suphan Buri,"สุพรรณบุรี60,90",0.0,0.0,both,0.0,0.0
2020,inseason,Suphan Buri,หอมสุพรรณบุรี,0.0,0.0,both,0.0,0.0
2020,inseason,Surat Thani,กข15,0.0,0.0,both,0.0,0.0
2020,inseason,Surat Thani,กข6,0.0,0.0,both,0.0,0.0
2020,inseason,Surat Thani,ขาวดอกมะลิ105,21689.0,709.0,both,-20980.0,20980.0
2020,inseason,Surat Thani,คลองหลวง1,0.0,0.0,both,0.0,0.0
2020,inseason,Surat Thani,ชัยนาท1,0.0,0.0,both,0.0,0.0
2020,inseason,Surat Thani,ปทุมธานี1,225365.0,7368.0,both,-217997.0,217997.0
2020,inseason,Surat Thani,พันธุ์พื้นเมือง,374649.0,12248.0,both,-362401.0,362401.0
2020,inseason,Surat Thani,ราชการไม่ไวต่อช่วงแสง,433813.0,14180.0,both,-419633.0,419633.0
2020,inseason,Surat Thani,ราชการไวต่อช่วงแสง,46529.0,1521.0,both,-45008.0,45008.0
2020,inseason,Surat Thani,สุพรรณบุรี1,0.0,0.0,both,0.0,0.0
2020,inseason,Surat Thani,"สุพรรณบุรี60,90",0.0,0.0,both,0.0,0.0
2020,inseason,Surat Thani,หอมสุพรรณบุรี,0.0,0.0,both,0.0,0.0
2020,inseason,Surin,กข15,22205767.0,725495.0,both,-21480272.0,21480272.0
2020,inseason,Surin,กข6,68684.0,2244.0,both,-66440.0,66440.0
2020,inseason,Surin,ขาวดอกมะลิ105,72040527.0,2353673.0,both,-69686854.0,69686854.0
2020,inseason,Surin,คลองหลวง1,0.0,0.0,both,0.0,0.0
2020,inseason,Surin,ชัยนาท1,0.0,0.0,both,0.0,0.0
2020,inseason,Surin,ปทุมธานี1,0.0,0.0,both,0.0,0.0
2020,inseason,Surin,พันธุ์พื้นเมือง,139265.0,4550.0,both,-134715.0,134715.0
2020,inseason,Surin,ราชการไม่ไวต่อช่วงแสง,155885.0,5094.0,both,-150791.0,150791.0
2020,inseason,Surin,ราชการไวต่อช่วงแสง,227783.0,7442.0,both,-220341.0,220341.0
2020,inseason,Surin,สุพรรณบุรี1,0.0,0.0,both,0.0,0.0
2020,inseason,Surin,"สุพรรณบุรี60,90",0.0,0.0,both,0.0,0.0
2020,inseason,Surin,หอมสุพรรณบุรี,0.0,0.0,both,0.0,0.0
2020,inseason,Tak,กข15,0.0,0.0,both,0.0,0.0
2020,inseason,Tak,กข6,417844.0,13580.0,both,-404264.0,404264.0
2020,inseason,Tak,ขาวดอกมะลิ105,3845985.0,124994.0,both,-3720991.0,3720991.0
2020,inseason,Tak,คลองหลวง1,0.0,0.0,both,0.0,0.0
2020,inseason,Tak,ชัยนาท1,285476.0,9278.0,both,-276198.0,276198.0
2020,inseason,Tak,ปทุมธานี1,257568.0,8371.0,both,-249197.0,249197.0
2020,inseason,Tak,พันธุ์พื้นเมือง,4640598.0,150821.0,both,-4489777.0,4489777.0
2020,inseason,Tak,ราชการไม่ไวต่อช่วงแสง,1915593.0,62259.0,both,-1853334.0,1853334.0
2020,inseason,Tak,ราชการไวต่อช่วงแสง,305445.0,9928.0,both,-295517.0,295517.0
2020,inseason,Tak,สุพรรณบุรี1,96400.0,3133.0,both,-93267.0,93267.0
2020,inseason,Tak,"สุพรรณบุรี60,90",0.0,0.0,both,0.0,0.0
2020,inseason,Tak,หอมสุพรรณบุรี,0.0,0.0,both,0.0,0.0
2020,inseason,Trang,กข15,0.0,0.0,both,0.0,0.0
2020,inseason,Trang,กข6,0.0,0.0,both,0.0,0.0
2020,inseason,Trang,ขาวดอกมะลิ105,0.0,0.0,both,0.0,0.0
2020,inseason,Trang,คลองหลวง1,0.0,0.0,both,0.0,0.0
2020,inseason,Trang,ชัยนาท1,0.0,0.0,both,0.0,0.0
2020,inseason,Trang,ปทุมธานี1,4237.0,139.0,both,-4098.0,4098.0
2020,inseason,Trang,พันธุ์พื้นเมือง,225210.0,7388.0,both,-217822.0,217822.0
2020,inseason,Trang,ราชการไม่ไวต่อช่วงแสง,131700.0,4321.0,both,-127379.0,127379.0
2020,inseason,Trang,ราชการไวต่อช่วงแสง,0.0,0.0,both,0.0,0.0
2020,inseason,Trang,สุพรรณบุรี1,0.0,0.0,both,0.0,0.0
2020,inseason,Trang,"สุพรรณบุรี60,90",0.0,0.0,both,0.0,0.0
2020,inseason,Trang,หอมสุพรรณบุรี,0.0,0.0,both,0.0,0.0
2020,inseason,Trat,กข15,0.0,0.0,both,0.0,0.0
2020,inseason,Trat,กข6,0.0,0.0,both,0.0,0.0
2020,inseason,Trat,ขาวดอกมะลิ105,346679.0,11374.0,both,-335305.0,335305.0
2020,inseason,Trat,คลองหลวง1,0.0,0.0,both,0.0,0.0
2020,inseason,Trat,ชัยนาท1,0.0,0.0,both,0.0,0.0
2020,inseason,Trat,ปทุมธานี1,26149.0,857.0,both,-25292.0,25292.0
2020,inseason,Trat,พันธุ์พื้นเมือง,8991.0,295.0,both,-8696.0,8696.0
2020,inseason,Trat,ราชการไม่ไวต่อช่วงแสง,38432.0,1261.0,both,-37171.0,37171.0
2020,inseason,Trat,ราชการไวต่อช่วงแสง,9936.0,326.0,both,-9610.0,9610.0
2020,inseason,Trat,สุพรรณบุรี1,0.0,0.0,both,0.0,0.0
2020,inseason,Trat,"สุพรรณบุรี60,90",0.0,0.0,both,0.0,0.0
2020,inseason,Trat,หอมสุพรรณบุรี,0.0,0.0,both,0.0,0.0
2020,inseason,Ubon Ratchathani,กข15,17447665.0,566578.0,both,-16881087.0,16881087.0
2020,inseason,Ubon Ratchathani,กข6,25703340.0,834666.0,both,-24868674.0,24868674.0
2020,inseason,Ubon Ratchathani,ขาวดอกมะลิ105,73620513.0,2390683.0,both,-71229830.0,71229830.0
2020,inseason,Ubon Ratchathani,คลองหลวง1,0.0,0.0,both,0.0,0.0
2020,inseason,Ubon Ratchathani,ชัยนาท1,0.0,0.0,both,0.0,0.0
2020,inseason,Ubon Ratchathani,ปทุมธานี1,0.0,0.0,both,0.0,0.0
2020,inseason,Ubon Ratchathani,พันธุ์พื้นเมือง,1183011.0,38415.0,both,-1144596.0,1144596.0
2020,inseason,Ubon Ratchathani,ราชการไม่ไวต่อช่วงแสง,1659746.0,53896.0,both,-1605850.0,1605850.0
2020,inseason,Ubon Ratchathani,ราชการไวต่อช่วงแสง,5745256.0,186565.0,both,-5558691.0,5558691.0
2020,inseason,Ubon Ratchathani,สุพรรณบุรี1,0.0,0.0,both,0.0,0.0
2020,inseason,Ubon Ratchathani,"สุพรรณบุรี60,90",0.0,0.0,both,0.0,0.0
2020,inseason,Ubon Ratchathani,หอมสุพรรณบุรี,0.0,0.0,both,0.0,0.0
2020,inseason,Udon Thani,กข15,2030287.0,66144.0,both,-1964143.0,1964143.0
2020,inseason,Udon Thani,กข6,49200540.0,1602887.0,both,-47597653.0,47597653.0
2020,inseason,Udon Thani,ขาวดอกมะลิ105,10678927.0,347904.0,both,-10331023.0,10331023.0
2020,inseason,Udon Thani,คลองหลวง1,0.0,0.0,both,0.0,0.0
2020,inseason,Udon Thani,ชัยนาท1,0.0,0.0,both,0.0,0.0
2020,inseason,Udon Thani,ปทุมธานี1,116303.0,3789.0,both,-112514.0,112514.0
2020,inseason,Udon Thani,พันธุ์พื้นเมือง,266248.0,8675.0,both,-257573.0,257573.0
2020,inseason,Udon Thani,ราชการไม่ไวต่อช่วงแสง,244485.0,7965.0,both,-236520.0,236520.0
2020,inseason,Udon Thani,ราชการไวต่อช่วงแสง,809119.0,26360.0,both,-782759.0,782759.0
2020,inseason,Udon Thani,สุพรรณบุรี1,0.0,0.0,both,0.0,0.0
2020,inseason,Udon Thani,"สุพรรณบุรี60,90",0.0,0.0,both,0.0,0.0
2020,inseason,Udon Thani,หอมสุพรรณบุรี,0.0,0.0,both,0.0,0.0
2020,inseason,Uthai Thani,กข15,0.0,0.0,both,0.0,0.0
2020,inseason,Uthai Thani,กข6,21675.0,709.0,both,-20966.0,20966.0
2020,inseason,Uthai Thani,ขาวดอกมะลิ105,643304.0,21043.0,both,-622261.0,622261.0
2020,inseason,Uthai Thani,คลองหลวง1,0.0,0.0,both,0.0,0.0
2020,inseason,Uthai Thani,ชัยนาท1,193086.0,6314.0,both,-186772.0,186772.0
2020,inseason,Uthai Thani,ปทุมธานี1,1055094.0,34514.0,both,-1020580.0,1020580.0
2020,inseason,Uthai Thani,พันธุ์พื้นเมือง,135460.0,4431.0,both,-131029.0,131029.0
2020,inseason,Uthai Thani,ราชการไม่ไวต่อช่วงแสง,13844161.0,452857.0,both,-13391304.0,13391304.0
2020,inseason,Uthai Thani,ราชการไวต่อช่วงแสง,58605.0,1917.0,both,-56688.0,56688.0
2020,inseason,Uthai Thani,สุพรรณบุรี1,64352.0,2105.0,both,-62247.0,62247.0
2020,inseason,Uthai Thani,"สุพรรณบุรี60,90",50014.0,1636.0,both,-48378.0,48378.0
2020,inseason,Uthai Thani,หอมสุพรรณบุรี,13084.0,428.0,both,-12656.0,12656.0
2020,inseason,Uttaradit,กข15,0.0,0.0,both,0.0,0.0
2020,inseason,Uttaradit,กข6,813768.0,26434.0,both,-787334.0,787334.0
2020,inseason,Uttaradit,ขาวดอกมะลิ105,1437139.0,46685.0,both,-1390454.0,1390454.0
2020,inseason,Uttaradit,คลองหลวง1,0.0,0.0,both,0.0,0.0
2020,inseason,Uttaradit,ชัยนาท1,124551.0,4044.0,both,-120507.0,120507.0
2020,inseason,Uttaradit,ปทุมธานี1,4900402.0,159186.0,both,-4741216.0,4741216.0
2020,inseason,Uttaradit,พันธุ์พื้นเมือง,453075.0,14717.0,both,-438358.0,438358.0
2020,inseason,Uttaradit,ราชการไม่ไวต่อช่วงแสง,9891247.0,321314.0,both,-9569933.0,9569933.0
2020,inseason,Uttaradit,ราชการไวต่อช่วงแสง,254120.0,8256.0,both,-245864.0,245864.0
2020,inseason,Uttaradit,สุพรรณบุรี1,792712.0,25751.0,both,-766961.0,766961.0
2020,inseason,Uttaradit,"สุพรรณบุรี60,90",45775.0,1486.0,both,-44289.0,44289.0
2020,inseason,Uttaradit,หอมสุพรรณบุรี,196585.0,6386.0,both,-190199.0,190199.0
2020,inseason,Yala,กข15,0.0,0.0,both,0.0,0.0
2020,inseason,Yala,กข6,0.0,0.0,both,0.0,0.0
2020,inseason,Yala,ขาวดอกมะลิ105,0.0,0.0,both,0.0,0.0
2020,inseason,Yala,คลองหลวง1,0.0,0.0,both,0.0,0.0
2020,inseason,Yala,ชัยนาท1,0.0,0.0,both,0.0,0.0
2020,inseason,Yala,ปทุมธานี1,0.0,0.0,both,0.0,0.0
2020,inseason,Yala,พันธุ์พื้นเมือง,534213.0,15662.0,both,-518551.0,518551.0
2020,inseason,Yala,ราชการไม่ไวต่อช่วงแสง,149681.0,4389.0,both,-145292.0,145292.0
2020,inseason,Yala,ราชการไวต่อช่วงแสง,35551.0,1044.0,both,-34507.0,34507.0
2020,inseason,Yala,สุพรรณบุรี1,0.0,0.0,both,0.0,0.0
2020,inseason,Yala,"สุพรรณบุรี60,90",0.0,0.0,both,0.0,0.0
2020,inseason,Yala,หอมสุพรรณบุรี,0.0,0.0,both,0.0,0.0
2020,inseason,Yasothon,กข15,1122773.0,36617.0,both,-1086156.0,1086156.0
2020,inseason,Yasothon,กข6,11526109.0,375901.0,both,-11150208.0,11150208.0
2020,inseason,Yasothon,ขาวดอกมะลิ105,27153773.0,885565.0,both,-26268208.0,26268208.0
2020,inseason,Yasothon,คลองหลวง1,0.0,0.0,both,0.0,0.0
2020,inseason,Yasothon,ชัยนาท1,15147.0,494.0,both,-14653.0,14653.0
2020,inseason,Yasothon,ปทุมธานี1,0.0,0.0,both,0.0,0.0
2020,inseason,Yasothon,พันธุ์พื้นเมือง,75338.0,2457.0,both,-72881.0,72881.0
2020,inseason,Yasothon,ราชการไม่ไวต่อช่วงแสง,1021893.0,33328.0,both,-988565.0,988565.0
2020,inseason,Yasothon,ราชการไวต่อช่วงแสง,566737.0,18483.0,both,-548254.0,548254.0
2020,inseason,Yasothon,สุพรรณบุรี1,0.0,0.0,both,0.0,0.0
2020,inseason,Yasothon,"สุพรรณบุรี60,90",0.0,0.0,both,0.0,0.0
2020,inseason,Yasothon,หอมสุพรรณบุรี,0.0,0.0,both,0.0,0.0
2020,offseason,Amnat Charoen,กข10,7811.0,250.0,both,-7561.0,7561.0
2020,offseason,Amnat Charoen,กขไม่ไวต่อช่วงแสง,91442.0,2927.0,both,-88515.0,88515.0
2020,offseason,Amnat Charoen,"ชัยนาท1,2",8520.0,272.0,both,-8248.0,8248.0
2020,offseason,Amnat Charoen,ปทุมธานี1,2038.0,65.0,both,-1973.0,1973.0
2020,offseason,Amnat Charoen,"พิษณุโลก2,60-2",0.0,0.0,both,0.0,0.0
2020,offseason,Amnat Charoen,ราชการไม่ไวต่อช่วงแสง,45535.0,1456.0,both,-44079.0,44079.0
2020,offseason,Amnat Charoen,สุพรรณบุรี1,0.0,0.0,both,0.0,0.0
2020,offseason,Amnat Charoen,"สุพรรณบุรี60,90",0.0,0.0,both,0.0,0.0
2020,offseason,Amnat Charoen,หอมสุพรรณบุรี,0.0,0.0,both,0.0,0.0
2020,offseason,Ang Thong,กข10,0.0,0.0,both,0.0,0.0
2020,offseason,Ang Thong,กขไม่ไวต่อช่วงแสง,1196391.0,25490.0,both,-1170901.0,1170901.0
2020,offseason,Ang Thong,"ชัยนาท1,2",0.0,0.0,both,0.0,0.0
2020,offseason,Ang Thong,ปทุมธานี1,984181.0,20969.0,both,-963212.0,963212.0
2020,offseason,Ang Thong,"พิษณุโลก2,60-2",30768.0,655.0,both,-30113.0,30113.0
2020,offseason,Ang Thong,ราชการไม่ไวต่อช่วงแสง,40573.0,865.0,both,-39708.0,39708.0
2020,offseason,Ang Thong,สุพรรณบุรี1,0.0,0.0,both,0.0,0.0
2020,offseason,Ang Thong,"สุพรรณบุรี60,90",0.0,0.0,both,0.0,0.0
2020,offseason,Ang Thong,หอมสุพรรณบุรี,0.0,0.0,both,0.0,0.0
2020,offseason,Bangkok,กข10,0.0,0.0,both,0.0,0.0
2020,offseason,Bangkok,กขไม่ไวต่อช่วงแสง,1711020.0,53775.0,both,-1657245.0,1657245.0
2020,offseason,Bangkok,"ชัยนาท1,2",0.0,0.0,both,0.0,0.0
2020,offseason,Bangkok,ปทุมธานี1,405305.0,12739.0,both,-392566.0,392566.0
2020,offseason,Bangkok,"พิษณุโลก2,60-2",41033.0,1288.0,both,-39745.0,39745.0
2020,offseason,Bangkok,ราชการไม่ไวต่อช่วงแสง,29732.0,935.0,both,-28797.0,28797.0
2020,offseason,Bangkok,สุพรรณบุรี1,9199.0,289.0,both,-8910.0,8910.0
2020,offseason,Bangkok,"สุพรรณบุรี60,90",0.0,0.0,both,0.0,0.0
2020,offseason,Bangkok,หอมสุพรรณบุรี,0.0,0.0,both,0.0,0.0
2020,offseason,Bueng Kan,กข10,150776.0,4869.0,both,-145907.0,145907.0
2020,offseason,Bueng Kan,กขไม่ไวต่อช่วงแสง,174128.0,5623.0,both,-168505.0,168505.0
2020,offseason,Bueng Kan,"ชัยนาท1,2",7475.0,242.0,both,-7233.0,7233.0
2020,offseason,Bueng Kan,ปทุมธานี1,31570.0,1019.0,both,-30551.0,30551.0
2020,offseason,Bueng Kan,"พิษณุโลก2,60-2",0.0,0.0,both,0.0,0.0
2020,offseason,Bueng Kan,ราชการไม่ไวต่อช่วงแสง,139932.0,4518.0,both,-135414.0,135414.0
2020,offseason,Bueng Kan,สุพรรณบุรี1,0.0,0.0,both,0.0,0.0
2020,offseason,Bueng Kan,"สุพรรณบุรี60,90",0.0,0.0,both,0.0,0.0
2020,offseason,Bueng Kan,หอมสุพรรณบุรี,0.0,0.0,both,0.0,0.0
2020,offseason,Buri Ram,กข10,11693.0,360.0,both,-11333.0,11333.0
2020,offseason,Buri Ram,กขไม่ไวต่อช่วงแสง,101554.0,3127.0,both,-98427.0,98427.0
2020,offseason,Buri Ram,"ชัยนาท1,2",170906.0,5263.0,both,-165643.0,165643.0
2020,offseason,Buri Ram,ปทุมธานี1,20447.0,629.0,both,-19818.0,19818.0
2020,offseason,Buri Ram,"พิษณุโลก2,60-2",0.0,0.0,both,0.0,0.0
2020,offseason,Buri Ram,ราชการไม่ไวต่อช่วงแสง,89180.0,2745.0,both,-86435.0,86435.0
2020,offseason,Buri Ram,สุพรรณบุรี1,0.0,0.0,both,0.0,0.0
2020,offseason,Buri Ram,"สุพรรณบุรี60,90",0.0,0.0,both,0.0,0.0
2020,offseason,Buri Ram,หอมสุพรรณบุรี,0.0,0.0,both,0.0,0.0
2020,offseason,Chachoengsao,กข10,0.0,0.0,both,0.0,0.0
2020,offseason,Chachoengsao,กขไม่ไวต่อช่วงแสง,5672446.0,186077.0,both,-5486369.0,5486369.0
2020,offseason,Chachoengsao,"ชัยนาท1,2",0.0,0.0,both,0.0,0.0
2020,offseason,Chachoengsao,ปทุมธานี1,489117.0,16045.0,both,-473072.0,473072.0
2020,offseason,Chachoengsao,"พิษณุโลก2,60-2",924571.0,30330.0,both,-894241.0,894241.0
2020,offseason,Chachoengsao,ราชการไม่ไวต่อช่วงแสง,162586.0,5334.0,both,-157252.0,157252.0
2020,offseason,Chachoengsao,สุพรรณบุรี1,109407.0,3589.0,both,-105818.0,105818.0
2020,offseason,Chachoengsao,"สุพรรณบุรี60,90",293705.0,9634.0,both,-284071.0,284071.0
2020,offseason,Chachoengsao,หอมสุพรรณบุรี,0.0,0.0,both,0.0,0.0
2020,offseason,Chai Nat,กข10,0.0,0.0,both,0.0,0.0
2020,offseason,Chai Nat,กขไม่ไวต่อช่วงแสง,1901566.0,47168.0,both,-1854398.0,1854398.0
2020,offseason,Chai Nat,"ชัยนาท1,2",6943.0,171.0,both,-6772.0,6772.0
2020,offseason,Chai Nat,ปทุมธานี1,1198612.0,29732.0,both,-1168880.0,1168880.0
2020,offseason,Chai Nat,"พิษณุโลก2,60-2",953.0,23.0,both,-930.0,930.0
2020,offseason,Chai Nat,ราชการไม่ไวต่อช่วงแสง,37504.0,932.0,both,-36572.0,36572.0
2020,offseason,Chai Nat,สุพรรณบุรี1,4422.0,109.0,both,-4313.0,4313.0
2020,offseason,Chai Nat,"สุพรรณบุรี60,90",0.0,0.0,both,0.0,0.0
2020,offseason,Chai Nat,หอมสุพรรณบุรี,0.0,0.0,both,0.0,0.0
2020,offseason,Chaiyaphum,กข10,31411.0,1010.0,both,-30401.0,30401.0
2020,offseason,Chaiyaphum,กขไม่ไวต่อช่วงแสง,160084.0,5145.0,both,-154939.0,154939.0
2020,offseason,Chaiyaphum,"ชัยนาท1,2",6430.0,206.0,both,-6224.0,6224.0
2020,offseason,Chaiyaphum,ปทุมธานี1,30144.0,968.0,both,-29176.0,29176.0
2020,offseason,Chaiyaphum,"พิษณุโลก2,60-2",50765.0,1631.0,both,-49134.0,49134.0
2020,offseason,Chaiyaphum,ราชการไม่ไวต่อช่วงแสง,61153.0,1968.0,both,-59185.0,59185.0
2020,offseason,Chaiyaphum,สุพรรณบุรี1,37348.0,1202.0,both,-36146.0,36146.0
2020,offseason,Chaiyaphum,"สุพรรณบุรี60,90",28381.0,911.0,both,-27470.0,27470.0
2020,offseason,Chaiyaphum,หอมสุพรรณบุรี,0.0,0.0,both,0.0,0.0
2020,offseason,Chanthaburi,กข10,0.0,,left_only,0.0,0.0
2020,offseason,Chanthaburi,กขไม่ไวต่อช่วงแสง,0.0,,left_only,0.0,0.0
2020,offseason,Chanthaburi,"ชัยนาท1,2",0.0,,left_only,0.0,0.0
2020,offseason,Chanthaburi,ปทุมธานี1,0.0,,left_only,0.0,0.0
2020,offseason,Chanthaburi,"พิษณุโลก2,60-2",0.0,,left_only,0.0,0.0
2020,offseason,Chanthaburi,ราชการไม่ไวต่อช่วงแสง,0.0,,left_only,0.0,0.0
2020,offseason,Chanthaburi,สุพรรณบุรี1,0.0,,left_only,0.0,0.0
2020,offseason,Chanthaburi,"สุพรรณบุรี60,90",0.0,,left_only,0.0,0.0
2020,offseason,Chanthaburi,หอมสุพรรณบุรี,0.0,,left_only,0.0,0.0
2020,offseason,Chiang Mai,กข10,13978.0,504.0,both,-13474.0,13474.0
2020,offseason,Chiang Mai,กขไม่ไวต่อช่วงแสง,118384.0,4274.0,both,-114110.0,114110.0
2020,offseason,Chiang Mai,"ชัยนาท1,2",0.0,0.0,both,0.0,0.0
2020,offseason,Chiang Mai,ปทุมธานี1,4181.0,150.0,both,-4031.0,4031.0
2020,offseason,Chiang Mai,"พิษณุโลก2,60-2",0.0,0.0,both,0.0,0.0
2020,offseason,Chiang Mai,ราชการไม่ไวต่อช่วงแสง,2909329.0,105013.0,both,-2804316.0,2804316.0
2020,offseason,Chiang Mai,สุพรรณบุรี1,0.0,0.0,both,0.0,0.0
2020,offseason,Chiang Mai,"สุพรรณบุรี60,90",0.0,0.0,both,0.0,0.0
2020,offseason,Chiang Mai,หอมสุพรรณบุรี,0.0,0.0,both,0.0,0.0
2020,offseason,Chiang Rai,กข10,360514.0,11809.0,both,-348705.0,348705.0
2020,offseason,Chiang Rai,กขไม่ไวต่อช่วงแสง,995371.0,32605.0,both,-962766.0,962766.0
2020,offseason,Chiang Rai,"ชัยนาท1,2",0.0,0.0,both,0.0,0.0
2020,offseason,Chiang Rai,ปทุมธานี1,786735.0,25770.0,both,-760965.0,760965.0
2020,offseason,Chiang Rai,"พิษณุโลก2,60-2",1305818.0,42774.0,both,-1263044.0,1263044.0
2020,offseason,Chiang Rai,ราชการไม่ไวต่อช่วงแสง,6756235.0,221309.0,both,-6534926.0,6534926.0
2020,offseason,Chiang Rai,สุพรรณบุรี1,196691.0,6443.0,both,-190248.0,190248.0
2020,offseason,Chiang Rai,"สุพรรณบุรี60,90",0.0,0.0,both,0.0,0.0
2020,offseason,Chiang Rai,หอมสุพรรณบุรี,0.0,0.0,both,0.0,0.0
2020,offseason,Chon Buri,กข10,0.0,0.0,both,0.0,0.0
2020,offseason,Chon Buri,กขไม่ไวต่อช่วงแสง,771071.0,21244.0,both,-749827.0,749827.0
2020,offseason,Chon Buri,"ชัยนาท1,2",3166.0,86.0,both,-3080.0,3080.0
2020,offseason,Chon Buri,ปทุมธานี1,79144.0,2180.0,both,-76964.0,76964.0
2020,offseason,Chon Buri,"พิษณุโลก2,60-2",26097.0,719.0,both,-25378.0,25378.0
2020,offseason,Chon Buri,ราชการไม่ไวต่อช่วงแสง,66537.0,1834.0,both,-64703.0,64703.0
2020,offseason,Chon Buri,สุพรรณบุรี1,3593.0,99.0,both,-3494.0,3494.0
2020,offseason,Chon Buri,"สุพรรณบุรี60,90",30117.0,829.0,both,-29288.0,29288.0
2020,offseason,Chon Buri,หอมสุพรรณบุรี,0.0,0.0,both,0.0,0.0
2020,offseason,Chumphon,กข10,0.0,0.0,both,0.0,0.0
2020,offseason,Chumphon,กขไม่ไวต่อช่วงแสง,1673.0,54.0,both,-1619.0,1619.0
2020,offseason,Chumphon,"ชัยนาท1,2",1374.0,46.0,both,-1328.0,1328.0
2020,offseason,Chumphon,ปทุมธานี1,16787.0,558.0,both,-16229.0,16229.0
2020,offseason,Chumphon,"พิษณุโลก2,60-2",0.0,0.0,both,0.0,0.0
2020,offseason,Chumphon,ราชการไม่ไวต่อช่วงแสง,537.0,18.0,both,-519.0,519.0
2020,offseason,Chumphon,สุพรรณบุรี1,0.0,0.0,both,0.0,0.0
2020,offseason,Chumphon,"สุพรรณบุรี60,90",0.0,0.0,both,0.0,0.0
2020,offseason,Chumphon,หอมสุพรรณบุรี,0.0,0.0,both,0.0,0.0
2020,offseason,Kalasin,กข10,1687567.0,50397.0,both,-1637170.0,1637170.0
2020,offseason,Kalasin,กขไม่ไวต่อช่วงแสง,6010563.0,179497.0,both,-5831066.0,5831066.0
2020,offseason,Kalasin,"ชัยนาท1,2",225873.0,6746.0,both,-219127.0,219127.0
2020,offseason,Kalasin,ปทุมธานี1,1635.0,48.0,both,-1587.0,1587.0
2020,offseason,Kalasin,"พิษณุโลก2,60-2",808698.0,24149.0,both,-784549.0,784549.0
2020,offseason,Kalasin,ราชการไม่ไวต่อช่วงแสง,295610.0,8827.0,both,-286783.0,286783.0
2020,offseason,Kalasin,สุพรรณบุรี1,0.0,0.0,both,0.0,0.0
2020,offseason,Kalasin,"สุพรรณบุรี60,90",0.0,0.0,both,0.0,0.0
2020,offseason,Kalasin,หอมสุพรรณบุรี,0.0,0.0,both,0.0,0.0
2020,offseason,Kamphaeng Phet,กข10,0.0,0.0,both,0.0,0.0
2020,offseason,Kamphaeng Phet,กขไม่ไวต่อช่วงแสง,8111676.0,247786.0,both,-7863890.0,7863890.0
2020,offseason,Kamphaeng Phet,"ชัยนาท1,2",4610.0,140.0,both,-4470.0,4470.0
2020,offseason,Kamphaeng Phet,ปทุมธานี1,100118.0,3058.0,both,-97060.0,97060.0
2020,offseason,Kamphaeng Phet,"พิษณุโลก2,60-2",789632.0,24120.0,both,-765512.0,765512.0
2020,offseason,Kamphaeng Phet,ราชการไม่ไวต่อช่วงแสง,47570.0,1453.0,both,-46117.0,46117.0
2020,offseason,Kamphaeng Phet,สุพรรณบุรี1,350658.0,10711.0,both,-339947.0,339947.0
2020,offseason,Kamphaeng Phet,"สุพรรณบุรี60,90",49629.0,1518.0,both,-48111.0,48111.0
2020,offseason,Kamphaeng Phet,หอมสุพรรณบุรี,0.0,0.0,both,0.0,0.0
2020,offseason,Kanchanaburi,กข10,0.0,0.0,both,0.0,0.0
2020,offseason,Kanchanaburi,กขไม่ไวต่อช่วงแสง,717020.0,23906.0,both,-693114.0,693114.0
2020,offseason,Kanchanaburi,"ชัยนาท1,2",1591.0,53.0,both,-1538.0,1538.0
2020,offseason,Kanchanaburi,ปทุมธานี1,3610896.0,120399.0,both,-3490497.0,3490497.0
2020,offseason,Kanchanaburi,"พิษณุโลก2,60-2",0.0,0.0,both,0.0,0.0
2020,offseason,Kanchanaburi,ราชการไม่ไวต่อช่วงแสง,7717.0,257.0,both,-7460.0,7460.0
2020,offseason,Kanchanaburi,สุพรรณบุรี1,1209888.0,40342.0,both,-1169546.0,1169546.0
2020,offseason,Kanchanaburi,"สุพรรณบุรี60,90",0.0,0.0,both,0.0,0.0
2020,offseason,Kanchanaburi,หอมสุพรรณบุรี,0.0,0.0,both,0.0,0.0
2020,offseason,Khon Kaen,กข10,252270.0,4368.0,both,-247902.0,247902.0
2020,offseason,Khon Kaen,กขไม่ไวต่อช่วงแสง,85245.0,1476.0,both,-83769.0,83769.0
2020,offseason,Khon Kaen,"ชัยนาท1,2",14207.0,246.0,both,-13961.0,13961.0
2020,offseason,Khon Kaen,ปทุมธานี1,16064.0,279.0,both,-15785.0,15785.0
2020,offseason,Khon Kaen,"พิษณุโลก2,60-2",103569.0,1794.0,both,-101775.0,101775.0
2020,offseason,Khon Kaen,ราชการไม่ไวต่อช่วงแสง,63578.0,1101.0,both,-62477.0,62477.0
2020,offseason,Khon Kaen,สุพรรณบุรี1,0.0,0.0,both,0.0,0.0
2020,offseason,Khon Kaen,"สุพรรณบุรี60,90",0.0,0.0,both,0.0,0.0
2020,offseason,Khon Kaen,หอมสุพรรณบุรี,0.0,0.0,both,0.0,0.0
2020,offseason,Krabi,กข10,0.0,,left_only,0.0,0.0
2020,offseason,Krabi,กขไม่ไวต่อช่วงแสง,0.0,,left_only,0.0,0.0
2020,offseason,Krabi,"ชัยนาท1,2",0.0,,left_only,0.0,0.0
2020,offseason,Krabi,ปทุมธานี1,0.0,,left_only,0.0,0.0
2020,offseason,Krabi,"พิษณุโลก2,60-2",0.0,,left_only,0.0,0.0
2020,offseason,Krabi,ราชการไม่ไวต่อช่วงแสง,0.0,,left_only,0.0,0.0
2020,offseason,Krabi,สุพรรณบุรี1,0.0,,left_only,0.0,0.0
2020,offseason,Krabi,"สุพรรณบุรี60,90",0.0,,left_only,0.0,0.0
2020,offseason,Krabi,หอมสุพรรณบุรี,0.0,,left_only,0.0,0.0
2020,offseason,Lampang,กข10,6170.0,195.0,both,-5975.0,5975.0
2020,offseason,Lampang,กขไม่ไวต่อช่วงแสง,125977.0,4027.0,both,-121950.0,121950.0
2020,offseason,Lampang,"ชัยนาท1,2",0.0,0.0,both,0.0,0.0
2020,offseason,Lampang,ปทุมธานี1,0.0,0.0,both,0.0,0.0
2020,offseason,Lampang,"พิษณุโลก2,60-2",0.0,0.0,both,0.0,0.0
2020,offseason,Lampang,ราชการไม่ไวต่อช่วงแสง,406933.0,13008.0,both,-393925.0,393925.0
2020,offseason,Lampang,สุพรรณบุรี1,0.0,0.0,both,0.0,0.0
2020,offseason,Lampang,"สุพรรณบุรี60,90",0.0,0.0,both,0.0,0.0
2020,offseason,Lampang,หอมสุพรรณบุรี,0.0,0.0,both,0.0,0.0
2020,offseason,Lamphun,กข10,860.0,28.0,both,-832.0,832.0
2020,offseason,Lamphun,กขไม่ไวต่อช่วงแสง,9315.0,304.0,both,-9011.0,9011.0
2020,offseason,Lamphun,"ชัยนาท1,2",0.0,0.0,both,0.0,0.0
2020,offseason,Lamphun,ปทุมธานี1,0.0,0.0,both,0.0,0.0
2020,offseason,Lamphun,"พิษณุโลก2,60-2",0.0,0.0,both,0.0,0.0
2020,offseason,Lamphun,ราชการไม่ไวต่อช่วงแสง,224267.0,7335.0,both,-216932.0,216932.0
2020,offseason,Lamphun,สุพรรณบุรี1,0.0,0.0,both,0.0,0.0
2020,offseason,Lamphun,"สุพรรณบุรี60,90",0.0,0.0,both,0.0,0.0
2020,offseason,Lamphun,หอมสุพรรณบุรี,0.0,0.0,both,0.0,0.0
2020,offseason,Loei,กข10,1984.0,63.0,both,-1921.0,1921.0
2020,offseason,Loei,กขไม่ไวต่อช่วงแสง,1240.0,39.0,both,-1201.0,1201.0
2020,offseason,Loei,"ชัยนาท1,2",0.0,0.0,both,0.0,0.0
2020,offseason,Loei,ปทุมธานี1,0.0,0.0,both,0.0,0.0
2020,offseason,Loei,"พิษณุโลก2,60-2",0.0,0.0,both,0.0,0.0
2020,offseason,Loei,ราชการไม่ไวต่อช่วงแสง,6386.0,204.0,both,-6182.0,6182.0
2020,offseason,Loei,สุพรรณบุรี1,0.0,0.0,both,0.0,0.0
2020,offseason,Loei,"สุพรรณบุรี60,90",0.0,0.0,both,0.0,0.0
2020,offseason,Loei,หอมสุพรรณบุรี,0.0,0.0,both,0.0,0.0
2020,offseason,Lop Buri,กข10,0.0,0.0,both,0.0,0.0
2020,offseason,Lop Buri,กขไม่ไวต่อช่วงแสง,889320.0,20119.0,both,-869201.0,869201.0
2020,offseason,Lop Buri,"ชัยนาท1,2",16835.0,381.0,both,-16454.0,16454.0
2020,offseason,Lop Buri,ปทุมธานี1,817143.0,18486.0,both,-798657.0,798657.0
2020,offseason,Lop Buri,"พิษณุโลก2,60-2",0.0,0.0,both,0.0,0.0
2020,offseason,Lop Buri,ราชการไม่ไวต่อช่วงแสง,2093.0,47.0,both,-2046.0,2046.0
2020,offseason,Lop Buri,สุพรรณบุรี1,42691.0,967.0,both,-41724.0,41724.0
2020,offseason,Lop Buri,"สุพรรณบุรี60,90",0.0,0.0,both,0.0,0.0
2020,offseason,Lop Buri,หอมสุพรรณบุรี,0.0,0.0,both,0.0,0.0
2020,offseason,Mae Hong Son,กข10,0.0,0.0,both,0.0,0.0
2020,offseason,Mae Hong Son,กขไม่ไวต่อช่วงแสง,1798.0,56.0,both,-1742.0,1742.0
2020,offseason,Mae Hong Son,"ชัยนาท1,2",0.0,0.0,both,0.0,0.0
2020,offseason,Mae Hong Son,ปทุมธานี1,0.0,0.0,both,0.0,0.0
2020,offseason,Mae Hong Son,"พิษณุโลก2,60-2",0.0,0.0,both,0.0,0.0
2020,offseason,Mae Hong Son,ราชการไม่ไวต่อช่วงแสง,2139.0,67.0,both,-2072.0,2072.0
2020,offseason,Mae Hong Son,สุพรรณบุรี1,0.0,0.0,both,0.0,0.0
2020,offseason,Mae Hong Son,"สุพรรณบุรี60,90",0.0,0.0,both,0.0,0.0
2020,offseason,Mae Hong Son,หอมสุพรรณบุรี,0.0,0.0,both,0.0,0.0
2020,offseason,Maha Sarakham,กข10,33794.0,926.0,both,-32868.0,32868.0
2020,offseason,Maha Sarakham,กขไม่ไวต่อช่วงแสง,937821.0,25707.0,both,-912114.0,912114.0
2020,offseason,Maha Sarakham,"ชัยนาท1,2",45842.0,1257.0,both,-44585.0,44585.0
2020,offseason,Maha Sarakham,ปทุมธานี1,4016.0,110.0,both,-3906.0,3906.0
2020,offseason,Maha Sarakham,"พิษณุโลก2,60-2",34815.0,954.0,both,-33861.0,33861.0
2020,offseason,Maha Sarakham,ราชการไม่ไวต่อช่วงแสง,69444.0,1904.0,both,-67540.0,67540.0
2020,offseason,Maha Sarakham,สุพรรณบุรี1,0.0,0.0,both,0.0,0.0
2020,offseason,Maha Sarakham,"สุพรรณบุรี60,90",0.0,0.0,both,0.0,0.0
2020,offseason,Maha Sarakham,หอมสุพรรณบุรี,0.0,0.0,both,0.0,0.0
2020,offseason,Mukdahan,กข10,33232.0,1069.0,both,-32163.0,32163.0
2020,offseason,Mukdahan,กขไม่ไวต่อช่วงแสง,15469.0,498.0,both,-14971.0,14971.0
2020,offseason,Mukdahan,"ชัยนาท1,2",6169.0,198.0,both,-5971.0,5971.0
2020,offseason,Mukdahan,ปทุมธานี1,0.0,0.0,both,0.0,0.0
2020,offseason,Mukdahan,"พิษณุโลก2,60-2",0.0,0.0,both,0.0,0.0
2020,offseason,Mukdahan,ราชการไม่ไวต่อช่วงแสง,4123.0,133.0,both,-3990.0,3990.0
2020,offseason,Mukdahan,สุพรรณบุรี1,0.0,0.0,both,0.0,0.0
2020,offseason,Mukdahan,"สุพรรณบุรี60,90",0.0,0.0,both,0.0,0.0
2020,offseason,Mukdahan,หอมสุพรรณบุรี,0.0,0.0,both,0.0,0.0
2020,offseason,Nakhon Nayok,กข10,0.0,0.0,both,0.0,0.0
2020,offseason,Nakhon Nayok,กขไม่ไวต่อช่วงแสง,3562416.0,122069.0,both,-3440347.0,3440347.0
2020,offseason,Nakhon Nayok,"ชัยนาท1,2",33710.0,1155.0,both,-32555.0,32555.0
2020,offseason,Nakhon Nayok,ปทุมธานี1,113543.0,3891.0,both,-109652.0,109652.0
2020,offseason,Nakhon Nayok,"พิษณุโลก2,60-2",198852.0,6815.0,both,-192037.0,192037.0
2020,offseason,Nakhon Nayok,ราชการไม่ไวต่อช่วงแสง,694704.0,23804.0,both,-670900.0,670900.0
2020,offseason,Nakhon Nayok,สุพรรณบุรี1,2921.0,100.0,both,-2821.0,2821.0
2020,offseason,Nakhon Nayok,"สุพรรณบุรี60,90",2038.0,68.0,both,-1970.0,1970.0
2020,offseason,Nakhon Nayok,หอมสุพรรณบุรี,0.0,0.0,both,0.0,0.0
2020,offseason,Nakhon Pathom,กข10,0.0,0.0,both,0.0,0.0
2020,offseason,Nakhon Pathom,กขไม่ไวต่อช่วงแสง,6955835.0,257255.0,both,-6698580.0,6698580.0
2020,offseason,Nakhon Pathom,"ชัยนาท1,2",0.0,0.0,both,0.0,0.0
2020,offseason,Nakhon Pathom,ปทุมธานี1,632470.0,23391.0,both,-609079.0,609079.0
2020,offseason,Nakhon Pathom,"พิษณุโลก2,60-2",94378.0,3488.0,both,-90890.0,90890.0
2020,offseason,Nakhon Pathom,ราชการไม่ไวต่อช่วงแสง,27113.0,1001.0,both,-26112.0,26112.0
2020,offseason,Nakhon Pathom,สุพรรณบุรี1,47312.0,1751.0,both,-45561.0,45561.0
2020,offseason,Nakhon Pathom,"สุพรรณบุรี60,90",0.0,0.0,both,0.0,0.0
2020,offseason,Nakhon Pathom,หอมสุพรรณบุรี,0.0,0.0,both,0.0,0.0
2020,offseason,Nakhon Phanom,กข10,1444059.0,49585.0,both,-1394474.0,1394474.0
2020,offseason,Nakhon Phanom,กขไม่ไวต่อช่วงแสง,92056.0,3161.0,both,-88895.0,88895.0
2020,offseason,Nakhon Phanom,"ชัยนาท1,2",12006.0,412.0,both,-11594.0,11594.0
2020,offseason,Nakhon Phanom,ปทุมธานี1,4518.0,155.0,both,-4363.0,4363.0
2020,offseason,Nakhon Phanom,"พิษณุโลก2,60-2",0.0,0.0,both,0.0,0.0
2020,offseason,Nakhon Phanom,ราชการไม่ไวต่อช่วงแสง,713923.0,24515.0,both,-689408.0,689408.0
2020,offseason,Nakhon Phanom,สุพรรณบุรี1,0.0,0.0,both,0.0,0.0
2020,offseason,Nakhon Phanom,"สุพรรณบุรี60,90",0.0,0.0,both,0.0,0.0
2020,offseason,Nakhon Phanom,หอมสุพรรณบุรี,0.0,0.0,both,0.0,0.0
2020,offseason,Nakhon Ratchasima,กข10,0.0,0.0,both,0.0,0.0
2020,offseason,Nakhon Ratchasima,กขไม่ไวต่อช่วงแสง,511583.0,16627.0,both,-494956.0,494956.0
2020,offseason,Nakhon Ratchasima,"ชัยนาท1,2",176050.0,5723.0,both,-170327.0,170327.0
2020,offseason,Nakhon Ratchasima,ปทุมธานี1,43371.0,1409.0,both,-41962.0,41962.0
2020,offseason,Nakhon Ratchasima,"พิษณุโลก2,60-2",19530.0,634.0,both,-18896.0,18896.0
2020,offseason,Nakhon Ratchasima,ราชการไม่ไวต่อช่วงแสง,48597.0,1579.0,both,-47018.0,47018.0
2020,offseason,Nakhon Ratchasima,สุพรรณบุรี1,42362.0,1376.0,both,-40986.0,40986.0
2020,offseason,Nakhon Ratchasima,"สุพรรณบุรี60,90",63145.0,2052.0,both,-61093.0,61093.0
2020,offseason,Nakhon Ratchasima,หอมสุพรรณบุรี,0.0,0.0,both,0.0,0.0
2020,offseason,Nakhon Sawan,กข10,0.0,0.0,both,0.0,0.0
2020,offseason,Nakhon Sawan,กขไม่ไวต่อช่วงแสง,14749354.0,470817.0,both,-14278537.0,14278537.0
2020,offseason,Nakhon Sawan,"ชัยนาท1,2",55116.0,1759.0,both,-53357.0,53357.0
2020,offseason,Nakhon Sawan,ปทุมธานี1,381146.0,12168.0,both,-368978.0,368978.0
2020,offseason,Nakhon Sawan,"พิษณุโลก2,60-2",129113.0,4121.0,both,-124992.0,124992.0
2020,offseason,Nakhon Sawan,ราชการไม่ไวต่อช่วงแสง,884050.0,28219.0,both,-855831.0,855831.0
2020,offseason,Nakhon Sawan,สุพรรณบุรี1,210744.0,6730.0,both,-204014.0,204014.0
2020,offseason,Nakhon Sawan,"สุพรรณบุรี60,90",8001.0,257.0,both,-7744.0,7744.0
2020,offseason,Nakhon Sawan,หอมสุพรรณบุรี,0.0,0.0,both,0.0,0.0
2020,offseason,Nakhon Si Thammarat,กข10,0.0,0.0,both,0.0,0.0
2020,offseason,Nakhon Si Thammarat,กขไม่ไวต่อช่วงแสง,273917.0,8974.0,both,-264943.0,264943.0
2020,offseason,Nakhon Si Thammarat,"ชัยนาท1,2",5891.0,193.0,both,-5698.0,5698.0
2020,offseason,Nakhon Si Thammarat,ปทุมธานี1,3632.0,119.0,both,-3513.0,3513.0
2020,offseason,Nakhon Si Thammarat,"พิษณุโลก2,60-2",7478.0,245.0,both,-7233.0,7233.0
2020,offseason,Nakhon Si Thammarat,ราชการไม่ไวต่อช่วงแสง,34186.0,1120.0,both,-33066.0,33066.0
2020,offseason,Nakhon Si Thammarat,สุพรรณบุรี1,0.0,0.0,both,0.0,0.0
2020,offseason,Nakhon Si Thammarat,"สุพรรณบุรี60,90",2747.0,90.0,both,-2657.0,2657.0
2020,offseason,Nakhon Si Thammarat,หอมสุพรรณบุรี,0.0,0.0,both,0.0,0.0
2020,offseason,Nan,กข10,4919.0,142.0,both,-4777.0,4777.0
2020,offseason,Nan,กขไม่ไวต่อช่วงแสง,2908.0,82.0,both,-2826.0,2826.0
2020,offseason,Nan,"ชัยนาท1,2",0.0,0.0,both,0.0,0.0
2020,offseason,Nan,ปทุมธานี1,0.0,0.0,both,0.0,0.0
2020,offseason,Nan,"พิษณุโลก2,60-2",0.0,0.0,both,0.0,0.0
2020,offseason,Nan,ราชการไม่ไวต่อช่วงแสง,374706.0,10716.0,both,-363990.0,363990.0
2020,offseason,Nan,สุพรรณบุรี1,0.0,0.0,both,0.0,0.0
2020,offseason,Nan,"สุพรรณบุรี60,90",0.0,0.0,both,0.0,0.0
2020,offseason,Nan,หอมสุพรรณบุรี,0.0,0.0,both,0.0,0.0
2020,offseason,Narathiwat,กข10,0.0,0.0,both,0.0,0.0
2020,offseason,Narathiwat,กขไม่ไวต่อช่วงแสง,0.0,0.0,both,0.0,0.0
2020,offseason,Narathiwat,"ชัยนาท1,2",9776.0,320.0,both,-9456.0,9456.0
2020,offseason,Narathiwat,ปทุมธานี1,0.0,0.0,both,0.0,0.0
2020,offseason,Narathiwat,"พิษณุโลก2,60-2",0.0,0.0,both,0.0,0.0
2020,offseason,Narathiwat,ราชการไม่ไวต่อช่วงแสง,5499.0,180.0,both,-5319.0,5319.0
2020,offseason,Narathiwat,สุพรรณบุรี1,0.0,0.0,both,0.0,0.0
2020,offseason,Narathiwat,"สุพรรณบุรี60,90",0.0,0.0,both,0.0,0.0
2020,offseason,Narathiwat,หอมสุพรรณบุรี,0.0,0.0,both,0.0,0.0
2020,offseason,Nong Bua Lam Phu,กข10,51370.0,2825.0,both,-48545.0,48545.0
2020,offseason,Nong Bua Lam Phu,กขไม่ไวต่อช่วงแสง,136458.0,7501.0,both,-128957.0,128957.0
2020,offseason,Nong Bua Lam Phu,"ชัยนาท1,2",16814.0,925.0,both,-15889.0,15889.0
2020,offseason,Nong Bua Lam Phu,ปทุมธานี1,6906.0,382.0,both,-6524.0,6524.0
2020,offseason,Nong Bua Lam Phu,"พิษณุโลก2,60-2",0.0,0.0,both,0.0,0.0
2020,offseason,Nong Bua Lam Phu,ราชการไม่ไวต่อช่วงแสง,82396.0,4532.0,both,-77864.0,77864.0
2020,offseason,Nong Bua Lam Phu,สุพรรณบุรี1,0.0,0.0,both,0.0,0.0
2020,offseason,Nong Bua Lam Phu,"สุพรรณบุรี60,90",0.0,0.0,both,0.0,0.0
2020,offseason,Nong Bua Lam Phu,หอมสุพรรณบุรี,0.0,0.0,both,0.0,0.0
2020,offseason,Nong Khai,กข10,1600789.0,57203.0,both,-1543586.0,1543586.0
2020,offseason,Nong Khai,กขไม่ไวต่อช่วงแสง,510191.0,18232.0,both,-491959.0,491959.0
2020,offseason,Nong Khai,"ชัยนาท1,2",0.0,0.0,both,0.0,0.0
2020,offseason,Nong Khai,ปทุมธานี1,2782.0,100.0,both,-2682.0,2682.0
2020,offseason,Nong Khai,"พิษณุโลก2,60-2",0.0,0.0,both,0.0,0.0
2020,offseason,Nong Khai,ราชการไม่ไวต่อช่วงแสง,765041.0,27337.0,both,-737704.0,737704.0
2020,offseason,Nong Khai,สุพรรณบุรี1,0.0,0.0,both,0.0,0.0
2020,offseason,Nong Khai,"สุพรรณบุรี60,90",0.0,0.0,both,0.0,0.0
2020,offseason,Nong Khai,หอมสุพรรณบุรี,0.0,0.0,both,0.0,0.0
2020,offseason,Nonthaburi,กข10,0.0,0.0,both,0.0,0.0
2020,offseason,Nonthaburi,กขไม่ไวต่อช่วงแสง,2134166.0,64178.0,both,-2069988.0,2069988.0
2020,offseason,Nonthaburi,"ชัยนาท1,2",0.0,0.0,both,0.0,0.0
2020,offseason,Nonthaburi,ปทุมธานี1,28063.0,843.0,both,-27220.0,27220.0
2020,offseason,Nonthaburi,"พิษณุโลก2,60-2",3003.0,91.0,both,-2912.0,2912.0
2020,offseason,Nonthaburi,ราชการไม่ไวต่อช่วงแสง,11029.0,333.0,both,-10696.0,10696.0
2020,offseason,Nonthaburi,สุพรรณบุรี1,0.0,0.0,both,0.0,0.0
2020,offseason,Nonthaburi,"สุพรรณบุรี60,90",0.0,0.0,both,0.0,0.0
2020,offseason,Nonthaburi,หอมสุพรรณบุรี,0.0,0.0,both,0.0,0.0
2020,offseason,Pathum Thani,กข10,0.0,0.0,both,0.0,0.0
2020,offseason,Pathum Thani,กขไม่ไวต่อช่วงแสง,4607937.0,129971.0,both,-4477966.0,4477966.0
2020,offseason,Pathum Thani,"ชัยนาท1,2",0.0,0.0,both,0.0,0.0
2020,offseason,Pathum Thani,ปทุมธานี1,868663.0,24502.0,both,-844161.0,844161.0
2020,offseason,Pathum Thani,"พิษณุโลก2,60-2",43727.0,1232.0,both,-42495.0,42495.0
2020,offseason,Pathum Thani,ราชการไม่ไวต่อช่วงแสง,86693.0,2446.0,both,-84247.0,84247.0
2020,offseason,Pathum Thani,สุพรรณบุรี1,10527.0,297.0,both,-10230.0,10230.0
2020,offseason,Pathum Thani,"สุพรรณบุรี60,90",0.0,0.0,both,0.0,0.0
2020,offseason,Pathum Thani,หอมสุพรรณบุรี,0.0,0.0,both,0.0,0.0
2020,offseason,Pattani,กข10,0.0,0.0,both,0.0,0.0
2020,offseason,Pattani,กขไม่ไวต่อช่วงแสง,364179.0,11935.0,both,-352244.0,352244.0
2020,offseason,Pattani,"ชัยนาท1,2",227223.0,7447.0,both,-219776.0,219776.0
2020,offseason,Pattani,ปทุมธานี1,0.0,0.0,both,0.0,0.0
2020,offseason,Pattani,"พิษณุโลก2,60-2",0.0,0.0,both,0.0,0.0
2020,offseason,Pattani,ราชการไม่ไวต่อช่วงแสง,5279.0,173.0,both,-5106.0,5106.0
2020,offseason,Pattani,สุพรรณบุรี1,0.0,0.0,both,0.0,0.0
2020,offseason,Pattani,"สุพรรณบุรี60,90",0.0,0.0,both,0.0,0.0
2020,offseason,Pattani,หอมสุพรรณบุรี,18615.0,610.0,both,-18005.0,18005.0
2020,offseason,Phang-nga,กข10,0.0,,left_only,0.0,0.0
2020,offseason,Phang-nga,กขไม่ไวต่อช่วงแสง,0.0,,left_only,0.0,0.0
2020,offseason,Phang-nga,"ชัยนาท1,2",0.0,,left_only,0.0,0.0
2020,offseason,Phang-nga,ปทุมธานี1,0.0,,left_only,0.0,0.0
2020,offseason,Phang-nga,"พิษณุโลก2,60-2",0.0,,left_only,0.0,0.0
2020,offseason,Phang-nga,ราชการไม่ไวต่อช่วงแสง,0.0,,left_only,0.0,0.0
2020,offseason,Phang-nga,สุพรรณบุรี1,0.0,,left_only,0.0,0.0
2020,offseason,Phang-nga,"สุพรรณบุรี60,90",0.0,,left_only,0.0,0.0
2020,offseason,Phang-nga,หอมสุพรรณบุรี,0.0,,left_only,0.0,0.0
2020,offseason,Phatthalung,กข10,0.0,0.0,both,0.0,0.0
2020,offseason,Phatthalung,กขไม่ไวต่อช่วงแสง,447721.0,14719.0,both,-433002.0,433002.0
2020,offseason,Phatthalung,"ชัยนาท1,2",27560.0,907.0,both,-26653.0,26653.0
2020,offseason,Phatthalung,ปทุมธานี1,120554.0,3963.0,both,-116591.0,116591.0
2020,offseason,Phatthalung,"พิษณุโลก2,60-2",6388.0,210.0,both,-6178.0,6178.0
2020,offseason,Phatthalung,ราชการไม่ไวต่อช่วงแสง,168952.0,5553.0,both,-163399.0,163399.0
2020,offseason,Phatthalung,สุพรรณบุรี1,5293.0,174.0,both,-5119.0,5119.0
2020,offseason,Phatthalung,"สุพรรณบุรี60,90",0.0,0.0,both,0.0,0.0
2020,offseason,Phatthalung,หอมสุพรรณบุรี,0.0,0.0,both,0.0,0.0
2020,offseason,Phayao,กข10,31293.0,1298.0,both,-29995.0,29995.0
2020,offseason,Phayao,กขไม่ไวต่อช่วงแสง,46969.0,1946.0,both,-45023.0,45023.0
2020,offseason,Phayao,"ชัยนาท1,2",0.0,0.0,both,0.0,0.0
2020,offseason,Phayao,ปทุมธานี1,0.0,0.0,both,0.0,0.0
2020,offseason,Phayao,"พิษณุโลก2,60-2",141061.0,5844.0,both,-135217.0,135217.0
2020,offseason,Phayao,ราชการไม่ไวต่อช่วงแสง,909870.0,37702.0,both,-872168.0,872168.0
2020,offseason,Phayao,สุพรรณบุรี1,0.0,0.0,both,0.0,0.0
2020,offseason,Phayao,"สุพรรณบุรี60,90",0.0,0.0,both,0.0,0.0
2020,offseason,Phayao,หอมสุพรรณบุรี,0.0,0.0,both,0.0,0.0
2020,offseason,Phetchabun,กข10,32171.0,1058.0,both,-31113.0,31113.0
2020,offseason,Phetchabun,กขไม่ไวต่อช่วงแสง,419990.0,13802.0,both,-406188.0,406188.0
2020,offseason,Phetchabun,"ชัยนาท1,2",6030.0,198.0,both,-5832.0,5832.0
2020,offseason,Phetchabun,ปทุมธานี1,12183.0,401.0,both,-11782.0,11782.0
2020,offseason,Phetchabun,"พิษณุโลก2,60-2",38598.0,1268.0,both,-37330.0,37330.0
2020,offseason,Phetchabun,ราชการไม่ไวต่อช่วงแสง,258955.0,8510.0,both,-250445.0,250445.0
2020,offseason,Phetchabun,สุพรรณบุรี1,1836.0,60.0,both,-1776.0,1776.0
2020,offseason,Phetchabun,"สุพรรณบุรี60,90",0.0,0.0,both,0.0,0.0
2020,offseason,Phetchabun,หอมสุพรรณบุรี,0.0,0.0,both,0.0,0.0
2020,offseason,Phetchaburi,กข10,0.0,0.0,both,0.0,0.0
2020,offseason,Phetchaburi,กขไม่ไวต่อช่วงแสง,1395473.0,47031.0,both,-1348442.0,1348442.0
2020,offseason,Phetchaburi,"ชัยนาท1,2",731366.0,24646.0,both,-706720.0,706720.0
2020,offseason,Phetchaburi,ปทุมธานี1,109355.0,3685.0,both,-105670.0,105670.0
2020,offseason,Phetchaburi,"พิษณุโลก2,60-2",115846.0,3905.0,both,-111941.0,111941.0
2020,offseason,Phetchaburi,ราชการไม่ไวต่อช่วงแสง,176077.0,5933.0,both,-170144.0,170144.0
2020,offseason,Phetchaburi,สุพรรณบุรี1,698972.0,23558.0,both,-675414.0,675414.0
2020,offseason,Phetchaburi,"สุพรรณบุรี60,90",13873.0,468.0,both,-13405.0,13405.0
2020,offseason,Phetchaburi,หอมสุพรรณบุรี,0.0,0.0,both,0.0,0.0
2020,offseason,Phichit,กข10,0.0,0.0,both,0.0,0.0
2020,offseason,Phichit,กขไม่ไวต่อช่วงแสง,11883774.0,383131.0,both,-11500643.0,11500643.0
2020,offseason,Phichit,"ชัยนาท1,2",115206.0,3715.0,both,-111491.0,111491.0
2020,offseason,Phichit,ปทุมธานี1,63911.0,2059.0,both,-61852.0,61852.0
2020,offseason,Phichit,"พิษณุโลก2,60-2",1163729.0,37520.0,both,-1126209.0,1126209.0
2020,offseason,Phichit,ราชการไม่ไวต่อช่วงแสง,1257346.0,40538.0,both,-1216808.0,1216808.0
2020,offseason,Phichit,สุพรรณบุรี1,250441.0,8075.0,both,-242366.0,242366.0
2020,offseason,Phichit,"สุพรรณบุรี60,90",0.0,0.0,both,0.0,0.0
2020,offseason,Phichit,หอมสุพรรณบุรี,0.0,0.0,both,0.0,0.0
2020,offseason,Phitsanulok,กข10,35345.0,1102.0,both,-34243.0,34243.0
2020,offseason,Phitsanulok,กขไม่ไวต่อช่วงแสง,7447489.0,231999.0,both,-7215490.0,7215490.0
2020,offseason,Phitsanulok,"ชัยนาท1,2",37274.0,1161.0,both,-36113.0,36113.0
2020,offseason,Phitsanulok,ปทุมธานี1,397181.0,12372.0,both,-384809.0,384809.0
2020,offseason,Phitsanulok,"พิษณุโลก2,60-2",2268418.0,70665.0,both,-2197753.0,2197753.0
2020,offseason,Phitsanulok,ราชการไม่ไวต่อช่วงแสง,1833810.0,57125.0,both,-1776685.0,1776685.0
2020,offseason,Phitsanulok,สุพรรณบุรี1,244533.0,7618.0,both,-236915.0,236915.0
2020,offseason,Phitsanulok,"สุพรรณบุรี60,90",68882.0,2145.0,both,-66737.0,66737.0
2020,offseason,Phitsanulok,หอมสุพรรณบุรี,0.0,0.0,both,0.0,0.0
2020,offseason,Phra Nakhon Si Ayutthaya,กข10,0.0,0.0,both,0.0,0.0
2020,offseason,Phra Nakhon Si Ayutthaya,กขไม่ไวต่อช่วงแสง,13832312.0,395192.0,both,-13437120.0,13437120.0
2020,offseason,Phra Nakhon Si Ayutthaya,"ชัยนาท1,2",15563.0,444.0,both,-15119.0,15119.0
2020,offseason,Phra Nakhon Si Ayutthaya,ปทุมธานี1,851473.0,24327.0,both,-827146.0,827146.0
2020,offseason,Phra Nakhon Si Ayutthaya,"พิษณุโลก2,60-2",125883.0,3597.0,both,-122286.0,122286.0
2020,offseason,Phra Nakhon Si Ayutthaya,ราชการไม่ไวต่อช่วงแสง,72000.0,2057.0,both,-69943.0,69943.0
2020,offseason,Phra Nakhon Si Ayutthaya,สุพรรณบุรี1,44935.0,1285.0,both,-43650.0,43650.0
2020,offseason,Phra Nakhon Si Ayutthaya,"สุพรรณบุรี60,90",0.0,0.0,both,0.0,0.0
2020,offseason,Phra Nakhon Si Ayutthaya,หอมสุพรรณบุรี,0.0,0.0,both,0.0,0.0
2020,offseason,Phrae,กข10,185820.0,5904.0,both,-179916.0,179916.0
2020,offseason,Phrae,กขไม่ไวต่อช่วงแสง,232282.0,7381.0,both,-224901.0,224901.0
2020,offseason,Phrae,"ชัยนาท1,2",0.0,0.0,both,0.0,0.0
2020,offseason,Phrae,ปทุมธานี1,0.0,0.0,both,0.0,0.0
2020,offseason,Phrae,"พิษณุโลก2,60-2",0.0,0.0,both,0.0,0.0
2020,offseason,Phrae,ราชการไม่ไวต่อช่วงแสง,685993.0,21795.0,both,-664198.0,664198.0
2020,offseason,Phrae,สุพรรณบุรี1,0.0,0.0,both,0.0,0.0
2020,offseason,Phrae,"สุพรรณบุรี60,90",0.0,0.0,both,0.0,0.0
2020,offseason,Phrae,หอมสุพรรณบุรี,0.0,0.0,both,0.0,0.0
2020,offseason,Phuket,กข10,0.0,,left_only,0.0,0.0
2020,offseason,Phuket,กขไม่ไวต่อช่วงแสง,0.0,,left_only,0.0,0.0
2020,offseason,Phuket,"ชัยนาท1,2",0.0,,left_only,0.0,0.0
2020,offseason,Phuket,ปทุมธานี1,0.0,,left_only,0.0,0.0
2020,offseason,Phuket,"พิษณุโลก2,60-2",0.0,,left_only,0.0,0.0
2020,offseason,Phuket,ราชการไม่ไวต่อช่วงแสง,0.0,,left_only,0.0,0.0
2020,offseason,Phuket,สุพรรณบุรี1,0.0,,left_only,0.0,0.0
2020,offseason,Phuket,"สุพรรณบุรี60,90",0.0,,left_only,0.0,0.0
2020,offseason,Phuket,หอมสุพรรณบุรี,0.0,,left_only,0.0,0.0
2020,offseason,Prachin Buri,กข10,0.0,0.0,both,0.0,0.0
2020,offseason,Prachin Buri,กขไม่ไวต่อช่วงแสง,3215383.0,105645.0,both,-3109738.0,3109738.0
2020,offseason,Prachin Buri,"ชัยนาท1,2",6473.0,214.0,both,-6259.0,6259.0
2020,offseason,Prachin Buri,ปทุมธานี1,122338.0,4020.0,both,-118318.0,118318.0
2020,offseason,Prachin Buri,"พิษณุโลก2,60-2",75893.0,2493.0,both,-73400.0,73400.0
2020,offseason,Prachin Buri,ราชการไม่ไวต่อช่วงแสง,189888.0,6240.0,both,-183648.0,183648.0
2020,offseason,Prachin Buri,สุพรรณบุรี1,261701.0,8599.0,both,-253102.0,253102.0
2020,offseason,Prachin Buri,"สุพรรณบุรี60,90",24173.0,795.0,both,-23378.0,23378.0
2020,offseason,Prachin Buri,หอมสุพรรณบุรี,0.0,0.0,both,0.0,0.0
2020,offseason,Prachuap Khiri Khan,กข10,0.0,0.0,both,0.0,0.0
2020,offseason,Prachuap Khiri Khan,กขไม่ไวต่อช่วงแสง,30829.0,1085.0,both,-29744.0,29744.0
2020,offseason,Prachuap Khiri Khan,"ชัยนาท1,2",200284.0,7059.0,both,-193225.0,193225.0
2020,offseason,Prachuap Khiri Khan,ปทุมธานี1,213291.0,7517.0,both,-205774.0,205774.0
2020,offseason,Prachuap Khiri Khan,"พิษณุโลก2,60-2",0.0,0.0,both,0.0,0.0
2020,offseason,Prachuap Khiri Khan,ราชการไม่ไวต่อช่วงแสง,1330.0,47.0,both,-1283.0,1283.0
2020,offseason,Prachuap Khiri Khan,สุพรรณบุรี1,1212.0,43.0,both,-1169.0,1169.0
2020,offseason,Prachuap Khiri Khan,"สุพรรณบุรี60,90",1655.0,59.0,both,-1596.0,1596.0
2020,offseason,Prachuap Khiri Khan,หอมสุพรรณบุรี,0.0,0.0,both,0.0,0.0
2020,offseason,Ranong,กข10,0.0,,left_only,0.0,0.0
2020,offseason,Ranong,กขไม่ไวต่อช่วงแสง,0.0,,left_only,0.0,0.0
2020,offseason,Ranong,"ชัยนาท1,2",0.0,,left_only,0.0,0.0
2020,offseason,Ranong,ปทุมธานี1,0.0,,left_only,0.0,0.0
2020,offseason,Ranong,"พิษณุโลก2,60-2",0.0,,left_only,0.0,0.0
2020,offseason,Ranong,ราชการไม่ไวต่อช่วงแสง,0.0,,left_only,0.0,0.0
2020,offseason,Ranong,สุพรรณบุรี1,0.0,,left_only,0.0,0.0
2020,offseason,Ranong,"สุพรรณบุรี60,90",0.0,,left_only,0.0,0.0
2020,offseason,Ranong,หอมสุพรรณบุรี,0.0,,left_only,0.0,0.0
2020,offseason,Ratchaburi,กข10,0.0,0.0,both,0.0,0.0
2020,offseason,Ratchaburi,กขไม่ไวต่อช่วงแสง,522827.0,17175.0,both,-505652.0,505652.0
2020,offseason,Ratchaburi,"ชัยนาท1,2",327932.0,10771.0,both,-317161.0,317161.0
2020,offseason,Ratchaburi,ปทุมธานี1,1151757.0,37837.0,both,-1113920.0,1113920.0
2020,offseason,Ratchaburi,"พิษณุโลก2,60-2",27820.0,914.0,both,-26906.0,26906.0
2020,offseason,Ratchaburi,ราชการไม่ไวต่อช่วงแสง,69627.0,2288.0,both,-67339.0,67339.0
2020,offseason,Ratchaburi,สุพรรณบุรี1,3205223.0,105295.0,both,-3099928.0,3099928.0
2020,offseason,Ratchaburi,"สุพรรณบุรี60,90",11152.0,365.0,both,-10787.0,10787.0
2020,offseason,Ratchaburi,หอมสุพรรณบุรี,2254.0,71.0,both,-2183.0,2183.0
2020,offseason,Rayong,กข10,0.0,0.0,both,0.0,0.0
2020,offseason,Rayong,กขไม่ไวต่อช่วงแสง,73965.0,900.0,both,-73065.0,73065.0
2020,offseason,Rayong,"ชัยนาท1,2",3629.0,44.0,both,-3585.0,3585.0
2020,offseason,Rayong,ปทุมธานี1,0.0,0.0,both,0.0,0.0
2020,offseason,Rayong,"พิษณุโลก2,60-2",0.0,0.0,both,0.0,0.0
2020,offseason,Rayong,ราชการไม่ไวต่อช่วงแสง,3967.0,48.0,both,-3919.0,3919.0
2020,offseason,Rayong,สุพรรณบุรี1,3106.0,38.0,both,-3068.0,3068.0
2020,offseason,Rayong,"สุพรรณบุรี60,90",9595.0,117.0,both,-9478.0,9478.0
2020,offseason,Rayong,หอมสุพรรณบุรี,0.0,0.0,both,0.0,0.0
2020,offseason,Roi Et,กข10,146467.0,4157.0,both,-142310.0,142310.0
2020,offseason,Roi Et,กขไม่ไวต่อช่วงแสง,4292625.0,121816.0,both,-4170809.0,4170809.0
2020,offseason,Roi Et,"ชัยนาท1,2",388836.0,11035.0,both,-377801.0,377801.0
2020,offseason,Roi Et,ปทุมธานี1,101415.0,2876.0,both,-98539.0,98539.0
2020,offseason,Roi Et,"พิษณุโลก2,60-2",1360460.0,38606.0,both,-1321854.0,1321854.0
2020,offseason,Roi Et,ราชการไม่ไวต่อช่วงแสง,487847.0,13846.0,both,-474001.0,474001.0
2020,offseason,Roi Et,สุพรรณบุรี1,54421.0,1544.0,both,-52877.0,52877.0
2020,offseason,Roi Et,"สุพรรณบุรี60,90",2619.0,73.0,both,-2546.0,2546.0
2020,offseason,Roi Et,หอมสุพรรณบุรี,0.0,0.0,both,0.0,0.0
2020,offseason,Sa kaeo,กข10,0.0,0.0,both,0.0,0.0
2020,offseason,Sa kaeo,กขไม่ไวต่อช่วงแสง,119928.0,3833.0,both,-116095.0,116095.0
2020,offseason,Sa kaeo,"ชัยนาท1,2",63616.0,2034.0,both,-61582.0,61582.0
2020,offseason,Sa kaeo,ปทุมธานี1,113029.0,3612.0,both,-109417.0,109417.0
2020,offseason,Sa kaeo,"พิษณุโลก2,60-2",0.0,0.0,both,0.0,0.0
2020,offseason,Sa kaeo,ราชการไม่ไวต่อช่วงแสง,23855.0,763.0,both,-23092.0,23092.0
2020,offseason,Sa kaeo,สุพรรณบุรี1,0.0,0.0,both,0.0,0.0
2020,offseason,Sa kaeo,"สุพรรณบุรี60,90",0.0,0.0,both,0.0,0.0
2020,offseason,Sa kaeo,หอมสุพรรณบุรี,0.0,0.0,both,0.0,0.0
2020,offseason,Sakon Nakhon,กข10,361879.0,11627.0,both,-350252.0,350252.0
2020,offseason,Sakon Nakhon,กขไม่ไวต่อช่วงแสง,540098.0,17353.0,both,-522745.0,522745.0
2020,offseason,Sakon Nakhon,"ชัยนาท1,2",8626.0,278.0,both,-8348.0,8348.0
2020,offseason,Sakon Nakhon,ปทุมธานี1,2596.0,83.0,both,-2513.0,2513.0
2020,offseason,Sakon Nakhon,"พิษณุโลก2,60-2",0.0,0.0,both,0.0,0.0
2020,offseason,Sakon Nakhon,ราชการไม่ไวต่อช่วงแสง,1403959.0,45112.0,both,-1358847.0,1358847.0
2020,offseason,Sakon Nakhon,สุพรรณบุรี1,0.0,0.0,both,0.0,0.0
2020,offseason,Sakon Nakhon,"สุพรรณบุรี60,90",0.0,0.0,both,0.0,0.0
2020,offseason,Sakon Nakhon,หอมสุพรรณบุรี,0.0,0.0,both,0.0,0.0
2020,offseason,Samut Prakarn,กข10,0.0,0.0,both,0.0,0.0
2020,offseason,Samut Prakarn,กขไม่ไวต่อช่วงแสง,376267.0,11647.0,both,-364620.0,364620.0
2020,offseason,Samut Prakarn,"ชัยนาท1,2",0.0,0.0,both,0.0,0.0
2020,offseason,Samut Prakarn,ปทุมธานี1,66688.0,2064.0,both,-64624.0,64624.0
2020,offseason,Samut Prakarn,"พิษณุโลก2,60-2",62895.0,1947.0,both,-60948.0,60948.0
2020,offseason,Samut Prakarn,ราชการไม่ไวต่อช่วงแสง,3457.0,107.0,both,-3350.0,3350.0
2020,offseason,Samut Prakarn,สุพรรณบุรี1,0.0,0.0,both,0.0,0.0
2020,offseason,Samut Prakarn,"สุพรรณบุรี60,90",2539.0,78.0,both,-2461.0,2461.0
2020,offseason,Samut Prakarn,หอมสุพรรณบุรี,0.0,0.0,both,0.0,0.0
2020,offseason,Samut Sakhon,กข10,0.0,0.0,both,0.0,0.0
2020,offseason,Samut Sakhon,กขไม่ไวต่อช่วงแสง,54099.0,1617.0,both,-52482.0,52482.0
2020,offseason,Samut Sakhon,"ชัยนาท1,2",0.0,0.0,both,0.0,0.0
2020,offseason,Samut Sakhon,ปทุมธานี1,4602.0,137.0,both,-4465.0,4465.0
2020,offseason,Samut Sakhon,"พิษณุโลก2,60-2",24462.0,730.0,both,-23732.0,23732.0
2020,offseason,Samut Sakhon,ราชการไม่ไวต่อช่วงแสง,4480.0,133.0,both,-4347.0,4347.0
2020,offseason,Samut Sakhon,สุพรรณบุรี1,1029.0,31.0,both,-998.0,998.0
2020,offseason,Samut Sakhon,"สุพรรณบุรี60,90",0.0,0.0,both,0.0,0.0
2020,offseason,Samut Sakhon,หอมสุพรรณบุรี,0.0,0.0,both,0.0,0.0
2020,offseason,Samut Songkhram,กข10,0.0,0.0,both,0.0,0.0
2020,offseason,Samut Songkhram,กขไม่ไวต่อช่วงแสง,25362.0,829.0,both,-24533.0,24533.0
2020,offseason,Samut Songkhram,"ชัยนาท1,2",3580.0,117.0,both,-3463.0,3463.0
2020,offseason,Samut Songkhram,ปทุมธานี1,2846.0,93.0,both,-2753.0,2753.0
2020,offseason,Samut Songkhram,"พิษณุโลก2,60-2",0.0,0.0,both,0.0,0.0
2020,offseason,Samut Songkhram,ราชการไม่ไวต่อช่วงแสง,22395.0,732.0,both,-21663.0,21663.0
2020,offseason,Samut Songkhram,สุพรรณบุรี1,5232.0,171.0,both,-5061.0,5061.0
2020,offseason,Samut Songkhram,"สุพรรณบุรี60,90",0.0,0.0,both,0.0,0.0
2020,offseason,Samut Songkhram,หอมสุพรรณบุรี,0.0,0.0,both,0.0,0.0
2020,offseason,Saraburi,กข10,0.0,0.0,both,0.0,0.0
2020,offseason,Saraburi,กขไม่ไวต่อช่วงแสง,952246.0,29680.0,both,-922566.0,922566.0
2020,offseason,Saraburi,"ชัยนาท1,2",19889.0,620.0,both,-19269.0,19269.0
2020,offseason,Saraburi,ปทุมธานี1,114883.0,3581.0,both,-111302.0,111302.0
2020,offseason,Saraburi,"พิษณุโลก2,60-2",8748.0,272.0,both,-8476.0,8476.0
2020,offseason,Saraburi,ราชการไม่ไวต่อช่วงแสง,6814.0,213.0,both,-6601.0,6601.0
2020,offseason,Saraburi,สุพรรณบุรี1,60249.0,1877.0,both,-58372.0,58372.0
2020,offseason,Saraburi,"สุพรรณบุรี60,90",0.0,0.0,both,0.0,0.0
2020,offseason,Saraburi,หอมสุพรรณบุรี,0.0,0.0,both,0.0,0.0
2020,offseason,Satun,กข10,0.0,,left_only,0.0,0.0
2020,offseason,Satun,กขไม่ไวต่อช่วงแสง,0.0,,left_only,0.0,0.0
2020,offseason,Satun,"ชัยนาท1,2",0.0,,left_only,0.0,0.0
2020,offseason,Satun,ปทุมธานี1,0.0,,left_only,0.0,0.0
2020,offseason,Satun,"พิษณุโลก2,60-2",0.0,,left_only,0.0,0.0
2020,offseason,Satun,ราชการไม่ไวต่อช่วงแสง,0.0,,left_only,0.0,0.0
2020,offseason,Satun,สุพรรณบุรี1,0.0,,left_only,0.0,0.0
2020,offseason,Satun,"สุพรรณบุรี60,90",0.0,,left_only,0.0,0.0
2020,offseason,Satun,หอมสุพรรณบุรี,0.0,,left_only,0.0,0.0
2020,offseason,Si Sa Ket,กข10,117834.0,3807.0,both,-114027.0,114027.0
2020,offseason,Si Sa Ket,กขไม่ไวต่อช่วงแสง,103401.0,3341.0,both,-100060.0,100060.0
2020,offseason,Si Sa Ket,"ชัยนาท1,2",1407727.0,45471.0,both,-1362256.0,1362256.0
2020,offseason,Si Sa Ket,ปทุมธานี1,102969.0,3327.0,both,-99642.0,99642.0
2020,offseason,Si Sa Ket,"พิษณุโลก2,60-2",0.0,0.0,both,0.0,0.0
2020,offseason,Si Sa Ket,ราชการไม่ไวต่อช่วงแสง,552608.0,17850.0,both,-534758.0,534758.0
2020,offseason,Si Sa Ket,สุพรรณบุรี1,0.0,0.0,both,0.0,0.0
2020,offseason,Si Sa Ket,"สุพรรณบุรี60,90",0.0,0.0,both,0.0,0.0
2020,offseason,Si Sa Ket,หอมสุพรรณบุรี,0.0,0.0,both,0.0,0.0
2020,offseason,Sing Buri,กข10,0.0,0.0,both,0.0,0.0
2020,offseason,Sing Buri,กขไม่ไวต่อช่วงแสง,624930.0,18278.0,both,-606652.0,606652.0
2020,offseason,Sing Buri,"ชัยนาท1,2",0.0,0.0,both,0.0,0.0
2020,offseason,Sing Buri,ปทุมธานี1,671273.0,19633.0,both,-651640.0,651640.0
2020,offseason,Sing Buri,"พิษณุโลก2,60-2",24463.0,715.0,both,-23748.0,23748.0
2020,offseason,Sing Buri,ราชการไม่ไวต่อช่วงแสง,90136.0,2637.0,both,-87499.0,87499.0
2020,offseason,Sing Buri,สุพรรณบุรี1,2765.0,82.0,both,-2683.0,2683.0
2020,offseason,Sing Buri,"สุพรรณบุรี60,90",0.0,0.0,both,0.0,0.0
2020,offseason,Sing Buri,หอมสุพรรณบุรี,0.0,0.0,both,0.0,0.0
2020,offseason,Songkhla,กข10,0.0,0.0,both,0.0,0.0
2020,offseason,Songkhla,กขไม่ไวต่อช่วงแสง,185271.0,6068.0,both,-179203.0,179203.0
2020,offseason,Songkhla,"ชัยนาท1,2",4611.0,151.0,both,-4460.0,4460.0
2020,offseason,Songkhla,ปทุมธานี1,2840.0,93.0,both,-2747.0,2747.0
2020,offseason,Songkhla,"พิษณุโลก2,60-2",763.0,25.0,both,-738.0,738.0
2020,offseason,Songkhla,ราชการไม่ไวต่อช่วงแสง,4703.0,154.0,both,-4549.0,4549.0
2020,offseason,Songkhla,สุพรรณบุรี1,519.0,17.0,both,-502.0,502.0
2020,offseason,Songkhla,"สุพรรณบุรี60,90",0.0,0.0,both,0.0,0.0
2020,offseason,Songkhla,หอมสุพรรณบุรี,0.0,0.0,both,0.0,0.0
2020,offseason,Sukhothai,กข10,0.0,0.0,both,0.0,0.0
2020,offseason,Sukhothai,กขไม่ไวต่อช่วงแสง,6623492.0,213871.0,both,-6409621.0,6409621.0
2020,offseason,Sukhothai,"ชัยนาท1,2",45193.0,1458.0,both,-43735.0,43735.0
2020,offseason,Sukhothai,ปทุมธานี1,62451.0,2016.0,both,-60435.0,60435.0
2020,offseason,Sukhothai,"พิษณุโลก2,60-2",1689745.0,54562.0,both,-1635183.0,1635183.0
2020,offseason,Sukhothai,ราชการไม่ไวต่อช่วงแสง,760574.0,24559.0,both,-736015.0,736015.0
2020,offseason,Sukhothai,สุพรรณบุรี1,337894.0,10910.0,both,-326984.0,326984.0
2020,offseason,Sukhothai,"สุพรรณบุรี60,90",290101.0,9367.0,both,-280734.0,280734.0
2020,offseason,Sukhothai,หอมสุพรรณบุรี,0.0,0.0,both,0.0,0.0
2020,offseason,Suphan Buri,กข10,0.0,0.0,both,0.0,0.0
2020,offseason,Suphan Buri,กขไม่ไวต่อช่วงแสง,14592755.0,374163.0,both,-14218592.0,14218592.0
2020,offseason,Suphan Buri,"ชัยนาท1,2",0.0,0.0,both,0.0,0.0
2020,offseason,Suphan Buri,ปทุมธานี1,3291480.0,84394.0,both,-3207086.0,3207086.0
2020,offseason,Suphan Buri,"พิษณุโลก2,60-2",108106.0,2773.0,both,-105333.0,105333.0
2020,offseason,Suphan Buri,ราชการไม่ไวต่อช่วงแสง,134833.0,3458.0,both,-131375.0,131375.0
2020,offseason,Suphan Buri,สุพรรณบุรี1,39939.0,1025.0,both,-38914.0,38914.0
2020,offseason,Suphan Buri,"สุพรรณบุรี60,90",0.0,0.0,both,0.0,0.0
2020,offseason,Suphan Buri,หอมสุพรรณบุรี,2758.0,70.0,both,-2688.0,2688.0
2020,offseason,Surat Thani,กข10,0.0,0.0,both,0.0,0.0
2020,offseason,Surat Thani,กขไม่ไวต่อช่วงแสง,34359.0,1043.0,both,-33316.0,33316.0
2020,offseason,Surat Thani,"ชัยนาท1,2",0.0,0.0,both,0.0,0.0
2020,offseason,Surat Thani,ปทุมธานี1,26442.0,803.0,both,-25639.0,25639.0
2020,offseason,Surat Thani,"พิษณุโลก2,60-2",1864.0,56.0,both,-1808.0,1808.0
2020,offseason,Surat Thani,ราชการไม่ไวต่อช่วงแสง,5563.0,169.0,both,-5394.0,5394.0
2020,offseason,Surat Thani,สุพรรณบุรี1,0.0,0.0,both,0.0,0.0
2020,offseason,Surat Thani,"สุพรรณบุรี60,90",0.0,0.0,both,0.0,0.0
2020,offseason,Surat Thani,หอมสุพรรณบุรี,0.0,0.0,both,0.0,0.0
2020,offseason,Surin,กข10,24501.0,749.0,both,-23752.0,23752.0
2020,offseason,Surin,กขไม่ไวต่อช่วงแสง,393740.0,12042.0,both,-381698.0,381698.0
2020,offseason,Surin,"ชัยนาท1,2",101374.0,3100.0,both,-98274.0,98274.0
2020,offseason,Surin,ปทุมธานี1,57044.0,1745.0,both,-55299.0,55299.0
2020,offseason,Surin,"พิษณุโลก2,60-2",3371.0,103.0,both,-3268.0,3268.0
2020,offseason,Surin,ราชการไม่ไวต่อช่วงแสง,461921.0,14128.0,both,-447793.0,447793.0
2020,offseason,Surin,สุพรรณบุรี1,0.0,0.0,both,0.0,0.0
2020,offseason,Surin,"สุพรรณบุรี60,90",0.0,0.0,both,0.0,0.0
2020,offseason,Surin,หอมสุพรรณบุรี,0.0,0.0,both,0.0,0.0
2020,offseason,Tak,กข10,0.0,0.0,both,0.0,0.0
2020,offseason,Tak,กขไม่ไวต่อช่วงแสง,122816.0,3197.0,both,-119619.0,119619.0
2020,offseason,Tak,"ชัยนาท1,2",93519.0,2435.0,both,-91084.0,91084.0
2020,offseason,Tak,ปทุมธานี1,16851.0,438.0,both,-16413.0,16413.0
2020,offseason,Tak,"พิษณุโลก2,60-2",104130.0,2711.0,both,-101419.0,101419.0
2020,offseason,Tak,ราชการไม่ไวต่อช่วงแสง,1713.0,45.0,both,-1668.0,1668.0
2020,offseason,Tak,สุพรรณบุรี1,3027.0,79.0,both,-2948.0,2948.0
2020,offseason,Tak,"สุพรรณบุรี60,90",0.0,0.0,both,0.0,0.0
2020,offseason,Tak,หอมสุพรรณบุรี,0.0,0.0,both,0.0,0.0
2020,offseason,Trang,กข10,0.0,0.0,both,0.0,0.0
2020,offseason,Trang,กขไม่ไวต่อช่วงแสง,1073.0,0.0,both,-1073.0,1073.0
2020,offseason,Trang,"ชัยนาท1,2",0.0,0.0,both,0.0,0.0
2020,offseason,Trang,ปทุมธานี1,0.0,0.0,both,0.0,0.0
2020,offseason,Trang,"พิษณุโลก2,60-2",0.0,0.0,both,0.0,0.0
2020,offseason,Trang,ราชการไม่ไวต่อช่วงแสง,638.0,0.0,both,-638.0,638.0
2020,offseason,Trang,สุพรรณบุรี1,0.0,0.0,both,0.0,0.0
2020,offseason,Trang,"สุพรรณบุรี60,90",0.0,0.0,both,0.0,0.0
2020,offseason,Trang,หอมสุพรรณบุรี,0.0,0.0,both,0.0,0.0
2020,offseason,Trat,กข10,0.0,0.0,both,0.0,0.0
2020,offseason,Trat,กขไม่ไวต่อช่วงแสง,42021.0,1379.0,both,-40642.0,40642.0
2020,offseason,Trat,"ชัยนาท1,2",0.0,0.0,both,0.0,0.0
2020,offseason,Trat,ปทุมธานี1,23438.0,769.0,both,-22669.0,22669.0
2020,offseason,Trat,"พิษณุโลก2,60-2",0.0,0.0,both,0.0,0.0
2020,offseason,Trat,ราชการไม่ไวต่อช่วงแสง,14687.0,481.0,both,-14206.0,14206.0
2020,offseason,Trat,สุพรรณบุรี1,0.0,0.0,both,0.0,0.0
2020,offseason,Trat,"สุพรรณบุรี60,90",0.0,0.0,both,0.0,0.0
2020,offseason,Trat,หอมสุพรรณบุรี,0.0,0.0,both,0.0,0.0
2020,offseason,Ubon Ratchathani,กข10,1111374.0,34988.0,both,-1076386.0,1076386.0
2020,offseason,Ubon Ratchathani,กขไม่ไวต่อช่วงแสง,2904838.0,91451.0,both,-2813387.0,2813387.0
2020,offseason,Ubon Ratchathani,"ชัยนาท1,2",323922.0,10198.0,both,-313724.0,313724.0
2020,offseason,Ubon Ratchathani,ปทุมธานี1,9528.0,299.0,both,-9229.0,9229.0
2020,offseason,Ubon Ratchathani,"พิษณุโลก2,60-2",2629.0,82.0,both,-2547.0,2547.0
2020,offseason,Ubon Ratchathani,ราชการไม่ไวต่อช่วงแสง,906893.0,28551.0,both,-878342.0,878342.0
2020,offseason,Ubon Ratchathani,สุพรรณบุรี1,1764.0,55.0,both,-1709.0,1709.0
2020,offseason,Ubon Ratchathani,"สุพรรณบุรี60,90",8322.0,262.0,both,-8060.0,8060.0
2020,offseason,Ubon Ratchathani,หอมสุพรรณบุรี,0.0,0.0,both,0.0,0.0
2020,offseason,Udon Thani,กข10,882605.0,26395.0,both,-856210.0,856210.0
2020,offseason,Udon Thani,กขไม่ไวต่อช่วงแสง,218992.0,6547.0,both,-212445.0,212445.0
2020,offseason,Udon Thani,"ชัยนาท1,2",8268.0,247.0,both,-8021.0,8021.0
2020,offseason,Udon Thani,ปทุมธานี1,0.0,0.0,both,0.0,0.0
2020,offseason,Udon Thani,"พิษณุโลก2,60-2",4906.0,147.0,both,-4759.0,4759.0
2020,offseason,Udon Thani,ราชการไม่ไวต่อช่วงแสง,243830.0,7293.0,both,-236537.0,236537.0
2020,offseason,Udon Thani,สุพรรณบุรี1,0.0,0.0,both,0.0,0.0
2020,offseason,Udon Thani,"สุพรรณบุรี60,90",0.0,0.0,both,0.0,0.0
2020,offseason,Udon Thani,หอมสุพรรณบุรี,0.0,0.0,both,0.0,0.0
2020,offseason,Uthai Thani,กข10,0.0,0.0,both,0.0,0.0
2020,offseason,Uthai Thani,กขไม่ไวต่อช่วงแสง,971921.0,30823.0,both,-941098.0,941098.0
2020,offseason,Uthai Thani,"ชัยนาท1,2",7641.0,242.0,both,-7399.0,7399.0
2020,offseason,Uthai Thani,ปทุมธานี1,184072.0,5839.0,both,-178233.0,178233.0
2020,offseason,Uthai Thani,"พิษณุโลก2,60-2",48043.0,1522.0,both,-46521.0,46521.0
2020,offseason,Uthai Thani,ราชการไม่ไวต่อช่วงแสง,36643.0,1162.0,both,-35481.0,35481.0
2020,offseason,Uthai Thani,สุพรรณบุรี1,0.0,0.0,both,0.0,0.0
2020,offseason,Uthai Thani,"สุพรรณบุรี60,90",0.0,0.0,both,0.0,0.0
2020,offseason,Uthai Thani,หอมสุพรรณบุรี,0.0,0.0,both,0.0,0.0
2020,offseason,Uttaradit,กข10,9544.0,314.0,both,-9230.0,9230.0
2020,offseason,Uttaradit,กขไม่ไวต่อช่วงแสง,3171714.0,105036.0,both,-3066678.0,3066678.0
2020,offseason,Uttaradit,"ชัยนาท1,2",9452.0,312.0,both,-9140.0,9140.0
2020,offseason,Uttaradit,ปทุมธานี1,2109344.0,69855.0,both,-2039489.0,2039489.0
2020,offseason,Uttaradit,"พิษณุโลก2,60-2",958213.0,31733.0,both,-926480.0,926480.0
2020,offseason,Uttaradit,ราชการไม่ไวต่อช่วงแสง,667637.0,22112.0,both,-645525.0,645525.0
2020,offseason,Uttaradit,สุพรรณบุรี1,403354.0,13357.0,both,-389997.0,389997.0
2020,offseason,Uttaradit,"สุพรรณบุรี60,90",3509.0,115.0,both,-3394.0,3394.0
2020,offseason,Uttaradit,หอมสุพรรณบุรี,0.0,0.0,both,0.0,0.0
2020,offseason,Yala,กข10,0.0,0.0,both,0.0,0.0
2020,offseason,Yala,กขไม่ไวต่อช่วงแสง,1127.0,37.0,both,-1090.0,1090.0
2020,offseason,Yala,"ชัยนาท1,2",396.0,13.0,both,-383.0,383.0
2020,offseason,Yala,ปทุมธานี1,0.0,0.0,both,0.0,0.0
2020,offseason,Yala,"พิษณุโลก2,60-2",0.0,0.0,both,0.0,0.0
2020,offseason,Yala,ราชการไม่ไวต่อช่วงแสง,0.0,0.0,both,0.0,0.0
2020,offseason,Yala,สุพรรณบุรี1,0.0,0.0,both,0.0,0.0
2020,offseason,Yala,"สุพรรณบุรี60,90",0.0,0.0,both,0.0,0.0
2020,offseason,Yala,หอมสุพรรณบุรี,0.0,0.0,both,0.0,0.0
2020,offseason,Yasothon,กข10,110635.0,3273.0,both,-107362.0,107362.0
2020,offseason,Yasothon,กขไม่ไวต่อช่วงแสง,1179472.0,34890.0,both,-1144582.0,1144582.0
2020,offseason,Yasothon,"ชัยนาท1,2",745206.0,22043.0,both,-723163.0,723163.0
2020,offseason,Yasothon,ปทุมธานี1,3921.0,117.0,both,-3804.0,3804.0
2020,offseason,Yasothon,"พิษณุโลก2,60-2",0.0,0.0,both,0.0,0.0
2020,offseason,Yasothon,ราชการไม่ไวต่อช่วงแสง,382391.0,11310.0,both,-371081.0,371081.0
2020,offseason,Yasothon,สุพรรณบุรี1,11826.0,350.0,both,-11476.0,11476.0
2020,offseason,Yasothon,"สุพรรณบุรี60,90",28222.0,834.0,both,-27388.0,27388.0
2020,offseason,Yasothon,หอมสุพรรณบุรี,0.0,0.0,both,0.0,0.0
2021,inseason,Amnat Charoen,กข15,489356.0,15995.0,both,-473361.0,473361.0
2021,inseason,Amnat Charoen,กข6,10152699.0,331890.0,both,-9820809.0,9820809.0
2021,inseason,Amnat Charoen,ขาวดอกมะลิ105,21650093.0,707739.0,both,-20942354.0,20942354.0
2021,inseason,Amnat Charoen,คลองหลวง1,0.0,0.0,both,0.0,0.0
2021,inseason,Amnat Charoen,ชัยนาท1,0.0,0.0,both,0.0,0.0
2021,inseason,Amnat Charoen,ปทุมธานี1,0.0,0.0,both,0.0,0.0
2021,inseason,Amnat Charoen,พันธุ์พื้นเมือง,319517.0,10444.0,both,-309073.0,309073.0
2021,inseason,Amnat Charoen,ราชการไม่ไวต่อช่วงแสง,12053.0,394.0,both,-11659.0,11659.0
2021,inseason,Amnat Charoen,ราชการไวต่อช่วงแสง,243592.0,7963.0,both,-235629.0,235629.0
2021,inseason,Amnat Charoen,สุพรรณบุรี1,0.0,0.0,both,0.0,0.0
2021,inseason,Amnat Charoen,"สุพรรณบุรี60,90",0.0,0.0,both,0.0,0.0
2021,inseason,Amnat Charoen,หอมสุพรรณบุรี,0.0,0.0,both,0.0,0.0
2021,inseason,Ang Thong,กข15,0.0,0.0,both,0.0,0.0
2021,inseason,Ang Thong,กข6,0.0,0.0,both,0.0,0.0
2021,inseason,Ang Thong,ขาวดอกมะลิ105,309405.0,10047.0,both,-299358.0,299358.0
2021,inseason,Ang Thong,คลองหลวง1,0.0,0.0,both,0.0,0.0
2021,inseason,Ang Thong,ชัยนาท1,11795.0,383.0,both,-11412.0,11412.0
2021,inseason,Ang Thong,ปทุมธานี1,3549127.0,115247.0,both,-3433880.0,3433880.0
2021,inseason,Ang Thong,พันธุ์พื้นเมือง,151085.0,4906.0,both,-146179.0,146179.0
2021,inseason,Ang Thong,ราชการไม่ไวต่อช่วงแสง,4968692.0,161343.0,both,-4807349.0,4807349.0
2021,inseason,Ang Thong,ราชการไวต่อช่วงแสง,202821.0,6586.0,both,-196235.0,196235.0
2021,inseason,Ang Thong,สุพรรณบุรี1,25222.0,819.0,both,-24403.0,24403.0
2021,inseason,Ang Thong,"สุพรรณบุรี60,90",6559.0,213.0,both,-6346.0,6346.0
2021,inseason,Ang Thong,หอมสุพรรณบุรี,0.0,0.0,both,0.0,0.0
2021,inseason,Bangkok,กข15,0.0,0.0,both,0.0,0.0
2021,inseason,Bangkok,กข6,0.0,0.0,both,0.0,0.0
2021,inseason,Bangkok,ขาวดอกมะลิ105,0.0,0.0,both,0.0,0.0
2021,inseason,Bangkok,คลองหลวง1,0.0,0.0,both,0.0,0.0
2021,inseason,Bangkok,ชัยนาท1,0.0,0.0,both,0.0,0.0
2021,inseason,Bangkok,ปทุมธานี1,731355.0,23764.0,both,-707591.0,707591.0
2021,inseason,Bangkok,พันธุ์พื้นเมือง,0.0,0.0,both,0.0,0.0
2021,inseason,Bangkok,ราชการไม่ไวต่อช่วงแสง,1753109.0,56964.0,both,-1696145.0,1696145.0
2021,inseason,Bangkok,ราชการไวต่อช่วงแสง,6894.0,224.0,both,-6670.0,6670.0
2021,inseason,Bangkok,สุพรรณบุรี1,0.0,0.0,both,0.0,0.0
2021,inseason,Bangkok,"สุพรรณบุรี60,90",0.0,0.0,both,0.0,0.0
2021,inseason,Bangkok,หอมสุพรรณบุรี,0.0,0.0,both,0.0,0.0
2021,inseason,Bueng Kan,กข15,171390.0,5586.0,both,-165804.0,165804.0
2021,inseason,Bueng Kan,กข6,12189694.0,397289.0,both,-11792405.0,11792405.0
2021,inseason,Bueng Kan,ขาวดอกมะลิ105,2127129.0,69328.0,both,-2057801.0,2057801.0
2021,inseason,Bueng Kan,คลองหลวง1,0.0,0.0,both,0.0,0.0
2021,inseason,Bueng Kan,ชัยนาท1,0.0,0.0,both,0.0,0.0
2021,inseason,Bueng Kan,ปทุมธานี1,0.0,0.0,both,0.0,0.0
2021,inseason,Bueng Kan,พันธุ์พื้นเมือง,15341.0,500.0,both,-14841.0,14841.0
2021,inseason,Bueng Kan,ราชการไม่ไวต่อช่วงแสง,76276.0,2486.0,both,-73790.0,73790.0
2021,inseason,Bueng Kan,ราชการไวต่อช่วงแสง,404390.0,13179.0,both,-391211.0,391211.0
2021,inseason,Bueng Kan,สุพรรณบุรี1,0.0,0.0,both,0.0,0.0
2021,inseason,Bueng Kan,"สุพรรณบุรี60,90",0.0,0.0,both,0.0,0.0
2021,inseason,Bueng Kan,หอมสุพรรณบุรี,0.0,0.0,both,0.0,0.0
2021,inseason,Buri Ram,กข15,3477951.0,113648.0,both,-3364303.0,3364303.0
2021,inseason,Buri Ram,กข6,3923865.0,128219.0,both,-3795646.0,3795646.0
2021,inseason,Buri Ram,ขาวดอกมะลิ105,82501877.0,2695891.0,both,-79805986.0,79805986.0
2021,inseason,Buri Ram,คลองหลวง1,0.0,0.0,both,0.0,0.0
2021,inseason,Buri Ram,ชัยนาท1,165286.0,5401.0,both,-159885.0,159885.0
2021,inseason,Buri Ram,ปทุมธานี1,0.0,0.0,both,0.0,0.0
2021,inseason,Buri Ram,พันธุ์พื้นเมือง,905813.0,29597.0,both,-876216.0,876216.0
2021,inseason,Buri Ram,ราชการไม่ไวต่อช่วงแสง,421370.0,13771.0,both,-407599.0,407599.0
2021,inseason,Buri Ram,ราชการไวต่อช่วงแสง,335499.0,10962.0,both,-324537.0,324537.0
2021,inseason,Buri Ram,สุพรรณบุรี1,0.0,0.0,both,0.0,0.0
2021,inseason,Buri Ram,"สุพรรณบุรี60,90",0.0,0.0,both,0.0,0.0
2021,inseason,Buri Ram,หอมสุพรรณบุรี,0.0,0.0,both,0.0,0.0
2021,inseason,Chachoengsao,กข15,0.0,0.0,both,0.0,0.0
2021,inseason,Chachoengsao,กข6,56700.0,1846.0,both,-54854.0,54854.0
2021,inseason,Chachoengsao,ขาวดอกมะลิ105,2642530.0,86032.0,both,-2556498.0,2556498.0
2021,inseason,Chachoengsao,คลองหลวง1,0.0,0.0,both,0.0,0.0
2021,inseason,Chachoengsao,ชัยนาท1,0.0,0.0,both,0.0,0.0
2021,inseason,Chachoengsao,ปทุมธานี1,1525520.0,49669.0,both,-1475851.0,1475851.0
2021,inseason,Chachoengsao,พันธุ์พื้นเมือง,141227.0,4599.0,both,-136628.0,136628.0
2021,inseason,Chachoengsao,ราชการไม่ไวต่อช่วงแสง,12259073.0,399123.0,both,-11859950.0,11859950.0
2021,inseason,Chachoengsao,ราชการไวต่อช่วงแสง,890611.0,28995.0,both,-861616.0,861616.0
2021,inseason,Chachoengsao,สุพรรณบุรี1,216786.0,7057.0,both,-209729.0,209729.0
2021,inseason,Chachoengsao,"สุพรรณบุรี60,90",199862.0,6508.0,both,-193354.0,193354.0
2021,inseason,Chachoengsao,หอมสุพรรณบุรี,0.0,0.0,both,0.0,0.0
2021,inseason,Chai Nat,กข15,0.0,0.0,both,0.0,0.0
2021,inseason,Chai Nat,กข6,0.0,0.0,both,0.0,0.0
2021,inseason,Chai Nat,ขาวดอกมะลิ105,700757.0,22845.0,both,-677912.0,677912.0
2021,inseason,Chai Nat,คลองหลวง1,0.0,0.0,both,0.0,0.0
2021,inseason,Chai Nat,ชัยนาท1,44505.0,1451.0,both,-43054.0,43054.0
2021,inseason,Chai Nat,ปทุมธานี1,5542933.0,180718.0,both,-5362215.0,5362215.0
2021,inseason,Chai Nat,พันธุ์พื้นเมือง,4232.0,138.0,both,-4094.0,4094.0
2021,inseason,Chai Nat,ราชการไม่ไวต่อช่วงแสง,19645793.0,640517.0,both,-19005276.0,19005276.0
2021,inseason,Chai Nat,ราชการไวต่อช่วงแสง,9447.0,308.0,both,-9139.0,9139.0
2021,inseason,Chai Nat,สุพรรณบุรี1,34015.0,1109.0,both,-32906.0,32906.0
2021,inseason,Chai Nat,"สุพรรณบุรี60,90",7760.0,253.0,both,-7507.0,7507.0
2021,inseason,Chai Nat,หอมสุพรรณบุรี,0.0,0.0,both,0.0,0.0
2021,inseason,Chaiyaphum,กข15,24470.0,804.0,both,-23666.0,23666.0
2021,inseason,Chaiyaphum,กข6,21484262.0,705900.0,both,-20778362.0,20778362.0
2021,inseason,Chaiyaphum,ขาวดอกมะลิ105,28226071.0,927413.0,both,-27298658.0,27298658.0
2021,inseason,Chaiyaphum,คลองหลวง1,0.0,0.0,both,0.0,0.0
2021,inseason,Chaiyaphum,ชัยนาท1,0.0,0.0,both,0.0,0.0
2021,inseason,Chaiyaphum,ปทุมธานี1,51831.0,1703.0,both,-50128.0,50128.0
2021,inseason,Chaiyaphum,พันธุ์พื้นเมือง,1434506.0,47132.0,both,-1387374.0,1387374.0
2021,inseason,Chaiyaphum,ราชการไม่ไวต่อช่วงแสง,2110473.0,69343.0,both,-2041130.0,2041130.0
2021,inseason,Chaiyaphum,ราชการไวต่อช่วงแสง,2547281.0,83694.0,both,-2463587.0,2463587.0
2021,inseason,Chaiyaphum,สุพรรณบุรี1,0.0,0.0,both,0.0,0.0
2021,inseason,Chaiyaphum,"สุพรรณบุรี60,90",0.0,0.0,both,0.0,0.0
2021,inseason,Chaiyaphum,หอมสุพรรณบุรี,0.0,0.0,both,0.0,0.0
2021,inseason,Chanthaburi,กข15,0.0,0.0,both,0.0,0.0
2021,inseason,Chanthaburi,กข6,0.0,0.0,both,0.0,0.0
2021,inseason,Chanthaburi,ขาวดอกมะลิ105,307844.0,10077.0,both,-297767.0,297767.0
2021,inseason,Chanthaburi,คลองหลวง1,0.0,0.0,both,0.0,0.0
2021,inseason,Chanthaburi,ชัยนาท1,2933.0,96.0,both,-2837.0,2837.0
2021,inseason,Chanthaburi,ปทุมธานี1,9348.0,306.0,both,-9042.0,9042.0
2021,inseason,Chanthaburi,พันธุ์พื้นเมือง,11273.0,369.0,both,-10904.0,10904.0
2021,inseason,Chanthaburi,ราชการไม่ไวต่อช่วงแสง,43930.0,1437.0,both,-42493.0,42493.0
2021,inseason,Chanthaburi,ราชการไวต่อช่วงแสง,0.0,0.0,both,0.0,0.0
2021,inseason,Chanthaburi,สุพรรณบุรี1,0.0,0.0,both,0.0,0.0
2021,inseason,Chanthaburi,"สุพรรณบุรี60,90",0.0,0.0,both,0.0,0.0
2021,inseason,Chanthaburi,หอมสุพรรณบุรี,0.0,0.0,both,0.0,0.0
2021,inseason,Chiang Mai,กข15,4434.0,144.0,both,-4290.0,4290.0
2021,inseason,Chiang Mai,กข6,736569.0,23918.0,both,-712651.0,712651.0
2021,inseason,Chiang Mai,ขาวดอกมะลิ105,869483.0,28234.0,both,-841249.0,841249.0
2021,inseason,Chiang Mai,คลองหลวง1,0.0,0.0,both,0.0,0.0
2021,inseason,Chiang Mai,ชัยนาท1,0.0,0.0,both,0.0,0.0
2021,inseason,Chiang Mai,ปทุมธานี1,47456.0,1541.0,both,-45915.0,45915.0
2021,inseason,Chiang Mai,พันธุ์พื้นเมือง,4948392.0,160685.0,both,-4787707.0,4787707.0
2021,inseason,Chiang Mai,ราชการไม่ไวต่อช่วงแสง,7426976.0,241170.0,both,-7185806.0,7185806.0
2021,inseason,Chiang Mai,ราชการไวต่อช่วงแสง,3004727.0,97570.0,both,-2907157.0,2907157.0
2021,inseason,Chiang Mai,สุพรรณบุรี1,5851.0,190.0,both,-5661.0,5661.0
2021,inseason,Chiang Mai,"สุพรรณบุรี60,90",0.0,0.0,both,0.0,0.0
2021,inseason,Chiang Mai,หอมสุพรรณบุรี,0.0,0.0,both,0.0,0.0
2021,inseason,Chiang Rai,กข15,4023205.0,131239.0,both,-3891966.0,3891966.0
2021,inseason,Chiang Rai,กข6,17981355.0,586562.0,both,-17394793.0,17394793.0
2021,inseason,Chiang Rai,ขาวดอกมะลิ105,4906851.0,160065.0,both,-4746786.0,4746786.0
2021,inseason,Chiang Rai,คลองหลวง1,0.0,0.0,both,0.0,0.0
2021,inseason,Chiang Rai,ชัยนาท1,1993.0,65.0,both,-1928.0,1928.0
2021,inseason,Chiang Rai,ปทุมธานี1,1519443.0,49565.0,both,-1469878.0,1469878.0
2021,inseason,Chiang Rai,พันธุ์พื้นเมือง,2051930.0,66935.0,both,-1984995.0,1984995.0
2021,inseason,Chiang Rai,ราชการไม่ไวต่อช่วงแสง,5748469.0,187518.0,both,-5560951.0,5560951.0
2021,inseason,Chiang Rai,ราชการไวต่อช่วงแสง,3661408.0,119438.0,both,-3541970.0,3541970.0
2021,inseason,Chiang Rai,สุพรรณบุรี1,93101.0,3037.0,both,-90064.0,90064.0
2021,inseason,Chiang Rai,"สุพรรณบุรี60,90",91752.0,2993.0,both,-88759.0,88759.0
2021,inseason,Chiang Rai,หอมสุพรรณบุรี,0.0,0.0,both,0.0,0.0
2021,inseason,Chon Buri,กข15,0.0,0.0,both,0.0,0.0
2021,inseason,Chon Buri,กข6,0.0,0.0,both,0.0,0.0
2021,inseason,Chon Buri,ขาวดอกมะลิ105,571983.0,18719.0,both,-553264.0,553264.0
2021,inseason,Chon Buri,คลองหลวง1,0.0,0.0,both,0.0,0.0
2021,inseason,Chon Buri,ชัยนาท1,11245.0,368.0,both,-10877.0,10877.0
2021,inseason,Chon Buri,ปทุมธานี1,390683.0,12786.0,both,-377897.0,377897.0
2021,inseason,Chon Buri,พันธุ์พื้นเมือง,15187.0,498.0,both,-14689.0,14689.0
2021,inseason,Chon Buri,ราชการไม่ไวต่อช่วงแสง,1020389.0,33392.0,both,-986997.0,986997.0
2021,inseason,Chon Buri,ราชการไวต่อช่วงแสง,61636.0,2017.0,both,-59619.0,59619.0
2021,inseason,Chon Buri,สุพรรณบุรี1,5409.0,177.0,both,-5232.0,5232.0
2021,inseason,Chon Buri,"สุพรรณบุรี60,90",22216.0,727.0,both,-21489.0,21489.0
2021,inseason,Chon Buri,หอมสุพรรณบุรี,0.0,0.0,both,0.0,0.0
2021,inseason,Chumphon,กข15,0.0,0.0,both,0.0,0.0
2021,inseason,Chumphon,กข6,0.0,0.0,both,0.0,0.0
2021,inseason,Chumphon,ขาวดอกมะลิ105,0.0,0.0,both,0.0,0.0
2021,inseason,Chumphon,คลองหลวง1,0.0,0.0,both,0.0,0.0
2021,inseason,Chumphon,ชัยนาท1,0.0,0.0,both,0.0,0.0
2021,inseason,Chumphon,ปทุมธานี1,56976.0,1872.0,both,-55104.0,55104.0
2021,inseason,Chumphon,พันธุ์พื้นเมือง,10409.0,342.0,both,-10067.0,10067.0
2021,inseason,Chumphon,ราชการไม่ไวต่อช่วงแสง,7974.0,262.0,both,-7712.0,7712.0
2021,inseason,Chumphon,ราชการไวต่อช่วงแสง,5509.0,181.0,both,-5328.0,5328.0
2021,inseason,Chumphon,สุพรรณบุรี1,0.0,0.0,both,0.0,0.0
2021,inseason,Chumphon,"สุพรรณบุรี60,90",0.0,0.0,both,0.0,0.0
2021,inseason,Chumphon,หอมสุพรรณบุรี,0.0,0.0,both,0.0,0.0
2021,inseason,Kalasin,กข15,180684.0,5919.0,both,-174765.0,174765.0
2021,inseason,Kalasin,กข6,31369488.0,1027451.0,both,-30342037.0,30342037.0
2021,inseason,Kalasin,ขาวดอกมะลิ105,12964768.0,424637.0,both,-12540131.0,12540131.0
2021,inseason,Kalasin,คลองหลวง1,0.0,0.0,both,0.0,0.0
2021,inseason,Kalasin,ชัยนาท1,29951.0,981.0,both,-28970.0,28970.0
2021,inseason,Kalasin,ปทุมธานี1,0.0,0.0,both,0.0,0.0
2021,inseason,Kalasin,พันธุ์พื้นเมือง,106707.0,3495.0,both,-103212.0,103212.0
2021,inseason,Kalasin,ราชการไม่ไวต่อช่วงแสง,875700.0,28681.0,both,-847019.0,847019.0
2021,inseason,Kalasin,ราชการไวต่อช่วงแสง,584003.0,19127.0,both,-564876.0,564876.0
2021,inseason,Kalasin,สุพรรณบุรี1,0.0,0.0,both,0.0,0.0
2021,inseason,Kalasin,"สุพรรณบุรี60,90",0.0,0.0,both,0.0,0.0
2021,inseason,Kalasin,หอมสุพรรณบุรี,0.0,0.0,both,0.0,0.0
2021,inseason,Kamphaeng Phet,กข15,8547.0,278.0,both,-8269.0,8269.0
2021,inseason,Kamphaeng Phet,กข6,143179.0,4658.0,both,-138521.0,138521.0
2021,inseason,Kamphaeng Phet,ขาวดอกมะลิ105,3276265.0,106563.0,both,-3169702.0,3169702.0
2021,inseason,Kamphaeng Phet,คลองหลวง1,0.0,0.0,both,0.0,0.0
2021,inseason,Kamphaeng Phet,ชัยนาท1,43719.0,1422.0,both,-42297.0,42297.0
2021,inseason,Kamphaeng Phet,ปทุมธานี1,685303.0,22290.0,both,-663013.0,663013.0
2021,inseason,Kamphaeng Phet,พันธุ์พื้นเมือง,63642.0,2071.0,both,-61571.0,61571.0
2021,inseason,Kamphaeng Phet,ราชการไม่ไวต่อช่วงแสง,33491613.0,1089340.0,both,-32402273.0,32402273.0
2021,inseason,Kamphaeng Phet,ราชการไวต่อช่วงแสง,315657.0,10266.0,both,-305391.0,305391.0
2021,inseason,Kamphaeng Phet,สุพรรณบุรี1,220902.0,7185.0,both,-213717.0,213717.0
2021,inseason,Kamphaeng Phet,"สุพรรณบุรี60,90",39353.0,1280.0,both,-38073.0,38073.0
2021,inseason,Kamphaeng Phet,หอมสุพรรณบุรี,7225.0,235.0,both,-6990.0,6990.0
2021,inseason,Kanchanaburi,กข15,0.0,0.0,both,0.0,0.0
2021,inseason,Kanchanaburi,กข6,0.0,0.0,both,0.0,0.0
2021,inseason,Kanchanaburi,ขาวดอกมะลิ105,3773909.0,122418.0,both,-3651491.0,3651491.0
2021,inseason,Kanchanaburi,คลองหลวง1,0.0,0.0,both,0.0,0.0
2021,inseason,Kanchanaburi,ชัยนาท1,41895.0,1359.0,both,-40536.0,40536.0
2021,inseason,Kanchanaburi,ปทุมธานี1,3359892.0,108989.0,both,-3250903.0,3250903.0
2021,inseason,Kanchanaburi,พันธุ์พื้นเมือง,150070.0,4868.0,both,-145202.0,145202.0
2021,inseason,Kanchanaburi,ราชการไม่ไวต่อช่วงแสง,1339869.0,43462.0,both,-1296407.0,1296407.0
2021,inseason,Kanchanaburi,ราชการไวต่อช่วงแสง,52438.0,1701.0,both,-50737.0,50737.0
2021,inseason,Kanchanaburi,สุพรรณบุรี1,2383514.0,77318.0,both,-2306196.0,2306196.0
2021,inseason,Kanchanaburi,"สุพรรณบุรี60,90",3514.0,114.0,both,-3400.0,3400.0
2021,inseason,Kanchanaburi,หอมสุพรรณบุรี,171217.0,5553.0,both,-165664.0,165664.0
2021,inseason,Khon Kaen,กข15,126849.0,4173.0,both,-122676.0,122676.0
2021,inseason,Khon Kaen,กข6,50923132.0,1675242.0,both,-49247890.0,49247890.0
2021,inseason,Khon Kaen,ขาวดอกมะลิ105,19785160.0,650882.0,both,-19134278.0,19134278.0
2021,inseason,Khon Kaen,คลองหลวง1,0.0,0.0,both,0.0,0.0
2021,inseason,Khon Kaen,ชัยนาท1,0.0,0.0,both,0.0,0.0
2021,inseason,Khon Kaen,ปทุมธานี1,0.0,0.0,both,0.0,0.0
2021,inseason,Khon Kaen,พันธุ์พื้นเมือง,247739.0,8150.0,both,-239589.0,239589.0
2021,inseason,Khon Kaen,ราชการไม่ไวต่อช่วงแสง,545270.0,17937.0,both,-527333.0,527333.0
2021,inseason,Khon Kaen,ราชการไวต่อช่วงแสง,1296725.0,42660.0,both,-1254065.0,1254065.0
2021,inseason,Khon Kaen,สุพรรณบุรี1,0.0,0.0,both,0.0,0.0
2021,inseason,Khon Kaen,"สุพรรณบุรี60,90",0.0,0.0,both,0.0,0.0
2021,inseason,Khon Kaen,หอมสุพรรณบุรี,0.0,0.0,both,0.0,0.0
2021,inseason,Krabi,กข15,0.0,0.0,both,0.0,0.0
2021,inseason,Krabi,กข6,0.0,0.0,both,0.0,0.0
2021,inseason,Krabi,ขาวดอกมะลิ105,55569.0,1827.0,both,-53742.0,53742.0
2021,inseason,Krabi,คลองหลวง1,0.0,0.0,both,0.0,0.0
2021,inseason,Krabi,ชัยนาท1,0.0,0.0,both,0.0,0.0
2021,inseason,Krabi,ปทุมธานี1,0.0,0.0,both,0.0,0.0
2021,inseason,Krabi,พันธุ์พื้นเมือง,99215.0,3262.0,both,-95953.0,95953.0
2021,inseason,Krabi,ราชการไม่ไวต่อช่วงแสง,1308.0,43.0,both,-1265.0,1265.0
2021,inseason,Krabi,ราชการไวต่อช่วงแสง,79597.0,2616.0,both,-76981.0,76981.0
2021,inseason,Krabi,สุพรรณบุรี1,0.0,0.0,both,0.0,0.0
2021,inseason,Krabi,"สุพรรณบุรี60,90",0.0,0.0,both,0.0,0.0
2021,inseason,Krabi,หอมสุพรรณบุรี,0.0,0.0,both,0.0,0.0
2021,inseason,Lampang,กข15,6884.0,224.0,both,-6660.0,6660.0
2021,inseason,Lampang,กข6,6164237.0,200576.0,both,-5963661.0,5963661.0
2021,inseason,Lampang,ขาวดอกมะลิ105,1637675.0,53289.0,both,-1584386.0,1584386.0
2021,inseason,Lampang,คลองหลวง1,0.0,0.0,both,0.0,0.0
2021,inseason,Lampang,ชัยนาท1,0.0,0.0,both,0.0,0.0
2021,inseason,Lampang,ปทุมธานี1,35680.0,1161.0,both,-34519.0,34519.0
2021,inseason,Lampang,พันธุ์พื้นเมือง,132765.0,4321.0,both,-128444.0,128444.0
2021,inseason,Lampang,ราชการไม่ไวต่อช่วงแสง,4258175.0,138555.0,both,-4119620.0,4119620.0
2021,inseason,Lampang,ราชการไวต่อช่วงแสง,1573905.0,51215.0,both,-1522690.0,1522690.0
2021,inseason,Lampang,สุพรรณบุรี1,0.0,0.0,both,0.0,0.0
2021,inseason,Lampang,"สุพรรณบุรี60,90",0.0,0.0,both,0.0,0.0
2021,inseason,Lampang,หอมสุพรรณบุรี,0.0,0.0,both,0.0,0.0
2021,inseason,Lamphun,กข15,3523.0,115.0,both,-3408.0,3408.0
2021,inseason,Lamphun,กข6,759695.0,24796.0,both,-734899.0,734899.0
2021,inseason,Lamphun,ขาวดอกมะลิ105,131411.0,4289.0,both,-127122.0,127122.0
2021,inseason,Lamphun,คลองหลวง1,0.0,0.0,both,0.0,0.0
2021,inseason,Lamphun,ชัยนาท1,0.0,0.0,both,0.0,0.0
2021,inseason,Lamphun,ปทุมธานี1,4657.0,152.0,both,-4505.0,4505.0
2021,inseason,Lamphun,พันธุ์พื้นเมือง,40076.0,1308.0,both,-38768.0,38768.0
2021,inseason,Lamphun,ราชการไม่ไวต่อช่วงแสง,1487955.0,48565.0,both,-1439390.0,1439390.0
2021,inseason,Lamphun,ราชการไวต่อช่วงแสง,657238.0,21451.0,both,-635787.0,635787.0
2021,inseason,Lamphun,สุพรรณบุรี1,0.0,0.0,both,0.0,0.0
2021,inseason,Lamphun,"สุพรรณบุรี60,90",0.0,0.0,both,0.0,0.0
2021,inseason,Lamphun,หอมสุพรรณบุรี,0.0,0.0,both,0.0,0.0
2021,inseason,Loei,กข15,0.0,0.0,both,0.0,0.0
2021,inseason,Loei,กข6,9931985.0,324344.0,both,-9607641.0,9607641.0
2021,inseason,Loei,ขาวดอกมะลิ105,312587.0,10208.0,both,-302379.0,302379.0
2021,inseason,Loei,คลองหลวง1,0.0,0.0,both,0.0,0.0
2021,inseason,Loei,ชัยนาท1,0.0,0.0,both,0.0,0.0
2021,inseason,Loei,ปทุมธานี1,0.0,0.0,both,0.0,0.0
2021,inseason,Loei,พันธุ์พื้นเมือง,1143539.0,37344.0,both,-1106195.0,1106195.0
2021,inseason,Loei,ราชการไม่ไวต่อช่วงแสง,925145.0,30211.0,both,-894934.0,894934.0
2021,inseason,Loei,ราชการไวต่อช่วงแสง,1051888.0,34351.0,both,-1017537.0,1017537.0
2021,inseason,Loei,สุพรรณบุรี1,0.0,0.0,both,0.0,0.0
2021,inseason,Loei,"สุพรรณบุรี60,90",0.0,0.0,both,0.0,0.0
2021,inseason,Loei,หอมสุพรรณบุรี,0.0,0.0,both,0.0,0.0
2021,inseason,Lop Buri,กข15,0.0,0.0,both,0.0,0.0
2021,inseason,Lop Buri,กข6,0.0,0.0,both,0.0,0.0
2021,inseason,Lop Buri,ขาวดอกมะลิ105,7820411.0,256329.0,both,-7564082.0,7564082.0
2021,inseason,Lop Buri,คลองหลวง1,0.0,0.0,both,0.0,0.0
2021,inseason,Lop Buri,ชัยนาท1,798431.0,26170.0,both,-772261.0,772261.0
2021,inseason,Lop Buri,ปทุมธานี1,6573797.0,215467.0,both,-6358330.0,6358330.0
2021,inseason,Lop Buri,พันธุ์พื้นเมือง,290816.0,9531.0,both,-281285.0,281285.0
2021,inseason,Lop Buri,ราชการไม่ไวต่อช่วงแสง,8417784.0,275909.0,both,-8141875.0,8141875.0
2021,inseason,Lop Buri,ราชการไวต่อช่วงแสง,62605.0,2053.0,both,-60552.0,60552.0
2021,inseason,Lop Buri,สุพรรณบุรี1,278307.0,9122.0,both,-269185.0,269185.0
2021,inseason,Lop Buri,"สุพรรณบุรี60,90",0.0,0.0,both,0.0,0.0
2021,inseason,Lop Buri,หอมสุพรรณบุรี,0.0,0.0,both,0.0,0.0
2021,inseason,Mae Hong Son,กข15,0.0,0.0,both,0.0,0.0
2021,inseason,Mae Hong Son,กข6,82926.0,2705.0,both,-80221.0,80221.0
2021,inseason,Mae Hong Son,ขาวดอกมะลิ105,1213330.0,39579.0,both,-1173751.0,1173751.0
2021,inseason,Mae Hong Son,คลองหลวง1,0.0,0.0,both,0.0,0.0
2021,inseason,Mae Hong Son,ชัยนาท1,0.0,0.0,both,0.0,0.0
2021,inseason,Mae Hong Son,ปทุมธานี1,0.0,0.0,both,0.0,0.0
2021,inseason,Mae Hong Son,พันธุ์พื้นเมือง,3001074.0,97892.0,both,-2903182.0,2903182.0
2021,inseason,Mae Hong Son,ราชการไม่ไวต่อช่วงแสง,2251825.0,73453.0,both,-2178372.0,2178372.0
2021,inseason,Mae Hong Son,ราชการไวต่อช่วงแสง,193382.0,6308.0,both,-187074.0,187074.0
2021,inseason,Mae Hong Son,สุพรรณบุรี1,0.0,0.0,both,0.0,0.0
2021,inseason,Mae Hong Son,"สุพรรณบุรี60,90",0.0,0.0,both,0.0,0.0
2021,inseason,Mae Hong Son,หอมสุพรรณบุรี,0.0,0.0,both,0.0,0.0
2021,inseason,Maha Sarakham,กข15,1201759.0,39542.0,both,-1162217.0,1162217.0
2021,inseason,Maha Sarakham,กข6,30013132.0,987533.0,both,-29025599.0,29025599.0
2021,inseason,Maha Sarakham,ขาวดอกมะลิ105,32540103.0,1070679.0,both,-31469424.0,31469424.0
2021,inseason,Maha Sarakham,คลองหลวง1,0.0,0.0,both,0.0,0.0
2021,inseason,Maha Sarakham,ชัยนาท1,30301.0,997.0,both,-29304.0,29304.0
2021,inseason,Maha Sarakham,ปทุมธานี1,0.0,0.0,both,0.0,0.0
2021,inseason,Maha Sarakham,พันธุ์พื้นเมือง,50815.0,1672.0,both,-49143.0,49143.0
2021,inseason,Maha Sarakham,ราชการไม่ไวต่อช่วงแสง,750317.0,24688.0,both,-725629.0,725629.0
2021,inseason,Maha Sarakham,ราชการไวต่อช่วงแสง,32367.0,1065.0,both,-31302.0,31302.0
2021,inseason,Maha Sarakham,สุพรรณบุรี1,0.0,0.0,both,0.0,0.0
2021,inseason,Maha Sarakham,"สุพรรณบุรี60,90",0.0,0.0,both,0.0,0.0
2021,inseason,Maha Sarakham,หอมสุพรรณบุรี,0.0,0.0,both,0.0,0.0
2021,inseason,Mukdahan,กข15,39426.0,1288.0,both,-38138.0,38138.0
2021,inseason,Mukdahan,กข6,10044199.0,328136.0,both,-9716063.0,9716063.0
2021,inseason,Mukdahan,ขาวดอกมะลิ105,3496147.0,114215.0,both,-3381932.0,3381932.0
2021,inseason,Mukdahan,คลองหลวง1,0.0,0.0,both,0.0,0.0
2021,inseason,Mukdahan,ชัยนาท1,1500.0,49.0,both,-1451.0,1451.0
2021,inseason,Mukdahan,ปทุมธานี1,53384.0,1745.0,both,-51639.0,51639.0
2021,inseason,Mukdahan,พันธุ์พื้นเมือง,47905.0,1565.0,both,-46340.0,46340.0
2021,inseason,Mukdahan,ราชการไม่ไวต่อช่วงแสง,36456.0,1191.0,both,-35265.0,35265.0
2021,inseason,Mukdahan,ราชการไวต่อช่วงแสง,442314.0,14449.0,both,-427865.0,427865.0
2021,inseason,Mukdahan,สุพรรณบุรี1,0.0,0.0,both,0.0,0.0
2021,inseason,Mukdahan,"สุพรรณบุรี60,90",0.0,0.0,both,0.0,0.0
2021,inseason,Mukdahan,หอมสุพรรณบุรี,0.0,0.0,both,0.0,0.0
2021,inseason,Nakhon Nayok,กข15,0.0,0.0,both,0.0,0.0
2021,inseason,Nakhon Nayok,กข6,0.0,0.0,both,0.0,0.0
2021,inseason,Nakhon Nayok,ขาวดอกมะลิ105,997634.0,32604.0,both,-965030.0,965030.0
2021,inseason,Nakhon Nayok,คลองหลวง1,0.0,0.0,both,0.0,0.0
2021,inseason,Nakhon Nayok,ชัยนาท1,89865.0,2937.0,both,-86928.0,86928.0
2021,inseason,Nakhon Nayok,ปทุมธานี1,342662.0,11198.0,both,-331464.0,331464.0
2021,inseason,Nakhon Nayok,พันธุ์พื้นเมือง,801992.0,26210.0,both,-775782.0,775782.0
2021,inseason,Nakhon Nayok,ราชการไม่ไวต่อช่วงแสง,6697163.0,218879.0,both,-6478284.0,6478284.0
2021,inseason,Nakhon Nayok,ราชการไวต่อช่วงแสง,1999061.0,65334.0,both,-1933727.0,1933727.0
2021,inseason,Nakhon Nayok,สุพรรณบุรี1,257815.0,8426.0,both,-249389.0,249389.0
2021,inseason,Nakhon Nayok,"สุพรรณบุรี60,90",11168.0,365.0,both,-10803.0,10803.0
2021,inseason,Nakhon Nayok,หอมสุพรรณบุรี,0.0,0.0,both,0.0,0.0
2021,inseason,Nakhon Pathom,กข15,0.0,0.0,both,0.0,0.0
2021,inseason,Nakhon Pathom,กข6,0.0,0.0,both,0.0,0.0
2021,inseason,Nakhon Pathom,ขาวดอกมะลิ105,30584.0,996.0,both,-29588.0,29588.0
2021,inseason,Nakhon Pathom,คลองหลวง1,0.0,0.0,both,0.0,0.0
2021,inseason,Nakhon Pathom,ชัยนาท1,11577.0,377.0,both,-11200.0,11200.0
2021,inseason,Nakhon Pathom,ปทุมธานี1,683421.0,22256.0,both,-661165.0,661165.0
2021,inseason,Nakhon Pathom,พันธุ์พื้นเมือง,5681.0,185.0,both,-5496.0,5496.0
2021,inseason,Nakhon Pathom,ราชการไม่ไวต่อช่วงแสง,7417314.0,241548.0,both,-7175766.0,7175766.0
2021,inseason,Nakhon Pathom,ราชการไวต่อช่วงแสง,60862.0,1982.0,both,-58880.0,58880.0
2021,inseason,Nakhon Pathom,สุพรรณบุรี1,84445.0,2750.0,both,-81695.0,81695.0
2021,inseason,Nakhon Pathom,"สุพรรณบุรี60,90",0.0,0.0,both,0.0,0.0
2021,inseason,Nakhon Pathom,หอมสุพรรณบุรี,0.0,0.0,both,0.0,0.0
2021,inseason,Nakhon Phanom,กข15,1886382.0,61766.0,both,-1824616.0,1824616.0
2021,inseason,Nakhon Phanom,กข6,22187363.0,726483.0,both,-21460880.0,21460880.0
2021,inseason,Nakhon Phanom,ขาวดอกมะลิ105,18809827.0,615891.0,both,-18193936.0,18193936.0
2021,inseason,Nakhon Phanom,คลองหลวง1,0.0,0.0,both,0.0,0.0
2021,inseason,Nakhon Phanom,ชัยนาท1,0.0,0.0,both,0.0,0.0
2021,inseason,Nakhon Phanom,ปทุมธานี1,30327.0,993.0,both,-29334.0,29334.0
2021,inseason,Nakhon Phanom,พันธุ์พื้นเมือง,597164.0,19554.0,both,-577610.0,577610.0
2021,inseason,Nakhon Phanom,ราชการไม่ไวต่อช่วงแสง,1268451.0,41532.0,both,-1226919.0,1226919.0
2021,inseason,Nakhon Phanom,ราชการไวต่อช่วงแสง,414469.0,13572.0,both,-400897.0,400897.0
2021,inseason,Nakhon Phanom,สุพรรณบุรี1,0.0,0.0,both,0.0,0.0
2021,inseason,Nakhon Phanom,"สุพรรณบุรี60,90",0.0,0.0,both,0.0,0.0
2021,inseason,Nakhon Phanom,หอมสุพรรณบุรี,0.0,0.0,both,0.0,0.0
2021,inseason,Nakhon Ratchasima,กข15,1103608.0,36237.0,both,-1067371.0,1067371.0
2021,inseason,Nakhon Ratchasima,กข6,3623791.0,118985.0,both,-3504806.0,3504806.0
2021,inseason,Nakhon Ratchasima,ขาวดอกมะลิ105,92477666.0,3036422.0,both,-89441244.0,89441244.0
2021,inseason,Nakhon Ratchasima,คลองหลวง1,0.0,0.0,both,0.0,0.0
2021,inseason,Nakhon Ratchasima,ชัยนาท1,1287989.0,42291.0,both,-1245698.0,1245698.0
2021,inseason,Nakhon Ratchasima,ปทุมธานี1,656147.0,21543.0,both,-634604.0,634604.0
2021,inseason,Nakhon Ratchasima,พันธุ์พื้นเมือง,1958054.0,64292.0,both,-1893762.0,1893762.0
2021,inseason,Nakhon Ratchasima,ราชการไม่ไวต่อช่วงแสง,5383180.0,176751.0,both,-5206429.0,5206429.0
2021,inseason,Nakhon Ratchasima,ราชการไวต่อช่วงแสง,2467920.0,81032.0,both,-2386888.0,2386888.0
2021,inseason,Nakhon Ratchasima,สุพรรณบุรี1,191813.0,6299.0,both,-185514.0,185514.0
2021,inseason,Nakhon Ratchasima,"สุพรรณบุรี60,90",109307.0,3589.0,both,-105718.0,105718.0
2021,inseason,Nakhon Ratchasima,หอมสุพรรณบุรี,12122.0,398.0,both,-11724.0,11724.0
2021,inseason,Nakhon Sawan,กข15,0.0,0.0,both,0.0,0.0
2021,inseason,Nakhon Sawan,กข6,122019.0,3976.0,both,-118043.0,118043.0
2021,inseason,Nakhon Sawan,ขาวดอกมะลิ105,23660895.0,770996.0,both,-22889899.0,22889899.0
2021,inseason,Nakhon Sawan,คลองหลวง1,0.0,0.0,both,0.0,0.0
2021,inseason,Nakhon Sawan,ชัยนาท1,283042.0,9225.0,both,-273817.0,273817.0
2021,inseason,Nakhon Sawan,ปทุมธานี1,1808121.0,58919.0,both,-1749202.0,1749202.0
2021,inseason,Nakhon Sawan,พันธุ์พื้นเมือง,149055.0,4857.0,both,-144198.0,144198.0
2021,inseason,Nakhon Sawan,ราชการไม่ไวต่อช่วงแสง,53367294.0,1738984.0,both,-51628310.0,51628310.0
2021,inseason,Nakhon Sawan,ราชการไวต่อช่วงแสง,403343.0,13143.0,both,-390200.0,390200.0
2021,inseason,Nakhon Sawan,สุพรรณบุรี1,277181.0,9031.0,both,-268150.0,268150.0
2021,inseason,Nakhon Sawan,"สุพรรณบุรี60,90",125394.0,4086.0,both,-121308.0,121308.0
2021,inseason,Nakhon Sawan,หอมสุพรรณบุรี,202055.0,6584.0,both,-195471.0,195471.0
2021,inseason,Nakhon Si Thammarat,กข15,0.0,0.0,both,0.0,0.0
2021,inseason,Nakhon Si Thammarat,กข6,0.0,0.0,both,0.0,0.0
2021,inseason,Nakhon Si Thammarat,ขาวดอกมะลิ105,81275.0,1968.0,both,-79307.0,79307.0
2021,inseason,Nakhon Si Thammarat,คลองหลวง1,0.0,0.0,both,0.0,0.0
2021,inseason,Nakhon Si Thammarat,ชัยนาท1,73567.0,1779.0,both,-71788.0,71788.0
2021,inseason,Nakhon Si Thammarat,ปทุมธานี1,1147366.0,27764.0,both,-1119602.0,1119602.0
2021,inseason,Nakhon Si Thammarat,พันธุ์พื้นเมือง,518507.0,12547.0,both,-505960.0,505960.0
2021,inseason,Nakhon Si Thammarat,ราชการไม่ไวต่อช่วงแสง,3898796.0,94344.0,both,-3804452.0,3804452.0
2021,inseason,Nakhon Si Thammarat,ราชการไวต่อช่วงแสง,1027526.0,24865.0,both,-1002661.0,1002661.0
2021,inseason,Nakhon Si Thammarat,สุพรรณบุรี1,0.0,0.0,both,0.0,0.0
2021,inseason,Nakhon Si Thammarat,"สุพรรณบุรี60,90",0.0,0.0,both,0.0,0.0
2021,inseason,Nakhon Si Thammarat,หอมสุพรรณบุรี,0.0,0.0,both,0.0,0.0
2021,inseason,Nan,กข15,0.0,0.0,both,0.0,0.0
2021,inseason,Nan,กข6,2005430.0,65568.0,both,-1939862.0,1939862.0
2021,inseason,Nan,ขาวดอกมะลิ105,257679.0,8424.0,both,-249255.0,249255.0
2021,inseason,Nan,คลองหลวง1,0.0,0.0,both,0.0,0.0
2021,inseason,Nan,ชัยนาท1,0.0,0.0,both,0.0,0.0
2021,inseason,Nan,ปทุมธานี1,0.0,0.0,both,0.0,0.0
2021,inseason,Nan,พันธุ์พื้นเมือง,2761491.0,90289.0,both,-2671202.0,2671202.0
2021,inseason,Nan,ราชการไม่ไวต่อช่วงแสง,3950392.0,129162.0,both,-3821230.0,3821230.0
2021,inseason,Nan,ราชการไวต่อช่วงแสง,1314789.0,42988.0,both,-1271801.0,1271801.0
2021,inseason,Nan,สุพรรณบุรี1,0.0,0.0,both,0.0,0.0
2021,inseason,Nan,"สุพรรณบุรี60,90",0.0,0.0,both,0.0,0.0
2021,inseason,Nan,หอมสุพรรณบุรี,0.0,0.0,both,0.0,0.0
2021,inseason,Narathiwat,กข15,0.0,0.0,both,0.0,0.0
2021,inseason,Narathiwat,กข6,0.0,0.0,both,0.0,0.0
2021,inseason,Narathiwat,ขาวดอกมะลิ105,0.0,0.0,both,0.0,0.0
2021,inseason,Narathiwat,คลองหลวง1,0.0,0.0,both,0.0,0.0
2021,inseason,Narathiwat,ชัยนาท1,0.0,0.0,both,0.0,0.0
2021,inseason,Narathiwat,ปทุมธานี1,0.0,0.0,both,0.0,0.0
2021,inseason,Narathiwat,พันธุ์พื้นเมือง,602007.0,15830.0,both,-586177.0,586177.0
2021,inseason,Narathiwat,ราชการไม่ไวต่อช่วงแสง,376687.0,9907.0,both,-366780.0,366780.0
2021,inseason,Narathiwat,ราชการไวต่อช่วงแสง,85279.0,2242.0,both,-83037.0,83037.0
2021,inseason,Narathiwat,สุพรรณบุรี1,0.0,0.0,both,0.0,0.0
2021,inseason,Narathiwat,"สุพรรณบุรี60,90",0.0,0.0,both,0.0,0.0
2021,inseason,Narathiwat,หอมสุพรรณบุรี,0.0,0.0,both,0.0,0.0
2021,inseason,Nong Bua Lam Phu,กข15,166131.0,5425.0,both,-160706.0,160706.0
2021,inseason,Nong Bua Lam Phu,กข6,17040979.0,556473.0,both,-16484506.0,16484506.0
2021,inseason,Nong Bua Lam Phu,ขาวดอกมะลิ105,4568031.0,149169.0,both,-4418862.0,4418862.0
2021,inseason,Nong Bua Lam Phu,คลองหลวง1,0.0,0.0,both,0.0,0.0
2021,inseason,Nong Bua Lam Phu,ชัยนาท1,25509.0,833.0,both,-24676.0,24676.0
2021,inseason,Nong Bua Lam Phu,ปทุมธานี1,0.0,0.0,both,0.0,0.0
2021,inseason,Nong Bua Lam Phu,พันธุ์พื้นเมือง,124881.0,4078.0,both,-120803.0,120803.0
2021,inseason,Nong Bua Lam Phu,ราชการไม่ไวต่อช่วงแสง,231695.0,7564.0,both,-224131.0,224131.0
2021,inseason,Nong Bua Lam Phu,ราชการไวต่อช่วงแสง,223580.0,7301.0,both,-216279.0,216279.0
2021,inseason,Nong Bua Lam Phu,สุพรรณบุรี1,0.0,0.0,both,0.0,0.0
2021,inseason,Nong Bua Lam Phu,"สุพรรณบุรี60,90",0.0,0.0,both,0.0,0.0
2021,inseason,Nong Bua Lam Phu,หอมสุพรรณบุรี,0.0,0.0,both,0.0,0.0
2021,inseason,Nong Khai,กข15,590263.0,19253.0,both,-571010.0,571010.0
2021,inseason,Nong Khai,กข6,13002105.0,424054.0,both,-12578051.0,12578051.0
2021,inseason,Nong Khai,ขาวดอกมะลิ105,3597568.0,117332.0,both,-3480236.0,3480236.0
2021,inseason,Nong Khai,คลองหลวง1,0.0,0.0,both,0.0,0.0
2021,inseason,Nong Khai,ชัยนาท1,0.0,0.0,both,0.0,0.0
2021,inseason,Nong Khai,ปทุมธานี1,0.0,0.0,both,0.0,0.0
2021,inseason,Nong Khai,พันธุ์พื้นเมือง,124056.0,4046.0,both,-120010.0,120010.0
2021,inseason,Nong Khai,ราชการไม่ไวต่อช่วงแสง,356899.0,11640.0,both,-345259.0,345259.0
2021,inseason,Nong Khai,ราชการไวต่อช่วงแสง,901170.0,29391.0,both,-871779.0,871779.0
2021,inseason,Nong Khai,สุพรรณบุรี1,0.0,0.0,both,0.0,0.0
2021,inseason,Nong Khai,"สุพรรณบุรี60,90",0.0,0.0,both,0.0,0.0
2021,inseason,Nong Khai,หอมสุพรรณบุรี,0.0,0.0,both,0.0,0.0
2021,inseason,Nonthaburi,กข15,0.0,0.0,both,0.0,0.0
2021,inseason,Nonthaburi,กข6,0.0,0.0,both,0.0,0.0
2021,inseason,Nonthaburi,ขาวดอกมะลิ105,0.0,0.0,both,0.0,0.0
2021,inseason,Nonthaburi,คลองหลวง1,0.0,0.0,both,0.0,0.0
2021,inseason,Nonthaburi,ชัยนาท1,0.0,0.0,both,0.0,0.0
2021,inseason,Nonthaburi,ปทุมธานี1,36174.0,1178.0,both,-34996.0,34996.0
2021,inseason,Nonthaburi,พันธุ์พื้นเมือง,0.0,0.0,both,0.0,0.0
2021,inseason,Nonthaburi,ราชการไม่ไวต่อช่วงแสง,2573888.0,83818.0,both,-2490070.0,2490070.0
2021,inseason,Nonthaburi,ราชการไวต่อช่วงแสง,0.0,0.0,both,0.0,0.0
2021,inseason,Nonthaburi,สุพรรณบุรี1,5220.0,170.0,both,-5050.0,5050.0
2021,inseason,Nonthaburi,"สุพรรณบุรี60,90",0.0,0.0,both,0.0,0.0
2021,inseason,Nonthaburi,หอมสุพรรณบุรี,0.0,0.0,both,0.0,0.0
2021,inseason,Pathum Thani,กข15,0.0,0.0,both,0.0,0.0
2021,inseason,Pathum Thani,กข6,0.0,0.0,both,0.0,0.0
2021,inseason,Pathum Thani,ขาวดอกมะลิ105,0.0,0.0,both,0.0,0.0
2021,inseason,Pathum Thani,คลองหลวง1,0.0,0.0,both,0.0,0.0
2021,inseason,Pathum Thani,ชัยนาท1,0.0,0.0,both,0.0,0.0
2021,inseason,Pathum Thani,ปทุมธานี1,1139110.0,37171.0,both,-1101939.0,1101939.0
2021,inseason,Pathum Thani,พันธุ์พื้นเมือง,0.0,0.0,both,0.0,0.0
2021,inseason,Pathum Thani,ราชการไม่ไวต่อช่วงแสง,8649934.0,282255.0,both,-8367679.0,8367679.0
2021,inseason,Pathum Thani,ราชการไวต่อช่วงแสง,8306.0,271.0,both,-8035.0,8035.0
2021,inseason,Pathum Thani,สุพรรณบุรี1,75818.0,2474.0,both,-73344.0,73344.0
2021,inseason,Pathum Thani,"สุพรรณบุรี60,90",0.0,0.0,both,0.0,0.0
2021,inseason,Pathum Thani,หอมสุพรรณบุรี,0.0,0.0,both,0.0,0.0
2021,inseason,Pattani,กข15,0.0,0.0,both,0.0,0.0
2021,inseason,Pattani,กข6,0.0,0.0,both,0.0,0.0
2021,inseason,Pattani,ขาวดอกมะลิ105,0.0,0.0,both,0.0,0.0
2021,inseason,Pattani,คลองหลวง1,0.0,0.0,both,0.0,0.0
2021,inseason,Pattani,ชัยนาท1,3709.0,122.0,both,-3587.0,3587.0
2021,inseason,Pattani,ปทุมธานี1,0.0,0.0,both,0.0,0.0
2021,inseason,Pattani,พันธุ์พื้นเมือง,1404474.0,46195.0,both,-1358279.0,1358279.0
2021,inseason,Pattani,ราชการไม่ไวต่อช่วงแสง,637369.0,20962.0,both,-616407.0,616407.0
2021,inseason,Pattani,ราชการไวต่อช่วงแสง,250472.0,8239.0,both,-242233.0,242233.0
2021,inseason,Pattani,สุพรรณบุรี1,0.0,0.0,both,0.0,0.0
2021,inseason,Pattani,"สุพรรณบุรี60,90",0.0,0.0,both,0.0,0.0
2021,inseason,Pattani,หอมสุพรรณบุรี,0.0,0.0,both,0.0,0.0
2021,inseason,Phang-nga,กข15,0.0,0.0,both,0.0,0.0
2021,inseason,Phang-nga,กข6,0.0,0.0,both,0.0,0.0
2021,inseason,Phang-nga,ขาวดอกมะลิ105,9764.0,320.0,both,-9444.0,9444.0
2021,inseason,Phang-nga,คลองหลวง1,0.0,0.0,both,0.0,0.0
2021,inseason,Phang-nga,ชัยนาท1,0.0,0.0,both,0.0,0.0
2021,inseason,Phang-nga,ปทุมธานี1,22914.0,751.0,both,-22163.0,22163.0
2021,inseason,Phang-nga,พันธุ์พื้นเมือง,30084.0,986.0,both,-29098.0,29098.0
2021,inseason,Phang-nga,ราชการไม่ไวต่อช่วงแสง,13120.0,430.0,both,-12690.0,12690.0
2021,inseason,Phang-nga,ราชการไวต่อช่วงแสง,7658.0,251.0,both,-7407.0,7407.0
2021,inseason,Phang-nga,สุพรรณบุรี1,0.0,0.0,both,0.0,0.0
2021,inseason,Phang-nga,"สุพรรณบุรี60,90",0.0,0.0,both,0.0,0.0
2021,inseason,Phang-nga,หอมสุพรรณบุรี,0.0,0.0,both,0.0,0.0
2021,inseason,Phatthalung,กข15,0.0,0.0,both,0.0,0.0
2021,inseason,Phatthalung,กข6,0.0,0.0,both,0.0,0.0
2021,inseason,Phatthalung,ขาวดอกมะลิ105,19859.0,510.0,both,-19349.0,19349.0
2021,inseason,Phatthalung,คลองหลวง1,0.0,0.0,both,0.0,0.0
2021,inseason,Phatthalung,ชัยนาท1,67413.0,1733.0,both,-65680.0,65680.0
2021,inseason,Phatthalung,ปทุมธานี1,404718.0,10406.0,both,-394312.0,394312.0
2021,inseason,Phatthalung,พันธุ์พื้นเมือง,1533592.0,39433.0,both,-1494159.0,1494159.0
2021,inseason,Phatthalung,ราชการไม่ไวต่อช่วงแสง,1531817.0,39386.0,both,-1492431.0,1492431.0
2021,inseason,Phatthalung,ราชการไวต่อช่วงแสง,642546.0,16523.0,both,-626023.0,626023.0
2021,inseason,Phatthalung,สุพรรณบุรี1,0.0,0.0,both,0.0,0.0
2021,inseason,Phatthalung,"สุพรรณบุรี60,90",0.0,0.0,both,0.0,0.0
2021,inseason,Phatthalung,หอมสุพรรณบุรี,0.0,0.0,both,0.0,0.0
2021,inseason,Phayao,กข15,2699660.0,88054.0,both,-2611606.0,2611606.0
2021,inseason,Phayao,กข6,6070963.0,198016.0,both,-5872947.0,5872947.0
2021,inseason,Phayao,ขาวดอกมะลิ105,8712034.0,284162.0,both,-8427872.0,8427872.0
2021,inseason,Phayao,คลองหลวง1,0.0,0.0,both,0.0,0.0
2021,inseason,Phayao,ชัยนาท1,0.0,0.0,both,0.0,0.0
2021,inseason,Phayao,ปทุมธานี1,46356.0,1512.0,both,-44844.0,44844.0
2021,inseason,Phayao,พันธุ์พื้นเมือง,238035.0,7764.0,both,-230271.0,230271.0
2021,inseason,Phayao,ราชการไม่ไวต่อช่วงแสง,1079527.0,35211.0,both,-1044316.0,1044316.0
2021,inseason,Phayao,ราชการไวต่อช่วงแสง,802187.0,26164.0,both,-776023.0,776023.0
2021,inseason,Phayao,สุพรรณบุรี1,0.0,0.0,both,0.0,0.0
2021,inseason,Phayao,"สุพรรณบุรี60,90",0.0,0.0,both,0.0,0.0
2021,inseason,Phayao,หอมสุพรรณบุรี,0.0,0.0,both,0.0,0.0
2021,inseason,Phetchabun,กข15,0.0,0.0,both,0.0,0.0
2021,inseason,Phetchabun,กข6,1736248.0,56697.0,both,-1679551.0,1679551.0
2021,inseason,Phetchabun,ขาวดอกมะลิ105,7885923.0,257515.0,both,-7628408.0,7628408.0
2021,inseason,Phetchabun,คลองหลวง1,0.0,0.0,both,0.0,0.0
2021,inseason,Phetchabun,ชัยนาท1,589008.0,19233.0,both,-569775.0,569775.0
2021,inseason,Phetchabun,ปทุมธานี1,616232.0,20123.0,both,-596109.0,596109.0
2021,inseason,Phetchabun,พันธุ์พื้นเมือง,930580.0,30388.0,both,-900192.0,900192.0
2021,inseason,Phetchabun,ราชการไม่ไวต่อช่วงแสง,22382829.0,730908.0,both,-21651921.0,21651921.0
2021,inseason,Phetchabun,ราชการไวต่อช่วงแสง,3707346.0,121064.0,both,-3586282.0,3586282.0
2021,inseason,Phetchabun,สุพรรณบุรี1,144174.0,4708.0,both,-139466.0,139466.0
2021,inseason,Phetchabun,"สุพรรณบุรี60,90",37238.0,1216.0,both,-36022.0,36022.0
2021,inseason,Phetchabun,หอมสุพรรณบุรี,0.0,0.0,both,0.0,0.0
2021,inseason,Phetchaburi,กข15,0.0,0.0,both,0.0,0.0
2021,inseason,Phetchaburi,กข6,0.0,0.0,both,0.0,0.0
2021,inseason,Phetchaburi,ขาวดอกมะลิ105,18914.0,615.0,both,-18299.0,18299.0
2021,inseason,Phetchaburi,คลองหลวง1,0.0,0.0,both,0.0,0.0
2021,inseason,Phetchaburi,ชัยนาท1,1285168.0,41790.0,both,-1243378.0,1243378.0
2021,inseason,Phetchaburi,ปทุมธานี1,547399.0,17800.0,both,-529599.0,529599.0
2021,inseason,Phetchaburi,พันธุ์พื้นเมือง,52898.0,1719.0,both,-51179.0,51179.0
2021,inseason,Phetchaburi,ราชการไม่ไวต่อช่วงแสง,5180251.0,168440.0,both,-5011811.0,5011811.0
2021,inseason,Phetchaburi,ราชการไวต่อช่วงแสง,134151.0,4362.0,both,-129789.0,129789.0
2021,inseason,Phetchaburi,สุพรรณบุรี1,1385150.0,45038.0,both,-1340112.0,1340112.0
2021,inseason,Phetchaburi,"สุพรรณบุรี60,90",4490.0,146.0,both,-4344.0,4344.0
2021,inseason,Phetchaburi,หอมสุพรรณบุรี,0.0,0.0,both,0.0,0.0
2021,inseason,Phichit,กข15,504435.0,16431.0,both,-488004.0,488004.0
2021,inseason,Phichit,กข6,0.0,0.0,both,0.0,0.0
2021,inseason,Phichit,ขาวดอกมะลิ105,17369666.0,565782.0,both,-16803884.0,16803884.0
2021,inseason,Phichit,คลองหลวง1,0.0,0.0,both,0.0,0.0
2021,inseason,Phichit,ชัยนาท1,143524.0,4674.0,both,-138850.0,138850.0
2021,inseason,Phichit,ปทุมธานี1,623245.0,20301.0,both,-602944.0,602944.0
2021,inseason,Phichit,พันธุ์พื้นเมือง,207318.0,6753.0,both,-200565.0,200565.0
2021,inseason,Phichit,ราชการไม่ไวต่อช่วงแสง,31318835.0,1020151.0,both,-30298684.0,30298684.0
2021,inseason,Phichit,ราชการไวต่อช่วงแสง,4183858.0,136282.0,both,-4047576.0,4047576.0
2021,inseason,Phichit,สุพรรณบุรี1,745463.0,24283.0,both,-721180.0,721180.0
2021,inseason,Phichit,"สุพรรณบุรี60,90",257667.0,8393.0,both,-249274.0,249274.0
2021,inseason,Phichit,หอมสุพรรณบุรี,38682.0,1261.0,both,-37421.0,37421.0
2021,inseason,Phitsanulok,กข15,145818.0,4767.0,both,-141051.0,141051.0
2021,inseason,Phitsanulok,กข6,2132080.0,69700.0,both,-2062380.0,2062380.0
2021,inseason,Phitsanulok,ขาวดอกมะลิ105,8445945.0,276112.0,both,-8169833.0,8169833.0
2021,inseason,Phitsanulok,คลองหลวง1,0.0,0.0,both,0.0,0.0
2021,inseason,Phitsanulok,ชัยนาท1,359206.0,11743.0,both,-347463.0,347463.0
2021,inseason,Phitsanulok,ปทุมธานี1,1196884.0,39128.0,both,-1157756.0,1157756.0
2021,inseason,Phitsanulok,พันธุ์พื้นเมือง,496000.0,16215.0,both,-479785.0,479785.0
2021,inseason,Phitsanulok,ราชการไม่ไวต่อช่วงแสง,29138327.0,952578.0,both,-28185749.0,28185749.0
2021,inseason,Phitsanulok,ราชการไวต่อช่วงแสง,2587458.0,84587.0,both,-2502871.0,2502871.0
2021,inseason,Phitsanulok,สุพรรณบุรี1,467766.0,15293.0,both,-452473.0,452473.0
2021,inseason,Phitsanulok,"สุพรรณบุรี60,90",655766.0,21438.0,both,-634328.0,634328.0
2021,inseason,Phitsanulok,หอมสุพรรณบุรี,0.0,0.0,both,0.0,0.0
2021,inseason,Phra Nakhon Si Ayutthaya,กข15,0.0,0.0,both,0.0,0.0
2021,inseason,Phra Nakhon Si Ayutthaya,กข6,0.0,0.0,both,0.0,0.0
2021,inseason,Phra Nakhon Si Ayutthaya,ขาวดอกมะลิ105,200553.0,6513.0,both,-194040.0,194040.0
2021,inseason,Phra Nakhon Si Ayutthaya,คลองหลวง1,0.0,0.0,both,0.0,0.0
2021,inseason,Phra Nakhon Si Ayutthaya,ชัยนาท1,38491.0,1250.0,both,-37241.0,37241.0
2021,inseason,Phra Nakhon Si Ayutthaya,ปทุมธานี1,1073003.0,34845.0,both,-1038158.0,1038158.0
2021,inseason,Phra Nakhon Si Ayutthaya,พันธุ์พื้นเมือง,394639.0,12815.0,both,-381824.0,381824.0
2021,inseason,Phra Nakhon Si Ayutthaya,ราชการไม่ไวต่อช่วงแสง,22393110.0,727219.0,both,-21665891.0,21665891.0
2021,inseason,Phra Nakhon Si Ayutthaya,ราชการไวต่อช่วงแสง,129237.0,4197.0,both,-125040.0,125040.0
2021,inseason,Phra Nakhon Si Ayutthaya,สุพรรณบุรี1,747401.0,24271.0,both,-723130.0,723130.0
2021,inseason,Phra Nakhon Si Ayutthaya,"สุพรรณบุรี60,90",25250.0,820.0,both,-24430.0,24430.0
2021,inseason,Phra Nakhon Si Ayutthaya,หอมสุพรรณบุรี,0.0,0.0,both,0.0,0.0
2021,inseason,Phrae,กข15,17047.0,558.0,both,-16489.0,16489.0
2021,inseason,Phrae,กข6,1408562.0,46024.0,both,-1362538.0,1362538.0
2021,inseason,Phrae,ขาวดอกมะลิ105,627799.0,20512.0,both,-607287.0,607287.0
2021,inseason,Phrae,คลองหลวง1,0.0,0.0,both,0.0,0.0
2021,inseason,Phrae,ชัยนาท1,0.0,0.0,both,0.0,0.0
2021,inseason,Phrae,ปทุมธานี1,0.0,0.0,both,0.0,0.0
2021,inseason,Phrae,พันธุ์พื้นเมือง,28126.0,919.0,both,-27207.0,27207.0
2021,inseason,Phrae,ราชการไม่ไวต่อช่วงแสง,5176217.0,169131.0,both,-5007086.0,5007086.0
2021,inseason,Phrae,ราชการไวต่อช่วงแสง,1949536.0,63700.0,both,-1885836.0,1885836.0
2021,inseason,Phrae,สุพรรณบุรี1,0.0,0.0,both,0.0,0.0
2021,inseason,Phrae,"สุพรรณบุรี60,90",0.0,0.0,both,0.0,0.0
2021,inseason,Phrae,หอมสุพรรณบุรี,0.0,0.0,both,0.0,0.0
2021,inseason,Phuket,กข15,0.0,0.0,both,0.0,0.0
2021,inseason,Phuket,กข6,0.0,0.0,both,0.0,0.0
2021,inseason,Phuket,ขาวดอกมะลิ105,0.0,0.0,both,0.0,0.0
2021,inseason,Phuket,คลองหลวง1,0.0,0.0,both,0.0,0.0
2021,inseason,Phuket,ชัยนาท1,0.0,0.0,both,0.0,0.0
2021,inseason,Phuket,ปทุมธานี1,0.0,0.0,both,0.0,0.0
2021,inseason,Phuket,พันธุ์พื้นเมือง,0.0,0.0,both,0.0,0.0
2021,inseason,Phuket,ราชการไม่ไวต่อช่วงแสง,2232.0,0.0,both,-2232.0,2232.0
2021,inseason,Phuket,ราชการไวต่อช่วงแสง,0.0,0.0,both,0.0,0.0
2021,inseason,Phuket,สุพรรณบุรี1,0.0,0.0,both,0.0,0.0
2021,inseason,Phuket,"สุพรรณบุรี60,90",0.0,0.0,both,0.0,0.0
2021,inseason,Phuket,หอมสุพรรณบุรี,0.0,0.0,both,0.0,0.0
2021,inseason,Prachin Buri,กข15,0.0,0.0,both,0.0,0.0
2021,inseason,Prachin Buri,กข6,7744.0,252.0,both,-7492.0,7492.0
2021,inseason,Prachin Buri,ขาวดอกมะลิ105,2576096.0,83824.0,both,-2492272.0,2492272.0
2021,inseason,Prachin Buri,คลองหลวง1,0.0,0.0,both,0.0,0.0
2021,inseason,Prachin Buri,ชัยนาท1,34728.0,1130.0,both,-33598.0,33598.0
2021,inseason,Prachin Buri,ปทุมธานี1,186913.0,6082.0,both,-180831.0,180831.0
2021,inseason,Prachin Buri,พันธุ์พื้นเมือง,987733.0,32140.0,both,-955593.0,955593.0
2021,inseason,Prachin Buri,ราชการไม่ไวต่อช่วงแสง,5781219.0,188117.0,both,-5593102.0,5593102.0
2021,inseason,Prachin Buri,ราชการไวต่อช่วงแสง,3177187.0,103383.0,both,-3073804.0,3073804.0
2021,inseason,Prachin Buri,สุพรรณบุรี1,0.0,0.0,both,0.0,0.0
2021,inseason,Prachin Buri,"สุพรรณบุรี60,90",138940.0,4519.0,both,-134421.0,134421.0
2021,inseason,Prachin Buri,หอมสุพรรณบุรี,0.0,0.0,both,0.0,0.0
2021,inseason,Prachuap Khiri Khan,กข15,0.0,0.0,both,0.0,0.0
2021,inseason,Prachuap Khiri Khan,กข6,0.0,0.0,both,0.0,0.0
2021,inseason,Prachuap Khiri Khan,ขาวดอกมะลิ105,54731.0,1773.0,both,-52958.0,52958.0
2021,inseason,Prachuap Khiri Khan,คลองหลวง1,0.0,0.0,both,0.0,0.0
2021,inseason,Prachuap Khiri Khan,ชัยนาท1,295654.0,9584.0,both,-286070.0,286070.0
2021,inseason,Prachuap Khiri Khan,ปทุมธานี1,295222.0,9570.0,both,-285652.0,285652.0
2021,inseason,Prachuap Khiri Khan,พันธุ์พื้นเมือง,6942.0,225.0,both,-6717.0,6717.0
2021,inseason,Prachuap Khiri Khan,ราชการไม่ไวต่อช่วงแสง,44365.0,1440.0,both,-42925.0,42925.0
2021,inseason,Prachuap Khiri Khan,ราชการไวต่อช่วงแสง,2037.0,66.0,both,-1971.0,1971.0
2021,inseason,Prachuap Khiri Khan,สุพรรณบุรี1,4258.0,138.0,both,-4120.0,4120.0
2021,inseason,Prachuap Khiri Khan,"สุพรรณบุรี60,90",0.0,0.0,both,0.0,0.0
2021,inseason,Prachuap Khiri Khan,หอมสุพรรณบุรี,0.0,0.0,both,0.0,0.0
2021,inseason,Ranong,กข15,0.0,0.0,both,0.0,0.0
2021,inseason,Ranong,กข6,0.0,0.0,both,0.0,0.0
2021,inseason,Ranong,ขาวดอกมะลิ105,0.0,0.0,both,0.0,0.0
2021,inseason,Ranong,คลองหลวง1,0.0,0.0,both,0.0,0.0
2021,inseason,Ranong,ชัยนาท1,0.0,0.0,both,0.0,0.0
2021,inseason,Ranong,ปทุมธานี1,7897.0,256.0,both,-7641.0,7641.0
2021,inseason,Ranong,พันธุ์พื้นเมือง,4750.0,154.0,both,-4596.0,4596.0
2021,inseason,Ranong,ราชการไม่ไวต่อช่วงแสง,0.0,0.0,both,0.0,0.0
2021,inseason,Ranong,ราชการไวต่อช่วงแสง,2375.0,77.0,both,-2298.0,2298.0
2021,inseason,Ranong,สุพรรณบุรี1,0.0,0.0,both,0.0,0.0
2021,inseason,Ranong,"สุพรรณบุรี60,90",0.0,0.0,both,0.0,0.0
2021,inseason,Ranong,หอมสุพรรณบุรี,0.0,0.0,both,0.0,0.0
2021,inseason,Ratchaburi,กข15,0.0,0.0,both,0.0,0.0
2021,inseason,Ratchaburi,กข6,0.0,0.0,both,0.0,0.0
2021,inseason,Ratchaburi,ขาวดอกมะลิ105,189149.0,6115.0,both,-183034.0,183034.0
2021,inseason,Ratchaburi,คลองหลวง1,0.0,0.0,both,0.0,0.0
2021,inseason,Ratchaburi,ชัยนาท1,103267.0,3337.0,both,-99930.0,99930.0
2021,inseason,Ratchaburi,ปทุมธานี1,1683094.0,54406.0,both,-1628688.0,1628688.0
2021,inseason,Ratchaburi,พันธุ์พื้นเมือง,7301.0,236.0,both,-7065.0,7065.0
2021,inseason,Ratchaburi,ราชการไม่ไวต่อช่วงแสง,1783020.0,57634.0,both,-1725386.0,1725386.0
2021,inseason,Ratchaburi,ราชการไวต่อช่วงแสง,24719.0,799.0,both,-23920.0,23920.0
2021,inseason,Ratchaburi,สุพรรณบุรี1,3439880.0,111191.0,both,-3328689.0,3328689.0
2021,inseason,Ratchaburi,"สุพรรณบุรี60,90",4145.0,134.0,both,-4011.0,4011.0
2021,inseason,Ratchaburi,หอมสุพรรณบุรี,0.0,0.0,both,0.0,0.0
2021,inseason,Rayong,กข15,0.0,0.0,both,0.0,0.0
2021,inseason,Rayong,กข6,0.0,0.0,both,0.0,0.0
2021,inseason,Rayong,ขาวดอกมะลิ105,78452.0,2555.0,both,-75897.0,75897.0
2021,inseason,Rayong,คลองหลวง1,0.0,0.0,both,0.0,0.0
2021,inseason,Rayong,ชัยนาท1,2764.0,90.0,both,-2674.0,2674.0
2021,inseason,Rayong,ปทุมธานี1,23981.0,781.0,both,-23200.0,23200.0
2021,inseason,Rayong,พันธุ์พื้นเมือง,9120.0,297.0,both,-8823.0,8823.0
2021,inseason,Rayong,ราชการไม่ไวต่อช่วงแสง,166884.0,5435.0,both,-161449.0,161449.0
2021,inseason,Rayong,ราชการไวต่อช่วงแสง,4237.0,138.0,both,-4099.0,4099.0
2021,inseason,Rayong,สุพรรณบุรี1,19682.0,641.0,both,-19041.0,19041.0
2021,inseason,Rayong,"สุพรรณบุรี60,90",8936.0,291.0,both,-8645.0,8645.0
2021,inseason,Rayong,หอมสุพรรณบุรี,0.0,0.0,both,0.0,0.0
2021,inseason,Roi Et,กข15,330847.0,10817.0,both,-320030.0,320030.0
2021,inseason,Roi Et,กข6,21526742.0,703814.0,both,-20822928.0,20822928.0
2021,inseason,Roi Et,ขาวดอกมะลิ105,71909389.0,2351068.0,both,-69558321.0,69558321.0
2021,inseason,Roi Et,คลองหลวง1,0.0,0.0,both,0.0,0.0
2021,inseason,Roi Et,ชัยนาท1,73253.0,2394.0,both,-70859.0,70859.0
2021,inseason,Roi Et,ปทุมธานี1,0.0,0.0,both,0.0,0.0
2021,inseason,Roi Et,พันธุ์พื้นเมือง,117847.0,3853.0,both,-113994.0,113994.0
2021,inseason,Roi Et,ราชการไม่ไวต่อช่วงแสง,712375.0,23292.0,both,-689083.0,689083.0
2021,inseason,Roi Et,ราชการไวต่อช่วงแสง,137361.0,4492.0,both,-132869.0,132869.0
2021,inseason,Roi Et,สุพรรณบุรี1,0.0,0.0,both,0.0,0.0
2021,inseason,Roi Et,"สุพรรณบุรี60,90",0.0,0.0,both,0.0,0.0
2021,inseason,Roi Et,หอมสุพรรณบุรี,0.0,0.0,both,0.0,0.0
2021,inseason,Sa kaeo,กข15,0.0,0.0,both,0.0,0.0
2021,inseason,Sa kaeo,กข6,306770.0,10029.0,both,-296741.0,296741.0
2021,inseason,Sa kaeo,ขาวดอกมะลิ105,21106421.0,690085.0,both,-20416336.0,20416336.0
2021,inseason,Sa kaeo,คลองหลวง1,0.0,0.0,both,0.0,0.0
2021,inseason,Sa kaeo,ชัยนาท1,0.0,0.0,both,0.0,0.0
2021,inseason,Sa kaeo,ปทุมธานี1,62944.0,2058.0,both,-60886.0,60886.0
2021,inseason,Sa kaeo,พันธุ์พื้นเมือง,184368.0,6028.0,both,-178340.0,178340.0
2021,inseason,Sa kaeo,ราชการไม่ไวต่อช่วงแสง,468047.0,15304.0,both,-452743.0,452743.0
2021,inseason,Sa kaeo,ราชการไวต่อช่วงแสง,751541.0,24571.0,both,-726970.0,726970.0
2021,inseason,Sa kaeo,สุพรรณบุรี1,0.0,0.0,both,0.0,0.0
2021,inseason,Sa kaeo,"สุพรรณบุรี60,90",0.0,0.0,both,0.0,0.0
2021,inseason,Sa kaeo,หอมสุพรรณบุรี,0.0,0.0,both,0.0,0.0
2021,inseason,Sakon Nakhon,กข15,2807598.0,91742.0,both,-2715856.0,2715856.0
2021,inseason,Sakon Nakhon,กข6,48345963.0,1579786.0,both,-46766177.0,46766177.0
2021,inseason,Sakon Nakhon,ขาวดอกมะลิ105,14335173.0,468426.0,both,-13866747.0,13866747.0
2021,inseason,Sakon Nakhon,คลองหลวง1,0.0,0.0,both,0.0,0.0
2021,inseason,Sakon Nakhon,ชัยนาท1,0.0,0.0,both,0.0,0.0
2021,inseason,Sakon Nakhon,ปทุมธานี1,0.0,0.0,both,0.0,0.0
2021,inseason,Sakon Nakhon,พันธุ์พื้นเมือง,156931.0,5128.0,both,-151803.0,151803.0
2021,inseason,Sakon Nakhon,ราชการไม่ไวต่อช่วงแสง,508497.0,16617.0,both,-491880.0,491880.0
2021,inseason,Sakon Nakhon,ราชการไวต่อช่วงแสง,708395.0,23149.0,both,-685246.0,685246.0
2021,inseason,Sakon Nakhon,สุพรรณบุรี1,0.0,0.0,both,0.0,0.0
2021,inseason,Sakon Nakhon,"สุพรรณบุรี60,90",42783.0,1398.0,both,-41385.0,41385.0
2021,inseason,Sakon Nakhon,หอมสุพรรณบุรี,0.0,0.0,both,0.0,0.0
2021,inseason,Samut Prakarn,กข15,0.0,0.0,both,0.0,0.0
2021,inseason,Samut Prakarn,กข6,0.0,0.0,both,0.0,0.0
2021,inseason,Samut Prakarn,ขาวดอกมะลิ105,0.0,0.0,both,0.0,0.0
2021,inseason,Samut Prakarn,คลองหลวง1,0.0,0.0,both,0.0,0.0
2021,inseason,Samut Prakarn,ชัยนาท1,0.0,0.0,both,0.0,0.0
2021,inseason,Samut Prakarn,ปทุมธานี1,117995.0,3839.0,both,-114156.0,114156.0
2021,inseason,Samut Prakarn,พันธุ์พื้นเมือง,0.0,0.0,both,0.0,0.0
2021,inseason,Samut Prakarn,ราชการไม่ไวต่อช่วงแสง,411908.0,13404.0,both,-398504.0,398504.0
2021,inseason,Samut Prakarn,ราชการไวต่อช่วงแสง,7190.0,234.0,both,-6956.0,6956.0
2021,inseason,Samut Prakarn,สุพรรณบุรี1,0.0,0.0,both,0.0,0.0
2021,inseason,Samut Prakarn,"สุพรรณบุรี60,90",12291.0,400.0,both,-11891.0,11891.0
2021,inseason,Samut Prakarn,หอมสุพรรณบุรี,0.0,0.0,both,0.0,0.0
2021,inseason,Samut Sakhon,กข15,0.0,0.0,both,0.0,0.0
2021,inseason,Samut Sakhon,กข6,0.0,0.0,both,0.0,0.0
2021,inseason,Samut Sakhon,ขาวดอกมะลิ105,0.0,0.0,both,0.0,0.0
2021,inseason,Samut Sakhon,คลองหลวง1,0.0,0.0,both,0.0,0.0
2021,inseason,Samut Sakhon,ชัยนาท1,0.0,0.0,both,0.0,0.0
2021,inseason,Samut Sakhon,ปทุมธานี1,1861.0,61.0,both,-1800.0,1800.0
2021,inseason,Samut Sakhon,พันธุ์พื้นเมือง,0.0,0.0,both,0.0,0.0
2021,inseason,Samut Sakhon,ราชการไม่ไวต่อช่วงแสง,130670.0,4283.0,both,-126387.0,126387.0
2021,inseason,Samut Sakhon,ราชการไวต่อช่วงแสง,10675.0,350.0,both,-10325.0,10325.0
2021,inseason,Samut Sakhon,สุพรรณบุรี1,2623.0,86.0,both,-2537.0,2537.0
2021,inseason,Samut Sakhon,"สุพรรณบุรี60,90",0.0,0.0,both,0.0,0.0
2021,inseason,Samut Sakhon,หอมสุพรรณบุรี,0.0,0.0,both,0.0,0.0
2021,inseason,Samut Songkhram,กข15,0.0,0.0,both,0.0,0.0
2021,inseason,Samut Songkhram,กข6,0.0,0.0,both,0.0,0.0
2021,inseason,Samut Songkhram,ขาวดอกมะลิ105,0.0,0.0,both,0.0,0.0
2021,inseason,Samut Songkhram,คลองหลวง1,0.0,0.0,both,0.0,0.0
2021,inseason,Samut Songkhram,ชัยนาท1,2368.0,77.0,both,-2291.0,2291.0
2021,inseason,Samut Songkhram,ปทุมธานี1,0.0,0.0,both,0.0,0.0
2021,inseason,Samut Songkhram,พันธุ์พื้นเมือง,0.0,0.0,both,0.0,0.0
2021,inseason,Samut Songkhram,ราชการไม่ไวต่อช่วงแสง,47354.0,1540.0,both,-45814.0,45814.0
2021,inseason,Samut Songkhram,ราชการไวต่อช่วงแสง,0.0,0.0,both,0.0,0.0
2021,inseason,Samut Songkhram,สุพรรณบุรี1,11285.0,367.0,both,-10918.0,10918.0
2021,inseason,Samut Songkhram,"สุพรรณบุรี60,90",0.0,0.0,both,0.0,0.0
2021,inseason,Samut Songkhram,หอมสุพรรณบุรี,0.0,0.0,both,0.0,0.0
2021,inseason,Saraburi,กข15,0.0,0.0,both,0.0,0.0
2021,inseason,Saraburi,กข6,0.0,0.0,both,0.0,0.0
2021,inseason,Saraburi,ขาวดอกมะลิ105,215609.0,7009.0,both,-208600.0,208600.0
2021,inseason,Saraburi,คลองหลวง1,0.0,0.0,both,0.0,0.0
2021,inseason,Saraburi,ชัยนาท1,89215.0,2902.0,both,-86313.0,86313.0
2021,inseason,Saraburi,ปทุมธานี1,1138415.0,37016.0,both,-1101399.0,1101399.0
2021,inseason,Saraburi,พันธุ์พื้นเมือง,17037.0,554.0,both,-16483.0,16483.0
2021,inseason,Saraburi,ราชการไม่ไวต่อช่วงแสง,7687639.0,249981.0,both,-7437658.0,7437658.0
2021,inseason,Saraburi,ราชการไวต่อช่วงแสง,87369.0,2841.0,both,-84528.0,84528.0
2021,inseason,Saraburi,สุพรรณบุรี1,931386.0,30286.0,both,-901100.0,901100.0
2021,inseason,Saraburi,"สุพรรณบุรี60,90",14823.0,482.0,both,-14341.0,14341.0
2021,inseason,Saraburi,หอมสุพรรณบุรี,0.0,0.0,both,0.0,0.0
2021,inseason,Satun,กข15,0.0,0.0,both,0.0,0.0
2021,inseason,Satun,กข6,0.0,0.0,both,0.0,0.0
2021,inseason,Satun,ขาวดอกมะลิ105,0.0,0.0,both,0.0,0.0
2021,inseason,Satun,คลองหลวง1,0.0,0.0,both,0.0,0.0
2021,inseason,Satun,ชัยนาท1,0.0,0.0,both,0.0,0.0
2021,inseason,Satun,ปทุมธานี1,37385.0,1231.0,both,-36154.0,36154.0
2021,inseason,Satun,พันธุ์พื้นเมือง,370995.0,12226.0,both,-358769.0,358769.0
2021,inseason,Satun,ราชการไม่ไวต่อช่วงแสง,134852.0,4443.0,both,-130409.0,130409.0
2021,inseason,Satun,ราชการไวต่อช่วงแสง,0.0,0.0,both,0.0,0.0
2021,inseason,Satun,สุพรรณบุรี1,0.0,0.0,both,0.0,0.0
2021,inseason,Satun,"สุพรรณบุรี60,90",0.0,0.0,both,0.0,0.0
2021,inseason,Satun,หอมสุพรรณบุรี,0.0,0.0,both,0.0,0.0
2021,inseason,Si Sa Ket,กข15,2189718.0,71365.0,both,-2118353.0,2118353.0
2021,inseason,Si Sa Ket,กข6,4435586.0,144560.0,both,-4291026.0,4291026.0
2021,inseason,Si Sa Ket,ขาวดอกมะลิ105,83797386.0,2731036.0,both,-81066350.0,81066350.0
2021,inseason,Si Sa Ket,คลองหลวง1,0.0,0.0,both,0.0,0.0
2021,inseason,Si Sa Ket,ชัยนาท1,166948.0,5440.0,both,-161508.0,161508.0
2021,inseason,Si Sa Ket,ปทุมธานี1,7026.0,229.0,both,-6797.0,6797.0
2021,inseason,Si Sa Ket,พันธุ์พื้นเมือง,200209.0,6526.0,both,-193683.0,193683.0
2021,inseason,Si Sa Ket,ราชการไม่ไวต่อช่วงแสง,233838.0,7621.0,both,-226217.0,226217.0
2021,inseason,Si Sa Ket,ราชการไวต่อช่วงแสง,1645242.0,53619.0,both,-1591623.0,1591623.0
2021,inseason,Si Sa Ket,สุพรรณบุรี1,0.0,0.0,both,0.0,0.0
2021,inseason,Si Sa Ket,"สุพรรณบุรี60,90",0.0,0.0,both,0.0,0.0
2021,inseason,Si Sa Ket,หอมสุพรรณบุรี,0.0,0.0,both,0.0,0.0
2021,inseason,Sing Buri,กข15,0.0,0.0,both,0.0,0.0
2021,inseason,Sing Buri,กข6,6036.0,195.0,both,-5841.0,5841.0
2021,inseason,Sing Buri,ขาวดอกมะลิ105,289380.0,9397.0,both,-279983.0,279983.0
2021,inseason,Sing Buri,คลองหลวง1,0.0,0.0,both,0.0,0.0
2021,inseason,Sing Buri,ชัยนาท1,0.0,0.0,both,0.0,0.0
2021,inseason,Sing Buri,ปทุมธานี1,3445759.0,111882.0,both,-3333877.0,3333877.0
2021,inseason,Sing Buri,พันธุ์พื้นเมือง,70251.0,2281.0,both,-67970.0,67970.0
2021,inseason,Sing Buri,ราชการไม่ไวต่อช่วงแสง,4690188.0,152288.0,both,-4537900.0,4537900.0
2021,inseason,Sing Buri,ราชการไวต่อช่วงแสง,12011.0,390.0,both,-11621.0,11621.0
2021,inseason,Sing Buri,สุพรรณบุรี1,113738.0,3693.0,both,-110045.0,110045.0
2021,inseason,Sing Buri,"สุพรรณบุรี60,90",0.0,0.0,both,0.0,0.0
2021,inseason,Sing Buri,หอมสุพรรณบุรี,0.0,0.0,both,0.0,0.0
2021,inseason,Songkhla,กข15,0.0,0.0,both,0.0,0.0
2021,inseason,Songkhla,กข6,0.0,0.0,both,0.0,0.0
2021,inseason,Songkhla,ขาวดอกมะลิ105,51736.0,1091.0,both,-50645.0,50645.0
2021,inseason,Songkhla,คลองหลวง1,0.0,0.0,both,0.0,0.0
2021,inseason,Songkhla,ชัยนาท1,87147.0,1837.0,both,-85310.0,85310.0
2021,inseason,Songkhla,ปทุมธานี1,1143556.0,24114.0,both,-1119442.0,1119442.0
2021,inseason,Songkhla,พันธุ์พื้นเมือง,375366.0,7914.0,both,-367452.0,367452.0
2021,inseason,Songkhla,ราชการไม่ไวต่อช่วงแสง,3545640.0,74766.0,both,-3470874.0,3470874.0
2021,inseason,Songkhla,ราชการไวต่อช่วงแสง,362669.0,7647.0,both,-355022.0,355022.0
2021,inseason,Songkhla,สุพรรณบุรี1,0.0,0.0,both,0.0,0.0
2021,inseason,Songkhla,"สุพรรณบุรี60,90",985.0,21.0,both,-964.0,964.0
2021,inseason,Songkhla,หอมสุพรรณบุรี,0.0,0.0,both,0.0,0.0
2021,inseason,Sukhothai,กข15,39219.0,1279.0,both,-37940.0,37940.0
2021,inseason,Sukhothai,กข6,192388.0,6273.0,both,-186115.0,186115.0
2021,inseason,Sukhothai,ขาวดอกมะลิ105,5643765.0,184052.0,both,-5459713.0,5459713.0
2021,inseason,Sukhothai,คลองหลวง1,0.0,0.0,both,0.0,0.0
2021,inseason,Sukhothai,ชัยนาท1,376588.0,12280.0,both,-364308.0,364308.0
2021,inseason,Sukhothai,ปทุมธานี1,1446282.0,47166.0,both,-1399116.0,1399116.0
2021,inseason,Sukhothai,พันธุ์พื้นเมือง,278003.0,9065.0,both,-268938.0,268938.0
2021,inseason,Sukhothai,ราชการไม่ไวต่อช่วงแสง,26589600.0,867119.0,both,-25722481.0,25722481.0
2021,inseason,Sukhothai,ราชการไวต่อช่วงแสง,235195.0,7669.0,both,-227526.0,227526.0
2021,inseason,Sukhothai,สุพรรณบุรี1,328415.0,10709.0,both,-317706.0,317706.0
2021,inseason,Sukhothai,"สุพรรณบุรี60,90",809108.0,26387.0,both,-782721.0,782721.0
2021,inseason,Sukhothai,หอมสุพรรณบุรี,24562.0,801.0,both,-23761.0,23761.0
2021,inseason,Suphan Buri,กข15,0.0,0.0,both,0.0,0.0
2021,inseason,Suphan Buri,กข6,0.0,0.0,both,0.0,0.0
2021,inseason,Suphan Buri,ขาวดอกมะลิ105,3100040.0,100828.0,both,-2999212.0,2999212.0
2021,inseason,Suphan Buri,คลองหลวง1,0.0,0.0,both,0.0,0.0
2021,inseason,Suphan Buri,ชัยนาท1,0.0,0.0,both,0.0,0.0
2021,inseason,Suphan Buri,ปทุมธานี1,6527769.0,212313.0,both,-6315456.0,6315456.0
2021,inseason,Suphan Buri,พันธุ์พื้นเมือง,52330.0,1702.0,both,-50628.0,50628.0
2021,inseason,Suphan Buri,ราชการไม่ไวต่อช่วงแสง,27598223.0,897627.0,both,-26700596.0,26700596.0
2021,inseason,Suphan Buri,ราชการไวต่อช่วงแสง,686678.0,22333.0,both,-664345.0,664345.0
2021,inseason,Suphan Buri,สุพรรณบุรี1,126489.0,4114.0,both,-122375.0,122375.0
2021,inseason,Suphan Buri,"สุพรรณบุรี60,90",0.0,0.0,both,0.0,0.0
2021,inseason,Suphan Buri,หอมสุพรรณบุรี,0.0,0.0,both,0.0,0.0
2021,inseason,Surat Thani,กข15,0.0,0.0,both,0.0,0.0
2021,inseason,Surat Thani,กข6,0.0,0.0,both,0.0,0.0
2021,inseason,Surat Thani,ขาวดอกมะลิ105,16578.0,543.0,both,-16035.0,16035.0
2021,inseason,Surat Thani,คลองหลวง1,0.0,0.0,both,0.0,0.0
2021,inseason,Surat Thani,ชัยนาท1,0.0,0.0,both,0.0,0.0
2021,inseason,Surat Thani,ปทุมธานี1,157262.0,5151.0,both,-152111.0,152111.0
2021,inseason,Surat Thani,พันธุ์พื้นเมือง,257248.0,8427.0,both,-248821.0,248821.0
2021,inseason,Surat Thani,ราชการไม่ไวต่อช่วงแสง,313607.0,10271.0,both,-303336.0,303336.0
2021,inseason,Surat Thani,ราชการไวต่อช่วงแสง,34713.0,1137.0,both,-33576.0,33576.0
2021,inseason,Surat Thani,สุพรรณบุรี1,0.0,0.0,both,0.0,0.0
2021,inseason,Surat Thani,"สุพรรณบุรี60,90",0.0,0.0,both,0.0,0.0
2021,inseason,Surat Thani,หอมสุพรรณบุรี,0.0,0.0,both,0.0,0.0
2021,inseason,Surin,กข15,23803804.0,776112.0,both,-23027692.0,23027692.0
2021,inseason,Surin,กข6,90662.0,2957.0,both,-87705.0,87705.0
2021,inseason,Surin,ขาวดอกมะลิ105,71253828.0,2323200.0,both,-68930628.0,68930628.0
2021,inseason,Surin,คลองหลวง1,0.0,0.0,both,0.0,0.0
2021,inseason,Surin,ชัยนาท1,0.0,0.0,both,0.0,0.0
2021,inseason,Surin,ปทุมธานี1,0.0,0.0,both,0.0,0.0
2021,inseason,Surin,พันธุ์พื้นเมือง,138539.0,4516.0,both,-134023.0,134023.0
2021,inseason,Surin,ราชการไม่ไวต่อช่วงแสง,162002.0,5282.0,both,-156720.0,156720.0
2021,inseason,Surin,ราชการไวต่อช่วงแสง,243033.0,7924.0,both,-235109.0,235109.0
2021,inseason,Surin,สุพรรณบุรี1,0.0,0.0,both,0.0,0.0
2021,inseason,Surin,"สุพรรณบุรี60,90",0.0,0.0,both,0.0,0.0
2021,inseason,Surin,หอมสุพรรณบุรี,0.0,0.0,both,0.0,0.0
2021,inseason,Tak,กข15,0.0,0.0,both,0.0,0.0
2021,inseason,Tak,กข6,480295.0,15620.0,both,-464675.0,464675.0
2021,inseason,Tak,ขาวดอกมะลิ105,3832857.0,124652.0,both,-3708205.0,3708205.0
2021,inseason,Tak,คลองหลวง1,0.0,0.0,both,0.0,0.0
2021,inseason,Tak,ชัยนาท1,276892.0,9005.0,both,-267887.0,267887.0
2021,inseason,Tak,ปทุมธานี1,251371.0,8176.0,both,-243195.0,243195.0
2021,inseason,Tak,พันธุ์พื้นเมือง,4268137.0,138808.0,both,-4129329.0,4129329.0
2021,inseason,Tak,ราชการไม่ไวต่อช่วงแสง,2045404.0,66519.0,both,-1978885.0,1978885.0
2021,inseason,Tak,ราชการไวต่อช่วงแสง,307764.0,10007.0,both,-297757.0,297757.0
2021,inseason,Tak,สุพรรณบุรี1,93507.0,3041.0,both,-90466.0,90466.0
2021,inseason,Tak,"สุพรรณบุรี60,90",0.0,0.0,both,0.0,0.0
2021,inseason,Tak,หอมสุพรรณบุรี,0.0,0.0,both,0.0,0.0
2021,inseason,Trang,กข15,0.0,0.0,both,0.0,0.0
2021,inseason,Trang,กข6,0.0,0.0,both,0.0,0.0
2021,inseason,Trang,ขาวดอกมะลิ105,0.0,0.0,both,0.0,0.0
2021,inseason,Trang,คลองหลวง1,0.0,0.0,both,0.0,0.0
2021,inseason,Trang,ชัยนาท1,0.0,0.0,both,0.0,0.0
2021,inseason,Trang,ปทุมธานี1,6750.0,221.0,both,-6529.0,6529.0
2021,inseason,Trang,พันธุ์พื้นเมือง,208951.0,6841.0,both,-202110.0,202110.0
2021,inseason,Trang,ราชการไม่ไวต่อช่วงแสง,138364.0,4530.0,both,-133834.0,133834.0
2021,inseason,Trang,ราชการไวต่อช่วงแสง,0.0,0.0,both,0.0,0.0
2021,inseason,Trang,สุพรรณบุรี1,0.0,0.0,both,0.0,0.0
2021,inseason,Trang,"สุพรรณบุรี60,90",0.0,0.0,both,0.0,0.0
2021,inseason,Trang,หอมสุพรรณบุรี,0.0,0.0,both,0.0,0.0
2021,inseason,Trat,กข15,0.0,0.0,both,0.0,0.0
2021,inseason,Trat,กข6,0.0,0.0,both,0.0,0.0
2021,inseason,Trat,ขาวดอกมะลิ105,323827.0,10608.0,both,-313219.0,313219.0
2021,inseason,Trat,คลองหลวง1,0.0,0.0,both,0.0,0.0
2021,inseason,Trat,ชัยนาท1,0.0,0.0,both,0.0,0.0
2021,inseason,Trat,ปทุมธานี1,25826.0,846.0,both,-24980.0,24980.0
2021,inseason,Trat,พันธุ์พื้นเมือง,8303.0,272.0,both,-8031.0,8031.0
2021,inseason,Trat,ราชการไม่ไวต่อช่วงแสง,48507.0,1588.0,both,-46919.0,46919.0
2021,inseason,Trat,ราชการไวต่อช่วงแสง,7052.0,231.0,both,-6821.0,6821.0
2021,inseason,Trat,สุพรรณบุรี1,0.0,0.0,both,0.0,0.0
2021,inseason,Trat,"สุพรรณบุรี60,90",0.0,0.0,both,0.0,0.0
2021,inseason,Trat,หอมสุพรรณบุรี,0.0,0.0,both,0.0,0.0
2021,inseason,Ubon Ratchathani,กข15,14515993.0,472327.0,both,-14043666.0,14043666.0
2021,inseason,Ubon Ratchathani,กข6,25730501.0,837231.0,both,-24893270.0,24893270.0
2021,inseason,Ubon Ratchathani,ขาวดอกมะลิ105,76768556.0,2497925.0,both,-74270631.0,74270631.0
2021,inseason,Ubon Ratchathani,คลองหลวง1,0.0,0.0,both,0.0,0.0
2021,inseason,Ubon Ratchathani,ชัยนาท1,0.0,0.0,both,0.0,0.0
2021,inseason,Ubon Ratchathani,ปทุมธานี1,0.0,0.0,both,0.0,0.0
2021,inseason,Ubon Ratchathani,พันธุ์พื้นเมือง,1043352.0,33949.0,both,-1009403.0,1009403.0
2021,inseason,Ubon Ratchathani,ราชการไม่ไวต่อช่วงแสง,1919456.0,62457.0,both,-1856999.0,1856999.0
2021,inseason,Ubon Ratchathani,ราชการไวต่อช่วงแสง,5602091.0,182284.0,both,-5419807.0,5419807.0
2021,inseason,Ubon Ratchathani,สุพรรณบุรี1,0.0,0.0,both,0.0,0.0
2021,inseason,Ubon Ratchathani,"สุพรรณบุรี60,90",0.0,0.0,both,0.0,0.0
2021,inseason,Ubon Ratchathani,หอมสุพรรณบุรี,0.0,0.0,both,0.0,0.0
2021,inseason,Udon Thani,กข15,1884470.0,61530.0,both,-1822940.0,1822940.0
2021,inseason,Udon Thani,กข6,49145957.0,1604669.0,both,-47541288.0,47541288.0
2021,inseason,Udon Thani,ขาวดอกมะลิ105,10819394.0,353267.0,both,-10466127.0,10466127.0
2021,inseason,Udon Thani,คลองหลวง1,0.0,0.0,both,0.0,0.0
2021,inseason,Udon Thani,ชัยนาท1,0.0,0.0,both,0.0,0.0
2021,inseason,Udon Thani,ปทุมธานี1,118771.0,3878.0,both,-114893.0,114893.0
2021,inseason,Udon Thani,พันธุ์พื้นเมือง,245413.0,8012.0,both,-237401.0,237401.0
2021,inseason,Udon Thani,ราชการไม่ไวต่อช่วงแสง,309515.0,10106.0,both,-299409.0,299409.0
2021,inseason,Udon Thani,ราชการไวต่อช่วงแสง,841565.0,27479.0,both,-814086.0,814086.0
2021,inseason,Udon Thani,สุพรรณบุรี1,0.0,0.0,both,0.0,0.0
2021,inseason,Udon Thani,"สุพรรณบุรี60,90",0.0,0.0,both,0.0,0.0
2021,inseason,Udon Thani,หอมสุพรรณบุรี,0.0,0.0,both,0.0,0.0
2021,inseason,Uthai Thani,กข15,0.0,0.0,both,0.0,0.0
2021,inseason,Uthai Thani,กข6,26401.0,861.0,both,-25540.0,25540.0
2021,inseason,Uthai Thani,ขาวดอกมะลิ105,713280.0,23262.0,both,-690018.0,690018.0
2021,inseason,Uthai Thani,คลองหลวง1,0.0,0.0,both,0.0,0.0
2021,inseason,Uthai Thani,ชัยนาท1,138412.0,4513.0,both,-133899.0,133899.0
2021,inseason,Uthai Thani,ปทุมธานี1,1212073.0,39528.0,both,-1172545.0,1172545.0
2021,inseason,Uthai Thani,พันธุ์พื้นเมือง,115476.0,3765.0,both,-111711.0,111711.0
2021,inseason,Uthai Thani,ราชการไม่ไวต่อช่วงแสง,15919221.0,519171.0,both,-15400050.0,15400050.0
2021,inseason,Uthai Thani,ราชการไวต่อช่วงแสง,53231.0,1736.0,both,-51495.0,51495.0
2021,inseason,Uthai Thani,สุพรรณบุรี1,39341.0,1283.0,both,-38058.0,38058.0
2021,inseason,Uthai Thani,"สุพรรณบุรี60,90",16742.0,546.0,both,-16196.0,16196.0
2021,inseason,Uthai Thani,หอมสุพรรณบุรี,8831.0,288.0,both,-8543.0,8543.0
2021,inseason,Uttaradit,กข15,0.0,0.0,both,0.0,0.0
2021,inseason,Uttaradit,กข6,754453.0,24509.0,both,-729944.0,729944.0
2021,inseason,Uttaradit,ขาวดอกมะลิ105,1461623.0,47483.0,both,-1414140.0,1414140.0
2021,inseason,Uttaradit,คลองหลวง1,0.0,0.0,both,0.0,0.0
2021,inseason,Uttaradit,ชัยนาท1,92410.0,3002.0,both,-89408.0,89408.0
2021,inseason,Uttaradit,ปทุมธานี1,5003569.0,162545.0,both,-4841024.0,4841024.0
2021,inseason,Uttaradit,พันธุ์พื้นเมือง,424647.0,13795.0,both,-410852.0,410852.0
2021,inseason,Uttaradit,ราชการไม่ไวต่อช่วงแสง,10206456.0,331564.0,both,-9874892.0,9874892.0
2021,inseason,Uttaradit,ราชการไวต่อช่วงแสง,404761.0,13148.0,both,-391613.0,391613.0
2021,inseason,Uttaradit,สุพรรณบุรี1,626181.0,20341.0,both,-605840.0,605840.0
2021,inseason,Uttaradit,"สุพรรณบุรี60,90",28043.0,911.0,both,-27132.0,27132.0
2021,inseason,Uttaradit,หอมสุพรรณบุรี,92256.0,2997.0,both,-89259.0,89259.0
2021,inseason,Yala,กข15,0.0,0.0,both,0.0,0.0
2021,inseason,Yala,กข6,0.0,0.0,both,0.0,0.0
2021,inseason,Yala,ขาวดอกมะลิ105,0.0,0.0,both,0.0,0.0
2021,inseason,Yala,คลองหลวง1,0.0,0.0,both,0.0,0.0
2021,inseason,Yala,ชัยนาท1,0.0,0.0,both,0.0,0.0
2021,inseason,Yala,ปทุมธานี1,0.0,0.0,both,0.0,0.0
2021,inseason,Yala,พันธุ์พื้นเมือง,547211.0,15785.0,both,-531426.0,531426.0
2021,inseason,Yala,ราชการไม่ไวต่อช่วงแสง,71235.0,2054.0,both,-69181.0,69181.0
2021,inseason,Yala,ราชการไวต่อช่วงแสง,24986.0,721.0,both,-24265.0,24265.0
2021,inseason,Yala,สุพรรณบุรี1,0.0,0.0,both,0.0,0.0
2021,inseason,Yala,"สุพรรณบุรี60,90",0.0,0.0,both,0.0,0.0
2021,inseason,Yala,หอมสุพรรณบุรี,0.0,0.0,both,0.0,0.0
2021,inseason,Yasothon,กข15,696993.0,22725.0,both,-674268.0,674268.0
2021,inseason,Yasothon,กข6,11515390.0,375436.0,both,-11139954.0,11139954.0
2021,inseason,Yasothon,ขาวดอกมะลิ105,27916145.0,910146.0,both,-27005999.0,27005999.0
2021,inseason,Yasothon,คลองหลวง1,0.0,0.0,both,0.0,0.0
2021,inseason,Yasothon,ชัยนาท1,29016.0,946.0,both,-28070.0,28070.0
2021,inseason,Yasothon,ปทุมธานี1,0.0,0.0,both,0.0,0.0
2021,inseason,Yasothon,พันธุ์พื้นเมือง,69411.0,2263.0,both,-67148.0,67148.0
2021,inseason,Yasothon,ราชการไม่ไวต่อช่วงแสง,1077389.0,35125.0,both,-1042264.0,1042264.0
2021,inseason,Yasothon,ราชการไวต่อช่วงแสง,640618.0,20888.0,both,-619730.0,619730.0
2021,inseason,Yasothon,สุพรรณบุรี1,0.0,0.0,both,0.0,0.0
2021,inseason,Yasothon,"สุพรรณบุรี60,90",0.0,0.0,both,0.0,0.0
2021,inseason,Yasothon,หอมสุพรรณบุรี,0.0,0.0,both,0.0,0.0
2021,offseason,Amnat Charoen,กข10,6434.0,211.0,both,-6223.0,6223.0
2021,offseason,Amnat Charoen,กขไม่ไวต่อช่วงแสง,81521.0,2685.0,both,-78836.0,78836.0
2021,offseason,Amnat Charoen,"ชัยนาท1,2",10006.0,330.0,both,-9676.0,9676.0
2021,offseason,Amnat Charoen,ปทุมธานี1,2617.0,85.0,both,-2532.0,2532.0
2021,offseason,Amnat Charoen,"พิษณุโลก2,60-2",0.0,0.0,both,0.0,0.0
2021,offseason,Amnat Charoen,ราชการไม่ไวต่อช่วงแสง,37959.0,1249.0,both,-36710.0,36710.0
2021,offseason,Amnat Charoen,สุพรรณบุรี1,0.0,0.0,both,0.0,0.0
2021,offseason,Amnat Charoen,"สุพรรณบุรี60,90",0.0,0.0,both,0.0,0.0
2021,offseason,Amnat Charoen,หอมสุพรรณบุรี,0.0,0.0,both,0.0,0.0
2021,offseason,Ang Thong,กข10,0.0,0.0,both,0.0,0.0
2021,offseason,Ang Thong,กขไม่ไวต่อช่วงแสง,1299525.0,40830.0,both,-1258695.0,1258695.0
2021,offseason,Ang Thong,"ชัยนาท1,2",0.0,0.0,both,0.0,0.0
2021,offseason,Ang Thong,ปทุมธานี1,890165.0,27969.0,both,-862196.0,862196.0
2021,offseason,Ang Thong,"พิษณุโลก2,60-2",36276.0,1140.0,both,-35136.0,35136.0
2021,offseason,Ang Thong,ราชการไม่ไวต่อช่วงแสง,48912.0,1538.0,both,-47374.0,47374.0
2021,offseason,Ang Thong,สุพรรณบุรี1,0.0,0.0,both,0.0,0.0
2021,offseason,Ang Thong,"สุพรรณบุรี60,90",0.0,0.0,both,0.0,0.0
2021,offseason,Ang Thong,หอมสุพรรณบุรี,0.0,0.0,both,0.0,0.0
2021,offseason,Bangkok,กข10,0.0,0.0,both,0.0,0.0
2021,offseason,Bangkok,กขไม่ไวต่อช่วงแสง,1736954.0,61299.0,both,-1675655.0,1675655.0
2021,offseason,Bangkok,"ชัยนาท1,2",0.0,0.0,both,0.0,0.0
2021,offseason,Bangkok,ปทุมธานี1,410173.0,14476.0,both,-395697.0,395697.0
2021,offseason,Bangkok,"พิษณุโลก2,60-2",50402.0,1779.0,both,-48623.0,48623.0
2021,offseason,Bangkok,ราชการไม่ไวต่อช่วงแสง,22062.0,779.0,both,-21283.0,21283.0
2021,offseason,Bangkok,สุพรรณบุรี1,4400.0,157.0,both,-4243.0,4243.0
2021,offseason,Bangkok,"สุพรรณบุรี60,90",0.0,0.0,both,0.0,0.0
2021,offseason,Bangkok,หอมสุพรรณบุรี,0.0,0.0,both,0.0,0.0
2021,offseason,Bueng Kan,กข10,154057.0,5386.0,both,-148671.0,148671.0
2021,offseason,Bueng Kan,กขไม่ไวต่อช่วงแสง,123290.0,4309.0,both,-118981.0,118981.0
2021,offseason,Bueng Kan,"ชัยนาท1,2",8713.0,306.0,both,-8407.0,8407.0
2021,offseason,Bueng Kan,ปทุมธานี1,30860.0,1077.0,both,-29783.0,29783.0
2021,offseason,Bueng Kan,"พิษณุโลก2,60-2",0.0,0.0,both,0.0,0.0
2021,offseason,Bueng Kan,ราชการไม่ไวต่อช่วงแสง,162182.0,5669.0,both,-156513.0,156513.0
2021,offseason,Bueng Kan,สุพรรณบุรี1,0.0,0.0,both,0.0,0.0
2021,offseason,Bueng Kan,"สุพรรณบุรี60,90",0.0,0.0,both,0.0,0.0
2021,offseason,Bueng Kan,หอมสุพรรณบุรี,0.0,0.0,both,0.0,0.0
2021,offseason,Buri Ram,กข10,14117.0,407.0,both,-13710.0,13710.0
2021,offseason,Buri Ram,กขไม่ไวต่อช่วงแสง,223711.0,6448.0,both,-217263.0,217263.0
2021,offseason,Buri Ram,"ชัยนาท1,2",591170.0,17041.0,both,-574129.0,574129.0
2021,offseason,Buri Ram,ปทุมธานี1,83972.0,2420.0,both,-81552.0,81552.0
2021,offseason,Buri Ram,"พิษณุโลก2,60-2",0.0,0.0,both,0.0,0.0
2021,offseason,Buri Ram,ราชการไม่ไวต่อช่วงแสง,126577.0,3649.0,both,-122928.0,122928.0
2021,offseason,Buri Ram,สุพรรณบุรี1,0.0,0.0,both,0.0,0.0
2021,offseason,Buri Ram,"สุพรรณบุรี60,90",0.0,0.0,both,0.0,0.0
2021,offseason,Buri Ram,หอมสุพรรณบุรี,0.0,0.0,both,0.0,0.0
2021,offseason,Chachoengsao,กข10,0.0,0.0,both,0.0,0.0
2021,offseason,Chachoengsao,กขไม่ไวต่อช่วงแสง,7613408.0,223754.0,both,-7389654.0,7389654.0
2021,offseason,Chachoengsao,"ชัยนาท1,2",0.0,0.0,both,0.0,0.0
2021,offseason,Chachoengsao,ปทุมธานี1,426075.0,12524.0,both,-413551.0,413551.0
2021,offseason,Chachoengsao,"พิษณุโลก2,60-2",1083538.0,31844.0,both,-1051694.0,1051694.0
2021,offseason,Chachoengsao,ราชการไม่ไวต่อช่วงแสง,331482.0,9742.0,both,-321740.0,321740.0
2021,offseason,Chachoengsao,สุพรรณบุรี1,67947.0,1998.0,both,-65949.0,65949.0
2021,offseason,Chachoengsao,"สุพรรณบุรี60,90",124713.0,3665.0,both,-121048.0,121048.0
2021,offseason,Chachoengsao,หอมสุพรรณบุรี,0.0,0.0,both,0.0,0.0
2021,offseason,Chai Nat,กข10,0.0,0.0,both,0.0,0.0
2021,offseason,Chai Nat,กขไม่ไวต่อช่วงแสง,4346350.0,136940.0,both,-4209410.0,4209410.0
2021,offseason,Chai Nat,"ชัยนาท1,2",15510.0,487.0,both,-15023.0,15023.0
2021,offseason,Chai Nat,ปทุมธานี1,1765015.0,55609.0,both,-1709406.0,1709406.0
2021,offseason,Chai Nat,"พิษณุโลก2,60-2",6942.0,217.0,both,-6725.0,6725.0
2021,offseason,Chai Nat,ราชการไม่ไวต่อช่วงแสง,84465.0,2662.0,both,-81803.0,81803.0
2021,offseason,Chai Nat,สุพรรณบุรี1,9553.0,302.0,both,-9251.0,9251.0
2021,offseason,Chai Nat,"สุพรรณบุรี60,90",0.0,0.0,both,0.0,0.0
2021,offseason,Chai Nat,หอมสุพรรณบุรี,0.0,0.0,both,0.0,0.0
2021,offseason,Chaiyaphum,กข10,624803.0,19200.0,both,-605603.0,605603.0
2021,offseason,Chaiyaphum,กขไม่ไวต่อช่วงแสง,525534.0,16148.0,both,-509386.0,509386.0
2021,offseason,Chaiyaphum,"ชัยนาท1,2",57856.0,1778.0,both,-56078.0,56078.0
2021,offseason,Chaiyaphum,ปทุมธานี1,351660.0,10806.0,both,-340854.0,340854.0
2021,offseason,Chaiyaphum,"พิษณุโลก2,60-2",138928.0,4269.0,both,-134659.0,134659.0
2021,offseason,Chaiyaphum,ราชการไม่ไวต่อช่วงแสง,414565.0,12739.0,both,-401826.0,401826.0
2021,offseason,Chaiyaphum,สุพรรณบุรี1,112139.0,3446.0,both,-108693.0,108693.0
2021,offseason,Chaiyaphum,"สุพรรณบุรี60,90",95142.0,2923.0,both,-92219.0,92219.0
2021,offseason,Chaiyaphum,หอมสุพรรณบุรี,0.0,0.0,both,0.0,0.0
2021,offseason,Chanthaburi,กข10,0.0,,left_only,0.0,0.0
2021,offseason,Chanthaburi,กขไม่ไวต่อช่วงแสง,0.0,,left_only,0.0,0.0
2021,offseason,Chanthaburi,"ชัยนาท1,2",0.0,,left_only,0.0,0.0
2021,offseason,Chanthaburi,ปทุมธานี1,0.0,,left_only,0.0,0.0
2021,offseason,Chanthaburi,"พิษณุโลก2,60-2",0.0,,left_only,0.0,0.0
2021,offseason,Chanthaburi,ราชการไม่ไวต่อช่วงแสง,0.0,,left_only,0.0,0.0
2021,offseason,Chanthaburi,สุพรรณบุรี1,0.0,,left_only,0.0,0.0
2021,offseason,Chanthaburi,"สุพรรณบุรี60,90",0.0,,left_only,0.0,0.0
2021,offseason,Chanthaburi,หอมสุพรรณบุรี,0.0,,left_only,0.0,0.0
2021,offseason,Chiang Mai,กข10,21808.0,689.0,both,-21119.0,21119.0
2021,offseason,Chiang Mai,กขไม่ไวต่อช่วงแสง,101331.0,3198.0,both,-98133.0,98133.0
2021,offseason,Chiang Mai,"ชัยนาท1,2",0.0,0.0,both,0.0,0.0
2021,offseason,Chiang Mai,ปทุมธานี1,6208.0,197.0,both,-6011.0,6011.0
2021,offseason,Chiang Mai,"พิษณุโลก2,60-2",0.0,0.0,both,0.0,0.0
2021,offseason,Chiang Mai,ราชการไม่ไวต่อช่วงแสง,3414298.0,107734.0,both,-3306564.0,3306564.0
2021,offseason,Chiang Mai,สุพรรณบุรี1,0.0,0.0,both,0.0,0.0
2021,offseason,Chiang Mai,"สุพรรณบุรี60,90",0.0,0.0,both,0.0,0.0
2021,offseason,Chiang Mai,หอมสุพรรณบุรี,0.0,0.0,both,0.0,0.0
2021,offseason,Chiang Rai,กข10,492311.0,16264.0,both,-476047.0,476047.0
2021,offseason,Chiang Rai,กขไม่ไวต่อช่วงแสง,1355465.0,44778.0,both,-1310687.0,1310687.0
2021,offseason,Chiang Rai,"ชัยนาท1,2",0.0,0.0,both,0.0,0.0
2021,offseason,Chiang Rai,ปทุมธานี1,532256.0,17583.0,both,-514673.0,514673.0
2021,offseason,Chiang Rai,"พิษณุโลก2,60-2",1184126.0,39118.0,both,-1145008.0,1145008.0
2021,offseason,Chiang Rai,ราชการไม่ไวต่อช่วงแสง,5686042.0,187842.0,both,-5498200.0,5498200.0
2021,offseason,Chiang Rai,สุพรรณบุรี1,138072.0,4562.0,both,-133510.0,133510.0
2021,offseason,Chiang Rai,"สุพรรณบุรี60,90",0.0,0.0,both,0.0,0.0
2021,offseason,Chiang Rai,หอมสุพรรณบุรี,0.0,0.0,both,0.0,0.0
2021,offseason,Chon Buri,กข10,0.0,0.0,both,0.0,0.0
2021,offseason,Chon Buri,กขไม่ไวต่อช่วงแสง,828279.0,29020.0,both,-799259.0,799259.0
2021,offseason,Chon Buri,"ชัยนาท1,2",4127.0,145.0,both,-3982.0,3982.0
2021,offseason,Chon Buri,ปทุมธานี1,74119.0,2596.0,both,-71523.0,71523.0
2021,offseason,Chon Buri,"พิษณุโลก2,60-2",27033.0,946.0,both,-26087.0,26087.0
2021,offseason,Chon Buri,ราชการไม่ไวต่อช่วงแสง,55611.0,1950.0,both,-53661.0,53661.0
2021,offseason,Chon Buri,สุพรรณบุรี1,4855.0,171.0,both,-4684.0,4684.0
2021,offseason,Chon Buri,"สุพรรณบุรี60,90",28246.0,991.0,both,-27255.0,27255.0
2021,offseason,Chon Buri,หอมสุพรรณบุรี,0.0,0.0,both,0.0,0.0
2021,offseason,Chumphon,กข10,0.0,0.0,both,0.0,0.0
2021,offseason,Chumphon,กขไม่ไวต่อช่วงแสง,1761.0,60.0,both,-1701.0,1701.0
2021,offseason,Chumphon,"ชัยนาท1,2",1320.0,45.0,both,-1275.0,1275.0
2021,offseason,Chumphon,ปทุมธานี1,16765.0,564.0,both,-16201.0,16201.0
2021,offseason,Chumphon,"พิษณุโลก2,60-2",0.0,0.0,both,0.0,0.0
2021,offseason,Chumphon,ราชการไม่ไวต่อช่วงแสง,1028.0,33.0,both,-995.0,995.0
2021,offseason,Chumphon,สุพรรณบุรี1,0.0,0.0,both,0.0,0.0
2021,offseason,Chumphon,"สุพรรณบุรี60,90",0.0,0.0,both,0.0,0.0
2021,offseason,Chumphon,หอมสุพรรณบุรี,0.0,0.0,both,0.0,0.0
2021,offseason,Kalasin,กข10,1239874.0,37026.0,both,-1202848.0,1202848.0
2021,offseason,Kalasin,กขไม่ไวต่อช่วงแสง,5570849.0,166357.0,both,-5404492.0,5404492.0
2021,offseason,Kalasin,"ชัยนาท1,2",157607.0,4707.0,both,-152900.0,152900.0
2021,offseason,Kalasin,ปทุมธานี1,1334.0,40.0,both,-1294.0,1294.0
2021,offseason,Kalasin,"พิษณุโลก2,60-2",944434.0,28203.0,both,-916231.0,916231.0
2021,offseason,Kalasin,ราชการไม่ไวต่อช่วงแสง,150732.0,4500.0,both,-146232.0,146232.0
2021,offseason,Kalasin,สุพรรณบุรี1,0.0,0.0,both,0.0,0.0
2021,offseason,Kalasin,"สุพรรณบุรี60,90",0.0,0.0,both,0.0,0.0
2021,offseason,Kalasin,หอมสุพรรณบุรี,0.0,0.0,both,0.0,0.0
2021,offseason,Kamphaeng Phet,กข10,0.0,0.0,both,0.0,0.0
2021,offseason,Kamphaeng Phet,กขไม่ไวต่อช่วงแสง,8612543.0,292907.0,both,-8319636.0,8319636.0
2021,offseason,Kamphaeng Phet,"ชัยนาท1,2",21924.0,747.0,both,-21177.0,21177.0
2021,offseason,Kamphaeng Phet,ปทุมธานี1,71180.0,2419.0,both,-68761.0,68761.0
2021,offseason,Kamphaeng Phet,"พิษณุโลก2,60-2",999472.0,33991.0,both,-965481.0,965481.0
2021,offseason,Kamphaeng Phet,ราชการไม่ไวต่อช่วงแสง,239398.0,8140.0,both,-231258.0,231258.0
2021,offseason,Kamphaeng Phet,สุพรรณบุรี1,387479.0,13179.0,both,-374300.0,374300.0
2021,offseason,Kamphaeng Phet,"สุพรรณบุรี60,90",56299.0,1915.0,both,-54384.0,54384.0
2021,offseason,Kamphaeng Phet,หอมสุพรรณบุรี,0.0,0.0,both,0.0,0.0
2021,offseason,Kanchanaburi,กข10,0.0,0.0,both,0.0,0.0
2021,offseason,Kanchanaburi,กขไม่ไวต่อช่วงแสง,566612.0,19293.0,both,-547319.0,547319.0
2021,offseason,Kanchanaburi,"ชัยนาท1,2",997.0,34.0,both,-963.0,963.0
2021,offseason,Kanchanaburi,ปทุมธานี1,2104808.0,71668.0,both,-2033140.0,2033140.0
2021,offseason,Kanchanaburi,"พิษณุโลก2,60-2",0.0,0.0,both,0.0,0.0
2021,offseason,Kanchanaburi,ราชการไม่ไวต่อช่วงแสง,6517.0,222.0,both,-6295.0,6295.0
2021,offseason,Kanchanaburi,สุพรรณบุรี1,809683.0,27570.0,both,-782113.0,782113.0
2021,offseason,Kanchanaburi,"สุพรรณบุรี60,90",0.0,0.0,both,0.0,0.0
2021,offseason,Kanchanaburi,หอมสุพรรณบุรี,0.0,0.0,both,0.0,0.0
2021,offseason,Khon Kaen,กข10,546014.0,15132.0,both,-530882.0,530882.0
2021,offseason,Khon Kaen,กขไม่ไวต่อช่วงแสง,1381892.0,38295.0,both,-1343597.0,1343597.0
2021,offseason,Khon Kaen,"ชัยนาท1,2",512157.0,14192.0,both,-497965.0,497965.0
2021,offseason,Khon Kaen,ปทุมธานี1,50182.0,1392.0,both,-48790.0,48790.0
2021,offseason,Khon Kaen,"พิษณุโลก2,60-2",1458516.0,40420.0,both,-1418096.0,1418096.0
2021,offseason,Khon Kaen,ราชการไม่ไวต่อช่วงแสง,133104.0,3689.0,both,-129415.0,129415.0
2021,offseason,Khon Kaen,สุพรรณบุรี1,0.0,0.0,both,0.0,0.0
2021,offseason,Khon Kaen,"สุพรรณบุรี60,90",0.0,0.0,both,0.0,0.0
2021,offseason,Khon Kaen,หอมสุพรรณบุรี,0.0,0.0,both,0.0,0.0
2021,offseason,Krabi,กข10,0.0,0.0,both,0.0,0.0
2021,offseason,Krabi,กขไม่ไวต่อช่วงแสง,2848.0,97.0,both,-2751.0,2751.0
2021,offseason,Krabi,"ชัยนาท1,2",0.0,0.0,both,0.0,0.0
2021,offseason,Krabi,ปทุมธานี1,0.0,0.0,both,0.0,0.0
2021,offseason,Krabi,"พิษณุโลก2,60-2",0.0,0.0,both,0.0,0.0
2021,offseason,Krabi,ราชการไม่ไวต่อช่วงแสง,0.0,0.0,both,0.0,0.0
2021,offseason,Krabi,สุพรรณบุรี1,0.0,0.0,both,0.0,0.0
2021,offseason,Krabi,"สุพรรณบุรี60,90",0.0,0.0,both,0.0,0.0
2021,offseason,Krabi,หอมสุพรรณบุรี,0.0,0.0,both,0.0,0.0
2021,offseason,Lampang,กข10,3541.0,121.0,both,-3420.0,3420.0
2021,offseason,Lampang,กขไม่ไวต่อช่วงแสง,64495.0,2198.0,both,-62297.0,62297.0
2021,offseason,Lampang,"ชัยนาท1,2",0.0,0.0,both,0.0,0.0
2021,offseason,Lampang,ปทุมธานี1,0.0,0.0,both,0.0,0.0
2021,offseason,Lampang,"พิษณุโลก2,60-2",0.0,0.0,both,0.0,0.0
2021,offseason,Lampang,ราชการไม่ไวต่อช่วงแสง,158729.0,5410.0,both,-153319.0,153319.0
2021,offseason,Lampang,สุพรรณบุรี1,0.0,0.0,both,0.0,0.0
2021,offseason,Lampang,"สุพรรณบุรี60,90",0.0,0.0,both,0.0,0.0
2021,offseason,Lampang,หอมสุพรรณบุรี,0.0,0.0,both,0.0,0.0
2021,offseason,Lamphun,กข10,1799.0,63.0,both,-1736.0,1736.0
2021,offseason,Lamphun,กขไม่ไวต่อช่วงแสง,17072.0,589.0,both,-16483.0,16483.0
2021,offseason,Lamphun,"ชัยนาท1,2",0.0,0.0,both,0.0,0.0
2021,offseason,Lamphun,ปทุมธานี1,0.0,0.0,both,0.0,0.0
2021,offseason,Lamphun,"พิษณุโลก2,60-2",0.0,0.0,both,0.0,0.0
2021,offseason,Lamphun,ราชการไม่ไวต่อช่วงแสง,342073.0,11788.0,both,-330285.0,330285.0
2021,offseason,Lamphun,สุพรรณบุรี1,0.0,0.0,both,0.0,0.0
2021,offseason,Lamphun,"สุพรรณบุรี60,90",0.0,0.0,both,0.0,0.0
2021,offseason,Lamphun,หอมสุพรรณบุรี,0.0,0.0,both,0.0,0.0
2021,offseason,Loei,กข10,9641.0,314.0,both,-9327.0,9327.0
2021,offseason,Loei,กขไม่ไวต่อช่วงแสง,5270.0,172.0,both,-5098.0,5098.0
2021,offseason,Loei,"ชัยนาท1,2",0.0,0.0,both,0.0,0.0
2021,offseason,Loei,ปทุมธานี1,0.0,0.0,both,0.0,0.0
2021,offseason,Loei,"พิษณุโลก2,60-2",0.0,0.0,both,0.0,0.0
2021,offseason,Loei,ราชการไม่ไวต่อช่วงแสง,24149.0,788.0,both,-23361.0,23361.0
2021,offseason,Loei,สุพรรณบุรี1,0.0,0.0,both,0.0,0.0
2021,offseason,Loei,"สุพรรณบุรี60,90",0.0,0.0,both,0.0,0.0
2021,offseason,Loei,หอมสุพรรณบุรี,0.0,0.0,both,0.0,0.0
2021,offseason,Lop Buri,กข10,0.0,0.0,both,0.0,0.0
2021,offseason,Lop Buri,กขไม่ไวต่อช่วงแสง,1376608.0,45964.0,both,-1330644.0,1330644.0
2021,offseason,Lop Buri,"ชัยนาท1,2",25868.0,865.0,both,-25003.0,25003.0
2021,offseason,Lop Buri,ปทุมธานี1,1139173.0,38036.0,both,-1101137.0,1101137.0
2021,offseason,Lop Buri,"พิษณุโลก2,60-2",0.0,0.0,both,0.0,0.0
2021,offseason,Lop Buri,ราชการไม่ไวต่อช่วงแสง,10474.0,349.0,both,-10125.0,10125.0
2021,offseason,Lop Buri,สุพรรณบุรี1,92315.0,3082.0,both,-89233.0,89233.0
2021,offseason,Lop Buri,"สุพรรณบุรี60,90",0.0,0.0,both,0.0,0.0
2021,offseason,Lop Buri,หอมสุพรรณบุรี,0.0,0.0,both,0.0,0.0
2021,offseason,Mae Hong Son,กข10,0.0,0.0,both,0.0,0.0
2021,offseason,Mae Hong Son,กขไม่ไวต่อช่วงแสง,1659.0,57.0,both,-1602.0,1602.0
2021,offseason,Mae Hong Son,"ชัยนาท1,2",0.0,0.0,both,0.0,0.0
2021,offseason,Mae Hong Son,ปทุมธานี1,0.0,0.0,both,0.0,0.0
2021,offseason,Mae Hong Son,"พิษณุโลก2,60-2",0.0,0.0,both,0.0,0.0
2021,offseason,Mae Hong Son,ราชการไม่ไวต่อช่วงแสง,2949.0,98.0,both,-2851.0,2851.0
2021,offseason,Mae Hong Son,สุพรรณบุรี1,0.0,0.0,both,0.0,0.0
2021,offseason,Mae Hong Son,"สุพรรณบุรี60,90",0.0,0.0,both,0.0,0.0
2021,offseason,Mae Hong Son,หอมสุพรรณบุรี,0.0,0.0,both,0.0,0.0
2021,offseason,Maha Sarakham,กข10,452912.0,13322.0,both,-439590.0,439590.0
2021,offseason,Maha Sarakham,กขไม่ไวต่อช่วงแสง,2098151.0,61715.0,both,-2036436.0,2036436.0
2021,offseason,Maha Sarakham,"ชัยนาท1,2",958369.0,28190.0,both,-930179.0,930179.0
2021,offseason,Maha Sarakham,ปทุมธานี1,0.0,0.0,both,0.0,0.0
2021,offseason,Maha Sarakham,"พิษณุโลก2,60-2",1454571.0,42785.0,both,-1411786.0,1411786.0
2021,offseason,Maha Sarakham,ราชการไม่ไวต่อช่วงแสง,260882.0,7674.0,both,-253208.0,253208.0
2021,offseason,Maha Sarakham,สุพรรณบุรี1,0.0,0.0,both,0.0,0.0
2021,offseason,Maha Sarakham,"สุพรรณบุรี60,90",0.0,0.0,both,0.0,0.0
2021,offseason,Maha Sarakham,หอมสุพรรณบุรี,0.0,0.0,both,0.0,0.0
2021,offseason,Mukdahan,กข10,26252.0,855.0,both,-25397.0,25397.0
2021,offseason,Mukdahan,กขไม่ไวต่อช่วงแสง,21329.0,696.0,both,-20633.0,20633.0
2021,offseason,Mukdahan,"ชัยนาท1,2",2539.0,84.0,both,-2455.0,2455.0
2021,offseason,Mukdahan,ปทุมธานี1,1299.0,42.0,both,-1257.0,1257.0
2021,offseason,Mukdahan,"พิษณุโลก2,60-2",0.0,0.0,both,0.0,0.0
2021,offseason,Mukdahan,ราชการไม่ไวต่อช่วงแสง,12196.0,398.0,both,-11798.0,11798.0
2021,offseason,Mukdahan,สุพรรณบุรี1,0.0,0.0,both,0.0,0.0
2021,offseason,Mukdahan,"สุพรรณบุรี60,90",0.0,0.0,both,0.0,0.0
2021,offseason,Mukdahan,หอมสุพรรณบุรี,0.0,0.0,both,0.0,0.0
2021,offseason,Nakhon Nayok,กข10,0.0,0.0,both,0.0,0.0
2021,offseason,Nakhon Nayok,กขไม่ไวต่อช่วงแสง,3471896.0,113987.0,both,-3357909.0,3357909.0
2021,offseason,Nakhon Nayok,"ชัยนาท1,2",18283.0,601.0,both,-17682.0,17682.0
2021,offseason,Nakhon Nayok,ปทุมธานี1,103782.0,3408.0,both,-100374.0,100374.0
2021,offseason,Nakhon Nayok,"พิษณุโลก2,60-2",214538.0,7044.0,both,-207494.0,207494.0
2021,offseason,Nakhon Nayok,ราชการไม่ไวต่อช่วงแสง,837503.0,27497.0,both,-810006.0,810006.0
2021,offseason,Nakhon Nayok,สุพรรณบุรี1,23891.0,784.0,both,-23107.0,23107.0
2021,offseason,Nakhon Nayok,"สุพรรณบุรี60,90",20344.0,669.0,both,-19675.0,19675.0
2021,offseason,Nakhon Nayok,หอมสุพรรณบุรี,0.0,0.0,both,0.0,0.0
2021,offseason,Nakhon Pathom,กข10,0.0,0.0,both,0.0,0.0
2021,offseason,Nakhon Pathom,กขไม่ไวต่อช่วงแสง,7091917.0,221261.0,both,-6870656.0,6870656.0
2021,offseason,Nakhon Pathom,"ชัยนาท1,2",0.0,0.0,both,0.0,0.0
2021,offseason,Nakhon Pathom,ปทุมธานี1,424219.0,13235.0,both,-410984.0,410984.0
2021,offseason,Nakhon Pathom,"พิษณุโลก2,60-2",90657.0,2831.0,both,-87826.0,87826.0
2021,offseason,Nakhon Pathom,ราชการไม่ไวต่อช่วงแสง,118559.0,3699.0,both,-114860.0,114860.0
2021,offseason,Nakhon Pathom,สุพรรณบุรี1,51635.0,1611.0,both,-50024.0,50024.0
2021,offseason,Nakhon Pathom,"สุพรรณบุรี60,90",0.0,0.0,both,0.0,0.0
2021,offseason,Nakhon Pathom,หอมสุพรรณบุรี,0.0,0.0,both,0.0,0.0
2021,offseason,Nakhon Phanom,กข10,1294343.0,36134.0,both,-1258209.0,1258209.0
2021,offseason,Nakhon Phanom,กขไม่ไวต่อช่วงแสง,454185.0,12679.0,both,-441506.0,441506.0
2021,offseason,Nakhon Phanom,"ชัยนาท1,2",49496.0,1381.0,both,-48115.0,48115.0
2021,offseason,Nakhon Phanom,ปทุมธานี1,7455.0,208.0,both,-7247.0,7247.0
2021,offseason,Nakhon Phanom,"พิษณุโลก2,60-2",0.0,0.0,both,0.0,0.0
2021,offseason,Nakhon Phanom,ราชการไม่ไวต่อช่วงแสง,898315.0,25077.0,both,-873238.0,873238.0
2021,offseason,Nakhon Phanom,สุพรรณบุรี1,0.0,0.0,both,0.0,0.0
2021,offseason,Nakhon Phanom,"สุพรรณบุรี60,90",0.0,0.0,both,0.0,0.0
2021,offseason,Nakhon Phanom,หอมสุพรรณบุรี,0.0,0.0,both,0.0,0.0
2021,offseason,Nakhon Ratchasima,กข10,0.0,0.0,both,0.0,0.0
2021,offseason,Nakhon Ratchasima,กขไม่ไวต่อช่วงแสง,3474591.0,114069.0,both,-3360522.0,3360522.0
2021,offseason,Nakhon Ratchasima,"ชัยนาท1,2",2106333.0,69152.0,both,-2037181.0,2037181.0
2021,offseason,Nakhon Ratchasima,ปทุมธานี1,132371.0,4346.0,both,-128025.0,128025.0
2021,offseason,Nakhon Ratchasima,"พิษณุโลก2,60-2",70096.0,2302.0,both,-67794.0,67794.0
2021,offseason,Nakhon Ratchasima,ราชการไม่ไวต่อช่วงแสง,744552.0,24444.0,both,-720108.0,720108.0
2021,offseason,Nakhon Ratchasima,สุพรรณบุรี1,373710.0,12269.0,both,-361441.0,361441.0
2021,offseason,Nakhon Ratchasima,"สุพรรณบุรี60,90",332928.0,10930.0,both,-321998.0,321998.0
2021,offseason,Nakhon Ratchasima,หอมสุพรรณบุรี,0.0,0.0,both,0.0,0.0
2021,offseason,Nakhon Sawan,กข10,0.0,0.0,both,0.0,0.0
2021,offseason,Nakhon Sawan,กขไม่ไวต่อช่วงแสง,9814504.0,302521.0,both,-9511983.0,9511983.0
2021,offseason,Nakhon Sawan,"ชัยนาท1,2",31868.0,983.0,both,-30885.0,30885.0
2021,offseason,Nakhon Sawan,ปทุมธานี1,250168.0,7712.0,both,-242456.0,242456.0
2021,offseason,Nakhon Sawan,"พิษณุโลก2,60-2",70195.0,2164.0,both,-68031.0,68031.0
2021,offseason,Nakhon Sawan,ราชการไม่ไวต่อช่วงแสง,546314.0,16839.0,both,-529475.0,529475.0
2021,offseason,Nakhon Sawan,สุพรรณบุรี1,151472.0,4669.0,both,-146803.0,146803.0
2021,offseason,Nakhon Sawan,"สุพรรณบุรี60,90",7042.0,216.0,both,-6826.0,6826.0
2021,offseason,Nakhon Sawan,หอมสุพรรณบุรี,0.0,0.0,both,0.0,0.0
2021,offseason,Nakhon Si Thammarat,กข10,0.0,0.0,both,0.0,0.0
2021,offseason,Nakhon Si Thammarat,กขไม่ไวต่อช่วงแสง,173423.0,5721.0,both,-167702.0,167702.0
2021,offseason,Nakhon Si Thammarat,"ชัยนาท1,2",1091.0,36.0,both,-1055.0,1055.0
2021,offseason,Nakhon Si Thammarat,ปทุมธานี1,14853.0,490.0,both,-14363.0,14363.0
2021,offseason,Nakhon Si Thammarat,"พิษณุโลก2,60-2",3486.0,115.0,both,-3371.0,3371.0
2021,offseason,Nakhon Si Thammarat,ราชการไม่ไวต่อช่วงแสง,17400.0,574.0,both,-16826.0,16826.0
2021,offseason,Nakhon Si Thammarat,สุพรรณบุรี1,0.0,0.0,both,0.0,0.0
2021,offseason,Nakhon Si Thammarat,"สุพรรณบุรี60,90",879.0,29.0,both,-850.0,850.0
2021,offseason,Nakhon Si Thammarat,หอมสุพรรณบุรี,0.0,0.0,both,0.0,0.0
2021,offseason,Nan,กข10,12727.0,474.0,both,-12253.0,12253.0
2021,offseason,Nan,กขไม่ไวต่อช่วงแสง,3677.0,137.0,both,-3540.0,3540.0
2021,offseason,Nan,"ชัยนาท1,2",0.0,0.0,both,0.0,0.0
2021,offseason,Nan,ปทุมธานี1,0.0,0.0,both,0.0,0.0
2021,offseason,Nan,"พิษณุโลก2,60-2",0.0,0.0,both,0.0,0.0
2021,offseason,Nan,ราชการไม่ไวต่อช่วงแสง,460105.0,17135.0,both,-442970.0,442970.0
2021,offseason,Nan,สุพรรณบุรี1,0.0,0.0,both,0.0,0.0
2021,offseason,Nan,"สุพรรณบุรี60,90",0.0,0.0,both,0.0,0.0
2021,offseason,Nan,หอมสุพรรณบุรี,0.0,0.0,both,0.0,0.0
2021,offseason,Narathiwat,กข10,0.0,0.0,both,0.0,0.0
2021,offseason,Narathiwat,กขไม่ไวต่อช่วงแสง,0.0,0.0,both,0.0,0.0
2021,offseason,Narathiwat,"ชัยนาท1,2",21780.0,713.0,both,-21067.0,21067.0
2021,offseason,Narathiwat,ปทุมธานี1,0.0,0.0,both,0.0,0.0
2021,offseason,Narathiwat,"พิษณุโลก2,60-2",0.0,0.0,both,0.0,0.0
2021,offseason,Narathiwat,ราชการไม่ไวต่อช่วงแสง,19000.0,622.0,both,-18378.0,18378.0
2021,offseason,Narathiwat,สุพรรณบุรี1,0.0,0.0,both,0.0,0.0
2021,offseason,Narathiwat,"สุพรรณบุรี60,90",0.0,0.0,both,0.0,0.0
2021,offseason,Narathiwat,หอมสุพรรณบุรี,0.0,0.0,both,0.0,0.0
2021,offseason,Nong Bua Lam Phu,กข10,179923.0,4867.0,both,-175056.0,175056.0
2021,offseason,Nong Bua Lam Phu,กขไม่ไวต่อช่วงแสง,276863.0,7487.0,both,-269376.0,269376.0
2021,offseason,Nong Bua Lam Phu,"ชัยนาท1,2",187208.0,5063.0,both,-182145.0,182145.0
2021,offseason,Nong Bua Lam Phu,ปทุมธานี1,61775.0,1670.0,both,-60105.0,60105.0
2021,offseason,Nong Bua Lam Phu,"พิษณุโลก2,60-2",0.0,0.0,both,0.0,0.0
2021,offseason,Nong Bua Lam Phu,ราชการไม่ไวต่อช่วงแสง,144574.0,3908.0,both,-140666.0,140666.0
2021,offseason,Nong Bua Lam Phu,สุพรรณบุรี1,0.0,0.0,both,0.0,0.0
2021,offseason,Nong Bua Lam Phu,"สุพรรณบุรี60,90",0.0,0.0,both,0.0,0.0
2021,offseason,Nong Bua Lam Phu,หอมสุพรรณบุรี,0.0,0.0,both,0.0,0.0
2021,offseason,Nong Khai,กข10,1464618.0,44770.0,both,-1419848.0,1419848.0
2021,offseason,Nong Khai,กขไม่ไวต่อช่วงแสง,591561.0,18083.0,both,-573478.0,573478.0
2021,offseason,Nong Khai,"ชัยนาท1,2",0.0,0.0,both,0.0,0.0
2021,offseason,Nong Khai,ปทุมธานี1,0.0,0.0,both,0.0,0.0
2021,offseason,Nong Khai,"พิษณุโลก2,60-2",0.0,0.0,both,0.0,0.0
2021,offseason,Nong Khai,ราชการไม่ไวต่อช่วงแสง,1138023.0,34787.0,both,-1103236.0,1103236.0
2021,offseason,Nong Khai,สุพรรณบุรี1,0.0,0.0,both,0.0,0.0
2021,offseason,Nong Khai,"สุพรรณบุรี60,90",0.0,0.0,both,0.0,0.0
2021,offseason,Nong Khai,หอมสุพรรณบุรี,0.0,0.0,both,0.0,0.0
2021,offseason,Nonthaburi,กข10,0.0,0.0,both,0.0,0.0
2021,offseason,Nonthaburi,กขไม่ไวต่อช่วงแสง,2285259.0,67335.0,both,-2217924.0,2217924.0
2021,offseason,Nonthaburi,"ชัยนาท1,2",0.0,0.0,both,0.0,0.0
2021,offseason,Nonthaburi,ปทุมธานี1,32877.0,970.0,both,-31907.0,31907.0
2021,offseason,Nonthaburi,"พิษณุโลก2,60-2",5715.0,168.0,both,-5547.0,5547.0
2021,offseason,Nonthaburi,ราชการไม่ไวต่อช่วงแสง,18557.0,546.0,both,-18011.0,18011.0
2021,offseason,Nonthaburi,สุพรรณบุรี1,0.0,0.0,both,0.0,0.0
2021,offseason,Nonthaburi,"สุพรรณบุรี60,90",0.0,0.0,both,0.0,0.0
2021,offseason,Nonthaburi,หอมสุพรรณบุรี,0.0,0.0,both,0.0,0.0
2021,offseason,Pathum Thani,กข10,0.0,0.0,both,0.0,0.0
2021,offseason,Pathum Thani,กขไม่ไวต่อช่วงแสง,5115601.0,143539.0,both,-4972062.0,4972062.0
2021,offseason,Pathum Thani,"ชัยนาท1,2",0.0,0.0,both,0.0,0.0
2021,offseason,Pathum Thani,ปทุมธานี1,929486.0,26081.0,both,-903405.0,903405.0
2021,offseason,Pathum Thani,"พิษณุโลก2,60-2",53309.0,1496.0,both,-51813.0,51813.0
2021,offseason,Pathum Thani,ราชการไม่ไวต่อช่วงแสง,101306.0,2842.0,both,-98464.0,98464.0
2021,offseason,Pathum Thani,สุพรรณบุรี1,15084.0,421.0,both,-14663.0,14663.0
2021,offseason,Pathum Thani,"สุพรรณบุรี60,90",0.0,0.0,both,0.0,0.0
2021,offseason,Pathum Thani,หอมสุพรรณบุรี,0.0,0.0,both,0.0,0.0
2021,offseason,Pattani,กข10,0.0,0.0,both,0.0,0.0
2021,offseason,Pattani,กขไม่ไวต่อช่วงแสง,364333.0,11941.0,both,-352392.0,352392.0
2021,offseason,Pattani,"ชัยนาท1,2",225630.0,7394.0,both,-218236.0,218236.0
2021,offseason,Pattani,ปทุมธานี1,0.0,0.0,both,0.0,0.0
2021,offseason,Pattani,"พิษณุโลก2,60-2",0.0,0.0,both,0.0,0.0
2021,offseason,Pattani,ราชการไม่ไวต่อช่วงแสง,7994.0,262.0,both,-7732.0,7732.0
2021,offseason,Pattani,สุพรรณบุรี1,0.0,0.0,both,0.0,0.0
2021,offseason,Pattani,"สุพรรณบุรี60,90",0.0,0.0,both,0.0,0.0
2021,offseason,Pattani,หอมสุพรรณบุรี,19710.0,646.0,both,-19064.0,19064.0
2021,offseason,Phang-nga,กข10,0.0,0.0,both,0.0,0.0
2021,offseason,Phang-nga,กขไม่ไวต่อช่วงแสง,394.0,13.0,both,-381.0,381.0
2021,offseason,Phang-nga,"ชัยนาท1,2",0.0,0.0,both,0.0,0.0
2021,offseason,Phang-nga,ปทุมธานี1,0.0,0.0,both,0.0,0.0
2021,offseason,Phang-nga,"พิษณุโลก2,60-2",0.0,0.0,both,0.0,0.0
2021,offseason,Phang-nga,ราชการไม่ไวต่อช่วงแสง,0.0,0.0,both,0.0,0.0
2021,offseason,Phang-nga,สุพรรณบุรี1,0.0,0.0,both,0.0,0.0
2021,offseason,Phang-nga,"สุพรรณบุรี60,90",0.0,0.0,both,0.0,0.0
2021,offseason,Phang-nga,หอมสุพรรณบุรี,0.0,0.0,both,0.0,0.0
2021,offseason,Phatthalung,กข10,0.0,0.0,both,0.0,0.0
2021,offseason,Phatthalung,กขไม่ไวต่อช่วงแสง,456991.0,14993.0,both,-441998.0,441998.0
2021,offseason,Phatthalung,"ชัยนาท1,2",30267.0,993.0,both,-29274.0,29274.0
2021,offseason,Phatthalung,ปทุมธานี1,133595.0,4382.0,both,-129213.0,129213.0
2021,offseason,Phatthalung,"พิษณุโลก2,60-2",10851.0,356.0,both,-10495.0,10495.0
2021,offseason,Phatthalung,ราชการไม่ไวต่อช่วงแสง,216867.0,7115.0,both,-209752.0,209752.0
2021,offseason,Phatthalung,สุพรรณบุรี1,6340.0,208.0,both,-6132.0,6132.0
2021,offseason,Phatthalung,"สุพรรณบุรี60,90",0.0,0.0,both,0.0,0.0
2021,offseason,Phatthalung,หอมสุพรรณบุรี,0.0,0.0,both,0.0,0.0
2021,offseason,Phayao,กข10,29658.0,748.0,both,-28910.0,28910.0
2021,offseason,Phayao,กขไม่ไวต่อช่วงแสง,41290.0,1041.0,both,-40249.0,40249.0
2021,offseason,Phayao,"ชัยนาท1,2",0.0,0.0,both,0.0,0.0
2021,offseason,Phayao,ปทุมธานี1,0.0,0.0,both,0.0,0.0
2021,offseason,Phayao,"พิษณุโลก2,60-2",160390.0,4045.0,both,-156345.0,156345.0
2021,offseason,Phayao,ราชการไม่ไวต่อช่วงแสง,713371.0,17992.0,both,-695379.0,695379.0
2021,offseason,Phayao,สุพรรณบุรี1,0.0,0.0,both,0.0,0.0
2021,offseason,Phayao,"สุพรรณบุรี60,90",0.0,0.0,both,0.0,0.0
2021,offseason,Phayao,หอมสุพรรณบุรี,0.0,0.0,both,0.0,0.0
2021,offseason,Phetchabun,กข10,44586.0,1349.0,both,-43237.0,43237.0
2021,offseason,Phetchabun,กขไม่ไวต่อช่วงแสง,597647.0,18077.0,both,-579570.0,579570.0
2021,offseason,Phetchabun,"ชัยนาท1,2",7574.0,228.0,both,-7346.0,7346.0
2021,offseason,Phetchabun,ปทุมธานี1,13528.0,407.0,both,-13121.0,13121.0
2021,offseason,Phetchabun,"พิษณุโลก2,60-2",49104.0,1485.0,both,-47619.0,47619.0
2021,offseason,Phetchabun,ราชการไม่ไวต่อช่วงแสง,267233.0,8085.0,both,-259148.0,259148.0
2021,offseason,Phetchabun,สุพรรณบุรี1,1497.0,44.0,both,-1453.0,1453.0
2021,offseason,Phetchabun,"สุพรรณบุรี60,90",0.0,0.0,both,0.0,0.0
2021,offseason,Phetchabun,หอมสุพรรณบุรี,0.0,0.0,both,0.0,0.0
2021,offseason,Phetchaburi,กข10,0.0,0.0,both,0.0,0.0
2021,offseason,Phetchaburi,กขไม่ไวต่อช่วงแสง,1633095.0,54704.0,both,-1578391.0,1578391.0
2021,offseason,Phetchaburi,"ชัยนาท1,2",608000.0,20367.0,both,-587633.0,587633.0
2021,offseason,Phetchaburi,ปทุมธานี1,111949.0,3750.0,both,-108199.0,108199.0
2021,offseason,Phetchaburi,"พิษณุโลก2,60-2",155376.0,5205.0,both,-150171.0,150171.0
2021,offseason,Phetchaburi,ราชการไม่ไวต่อช่วงแสง,92726.0,3106.0,both,-89620.0,89620.0
2021,offseason,Phetchaburi,สุพรรณบุรี1,548537.0,18375.0,both,-530162.0,530162.0
2021,offseason,Phetchaburi,"สุพรรณบุรี60,90",35945.0,1202.0,both,-34743.0,34743.0
2021,offseason,Phetchaburi,หอมสุพรรณบุรี,2057.0,68.0,both,-1989.0,1989.0
2021,offseason,Phichit,กข10,0.0,0.0,both,0.0,0.0
2021,offseason,Phichit,กขไม่ไวต่อช่วงแสง,11994649.0,386738.0,both,-11607911.0,11607911.0
2021,offseason,Phichit,"ชัยนาท1,2",108443.0,3498.0,both,-104945.0,104945.0
2021,offseason,Phichit,ปทุมธานี1,38983.0,1257.0,both,-37726.0,37726.0
2021,offseason,Phichit,"พิษณุโลก2,60-2",1283026.0,41370.0,both,-1241656.0,1241656.0
2021,offseason,Phichit,ราชการไม่ไวต่อช่วงแสง,1462979.0,47170.0,both,-1415809.0,1415809.0
2021,offseason,Phichit,สุพรรณบุรี1,290019.0,9351.0,both,-280668.0,280668.0
2021,offseason,Phichit,"สุพรรณบุรี60,90",0.0,0.0,both,0.0,0.0
2021,offseason,Phichit,หอมสุพรรณบุรี,0.0,0.0,both,0.0,0.0
2021,offseason,Phitsanulok,กข10,111275.0,3547.0,both,-107728.0,107728.0
2021,offseason,Phitsanulok,กขไม่ไวต่อช่วงแสง,8996318.0,286782.0,both,-8709536.0,8709536.0
2021,offseason,Phitsanulok,"ชัยนาท1,2",166027.0,5293.0,both,-160734.0,160734.0
2021,offseason,Phitsanulok,ปทุมธานี1,407926.0,13003.0,both,-394923.0,394923.0
2021,offseason,Phitsanulok,"พิษณุโลก2,60-2",2655525.0,84652.0,both,-2570873.0,2570873.0
2021,offseason,Phitsanulok,ราชการไม่ไวต่อช่วงแสง,3134230.0,99911.0,both,-3034319.0,3034319.0
2021,offseason,Phitsanulok,สุพรรณบุรี1,466465.0,14870.0,both,-451595.0,451595.0
2021,offseason,Phitsanulok,"สุพรรณบุรี60,90",93971.0,2996.0,both,-90975.0,90975.0
2021,offseason,Phitsanulok,หอมสุพรรณบุรี,0.0,0.0,both,0.0,0.0
2021,offseason,Phra Nakhon Si Ayutthaya,กข10,0.0,0.0,both,0.0,0.0
2021,offseason,Phra Nakhon Si Ayutthaya,กขไม่ไวต่อช่วงแสง,15315439.0,449516.0,both,-14865923.0,14865923.0
2021,offseason,Phra Nakhon Si Ayutthaya,"ชัยนาท1,2",10472.0,309.0,both,-10163.0,10163.0
2021,offseason,Phra Nakhon Si Ayutthaya,ปทุมธานี1,380074.0,11155.0,both,-368919.0,368919.0
2021,offseason,Phra Nakhon Si Ayutthaya,"พิษณุโลก2,60-2",516815.0,15169.0,both,-501646.0,501646.0
2021,offseason,Phra Nakhon Si Ayutthaya,ราชการไม่ไวต่อช่วงแสง,56471.0,1656.0,both,-54815.0,54815.0
2021,offseason,Phra Nakhon Si Ayutthaya,สุพรรณบุรี1,111010.0,3259.0,both,-107751.0,107751.0
2021,offseason,Phra Nakhon Si Ayutthaya,"สุพรรณบุรี60,90",0.0,0.0,both,0.0,0.0
2021,offseason,Phra Nakhon Si Ayutthaya,หอมสุพรรณบุรี,0.0,0.0,both,0.0,0.0
2021,offseason,Phrae,กข10,217372.0,7200.0,both,-210172.0,210172.0
2021,offseason,Phrae,กขไม่ไวต่อช่วงแสง,296263.0,9816.0,both,-286447.0,286447.0
2021,offseason,Phrae,"ชัยนาท1,2",0.0,0.0,both,0.0,0.0
2021,offseason,Phrae,ปทุมธานี1,0.0,0.0,both,0.0,0.0
2021,offseason,Phrae,"พิษณุโลก2,60-2",0.0,0.0,both,0.0,0.0
2021,offseason,Phrae,ราชการไม่ไวต่อช่วงแสง,759955.0,25176.0,both,-734779.0,734779.0
2021,offseason,Phrae,สุพรรณบุรี1,0.0,0.0,both,0.0,0.0
2021,offseason,Phrae,"สุพรรณบุรี60,90",0.0,0.0,both,0.0,0.0
2021,offseason,Phrae,หอมสุพรรณบุรี,0.0,0.0,both,0.0,0.0
2021,offseason,Phuket,กข10,0.0,,left_only,0.0,0.0
2021,offseason,Phuket,กขไม่ไวต่อช่วงแสง,0.0,,left_only,0.0,0.0
2021,offseason,Phuket,"ชัยนาท1,2",0.0,,left_only,0.0,0.0
2021,offseason,Phuket,ปทุมธานี1,0.0,,left_only,0.0,0.0
2021,offseason,Phuket,"พิษณุโลก2,60-2",0.0,,left_only,0.0,0.0
2021,offseason,Phuket,ราชการไม่ไวต่อช่วงแสง,0.0,,left_only,0.0,0.0
2021,offseason,Phuket,สุพรรณบุรี1,0.0,,left_only,0.0,0.0
2021,offseason,Phuket,"สุพรรณบุรี60,90",0.0,,left_only,0.0,0.0
2021,offseason,Phuket,หอมสุพรรณบุรี,0.0,,left_only,0.0,0.0
2021,offseason,Prachin Buri,กข10,0.0,0.0,both,0.0,0.0
2021,offseason,Prachin Buri,กขไม่ไวต่อช่วงแสง,2924854.0,95185.0,both,-2829669.0,2829669.0
2021,offseason,Prachin Buri,"ชัยนาท1,2",11617.0,377.0,both,-11240.0,11240.0
2021,offseason,Prachin Buri,ปทุมธานี1,54021.0,1758.0,both,-52263.0,52263.0
2021,offseason,Prachin Buri,"พิษณุโลก2,60-2",30999.0,1010.0,both,-29989.0,29989.0
2021,offseason,Prachin Buri,ราชการไม่ไวต่อช่วงแสง,443151.0,14420.0,both,-428731.0,428731.0
2021,offseason,Prachin Buri,สุพรรณบุรี1,171315.0,5575.0,both,-165740.0,165740.0
2021,offseason,Prachin Buri,"สุพรรณบุรี60,90",78227.0,2547.0,both,-75680.0,75680.0
2021,offseason,Prachin Buri,หอมสุพรรณบุรี,0.0,0.0,both,0.0,0.0
2021,offseason,Prachuap Khiri Khan,กข10,0.0,0.0,both,0.0,0.0
2021,offseason,Prachuap Khiri Khan,กขไม่ไวต่อช่วงแสง,29800.0,966.0,both,-28834.0,28834.0
2021,offseason,Prachuap Khiri Khan,"ชัยนาท1,2",197661.0,6417.0,both,-191244.0,191244.0
2021,offseason,Prachuap Khiri Khan,ปทุมธานี1,111682.0,3627.0,both,-108055.0,108055.0
2021,offseason,Prachuap Khiri Khan,"พิษณุโลก2,60-2",0.0,0.0,both,0.0,0.0
2021,offseason,Prachuap Khiri Khan,ราชการไม่ไวต่อช่วงแสง,1091.0,36.0,both,-1055.0,1055.0
2021,offseason,Prachuap Khiri Khan,สุพรรณบุรี1,1445.0,46.0,both,-1399.0,1399.0
2021,offseason,Prachuap Khiri Khan,"สุพรรณบุรี60,90",1708.0,57.0,both,-1651.0,1651.0
2021,offseason,Prachuap Khiri Khan,หอมสุพรรณบุรี,0.0,0.0,both,0.0,0.0
2021,offseason,Ranong,กข10,0.0,,left_only,0.0,0.0
2021,offseason,Ranong,กขไม่ไวต่อช่วงแสง,0.0,,left_only,0.0,0.0
2021,offseason,Ranong,"ชัยนาท1,2",0.0,,left_only,0.0,0.0
2021,offseason,Ranong,ปทุมธานี1,0.0,,left_only,0.0,0.0
2021,offseason,Ranong,"พิษณุโลก2,60-2",0.0,,left_only,0.0,0.0
2021,offseason,Ranong,ราชการไม่ไวต่อช่วงแสง,0.0,,left_only,0.0,0.0
2021,offseason,Ranong,สุพรรณบุรี1,0.0,,left_only,0.0,0.0
2021,offseason,Ranong,"สุพรรณบุรี60,90",0.0,,left_only,0.0,0.0
2021,offseason,Ranong,หอมสุพรรณบุรี,0.0,,left_only,0.0,0.0
2021,offseason,Ratchaburi,กข10,0.0,0.0,both,0.0,0.0
2021,offseason,Ratchaburi,กขไม่ไวต่อช่วงแสง,787177.0,25754.0,both,-761423.0,761423.0
2021,offseason,Ratchaburi,"ชัยนาท1,2",56322.0,1842.0,both,-54480.0,54480.0
2021,offseason,Ratchaburi,ปทุมธานี1,602167.0,19700.0,both,-582467.0,582467.0
2021,offseason,Ratchaburi,"พิษณุโลก2,60-2",22655.0,740.0,both,-21915.0,21915.0
2021,offseason,Ratchaburi,ราชการไม่ไวต่อช่วงแสง,81222.0,2656.0,both,-78566.0,78566.0
2021,offseason,Ratchaburi,สุพรรณบุรี1,730339.0,23895.0,both,-706444.0,706444.0
2021,offseason,Ratchaburi,"สุพรรณบุรี60,90",16134.0,528.0,both,-15606.0,15606.0
2021,offseason,Ratchaburi,หอมสุพรรณบุรี,1243.0,40.0,both,-1203.0,1203.0
2021,offseason,Rayong,กข10,0.0,0.0,both,0.0,0.0
2021,offseason,Rayong,กขไม่ไวต่อช่วงแสง,74624.0,2596.0,both,-72028.0,72028.0
2021,offseason,Rayong,"ชัยนาท1,2",3592.0,126.0,both,-3466.0,3466.0
2021,offseason,Rayong,ปทุมธานี1,0.0,0.0,both,0.0,0.0
2021,offseason,Rayong,"พิษณุโลก2,60-2",0.0,0.0,both,0.0,0.0
2021,offseason,Rayong,ราชการไม่ไวต่อช่วงแสง,4962.0,172.0,both,-4790.0,4790.0
2021,offseason,Rayong,สุพรรณบุรี1,4080.0,141.0,both,-3939.0,3939.0
2021,offseason,Rayong,"สุพรรณบุรี60,90",11904.0,415.0,both,-11489.0,11489.0
2021,offseason,Rayong,หอมสุพรรณบุรี,0.0,0.0,both,0.0,0.0
2021,offseason,Roi Et,กข10,60883.0,1991.0,both,-58892.0,58892.0
2021,offseason,Roi Et,กขไม่ไวต่อช่วงแสง,5414319.0,177054.0,both,-5237265.0,5237265.0
2021,offseason,Roi Et,"ชัยนาท1,2",843688.0,27592.0,both,-816096.0,816096.0
2021,offseason,Roi Et,ปทุมธานี1,24978.0,816.0,both,-24162.0,24162.0
2021,offseason,Roi Et,"พิษณุโลก2,60-2",615664.0,20135.0,both,-595529.0,595529.0
2021,offseason,Roi Et,ราชการไม่ไวต่อช่วงแสง,254519.0,8323.0,both,-246196.0,246196.0
2021,offseason,Roi Et,สุพรรณบุรี1,20152.0,658.0,both,-19494.0,19494.0
2021,offseason,Roi Et,"สุพรรณบุรี60,90",11382.0,372.0,both,-11010.0,11010.0
2021,offseason,Roi Et,หอมสุพรรณบุรี,0.0,0.0,both,0.0,0.0
2021,offseason,Sa kaeo,กข10,0.0,0.0,both,0.0,0.0
2021,offseason,Sa kaeo,กขไม่ไวต่อช่วงแสง,169207.0,5339.0,both,-163868.0,163868.0
2021,offseason,Sa kaeo,"ชัยนาท1,2",139753.0,4411.0,both,-135342.0,135342.0
2021,offseason,Sa kaeo,ปทุมธานี1,635528.0,20052.0,both,-615476.0,615476.0
2021,offseason,Sa kaeo,"พิษณุโลก2,60-2",0.0,0.0,both,0.0,0.0
2021,offseason,Sa kaeo,ราชการไม่ไวต่อช่วงแสง,38230.0,1206.0,both,-37024.0,37024.0
2021,offseason,Sa kaeo,สุพรรณบุรี1,0.0,0.0,both,0.0,0.0
2021,offseason,Sa kaeo,"สุพรรณบุรี60,90",0.0,0.0,both,0.0,0.0
2021,offseason,Sa kaeo,หอมสุพรรณบุรี,0.0,0.0,both,0.0,0.0
2021,offseason,Sakon Nakhon,กข10,377334.0,12227.0,both,-365107.0,365107.0
2021,offseason,Sakon Nakhon,กขไม่ไวต่อช่วงแสง,626056.0,20286.0,both,-605770.0,605770.0
2021,offseason,Sakon Nakhon,"ชัยนาท1,2",15401.0,498.0,both,-14903.0,14903.0
2021,offseason,Sakon Nakhon,ปทุมธานี1,4886.0,159.0,both,-4727.0,4727.0
2021,offseason,Sakon Nakhon,"พิษณุโลก2,60-2",0.0,0.0,both,0.0,0.0
2021,offseason,Sakon Nakhon,ราชการไม่ไวต่อช่วงแสง,992503.0,32159.0,both,-960344.0,960344.0
2021,offseason,Sakon Nakhon,สุพรรณบุรี1,0.0,0.0,both,0.0,0.0
2021,offseason,Sakon Nakhon,"สุพรรณบุรี60,90",0.0,0.0,both,0.0,0.0
2021,offseason,Sakon Nakhon,หอมสุพรรณบุรี,0.0,0.0,both,0.0,0.0
2021,offseason,Samut Prakarn,กข10,0.0,0.0,both,0.0,0.0
2021,offseason,Samut Prakarn,กขไม่ไวต่อช่วงแสง,369754.0,12000.0,both,-357754.0,357754.0
2021,offseason,Samut Prakarn,"ชัยนาท1,2",0.0,0.0,both,0.0,0.0
2021,offseason,Samut Prakarn,ปทุมธานี1,67159.0,2179.0,both,-64980.0,64980.0
2021,offseason,Samut Prakarn,"พิษณุโลก2,60-2",65759.0,2134.0,both,-63625.0,63625.0
2021,offseason,Samut Prakarn,ราชการไม่ไวต่อช่วงแสง,7364.0,239.0,both,-7125.0,7125.0
2021,offseason,Samut Prakarn,สุพรรณบุรี1,0.0,0.0,both,0.0,0.0
2021,offseason,Samut Prakarn,"สุพรรณบุรี60,90",8703.0,282.0,both,-8421.0,8421.0
2021,offseason,Samut Prakarn,หอมสุพรรณบุรี,0.0,0.0,both,0.0,0.0
2021,offseason,Samut Sakhon,กข10,0.0,0.0,both,0.0,0.0
2021,offseason,Samut Sakhon,กขไม่ไวต่อช่วงแสง,53214.0,1720.0,both,-51494.0,51494.0
2021,offseason,Samut Sakhon,"ชัยนาท1,2",0.0,0.0,both,0.0,0.0
2021,offseason,Samut Sakhon,ปทุมธานี1,2948.0,95.0,both,-2853.0,2853.0
2021,offseason,Samut Sakhon,"พิษณุโลก2,60-2",24998.0,807.0,both,-24191.0,24191.0
2021,offseason,Samut Sakhon,ราชการไม่ไวต่อช่วงแสง,3821.0,123.0,both,-3698.0,3698.0
2021,offseason,Samut Sakhon,สุพรรณบุรี1,842.0,29.0,both,-813.0,813.0
2021,offseason,Samut Sakhon,"สุพรรณบุรี60,90",0.0,0.0,both,0.0,0.0
2021,offseason,Samut Sakhon,หอมสุพรรณบุรี,0.0,0.0,both,0.0,0.0
2021,offseason,Samut Songkhram,กข10,0.0,0.0,both,0.0,0.0
2021,offseason,Samut Songkhram,กขไม่ไวต่อช่วงแสง,24011.0,786.0,both,-23225.0,23225.0
2021,offseason,Samut Songkhram,"ชัยนาท1,2",2627.0,86.0,both,-2541.0,2541.0
2021,offseason,Samut Songkhram,ปทุมธานี1,396.0,13.0,both,-383.0,383.0
2021,offseason,Samut Songkhram,"พิษณุโลก2,60-2",0.0,0.0,both,0.0,0.0
2021,offseason,Samut Songkhram,ราชการไม่ไวต่อช่วงแสง,11456.0,375.0,both,-11081.0,11081.0
2021,offseason,Samut Songkhram,สุพรรณบุรี1,4001.0,131.0,both,-3870.0,3870.0
2021,offseason,Samut Songkhram,"สุพรรณบุรี60,90",0.0,0.0,both,0.0,0.0
2021,offseason,Samut Songkhram,หอมสุพรรณบุรี,0.0,0.0,both,0.0,0.0
2021,offseason,Saraburi,กข10,0.0,0.0,both,0.0,0.0
2021,offseason,Saraburi,กขไม่ไวต่อช่วงแสง,1272444.0,31922.0,both,-1240522.0,1240522.0
2021,offseason,Saraburi,"ชัยนาท1,2",31034.0,779.0,both,-30255.0,30255.0
2021,offseason,Saraburi,ปทุมธานี1,146584.0,3678.0,both,-142906.0,142906.0
2021,offseason,Saraburi,"พิษณุโลก2,60-2",17192.0,432.0,both,-16760.0,16760.0
2021,offseason,Saraburi,ราชการไม่ไวต่อช่วงแสง,12793.0,320.0,both,-12473.0,12473.0
2021,offseason,Saraburi,สุพรรณบุรี1,70648.0,1773.0,both,-68875.0,68875.0
2021,offseason,Saraburi,"สุพรรณบุรี60,90",0.0,0.0,both,0.0,0.0
2021,offseason,Saraburi,หอมสุพรรณบุรี,0.0,0.0,both,0.0,0.0
2021,offseason,Satun,กข10,0.0,,left_only,0.0,0.0
2021,offseason,Satun,กขไม่ไวต่อช่วงแสง,0.0,,left_only,0.0,0.0
2021,offseason,Satun,"ชัยนาท1,2",0.0,,left_only,0.0,0.0
2021,offseason,Satun,ปทุมธานี1,0.0,,left_only,0.0,0.0
2021,offseason,Satun,"พิษณุโลก2,60-2",0.0,,left_only,0.0,0.0
2021,offseason,Satun,ราชการไม่ไวต่อช่วงแสง,0.0,,left_only,0.0,0.0
2021,offseason,Satun,สุพรรณบุรี1,0.0,,left_only,0.0,0.0
2021,offseason,Satun,"สุพรรณบุรี60,90",0.0,,left_only,0.0,0.0
2021,offseason,Satun,หอมสุพรรณบุรี,0.0,,left_only,0.0,0.0
2021,offseason,Si Sa Ket,กข10,82306.0,2728.0,both,-79578.0,79578.0
2021,offseason,Si Sa Ket,กขไม่ไวต่อช่วงแสง,109270.0,3623.0,both,-105647.0,105647.0
2021,offseason,Si Sa Ket,"ชัยนาท1,2",1516255.0,50256.0,both,-1465999.0,1465999.0
2021,offseason,Si Sa Ket,ปทุมธานี1,121485.0,4027.0,both,-117458.0,117458.0
2021,offseason,Si Sa Ket,"พิษณุโลก2,60-2",0.0,0.0,both,0.0,0.0
2021,offseason,Si Sa Ket,ราชการไม่ไวต่อช่วงแสง,494797.0,16401.0,both,-478396.0,478396.0
2021,offseason,Si Sa Ket,สุพรรณบุรี1,0.0,0.0,both,0.0,0.0
2021,offseason,Si Sa Ket,"สุพรรณบุรี60,90",0.0,0.0,both,0.0,0.0
2021,offseason,Si Sa Ket,หอมสุพรรณบุรี,0.0,0.0,both,0.0,0.0
2021,offseason,Sing Buri,กข10,0.0,0.0,both,0.0,0.0
2021,offseason,Sing Buri,กขไม่ไวต่อช่วงแสง,1759536.0,56689.0,both,-1702847.0,1702847.0
2021,offseason,Sing Buri,"ชัยนาท1,2",740.0,25.0,both,-715.0,715.0
2021,offseason,Sing Buri,ปทุมธานี1,749224.0,24138.0,both,-725086.0,725086.0
2021,offseason,Sing Buri,"พิษณุโลก2,60-2",22884.0,737.0,both,-22147.0,22147.0
2021,offseason,Sing Buri,ราชการไม่ไวต่อช่วงแสง,111092.0,3579.0,both,-107513.0,107513.0
2021,offseason,Sing Buri,สุพรรณบุรี1,27966.0,901.0,both,-27065.0,27065.0
2021,offseason,Sing Buri,"สุพรรณบุรี60,90",0.0,0.0,both,0.0,0.0
2021,offseason,Sing Buri,หอมสุพรรณบุรี,0.0,0.0,both,0.0,0.0
2021,offseason,Songkhla,กข10,0.0,0.0,both,0.0,0.0
2021,offseason,Songkhla,กขไม่ไวต่อช่วงแสง,424988.0,13902.0,both,-411086.0,411086.0
2021,offseason,Songkhla,"ชัยนาท1,2",9263.0,303.0,both,-8960.0,8960.0
2021,offseason,Songkhla,ปทุมธานี1,3455.0,113.0,both,-3342.0,3342.0
2021,offseason,Songkhla,"พิษณุโลก2,60-2",1865.0,61.0,both,-1804.0,1804.0
2021,offseason,Songkhla,ราชการไม่ไวต่อช่วงแสง,27544.0,901.0,both,-26643.0,26643.0
2021,offseason,Songkhla,สุพรรณบุรี1,917.0,30.0,both,-887.0,887.0
2021,offseason,Songkhla,"สุพรรณบุรี60,90",0.0,0.0,both,0.0,0.0
2021,offseason,Songkhla,หอมสุพรรณบุรี,0.0,0.0,both,0.0,0.0
2021,offseason,Sukhothai,กข10,0.0,0.0,both,0.0,0.0
2021,offseason,Sukhothai,กขไม่ไวต่อช่วงแสง,6972512.0,231007.0,both,-6741505.0,6741505.0
2021,offseason,Sukhothai,"ชัยนาท1,2",48552.0,1609.0,both,-46943.0,46943.0
2021,offseason,Sukhothai,ปทุมธานี1,72779.0,2410.0,both,-70369.0,70369.0
2021,offseason,Sukhothai,"พิษณุโลก2,60-2",2248741.0,74504.0,both,-2174237.0,2174237.0
2021,offseason,Sukhothai,ราชการไม่ไวต่อช่วงแสง,766672.0,25401.0,both,-741271.0,741271.0
2021,offseason,Sukhothai,สุพรรณบุรี1,367966.0,12191.0,both,-355775.0,355775.0
2021,offseason,Sukhothai,"สุพรรณบุรี60,90",308600.0,10225.0,both,-298375.0,298375.0
2021,offseason,Sukhothai,หอมสุพรรณบุรี,0.0,0.0,both,0.0,0.0
2021,offseason,Suphan Buri,กข10,0.0,0.0,both,0.0,0.0
2021,offseason,Suphan Buri,กขไม่ไวต่อช่วงแสง,19894052.0,562130.0,both,-19331922.0,19331922.0
2021,offseason,Suphan Buri,"ชัยนาท1,2",0.0,0.0,both,0.0,0.0
2021,offseason,Suphan Buri,ปทุมธานี1,1852135.0,52334.0,both,-1799801.0,1799801.0
2021,offseason,Suphan Buri,"พิษณุโลก2,60-2",182170.0,5147.0,both,-177023.0,177023.0
2021,offseason,Suphan Buri,ราชการไม่ไวต่อช่วงแสง,220514.0,6230.0,both,-214284.0,214284.0
2021,offseason,Suphan Buri,สุพรรณบุรี1,31057.0,879.0,both,-30178.0,30178.0
2021,offseason,Suphan Buri,"สุพรรณบุรี60,90",0.0,0.0,both,0.0,0.0
2021,offseason,Suphan Buri,หอมสุพรรณบุรี,1929.0,56.0,both,-1873.0,1873.0
2021,offseason,Surat Thani,กข10,0.0,0.0,both,0.0,0.0
2021,offseason,Surat Thani,กขไม่ไวต่อช่วงแสง,32315.0,1160.0,both,-31155.0,31155.0
2021,offseason,Surat Thani,"ชัยนาท1,2",0.0,0.0,both,0.0,0.0
2021,offseason,Surat Thani,ปทุมธานี1,28728.0,1031.0,both,-27697.0,27697.0
2021,offseason,Surat Thani,"พิษณุโลก2,60-2",1779.0,65.0,both,-1714.0,1714.0
2021,offseason,Surat Thani,ราชการไม่ไวต่อช่วงแสง,4660.0,167.0,both,-4493.0,4493.0
2021,offseason,Surat Thani,สุพรรณบุรี1,0.0,0.0,both,0.0,0.0
2021,offseason,Surat Thani,"สุพรรณบุรี60,90",0.0,0.0,both,0.0,0.0
2021,offseason,Surat Thani,หอมสุพรรณบุรี,0.0,0.0,both,0.0,0.0
2021,offseason,Surin,กข10,53158.0,1834.0,both,-51324.0,51324.0
2021,offseason,Surin,กขไม่ไวต่อช่วงแสง,358871.0,12379.0,both,-346492.0,346492.0
2021,offseason,Surin,"ชัยนาท1,2",84195.0,2902.0,both,-81293.0,81293.0
2021,offseason,Surin,ปทุมธานี1,62445.0,2154.0,both,-60291.0,60291.0
2021,offseason,Surin,"พิษณุโลก2,60-2",3393.0,117.0,both,-3276.0,3276.0
2021,offseason,Surin,ราชการไม่ไวต่อช่วงแสง,385590.0,13300.0,both,-372290.0,372290.0
2021,offseason,Surin,สุพรรณบุรี1,0.0,0.0,both,0.0,0.0
2021,offseason,Surin,"สุพรรณบุรี60,90",0.0,0.0,both,0.0,0.0
2021,offseason,Surin,หอมสุพรรณบุรี,0.0,0.0,both,0.0,0.0
2021,offseason,Tak,กข10,0.0,0.0,both,0.0,0.0
2021,offseason,Tak,กขไม่ไวต่อช่วงแสง,123311.0,3975.0,both,-119336.0,119336.0
2021,offseason,Tak,"ชัยนาท1,2",83607.0,2694.0,both,-80913.0,80913.0
2021,offseason,Tak,ปทุมธานี1,19300.0,622.0,both,-18678.0,18678.0
2021,offseason,Tak,"พิษณุโลก2,60-2",103214.0,3326.0,both,-99888.0,99888.0
2021,offseason,Tak,ราชการไม่ไวต่อช่วงแสง,109895.0,3542.0,both,-106353.0,106353.0
2021,offseason,Tak,สุพรรณบุรี1,4290.0,139.0,both,-4151.0,4151.0
2021,offseason,Tak,"สุพรรณบุรี60,90",0.0,0.0,both,0.0,0.0
2021,offseason,Tak,หอมสุพรรณบุรี,0.0,0.0,both,0.0,0.0
2021,offseason,Trang,กข10,0.0,0.0,both,0.0,0.0
2021,offseason,Trang,กขไม่ไวต่อช่วงแสง,579.0,20.0,both,-559.0,559.0
2021,offseason,Trang,"ชัยนาท1,2",0.0,0.0,both,0.0,0.0
2021,offseason,Trang,ปทุมธานี1,0.0,0.0,both,0.0,0.0
2021,offseason,Trang,"พิษณุโลก2,60-2",0.0,0.0,both,0.0,0.0
2021,offseason,Trang,ราชการไม่ไวต่อช่วงแสง,291.0,10.0,both,-281.0,281.0
2021,offseason,Trang,สุพรรณบุรี1,0.0,0.0,both,0.0,0.0
2021,offseason,Trang,"สุพรรณบุรี60,90",0.0,0.0,both,0.0,0.0
2021,offseason,Trang,หอมสุพรรณบุรี,0.0,0.0,both,0.0,0.0
2021,offseason,Trat,กข10,0.0,0.0,both,0.0,0.0
2021,offseason,Trat,กขไม่ไวต่อช่วงแสง,44215.0,1439.0,both,-42776.0,42776.0
2021,offseason,Trat,"ชัยนาท1,2",0.0,0.0,both,0.0,0.0
2021,offseason,Trat,ปทุมธานี1,20607.0,670.0,both,-19937.0,19937.0
2021,offseason,Trat,"พิษณุโลก2,60-2",0.0,0.0,both,0.0,0.0
2021,offseason,Trat,ราชการไม่ไวต่อช่วงแสง,14791.0,482.0,both,-14309.0,14309.0
2021,offseason,Trat,สุพรรณบุรี1,0.0,0.0,both,0.0,0.0
2021,offseason,Trat,"สุพรรณบุรี60,90",0.0,0.0,both,0.0,0.0
2021,offseason,Trat,หอมสุพรรณบุรี,0.0,0.0,both,0.0,0.0
2021,offseason,Ubon Ratchathani,กข10,1059587.0,31764.0,both,-1027823.0,1027823.0
2021,offseason,Ubon Ratchathani,กขไม่ไวต่อช่วงแสง,3065990.0,91909.0,both,-2974081.0,2974081.0
2021,offseason,Ubon Ratchathani,"ชัยนาท1,2",351362.0,10532.0,both,-340830.0,340830.0
2021,offseason,Ubon Ratchathani,ปทุมธานี1,13859.0,415.0,both,-13444.0,13444.0
2021,offseason,Ubon Ratchathani,"พิษณุโลก2,60-2",3164.0,95.0,both,-3069.0,3069.0
2021,offseason,Ubon Ratchathani,ราชการไม่ไวต่อช่วงแสง,933391.0,27980.0,both,-905411.0,905411.0
2021,offseason,Ubon Ratchathani,สุพรรณบุรี1,4579.0,137.0,both,-4442.0,4442.0
2021,offseason,Ubon Ratchathani,"สุพรรณบุรี60,90",10879.0,327.0,both,-10552.0,10552.0
2021,offseason,Ubon Ratchathani,หอมสุพรรณบุรี,0.0,0.0,both,0.0,0.0
2021,offseason,Udon Thani,กข10,917099.0,30404.0,both,-886695.0,886695.0
2021,offseason,Udon Thani,กขไม่ไวต่อช่วงแสง,215515.0,7144.0,both,-208371.0,208371.0
2021,offseason,Udon Thani,"ชัยนาท1,2",26839.0,890.0,both,-25949.0,25949.0
2021,offseason,Udon Thani,ปทุมธานี1,0.0,0.0,both,0.0,0.0
2021,offseason,Udon Thani,"พิษณุโลก2,60-2",5830.0,194.0,both,-5636.0,5636.0
2021,offseason,Udon Thani,ราชการไม่ไวต่อช่วงแสง,289186.0,9587.0,both,-279599.0,279599.0
2021,offseason,Udon Thani,สุพรรณบุรี1,0.0,0.0,both,0.0,0.0
2021,offseason,Udon Thani,"สุพรรณบุรี60,90",0.0,0.0,both,0.0,0.0
2021,offseason,Udon Thani,หอมสุพรรณบุรี,0.0,0.0,both,0.0,0.0
2021,offseason,Uthai Thani,กข10,0.0,0.0,both,0.0,0.0
2021,offseason,Uthai Thani,กขไม่ไวต่อช่วงแสง,2767798.0,85626.0,both,-2682172.0,2682172.0
2021,offseason,Uthai Thani,"ชัยนาท1,2",22647.0,701.0,both,-21946.0,21946.0
2021,offseason,Uthai Thani,ปทุมธานี1,223534.0,6916.0,both,-216618.0,216618.0
2021,offseason,Uthai Thani,"พิษณุโลก2,60-2",159745.0,4942.0,both,-154803.0,154803.0
2021,offseason,Uthai Thani,ราชการไม่ไวต่อช่วงแสง,148118.0,4582.0,both,-143536.0,143536.0
2021,offseason,Uthai Thani,สุพรรณบุรี1,0.0,0.0,both,0.0,0.0
2021,offseason,Uthai Thani,"สุพรรณบุรี60,90",0.0,0.0,both,0.0,0.0
2021,offseason,Uthai Thani,หอมสุพรรณบุรี,0.0,0.0,both,0.0,0.0
2021,offseason,Uttaradit,กข10,17178.0,586.0,both,-16592.0,16592.0
2021,offseason,Uttaradit,กขไม่ไวต่อช่วงแสง,3927758.0,134183.0,both,-3793575.0,3793575.0
2021,offseason,Uttaradit,"ชัยนาท1,2",12605.0,431.0,both,-12174.0,12174.0
2021,offseason,Uttaradit,ปทุมธานี1,2182415.0,74557.0,both,-2107858.0,2107858.0
2021,offseason,Uttaradit,"พิษณุโลก2,60-2",1005735.0,34358.0,both,-971377.0,971377.0
2021,offseason,Uttaradit,ราชการไม่ไวต่อช่วงแสง,705130.0,24089.0,both,-681041.0,681041.0
2021,offseason,Uttaradit,สุพรรณบุรี1,427133.0,14590.0,both,-412543.0,412543.0
2021,offseason,Uttaradit,"สุพรรณบุรี60,90",9877.0,336.0,both,-9541.0,9541.0
2021,offseason,Uttaradit,หอมสุพรรณบุรี,2853.0,98.0,both,-2755.0,2755.0
2021,offseason,Yala,กข10,0.0,,left_only,0.0,0.0
2021,offseason,Yala,กขไม่ไวต่อช่วงแสง,0.0,,left_only,0.0,0.0
2021,offseason,Yala,"ชัยนาท1,2",0.0,,left_only,0.0,0.0
2021,offseason,Yala,ปทุมธานี1,0.0,,left_only,0.0,0.0
2021,offseason,Yala,"พิษณุโลก2,60-2",0.0,,left_only,0.0,0.0
2021,offseason,Yala,ราชการไม่ไวต่อช่วงแสง,0.0,,left_only,0.0,0.0
2021,offseason,Yala,สุพรรณบุรี1,0.0,,left_only,0.0,0.0
2021,offseason,Yala,"สุพรรณบุรี60,90",0.0,,left_only,0.0,0.0
2021,offseason,Yala,หอมสุพรรณบุรี,0.0,,left_only,0.0,0.0
2021,offseason,Yasothon,กข10,104568.0,3385.0,both,-101183.0,101183.0
2021,offseason,Yasothon,กขไม่ไวต่อช่วงแสง,1180658.0,38225.0,both,-1142433.0,1142433.0
2021,offseason,Yasothon,"ชัยนาท1,2",783745.0,25376.0,both,-758369.0,758369.0
2021,offseason,Yasothon,ปทุมธานี1,3605.0,116.0,both,-3489.0,3489.0
2021,offseason,Yasothon,"พิษณุโลก2,60-2",3515.0,114.0,both,-3401.0,3401.0
2021,offseason,Yasothon,ราชการไม่ไวต่อช่วงแสง,147127.0,4764.0,both,-142363.0,142363.0
2021,offseason,Yasothon,สุพรรณบุรี1,9738.0,314.0,both,-9424.0,9424.0
2021,offseason,Yasothon,"สุพรรณบุรี60,90",14177.0,459.0,both,-13718.0,13718.0
2021,offseason,Yasothon,หอมสุพรรณบุรี,0.0,0.0,both,0.0,0.0
2022,inseason,Amnat Charoen,กข15,,15995.0,right_only,15995.0,15995.0
2022,inseason,Amnat Charoen,กข6,,331890.0,right_only,331890.0,331890.0
2022,inseason,Amnat Charoen,ขาวดอกมะลิ105,,707739.0,right_only,707739.0,707739.0
2022,inseason,Amnat Charoen,คลองหลวง1,,0.0,right_only,0.0,0.0
2022,inseason,Amnat Charoen,ชัยนาท1,,0.0,right_only,0.0,0.0
2022,inseason,Amnat Charoen,ปทุมธานี1,,0.0,right_only,0.0,0.0
2022,inseason,Amnat Charoen,พันธุ์พื้นเมือง,,10444.0,right_only,10444.0,10444.0
2022,inseason,Amnat Charoen,ราชการไม่ไวต่อช่วงแสง,,394.0,right_only,394.0,394.0
2022,inseason,Amnat Charoen,ราชการไวต่อช่วงแสง,,7963.0,right_only,7963.0,7963.0
2022,inseason,Amnat Charoen,สุพรรณบุรี1,,0.0,right_only,0.0,0.0
2022,inseason,Amnat Charoen,"สุพรรณบุรี60,90",,0.0,right_only,0.0,0.0
2022,inseason,Amnat Charoen,หอมสุพรรณบุรี,,0.0,right_only,0.0,0.0
2022,inseason,Ang Thong,กข15,,0.0,right_only,0.0,0.0
2022,inseason,Ang Thong,กข6,,0.0,right_only,0.0,0.0
2022,inseason,Ang Thong,ขาวดอกมะลิ105,,10047.0,right_only,10047.0,10047.0
2022,inseason,Ang Thong,คลองหลวง1,,0.0,right_only,0.0,0.0
2022,inseason,Ang Thong,ชัยนาท1,,383.0,right_only,383.0,383.0
2022,inseason,Ang Thong,ปทุมธานี1,,115247.0,right_only,115247.0,115247.0
2022,inseason,Ang Thong,พันธุ์พื้นเมือง,,4906.0,right_only,4906.0,4906.0
2022,inseason,Ang Thong,ราชการไม่ไวต่อช่วงแสง,,161343.0,right_only,161343.0,161343.0
2022,inseason,Ang Thong,ราชการไวต่อช่วงแสง,,6586.0,right_only,6586.0,6586.0
2022,inseason,Ang Thong,สุพรรณบุรี1,,819.0,right_only,819.0,819.0
2022,inseason,Ang Thong,"สุพรรณบุรี60,90",,213.0,right_only,213.0,213.0
2022,inseason,Ang Thong,หอมสุพรรณบุรี,,0.0,right_only,0.0,0.0
2022,inseason,Bangkok,กข15,,0.0,right_only,0.0,0.0
2022,inseason,Bangkok,กข6,,0.0,right_only,0.0,0.0
2022,inseason,Bangkok,ขาวดอกมะลิ105,,0.0,right_only,0.0,0.0
2022,inseason,Bangkok,คลองหลวง1,,0.0,right_only,0.0,0.0
2022,inseason,Bangkok,ชัยนาท1,,0.0,right_only,0.0,0.0
2022,inseason,Bangkok,ปทุมธานี1,,23764.0,right_only,23764.0,23764.0
2022,inseason,Bangkok,พันธุ์พื้นเมือง,,0.0,right_only,0.0,0.0
2022,inseason,Bangkok,ราชการไม่ไวต่อช่วงแสง,,56964.0,right_only,56964.0,56964.0
2022,inseason,Bangkok,ราชการไวต่อช่วงแสง,,224.0,right_only,224.0,224.0
2022,inseason,Bangkok,สุพรรณบุรี1,,0.0,right_only,0.0,0.0
2022,inseason,Bangkok,"สุพรรณบุรี60,90",,0.0,right_only,0.0,0.0
2022,inseason,Bangkok,หอมสุพรรณบุรี,,0.0,right_only,0.0,0.0
2022,inseason,Bueng Kan,กข15,,5586.0,right_only,5586.0,5586.0
2022,inseason,Bueng Kan,กข6,,397289.0,right_only,397289.0,397289.0
2022,inseason,Bueng Kan,ขาวดอกมะลิ105,,69328.0,right_only,69328.0,69328.0
2022,inseason,Bueng Kan,คลองหลวง1,,0.0,right_only,0.0,0.0
2022,inseason,Bueng Kan,ชัยนาท1,,0.0,right_only,0.0,0.0
2022,inseason,Bueng Kan,ปทุมธานี1,,0.0,right_only,0.0,0.0
2022,inseason,Bueng Kan,พันธุ์พื้นเมือง,,500.0,right_only,500.0,500.0
2022,inseason,Bueng Kan,ราชการไม่ไวต่อช่วงแสง,,2486.0,right_only,2486.0,2486.0
2022,inseason,Bueng Kan,ราชการไวต่อช่วงแสง,,13179.0,right_only,13179.0,13179.0
2022,inseason,Bueng Kan,สุพรรณบุรี1,,0.0,right_only,0.0,0.0
2022,inseason,Bueng Kan,"สุพรรณบุรี60,90",,0.0,right_only,0.0,0.0
2022,inseason,Bueng Kan,หอมสุพรรณบุรี,,0.0,right_only,0.0,0.0
2022,inseason,Buri Ram,กข15,,113648.0,right_only,113648.0,113648.0
2022,inseason,Buri Ram,กข6,,128219.0,right_only,128219.0,128219.0
2022,inseason,Buri Ram,ขาวดอกมะลิ105,,2695891.0,right_only,2695891.0,2695891.0
2022,inseason,Buri Ram,คลองหลวง1,,0.0,right_only,0.0,0.0
2022,inseason,Buri Ram,ชัยนาท1,,5401.0,right_only,5401.0,5401.0
2022,inseason,Buri Ram,ปทุมธานี1,,0.0,right_only,0.0,0.0
2022,inseason,Buri Ram,พันธุ์พื้นเมือง,,29597.0,right_only,29597.0,29597.0
2022,inseason,Buri Ram,ราชการไม่ไวต่อช่วงแสง,,13771.0,right_only,13771.0,13771.0
2022,inseason,Buri Ram,ราชการไวต่อช่วงแสง,,10962.0,right_only,10962.0,10962.0
2022,inseason,Buri Ram,สุพรรณบุรี1,,0.0,right_only,0.0,0.0
2022,inseason,Buri Ram,"สุพรรณบุรี60,90",,0.0,right_only,0.0,0.0
2022,inseason,Buri Ram,หอมสุพรรณบุรี,,0.0,right_only,0.0,0.0
2022,inseason,Chachoengsao,กข15,,0.0,right_only,0.0,0.0
2022,inseason,Chachoengsao,กข6,,1846.0,right_only,1846.0,1846.0
2022,inseason,Chachoengsao,ขาวดอกมะลิ105,,86032.0,right_only,86032.0,86032.0
2022,inseason,Chachoengsao,คลองหลวง1,,0.0,right_only,0.0,0.0
2022,inseason,Chachoengsao,ชัยนาท1,,0.0,right_only,0.0,0.0
2022,inseason,Chachoengsao,ปทุมธานี1,,49669.0,right_only,49669.0,49669.0
2022,inseason,Chachoengsao,พันธุ์พื้นเมือง,,4599.0,right_only,4599.0,4599.0
2022,inseason,Chachoengsao,ราชการไม่ไวต่อช่วงแสง,,399123.0,right_only,399123.0,399123.0
2022,inseason,Chachoengsao,ราชการไวต่อช่วงแสง,,28995.0,right_only,28995.0,28995.0
2022,inseason,Chachoengsao,สุพรรณบุรี1,,7057.0,right_only,7057.0,7057.0
2022,inseason,Chachoengsao,"สุพรรณบุรี60,90",,6508.0,right_only,6508.0,6508.0
2022,inseason,Chachoengsao,หอมสุพรรณบุรี,,0.0,right_only,0.0,0.0
2022,inseason,Chai Nat,กข15,,0.0,right_only,0.0,0.0
2022,inseason,Chai Nat,กข6,,0.0,right_only,0.0,0.0
2022,inseason,Chai Nat,ขาวดอกมะลิ105,,22845.0,right_only,22845.0,22845.0
2022,inseason,Chai Nat,คลองหลวง1,,0.0,right_only,0.0,0.0
2022,inseason,Chai Nat,ชัยนาท1,,1451.0,right_only,1451.0,1451.0
2022,inseason,Chai Nat,ปทุมธานี1,,180718.0,right_only,180718.0,180718.0
2022,inseason,Chai Nat,พันธุ์พื้นเมือง,,138.0,right_only,138.0,138.0
2022,inseason,Chai Nat,ราชการไม่ไวต่อช่วงแสง,,640517.0,right_only,640517.0,640517.0
2022,inseason,Chai Nat,ราชการไวต่อช่วงแสง,,308.0,right_only,308.0,308.0
2022,inseason,Chai Nat,สุพรรณบุรี1,,1109.0,right_only,1109.0,1109.0
2022,inseason,Chai Nat,"สุพรรณบุรี60,90",,253.0,right_only,253.0,253.0
2022,inseason,Chai Nat,หอมสุพรรณบุรี,,0.0,right_only,0.0,0.0
2022,inseason,Chaiyaphum,กข15,,804.0,right_only,804.0,804.0
2022,inseason,Chaiyaphum,กข6,,705900.0,right_only,705900.0,705900.0
2022,inseason,Chaiyaphum,ขาวดอกมะลิ105,,927413.0,right_only,927413.0,927413.0
2022,inseason,Chaiyaphum,คลองหลวง1,,0.0,right_only,0.0,0.0
2022,inseason,Chaiyaphum,ชัยนาท1,,0.0,right_only,0.0,0.0
2022,inseason,Chaiyaphum,ปทุมธานี1,,1703.0,right_only,1703.0,1703.0
2022,inseason,Chaiyaphum,พันธุ์พื้นเมือง,,47132.0,right_only,47132.0,47132.0
2022,inseason,Chaiyaphum,ราชการไม่ไวต่อช่วงแสง,,69343.0,right_only,69343.0,69343.0
2022,inseason,Chaiyaphum,ราชการไวต่อช่วงแสง,,83694.0,right_only,83694.0,83694.0
2022,inseason,Chaiyaphum,สุพรรณบุรี1,,0.0,right_only,0.0,0.0
2022,inseason,Chaiyaphum,"สุพรรณบุรี60,90",,0.0,right_only,0.0,0.0
2022,inseason,Chaiyaphum,หอมสุพรรณบุรี,,0.0,right_only,0.0,0.0
2022,inseason,Chanthaburi,กข15,,0.0,right_only,0.0,0.0
2022,inseason,Chanthaburi,กข6,,0.0,right_only,0.0,0.0
2022,inseason,Chanthaburi,ขาวดอกมะลิ105,,10077.0,right_only,10077.0,10077.0
2022,inseason,Chanthaburi,คลองหลวง1,,0.0,right_only,0.0,0.0
2022,inseason,Chanthaburi,ชัยนาท1,,96.0,right_only,96.0,96.0
2022,inseason,Chanthaburi,ปทุมธานี1,,306.0,right_only,306.0,306.0
2022,inseason,Chanthaburi,พันธุ์พื้นเมือง,,369.0,right_only,369.0,369.0
2022,inseason,Chanthaburi,ราชการไม่ไวต่อช่วงแสง,,1437.0,right_only,1437.0,1437.0
2022,inseason,Chanthaburi,ราชการไวต่อช่วงแสง,,0.0,right_only,0.0,0.0
2022,inseason,Chanthaburi,สุพรรณบุรี1,,0.0,right_only,0.0,0.0
2022,inseason,Chanthaburi,"สุพรรณบุรี60,90",,0.0,right_only,0.0,0.0
2022,inseason,Chanthaburi,หอมสุพรรณบุรี,,0.0,right_only,0.0,0.0
2022,inseason,Chiang Mai,กข15,,144.0,right_only,144.0,144.0
2022,inseason,Chiang Mai,กข6,,23918.0,right_only,23918.0,23918.0
2022,inseason,Chiang Mai,ขาวดอกมะลิ105,,28234.0,right_only,28234.0,28234.0
2022,inseason,Chiang Mai,คลองหลวง1,,0.0,right_only,0.0,0.0
2022,inseason,Chiang Mai,ชัยนาท1,,0.0,right_only,0.0,0.0
2022,inseason,Chiang Mai,ปทุมธานี1,,1541.0,right_only,1541.0,1541.0
2022,inseason,Chiang Mai,พันธุ์พื้นเมือง,,160685.0,right_only,160685.0,160685.0
2022,inseason,Chiang Mai,ราชการไม่ไวต่อช่วงแสง,,241170.0,right_only,241170.0,241170.0
2022,inseason,Chiang Mai,ราชการไวต่อช่วงแสง,,97570.0,right_only,97570.0,97570.0
2022,inseason,Chiang Mai,สุพรรณบุรี1,,190.0,right_only,190.0,190.0
2022,inseason,Chiang Mai,"สุพรรณบุรี60,90",,0.0,right_only,0.0,0.0
2022,inseason,Chiang Mai,หอมสุพรรณบุรี,,0.0,right_only,0.0,0.0
2022,inseason,Chiang Rai,กข15,,131239.0,right_only,131239.0,131239.0
2022,inseason,Chiang Rai,กข6,,586562.0,right_only,586562.0,586562.0
2022,inseason,Chiang Rai,ขาวดอกมะลิ105,,160065.0,right_only,160065.0,160065.0
2022,inseason,Chiang Rai,คลองหลวง1,,0.0,right_only,0.0,0.0
2022,inseason,Chiang Rai,ชัยนาท1,,65.0,right_only,65.0,65.0
2022,inseason,Chiang Rai,ปทุมธานี1,,49565.0,right_only,49565.0,49565.0
2022,inseason,Chiang Rai,พันธุ์พื้นเมือง,,66935.0,right_only,66935.0,66935.0
2022,inseason,Chiang Rai,ราชการไม่ไวต่อช่วงแสง,,187518.0,right_only,187518.0,187518.0
2022,inseason,Chiang Rai,ราชการไวต่อช่วงแสง,,119438.0,right_only,119438.0,119438.0
2022,inseason,Chiang Rai,สุพรรณบุรี1,,3037.0,right_only,3037.0,3037.0
2022,inseason,Chiang Rai,"สุพรรณบุรี60,90",,2993.0,right_only,2993.0,2993.0
2022,inseason,Chiang Rai,หอมสุพรรณบุรี,,0.0,right_only,0.0,0.0
2022,inseason,Chon Buri,กข15,,0.0,right_only,0.0,0.0
2022,inseason,Chon Buri,กข6,,0.0,right_only,0.0,0.0
2022,inseason,Chon Buri,ขาวดอกมะลิ105,,18719.0,right_only,18719.0,18719.0
2022,inseason,Chon Buri,คลองหลวง1,,0.0,right_only,0.0,0.0
2022,inseason,Chon Buri,ชัยนาท1,,368.0,right_only,368.0,368.0
2022,inseason,Chon Buri,ปทุมธานี1,,12786.0,right_only,12786.0,12786.0
2022,inseason,Chon Buri,พันธุ์พื้นเมือง,,498.0,right_only,498.0,498.0
2022,inseason,Chon Buri,ราชการไม่ไวต่อช่วงแสง,,33392.0,right_only,33392.0,33392.0
2022,inseason,Chon Buri,ราชการไวต่อช่วงแสง,,2017.0,right_only,2017.0,2017.0
2022,inseason,Chon Buri,สุพรรณบุรี1,,177.0,right_only,177.0,177.0
2022,inseason,Chon Buri,"สุพรรณบุรี60,90",,727.0,right_only,727.0,727.0
2022,inseason,Chon Buri,หอมสุพรรณบุรี,,0.0,right_only,0.0,0.0
2022,inseason,Chumphon,กข15,,0.0,right_only,0.0,0.0
2022,inseason,Chumphon,กข6,,0.0,right_only,0.0,0.0
2022,inseason,Chumphon,ขาวดอกมะลิ105,,0.0,right_only,0.0,0.0
2022,inseason,Chumphon,คลองหลวง1,,0.0,right_only,0.0,0.0
2022,inseason,Chumphon,ชัยนาท1,,0.0,right_only,0.0,0.0
2022,inseason,Chumphon,ปทุมธานี1,,1872.0,right_only,1872.0,1872.0
2022,inseason,Chumphon,พันธุ์พื้นเมือง,,342.0,right_only,342.0,342.0
2022,inseason,Chumphon,ราชการไม่ไวต่อช่วงแสง,,262.0,right_only,262.0,262.0
2022,inseason,Chumphon,ราชการไวต่อช่วงแสง,,181.0,right_only,181.0,181.0
2022,inseason,Chumphon,สุพรรณบุรี1,,0.0,right_only,0.0,0.0
2022,inseason,Chumphon,"สุพรรณบุรี60,90",,0.0,right_only,0.0,0.0
2022,inseason,Chumphon,หอมสุพรรณบุรี,,0.0,right_only,0.0,0.0
2022,inseason,Kalasin,กข15,,5919.0,right_only,5919.0,5919.0
2022,inseason,Kalasin,กข6,,1027451.0,right_only,1027451.0,1027451.0
2022,inseason,Kalasin,ขาวดอกมะลิ105,,424637.0,right_only,424637.0,424637.0
2022,inseason,Kalasin,คลองหลวง1,,0.0,right_only,0.0,0.0
2022,inseason,Kalasin,ชัยนาท1,,981.0,right_only,981.0,981.0
2022,inseason,Kalasin,ปทุมธานี1,,0.0,right_only,0.0,0.0
2022,inseason,Kalasin,พันธุ์พื้นเมือง,,3495.0,right_only,3495.0,3495.0
2022,inseason,Kalasin,ราชการไม่ไวต่อช่วงแสง,,28681.0,right_only,28681.0,28681.0
2022,inseason,Kalasin,ราชการไวต่อช่วงแสง,,19127.0,right_only,19127.0,19127.0
2022,inseason,Kalasin,สุพรรณบุรี1,,0.0,right_only,0.0,0.0
2022,inseason,Kalasin,"สุพรรณบุรี60,90",,0.0,right_only,0.0,0.0
2022,inseason,Kalasin,หอมสุพรรณบุรี,,0.0,right_only,0.0,0.0
2022,inseason,Kamphaeng Phet,กข15,,278.0,right_only,278.0,278.0
2022,inseason,Kamphaeng Phet,กข6,,4658.0,right_only,4658.0,4658.0
2022,inseason,Kamphaeng Phet,ขาวดอกมะลิ105,,106563.0,right_only,106563.0,106563.0
2022,inseason,Kamphaeng Phet,คลองหลวง1,,0.0,right_only,0.0,0.0
2022,inseason,Kamphaeng Phet,ชัยนาท1,,1422.0,right_only,1422.0,1422.0
2022,inseason,Kamphaeng Phet,ปทุมธานี1,,22290.0,right_only,22290.0,22290.0
2022,inseason,Kamphaeng Phet,พันธุ์พื้นเมือง,,2071.0,right_only,2071.0,2071.0
2022,inseason,Kamphaeng Phet,ราชการไม่ไวต่อช่วงแสง,,1089340.0,right_only,1089340.0,1089340.0
2022,inseason,Kamphaeng Phet,ราชการไวต่อช่วงแสง,,10266.0,right_only,10266.0,10266.0
2022,inseason,Kamphaeng Phet,สุพรรณบุรี1,,7185.0,right_only,7185.0,7185.0
2022,inseason,Kamphaeng Phet,"สุพรรณบุรี60,90",,1280.0,right_only,1280.0,1280.0
2022,inseason,Kamphaeng Phet,หอมสุพรรณบุรี,,235.0,right_only,235.0,235.0
2022,inseason,Kanchanaburi,กข15,,0.0,right_only,0.0,0.0
2022,inseason,Kanchanaburi,กข6,,0.0,right_only,0.0,0.0
2022,inseason,Kanchanaburi,ขาวดอกมะลิ105,,122418.0,right_only,122418.0,122418.0
2022,inseason,Kanchanaburi,คลองหลวง1,,0.0,right_only,0.0,0.0
2022,inseason,Kanchanaburi,ชัยนาท1,,1359.0,right_only,1359.0,1359.0
2022,inseason,Kanchanaburi,ปทุมธานี1,,108989.0,right_only,108989.0,108989.0
2022,inseason,Kanchanaburi,พันธุ์พื้นเมือง,,4868.0,right_only,4868.0,4868.0
2022,inseason,Kanchanaburi,ราชการไม่ไวต่อช่วงแสง,,43462.0,right_only,43462.0,43462.0
2022,inseason,Kanchanaburi,ราชการไวต่อช่วงแสง,,1701.0,right_only,1701.0,1701.0
2022,inseason,Kanchanaburi,สุพรรณบุรี1,,77318.0,right_only,77318.0,77318.0
2022,inseason,Kanchanaburi,"สุพรรณบุรี60,90",,114.0,right_only,114.0,114.0
2022,inseason,Kanchanaburi,หอมสุพรรณบุรี,,5553.0,right_only,5553.0,5553.0
2022,inseason,Khon Kaen,กข15,,4173.0,right_only,4173.0,4173.0
2022,inseason,Khon Kaen,กข6,,1675242.0,right_only,1675242.0,1675242.0
2022,inseason,Khon Kaen,ขาวดอกมะลิ105,,650882.0,right_only,650882.0,650882.0
2022,inseason,Khon Kaen,คลองหลวง1,,0.0,right_only,0.0,0.0
2022,inseason,Khon Kaen,ชัยนาท1,,0.0,right_only,0.0,0.0
2022,inseason,Khon Kaen,ปทุมธานี1,,0.0,right_only,0.0,0.0
2022,inseason,Khon Kaen,พันธุ์พื้นเมือง,,8150.0,right_only,8150.0,8150.0
2022,inseason,Khon Kaen,ราชการไม่ไวต่อช่วงแสง,,17937.0,right_only,17937.0,17937.0
2022,inseason,Khon Kaen,ราชการไวต่อช่วงแสง,,42660.0,right_only,42660.0,42660.0
2022,inseason,Khon Kaen,สุพรรณบุรี1,,0.0,right_only,0.0,0.0
2022,inseason,Khon Kaen,"สุพรรณบุรี60,90",,0.0,right_only,0.0,0.0
2022,inseason,Khon Kaen,หอมสุพรรณบุรี,,0.0,right_only,0.0,0.0
2022,inseason,Krabi,กข15,,0.0,right_only,0.0,0.0
2022,inseason,Krabi,กข6,,0.0,right_only,0.0,0.0
2022,inseason,Krabi,ขาวดอกมะลิ105,,1827.0,right_only,1827.0,1827.0
2022,inseason,Krabi,คลองหลวง1,,0.0,right_only,0.0,0.0
2022,inseason,Krabi,ชัยนาท1,,0.0,right_only,0.0,0.0
2022,inseason,Krabi,ปทุมธานี1,,0.0,right_only,0.0,0.0
2022,inseason,Krabi,พันธุ์พื้นเมือง,,3262.0,right_only,3262.0,3262.0
2022,inseason,Krabi,ราชการไม่ไวต่อช่วงแสง,,43.0,right_only,43.0,43.0
2022,inseason,Krabi,ราชการไวต่อช่วงแสง,,2616.0,right_only,2616.0,2616.0
2022,inseason,Krabi,สุพรรณบุรี1,,0.0,right_only,0.0,0.0
2022,inseason,Krabi,"สุพรรณบุรี60,90",,0.0,right_only,0.0,0.0
2022,inseason,Krabi,หอมสุพรรณบุรี,,0.0,right_only,0.0,0.0
2022,inseason,Lampang,กข15,,224.0,right_only,224.0,224.0
2022,inseason,Lampang,กข6,,200576.0,right_only,200576.0,200576.0
2022,inseason,Lampang,ขาวดอกมะลิ105,,53289.0,right_only,53289.0,53289.0
2022,inseason,Lampang,คลองหลวง1,,0.0,right_only,0.0,0.0
2022,inseason,Lampang,ชัยนาท1,,0.0,right_only,0.0,0.0
2022,inseason,Lampang,ปทุมธานี1,,1161.0,right_only,1161.0,1161.0
2022,inseason,Lampang,พันธุ์พื้นเมือง,,4321.0,right_only,4321.0,4321.0
2022,inseason,Lampang,ราชการไม่ไวต่อช่วงแสง,,138555.0,right_only,138555.0,138555.0
2022,inseason,Lampang,ราชการไวต่อช่วงแสง,,51215.0,right_only,51215.0,51215.0
2022,inseason,Lampang,สุพรรณบุรี1,,0.0,right_only,0.0,0.0
2022,inseason,Lampang,"สุพรรณบุรี60,90",,0.0,right_only,0.0,0.0
2022,inseason,Lampang,หอมสุพรรณบุรี,,0.0,right_only,0.0,0.0
2022,inseason,Lamphun,กข15,,115.0,right_only,115.0,115.0
2022,inseason,Lamphun,กข6,,24796.0,right_only,24796.0,24796.0
2022,inseason,Lamphun,ขาวดอกมะลิ105,,4289.0,right_only,4289.0,4289.0
2022,inseason,Lamphun,คลองหลวง1,,0.0,right_only,0.0,0.0
2022,inseason,Lamphun,ชัยนาท1,,0.0,right_only,0.0,0.0
2022,inseason,Lamphun,ปทุมธานี1,,152.0,right_only,152.0,152.0
2022,inseason,Lamphun,พันธุ์พื้นเมือง,,1308.0,right_only,1308.0,1308.0
2022,inseason,Lamphun,ราชการไม่ไวต่อช่วงแสง,,48565.0,right_only,48565.0,48565.0
2022,inseason,Lamphun,ราชการไวต่อช่วงแสง,,21451.0,right_only,21451.0,21451.0
2022,inseason,Lamphun,สุพรรณบุรี1,,0.0,right_only,0.0,0.0
2022,inseason,Lamphun,"สุพรรณบุรี60,90",,0.0,right_only,0.0,0.0
2022,inseason,Lamphun,หอมสุพรรณบุรี,,0.0,right_only,0.0,0.0
2022,inseason,Loei,กข15,,0.0,right_only,0.0,0.0
2022,inseason,Loei,กข6,,324344.0,right_only,324344.0,324344.0
2022,inseason,Loei,ขาวดอกมะลิ105,,10208.0,right_only,10208.0,10208.0
2022,inseason,Loei,คลองหลวง1,,0.0,right_only,0.0,0.0
2022,inseason,Loei,ชัยนาท1,,0.0,right_only,0.0,0.0
2022,inseason,Loei,ปทุมธานี1,,0.0,right_only,0.0,0.0
2022,inseason,Loei,พันธุ์พื้นเมือง,,37344.0,right_only,37344.0,37344.0
2022,inseason,Loei,ราชการไม่ไวต่อช่วงแสง,,30211.0,right_only,30211.0,30211.0
2022,inseason,Loei,ราชการไวต่อช่วงแสง,,34351.0,right_only,34351.0,34351.0
2022,inseason,Loei,สุพรรณบุรี1,,0.0,right_only,0.0,0.0
2022,inseason,Loei,"สุพรรณบุรี60,90",,0.0,right_only,0.0,0.0
2022,inseason,Loei,หอมสุพรรณบุรี,,0.0,right_only,0.0,0.0
2022,inseason,Lop Buri,กข15,,0.0,right_only,0.0,0.0
2022,inseason,Lop Buri,กข6,,0.0,right_only,0.0,0.0
2022,inseason,Lop Buri,ขาวดอกมะลิ105,,256329.0,right_only,256329.0,256329.0
2022,inseason,Lop Buri,คลองหลวง1,,0.0,right_only,0.0,0.0
2022,inseason,Lop Buri,ชัยนาท1,,26170.0,right_only,26170.0,26170.0
2022,inseason,Lop Buri,ปทุมธานี1,,215467.0,right_only,215467.0,215467.0
2022,inseason,Lop Buri,พันธุ์พื้นเมือง,,9531.0,right_only,9531.0,9531.0
2022,inseason,Lop Buri,ราชการไม่ไวต่อช่วงแสง,,275909.0,right_only,275909.0,275909.0
2022,inseason,Lop Buri,ราชการไวต่อช่วงแสง,,2053.0,right_only,2053.0,2053.0
2022,inseason,Lop Buri,สุพรรณบุรี1,,9122.0,right_only,9122.0,9122.0
2022,inseason,Lop Buri,"สุพรรณบุรี60,90",,0.0,right_only,0.0,0.0
2022,inseason,Lop Buri,หอมสุพรรณบุรี,,0.0,right_only,0.0,0.0
2022,inseason,Mae Hong Son,กข15,,0.0,right_only,0.0,0.0
2022,inseason,Mae Hong Son,กข6,,2705.0,right_only,2705.0,2705.0
2022,inseason,Mae Hong Son,ขาวดอกมะลิ105,,39579.0,right_only,39579.0,39579.0
2022,inseason,Mae Hong Son,คลองหลวง1,,0.0,right_only,0.0,0.0
2022,inseason,Mae Hong Son,ชัยนาท1,,0.0,right_only,0.0,0.0
2022,inseason,Mae Hong Son,ปทุมธานี1,,0.0,right_only,0.0,0.0
2022,inseason,Mae Hong Son,พันธุ์พื้นเมือง,,97892.0,right_only,97892.0,97892.0
2022,inseason,Mae Hong Son,ราชการไม่ไวต่อช่วงแสง,,73453.0,right_only,73453.0,73453.0
2022,inseason,Mae Hong Son,ราชการไวต่อช่วงแสง,,6308.0,right_only,6308.0,6308.0
2022,inseason,Mae Hong Son,สุพรรณบุรี1,,0.0,right_only,0.0,0.0
2022,inseason,Mae Hong Son,"สุพรรณบุรี60,90",,0.0,right_only,0.0,0.0
2022,inseason,Mae Hong Son,หอมสุพรรณบุรี,,0.0,right_only,0.0,0.0
2022,inseason,Maha Sarakham,กข15,,39542.0,right_only,39542.0,39542.0
2022,inseason,Maha Sarakham,กข6,,987533.0,right_only,987533.0,987533.0
2022,inseason,Maha Sarakham,ขาวดอกมะลิ105,,1070679.0,right_only,1070679.0,1070679.0
2022,inseason,Maha Sarakham,คลองหลวง1,,0.0,right_only,0.0,0.0
2022,inseason,Maha Sarakham,ชัยนาท1,,997.0,right_only,997.0,997.0
2022,inseason,Maha Sarakham,ปทุมธานี1,,0.0,right_only,0.0,0.0
2022,inseason,Maha Sarakham,พันธุ์พื้นเมือง,,1672.0,right_only,1672.0,1672.0
2022,inseason,Maha Sarakham,ราชการไม่ไวต่อช่วงแสง,,24688.0,right_only,24688.0,24688.0
2022,inseason,Maha Sarakham,ราชการไวต่อช่วงแสง,,1065.0,right_only,1065.0,1065.0
2022,inseason,Maha Sarakham,สุพรรณบุรี1,,0.0,right_only,0.0,0.0
2022,inseason,Maha Sarakham,"สุพรรณบุรี60,90",,0.0,right_only,0.0,0.0
2022,inseason,Maha Sarakham,หอมสุพรรณบุรี,,0.0,right_only,0.0,0.0
2022,inseason,Mukdahan,กข15,,1288.0,right_only,1288.0,1288.0
2022,inseason,Mukdahan,กข6,,328136.0,right_only,328136.0,328136.0
2022,inseason,Mukdahan,ขาวดอกมะลิ105,,114215.0,right_only,114215.0,114215.0
2022,inseason,Mukdahan,คลองหลวง1,,0.0,right_only,0.0,0.0
2022,inseason,Mukdahan,ชัยนาท1,,49.0,right_only,49.0,49.0
2022,inseason,Mukdahan,ปทุมธานี1,,1745.0,right_only,1745.0,1745.0
2022,inseason,Mukdahan,พันธุ์พื้นเมือง,,1565.0,right_only,1565.0,1565.0
2022,inseason,Mukdahan,ราชการไม่ไวต่อช่วงแสง,,1191.0,right_only,1191.0,1191.0
2022,inseason,Mukdahan,ราชการไวต่อช่วงแสง,,14449.0,right_only,14449.0,14449.0
2022,inseason,Mukdahan,สุพรรณบุรี1,,0.0,right_only,0.0,0.0
2022,inseason,Mukdahan,"สุพรรณบุรี60,90",,0.0,right_only,0.0,0.0
2022,inseason,Mukdahan,หอมสุพรรณบุรี,,0.0,right_only,0.0,0.0
2022,inseason,Nakhon Nayok,กข15,,0.0,right_only,0.0,0.0
2022,inseason,Nakhon Nayok,กข6,,0.0,right_only,0.0,0.0
2022,inseason,Nakhon Nayok,ขาวดอกมะลิ105,,32604.0,right_only,32604.0,32604.0
2022,inseason,Nakhon Nayok,คลองหลวง1,,0.0,right_only,0.0,0.0
2022,inseason,Nakhon Nayok,ชัยนาท1,,2937.0,right_only,2937.0,2937.0
2022,inseason,Nakhon Nayok,ปทุมธานี1,,11198.0,right_only,11198.0,11198.0
2022,inseason,Nakhon Nayok,พันธุ์พื้นเมือง,,26210.0,right_only,26210.0,26210.0
2022,inseason,Nakhon Nayok,ราชการไม่ไวต่อช่วงแสง,,218879.0,right_only,218879.0,218879.0
2022,inseason,Nakhon Nayok,ราชการไวต่อช่วงแสง,,65334.0,right_only,65334.0,65334.0
2022,inseason,Nakhon Nayok,สุพรรณบุรี1,,8426.0,right_only,8426.0,8426.0
2022,inseason,Nakhon Nayok,"สุพรรณบุรี60,90",,365.0,right_only,365.0,365.0
2022,inseason,Nakhon Nayok,หอมสุพรรณบุรี,,0.0,right_only,0.0,0.0
2022,inseason,Nakhon Pathom,กข15,,0.0,right_only,0.0,0.0
2022,inseason,Nakhon Pathom,กข6,,0.0,right_only,0.0,0.0
2022,inseason,Nakhon Pathom,ขาวดอกมะลิ105,,996.0,right_only,996.0,996.0
2022,inseason,Nakhon Pathom,คลองหลวง1,,0.0,right_only,0.0,0.0
2022,inseason,Nakhon Pathom,ชัยนาท1,,377.0,right_only,377.0,377.0
2022,inseason,Nakhon Pathom,ปทุมธานี1,,22256.0,right_only,22256.0,22256.0
2022,inseason,Nakhon Pathom,พันธุ์พื้นเมือง,,185.0,right_only,185.0,185.0
2022,inseason,Nakhon Pathom,ราชการไม่ไวต่อช่วงแสง,,241548.0,right_only,241548.0,241548.0
2022,inseason,Nakhon Pathom,ราชการไวต่อช่วงแสง,,1982.0,right_only,1982.0,1982.0
2022,inseason,Nakhon Pathom,สุพรรณบุรี1,,2750.0,right_only,2750.0,2750.0
2022,inseason,Nakhon Pathom,"สุพรรณบุรี60,90",,0.0,right_only,0.0,0.0
2022,inseason,Nakhon Pathom,หอมสุพรรณบุรี,,0.0,right_only,0.0,0.0
2022,inseason,Nakhon Phanom,กข15,,61766.0,right_only,61766.0,61766.0
2022,inseason,Nakhon Phanom,กข6,,726483.0,right_only,726483.0,726483.0
2022,inseason,Nakhon Phanom,ขาวดอกมะลิ105,,615891.0,right_only,615891.0,615891.0
2022,inseason,Nakhon Phanom,คลองหลวง1,,0.0,right_only,0.0,0.0
2022,inseason,Nakhon Phanom,ชัยนาท1,,0.0,right_only,0.0,0.0
2022,inseason,Nakhon Phanom,ปทุมธานี1,,993.0,right_only,993.0,993.0
2022,inseason,Nakhon Phanom,พันธุ์พื้นเมือง,,19554.0,right_only,19554.0,19554.0
2022,inseason,Nakhon Phanom,ราชการไม่ไวต่อช่วงแสง,,41532.0,right_only,41532.0,41532.0
2022,inseason,Nakhon Phanom,ราชการไวต่อช่วงแสง,,13572.0,right_only,13572.0,13572.0
2022,inseason,Nakhon Phanom,สุพรรณบุรี1,,0.0,right_only,0.0,0.0
2022,inseason,Nakhon Phanom,"สุพรรณบุรี60,90",,0.0,right_only,0.0,0.0
2022,inseason,Nakhon Phanom,หอมสุพรรณบุรี,,0.0,right_only,0.0,0.0
2022,inseason,Nakhon Ratchasima,กข15,,36237.0,right_only,36237.0,36237.0
2022,inseason,Nakhon Ratchasima,กข6,,118985.0,right_only,118985.0,118985.0
2022,inseason,Nakhon Ratchasima,ขาวดอกมะลิ105,,3036422.0,right_only,3036422.0,3036422.0
2022,inseason,Nakhon Ratchasima,คลองหลวง1,,0.0,right_only,0.0,0.0
2022,inseason,Nakhon Ratchasima,ชัยนาท1,,42291.0,right_only,42291.0,42291.0
2022,inseason,Nakhon Ratchasima,ปทุมธานี1,,21543.0,right_only,21543.0,21543.0
2022,inseason,Nakhon Ratchasima,พันธุ์พื้นเมือง,,64292.0,right_only,64292.0,64292.0
2022,inseason,Nakhon Ratchasima,ราชการไม่ไวต่อช่วงแสง,,176751.0,right_only,176751.0,176751.0
2022,inseason,Nakhon Ratchasima,ราชการไวต่อช่วงแสง,,81032.0,right_only,81032.0,81032.0
2022,inseason,Nakhon Ratchasima,สุพรรณบุรี1,,6299.0,right_only,6299.0,6299.0
2022,inseason,Nakhon Ratchasima,"สุพรรณบุรี60,90",,3589.0,right_only,3589.0,3589.0
2022,inseason,Nakhon Ratchasima,หอมสุพรรณบุรี,,398.0,right_only,398.0,398.0
2022,inseason,Nakhon Sawan,กข15,,0.0,right_only,0.0,0.0
2022,inseason,Nakhon Sawan,กข6,,3976.0,right_only,3976.0,3976.0
2022,inseason,Nakhon Sawan,ขาวดอกมะลิ105,,770996.0,right_only,770996.0,770996.0
2022,inseason,Nakhon Sawan,คลองหลวง1,,0.0,right_only,0.0,0.0
2022,inseason,Nakhon Sawan,ชัยนาท1,,9225.0,right_only,9225.0,9225.0
2022,inseason,Nakhon Sawan,ปทุมธานี1,,58919.0,right_only,58919.0,58919.0
2022,inseason,Nakhon Sawan,พันธุ์พื้นเมือง,,4857.0,right_only,4857.0,4857.0
2022,inseason,Nakhon Sawan,ราชการไม่ไวต่อช่วงแสง,,1738984.0,right_only,1738984.0,1738984.0
2022,inseason,Nakhon Sawan,ราชการไวต่อช่วงแสง,,13143.0,right_only,13143.0,13143.0
2022,inseason,Nakhon Sawan,สุพรรณบุรี1,,9031.0,right_only,9031.0,9031.0
2022,inseason,Nakhon Sawan,"สุพรรณบุรี60,90",,4086.0,right_only,4086.0,4086.0
2022,inseason,Nakhon Sawan,หอมสุพรรณบุรี,,6584.0,right_only,6584.0,6584.0
2022,inseason,Nakhon Si Thammarat,กข15,,0.0,right_only,0.0,0.0
2022,inseason,Nakhon Si Thammarat,กข6,,0.0,right_only,0.0,0.0
2022,inseason,Nakhon Si Thammarat,ขาวดอกมะลิ105,,1968.0,right_only,1968.0,1968.0
2022,inseason,Nakhon Si Thammarat,คลองหลวง1,,0.0,right_only,0.0,0.0
2022,inseason,Nakhon Si Thammarat,ชัยนาท1,,1779.0,right_only,1779.0,1779.0
2022,inseason,Nakhon Si Thammarat,ปทุมธานี1,,27764.0,right_only,27764.0,27764.0
2022,inseason,Nakhon Si Thammarat,พันธุ์พื้นเมือง,,12547.0,right_only,12547.0,12547.0
2022,inseason,Nakhon Si Thammarat,ราชการไม่ไวต่อช่วงแสง,,94344.0,right_only,94344.0,94344.0
2022,inseason,Nakhon Si Thammarat,ราชการไวต่อช่วงแสง,,24865.0,right_only,24865.0,24865.0
2022,inseason,Nakhon Si Thammarat,สุพรรณบุรี1,,0.0,right_only,0.0,0.0
2022,inseason,Nakhon Si Thammarat,"สุพรรณบุรี60,90",,0.0,right_only,0.0,0.0
2022,inseason,Nakhon Si Thammarat,หอมสุพรรณบุรี,,0.0,right_only,0.0,0.0
2022,inseason,Nan,กข15,,0.0,right_only,0.0,0.0
2022,inseason,Nan,กข6,,65568.0,right_only,65568.0,65568.0
2022,inseason,Nan,ขาวดอกมะลิ105,,8424.0,right_only,8424.0,8424.0
2022,inseason,Nan,คลองหลวง1,,0.0,right_only,0.0,0.0
2022,inseason,Nan,ชัยนาท1,,0.0,right_only,0.0,0.0
2022,inseason,Nan,ปทุมธานี1,,0.0,right_only,0.0,0.0
2022,inseason,Nan,พันธุ์พื้นเมือง,,90289.0,right_only,90289.0,90289.0
2022,inseason,Nan,ราชการไม่ไวต่อช่วงแสง,,129162.0,right_only,129162.0,129162.0
2022,inseason,Nan,ราชการไวต่อช่วงแสง,,42988.0,right_only,42988.0,42988.0
2022,inseason,Nan,สุพรรณบุรี1,,0.0,right_only,0.0,0.0
2022,inseason,Nan,"สุพรรณบุรี60,90",,0.0,right_only,0.0,0.0
2022,inseason,Nan,หอมสุพรรณบุรี,,0.0,right_only,0.0,0.0
2022,inseason,Narathiwat,กข15,,0.0,right_only,0.0,0.0
2022,inseason,Narathiwat,กข6,,0.0,right_only,0.0,0.0
2022,inseason,Narathiwat,ขาวดอกมะลิ105,,0.0,right_only,0.0,0.0
2022,inseason,Narathiwat,คลองหลวง1,,0.0,right_only,0.0,0.0
2022,inseason,Narathiwat,ชัยนาท1,,0.0,right_only,0.0,0.0
2022,inseason,Narathiwat,ปทุมธานี1,,0.0,right_only,0.0,0.0
2022,inseason,Narathiwat,พันธุ์พื้นเมือง,,15830.0,right_only,15830.0,15830.0
2022,inseason,Narathiwat,ราชการไม่ไวต่อช่วงแสง,,9907.0,right_only,9907.0,9907.0
2022,inseason,Narathiwat,ราชการไวต่อช่วงแสง,,2242.0,right_only,2242.0,2242.0
2022,inseason,Narathiwat,สุพรรณบุรี1,,0.0,right_only,0.0,0.0
2022,inseason,Narathiwat,"สุพรรณบุรี60,90",,0.0,right_only,0.0,0.0
2022,inseason,Narathiwat,หอมสุพรรณบุรี,,0.0,right_only,0.0,0.0
2022,inseason,Nong Bua Lam Phu,กข15,,5425.0,right_only,5425.0,5425.0
2022,inseason,Nong Bua Lam Phu,กข6,,556473.0,right_only,556473.0,556473.0
2022,inseason,Nong Bua Lam Phu,ขาวดอกมะลิ105,,149169.0,right_only,149169.0,149169.0
2022,inseason,Nong Bua Lam Phu,คลองหลวง1,,0.0,right_only,0.0,0.0
2022,inseason,Nong Bua Lam Phu,ชัยนาท1,,833.0,right_only,833.0,833.0
2022,inseason,Nong Bua Lam Phu,ปทุมธานี1,,0.0,right_only,0.0,0.0
2022,inseason,Nong Bua Lam Phu,พันธุ์พื้นเมือง,,4078.0,right_only,4078.0,4078.0
2022,inseason,Nong Bua Lam Phu,ราชการไม่ไวต่อช่วงแสง,,7564.0,right_only,7564.0,7564.0
2022,inseason,Nong Bua Lam Phu,ราชการไวต่อช่วงแสง,,7301.0,right_only,7301.0,7301.0
2022,inseason,Nong Bua Lam Phu,สุพรรณบุรี1,,0.0,right_only,0.0,0.0
2022,inseason,Nong Bua Lam Phu,"สุพรรณบุรี60,90",,0.0,right_only,0.0,0.0
2022,inseason,Nong Bua Lam Phu,หอมสุพรรณบุรี,,0.0,right_only,0.0,0.0
2022,inseason,Nong Khai,กข15,,19253.0,right_only,19253.0,19253.0
2022,inseason,Nong Khai,กข6,,424054.0,right_only,424054.0,424054.0
2022,inseason,Nong Khai,ขาวดอกมะลิ105,,117332.0,right_only,117332.0,117332.0
2022,inseason,Nong Khai,คลองหลวง1,,0.0,right_only,0.0,0.0
2022,inseason,Nong Khai,ชัยนาท1,,0.0,right_only,0.0,0.0
2022,inseason,Nong Khai,ปทุมธานี1,,0.0,right_only,0.0,0.0
2022,inseason,Nong Khai,พันธุ์พื้นเมือง,,4046.0,right_only,4046.0,4046.0
2022,inseason,Nong Khai,ราชการไม่ไวต่อช่วงแสง,,11640.0,right_only,11640.0,11640.0
2022,inseason,Nong Khai,ราชการไวต่อช่วงแสง,,29391.0,right_only,29391.0,29391.0
2022,inseason,Nong Khai,สุพรรณบุรี1,,0.0,right_only,0.0,0.0
2022,inseason,Nong Khai,"สุพรรณบุรี60,90",,0.0,right_only,0.0,0.0
2022,inseason,Nong Khai,หอมสุพรรณบุรี,,0.0,right_only,0.0,0.0
2022,inseason,Nonthaburi,กข15,,0.0,right_only,0.0,0.0
2022,inseason,Nonthaburi,กข6,,0.0,right_only,0.0,0.0
2022,inseason,Nonthaburi,ขาวดอกมะลิ105,,0.0,right_only,0.0,0.0
2022,inseason,Nonthaburi,คลองหลวง1,,0.0,right_only,0.0,0.0
2022,inseason,Nonthaburi,ชัยนาท1,,0.0,right_only,0.0,0.0
2022,inseason,Nonthaburi,ปทุมธานี1,,1178.0,right_only,1178.0,1178.0
2022,inseason,Nonthaburi,พันธุ์พื้นเมือง,,0.0,right_only,0.0,0.0
2022,inseason,Nonthaburi,ราชการไม่ไวต่อช่วงแสง,,83818.0,right_only,83818.0,83818.0
2022,inseason,Nonthaburi,ราชการไวต่อช่วงแสง,,0.0,right_only,0.0,0.0
2022,inseason,Nonthaburi,สุพรรณบุรี1,,170.0,right_only,170.0,170.0
2022,inseason,Nonthaburi,"สุพรรณบุรี60,90",,0.0,right_only,0.0,0.0
2022,inseason,Nonthaburi,หอมสุพรรณบุรี,,0.0,right_only,0.0,0.0
2022,inseason,Pathum Thani,กข15,,0.0,right_only,0.0,0.0
2022,inseason,Pathum Thani,กข6,,0.0,right_only,0.0,0.0
2022,inseason,Pathum Thani,ขาวดอกมะลิ105,,0.0,right_only,0.0,0.0
2022,inseason,Pathum Thani,คลองหลวง1,,0.0,right_only,0.0,0.0
2022,inseason,Pathum Thani,ชัยนาท1,,0.0,right_only,0.0,0.0
2022,inseason,Pathum Thani,ปทุมธานี1,,37171.0,right_only,37171.0,37171.0
2022,inseason,Pathum Thani,พันธุ์พื้นเมือง,,0.0,right_only,0.0,0.0
2022,inseason,Pathum Thani,ราชการไม่ไวต่อช่วงแสง,,282255.0,right_only,282255.0,282255.0
2022,inseason,Pathum Thani,ราชการไวต่อช่วงแสง,,271.0,right_only,271.0,271.0
2022,inseason,Pathum Thani,สุพรรณบุรี1,,2474.0,right_only,2474.0,2474.0
2022,inseason,Pathum Thani,"สุพรรณบุรี60,90",,0.0,right_only,0.0,0.0
2022,inseason,Pathum Thani,หอมสุพรรณบุรี,,0.0,right_only,0.0,0.0
2022,inseason,Pattani,กข15,,0.0,right_only,0.0,0.0
2022,inseason,Pattani,กข6,,0.0,right_only,0.0,0.0
2022,inseason,Pattani,ขาวดอกมะลิ105,,0.0,right_only,0.0,0.0
2022,inseason,Pattani,คลองหลวง1,,0.0,right_only,0.0,0.0
2022,inseason,Pattani,ชัยนาท1,,122.0,right_only,122.0,122.0
2022,inseason,Pattani,ปทุมธานี1,,0.0,right_only,0.0,0.0
2022,inseason,Pattani,พันธุ์พื้นเมือง,,46195.0,right_only,46195.0,46195.0
2022,inseason,Pattani,ราชการไม่ไวต่อช่วงแสง,,20962.0,right_only,20962.0,20962.0
2022,inseason,Pattani,ราชการไวต่อช่วงแสง,,8239.0,right_only,8239.0,8239.0
2022,inseason,Pattani,สุพรรณบุรี1,,0.0,right_only,0.0,0.0
2022,inseason,Pattani,"สุพรรณบุรี60,90",,0.0,right_only,0.0,0.0
2022,inseason,Pattani,หอมสุพรรณบุรี,,0.0,right_only,0.0,0.0
2022,inseason,Phang-nga,กข15,,0.0,right_only,0.0,0.0
2022,inseason,Phang-nga,กข6,,0.0,right_only,0.0,0.0
2022,inseason,Phang-nga,ขาวดอกมะลิ105,,320.0,right_only,320.0,320.0
2022,inseason,Phang-nga,คลองหลวง1,,0.0,right_only,0.0,0.0
2022,inseason,Phang-nga,ชัยนาท1,,0.0,right_only,0.0,0.0
2022,inseason,Phang-nga,ปทุมธานี1,,751.0,right_only,751.0,751.0
2022,inseason,Phang-nga,พันธุ์พื้นเมือง,,986.0,right_only,986.0,986.0
2022,inseason,Phang-nga,ราชการไม่ไวต่อช่วงแสง,,430.0,right_only,430.0,430.0
2022,inseason,Phang-nga,ราชการไวต่อช่วงแสง,,251.0,right_only,251.0,251.0
2022,inseason,Phang-nga,สุพรรณบุรี1,,0.0,right_only,0.0,0.0
2022,inseason,Phang-nga,"สุพรรณบุรี60,90",,0.0,right_only,0.0,0.0
2022,inseason,Phang-nga,หอมสุพรรณบุรี,,0.0,right_only,0.0,0.0
2022,inseason,Phatthalung,กข15,,0.0,right_only,0.0,0.0
2022,inseason,Phatthalung,กข6,,0.0,right_only,0.0,0.0
2022,inseason,Phatthalung,ขาวดอกมะลิ105,,510.0,right_only,510.0,510.0
2022,inseason,Phatthalung,คลองหลวง1,,0.0,right_only,0.0,0.0
2022,inseason,Phatthalung,ชัยนาท1,,1733.0,right_only,1733.0,1733.0
2022,inseason,Phatthalung,ปทุมธานี1,,10406.0,right_only,10406.0,10406.0
2022,inseason,Phatthalung,พันธุ์พื้นเมือง,,39433.0,right_only,39433.0,39433.0
2022,inseason,Phatthalung,ราชการไม่ไวต่อช่วงแสง,,39386.0,right_only,39386.0,39386.0
2022,inseason,Phatthalung,ราชการไวต่อช่วงแสง,,16523.0,right_only,16523.0,16523.0
2022,inseason,Phatthalung,สุพรรณบุรี1,,0.0,right_only,0.0,0.0
2022,inseason,Phatthalung,"สุพรรณบุรี60,90",,0.0,right_only,0.0,0.0
2022,inseason,Phatthalung,หอมสุพรรณบุรี,,0.0,right_only,0.0,0.0
2022,inseason,Phayao,กข15,,88054.0,right_only,88054.0,88054.0
2022,inseason,Phayao,กข6,,198016.0,right_only,198016.0,198016.0
2022,inseason,Phayao,ขาวดอกมะลิ105,,284162.0,right_only,284162.0,284162.0
2022,inseason,Phayao,คลองหลวง1,,0.0,right_only,0.0,0.0
2022,inseason,Phayao,ชัยนาท1,,0.0,right_only,0.0,0.0
2022,inseason,Phayao,ปทุมธานี1,,1512.0,right_only,1512.0,1512.0
2022,inseason,Phayao,พันธุ์พื้นเมือง,,7764.0,right_only,7764.0,7764.0
2022,inseason,Phayao,ราชการไม่ไวต่อช่วงแสง,,35211.0,right_only,35211.0,35211.0
2022,inseason,Phayao,ราชการไวต่อช่วงแสง,,26164.0,right_only,26164.0,26164.0
2022,inseason,Phayao,สุพรรณบุรี1,,0.0,right_only,0.0,0.0
2022,inseason,Phayao,"สุพรรณบุรี60,90",,0.0,right_only,0.0,0.0
2022,inseason,Phayao,หอมสุพรรณบุรี,,0.0,right_only,0.0,0.0
2022,inseason,Phetchabun,กข15,,0.0,right_only,0.0,0.0
2022,inseason,Phetchabun,กข6,,56697.0,right_only,56697.0,56697.0
2022,inseason,Phetchabun,ขาวดอกมะลิ105,,257515.0,right_only,257515.0,257515.0
2022,inseason,Phetchabun,คลองหลวง1,,0.0,right_only,0.0,0.0
2022,inseason,Phetchabun,ชัยนาท1,,19233.0,right_only,19233.0,19233.0
2022,inseason,Phetchabun,ปทุมธานี1,,20123.0,right_only,20123.0,20123.0
2022,inseason,Phetchabun,พันธุ์พื้นเมือง,,30388.0,right_only,30388.0,30388.0
2022,inseason,Phetchabun,ราชการไม่ไวต่อช่วงแสง,,730908.0,right_only,730908.0,730908.0
2022,inseason,Phetchabun,ราชการไวต่อช่วงแสง,,121064.0,right_only,121064.0,121064.0
2022,inseason,Phetchabun,สุพรรณบุรี1,,4708.0,right_only,4708.0,4708.0
2022,inseason,Phetchabun,"สุพรรณบุรี60,90",,1216.0,right_only,1216.0,1216.0
2022,inseason,Phetchabun,หอมสุพรรณบุรี,,0.0,right_only,0.0,0.0
2022,inseason,Phetchaburi,กข15,,0.0,right_only,0.0,0.0
2022,inseason,Phetchaburi,กข6,,0.0,right_only,0.0,0.0
2022,inseason,Phetchaburi,ขาวดอกมะลิ105,,615.0,right_only,615.0,615.0
2022,inseason,Phetchaburi,คลองหลวง1,,0.0,right_only,0.0,0.0
2022,inseason,Phetchaburi,ชัยนาท1,,41790.0,right_only,41790.0,41790.0
2022,inseason,Phetchaburi,ปทุมธานี1,,17800.0,right_only,17800.0,17800.0
2022,inseason,Phetchaburi,พันธุ์พื้นเมือง,,1719.0,right_only,1719.0,1719.0
2022,inseason,Phetchaburi,ราชการไม่ไวต่อช่วงแสง,,168440.0,right_only,168440.0,168440.0
2022,inseason,Phetchaburi,ราชการไวต่อช่วงแสง,,4362.0,right_only,4362.0,4362.0
2022,inseason,Phetchaburi,สุพรรณบุรี1,,45038.0,right_only,45038.0,45038.0
2022,inseason,Phetchaburi,"สุพรรณบุรี60,90",,146.0,right_only,146.0,146.0
2022,inseason,Phetchaburi,หอมสุพรรณบุรี,,0.0,right_only,0.0,0.0
2022,inseason,Phichit,กข15,,16431.0,right_only,16431.0,16431.0
2022,inseason,Phichit,กข6,,0.0,right_only,0.0,0.0
2022,inseason,Phichit,ขาวดอกมะลิ105,,565782.0,right_only,565782.0,565782.0
2022,inseason,Phichit,คลองหลวง1,,0.0,right_only,0.0,0.0
2022,inseason,Phichit,ชัยนาท1,,4674.0,right_only,4674.0,4674.0
2022,inseason,Phichit,ปทุมธานี1,,20301.0,right_only,20301.0,20301.0
2022,inseason,Phichit,พันธุ์พื้นเมือง,,6753.0,right_only,6753.0,6753.0
2022,inseason,Phichit,ราชการไม่ไวต่อช่วงแสง,,1020151.0,right_only,1020151.0,1020151.0
2022,inseason,Phichit,ราชการไวต่อช่วงแสง,,136282.0,right_only,136282.0,136282.0
2022,inseason,Phichit,สุพรรณบุรี1,,24283.0,right_only,24283.0,24283.0
2022,inseason,Phichit,"สุพรรณบุรี60,90",,8393.0,right_only,8393.0,8393.0
2022,inseason,Phichit,หอมสุพรรณบุรี,,1261.0,right_only,1261.0,1261.0
2022,inseason,Phitsanulok,กข15,,4767.0,right_only,4767.0,4767.0
2022,inseason,Phitsanulok,กข6,,69700.0,right_only,69700.0,69700.0
2022,inseason,Phitsanulok,ขาวดอกมะลิ105,,276112.0,right_only,276112.0,276112.0
2022,inseason,Phitsanulok,คลองหลวง1,,0.0,right_only,0.0,0.0
2022,inseason,Phitsanulok,ชัยนาท1,,11743.0,right_only,11743.0,11743.0
2022,inseason,Phitsanulok,ปทุมธานี1,,39128.0,right_only,39128.0,39128.0
2022,inseason,Phitsanulok,พันธุ์พื้นเมือง,,16215.0,right_only,16215.0,16215.0
2022,inseason,Phitsanulok,ราชการไม่ไวต่อช่วงแสง,,952578.0,right_only,952578.0,952578.0
2022,inseason,Phitsanulok,ราชการไวต่อช่วงแสง,,84587.0,right_only,84587.0,84587.0
2022,inseason,Phitsanulok,สุพรรณบุรี1,,15293.0,right_only,15293.0,15293.0
2022,inseason,Phitsanulok,"สุพรรณบุรี60,90",,21438.0,right_only,21438.0,21438.0
2022,inseason,Phitsanulok,หอมสุพรรณบุรี,,0.0,right_only,0.0,0.0
2022,inseason,Phra Nakhon Si Ayutthaya,กข15,,0.0,right_only,0.0,0.0
2022,inseason,Phra Nakhon Si Ayutthaya,กข6,,0.0,right_only,0.0,0.0
2022,inseason,Phra Nakhon Si Ayutthaya,ขาวดอกมะลิ105,,6513.0,right_only,6513.0,6513.0
2022,inseason,Phra Nakhon Si Ayutthaya,คลองหลวง1,,0.0,right_only,0.0,0.0
2022,inseason,Phra Nakhon Si Ayutthaya,ชัยนาท1,,1250.0,right_only,1250.0,1250.0
2022,inseason,Phra Nakhon Si Ayutthaya,ปทุมธานี1,,34845.0,right_only,34845.0,34845.0
2022,inseason,Phra Nakhon Si Ayutthaya,พันธุ์พื้นเมือง,,12815.0,right_only,12815.0,12815.0
2022,inseason,Phra Nakhon Si Ayutthaya,ราชการไม่ไวต่อช่วงแสง,,727219.0,right_only,727219.0,727219.0
2022,inseason,Phra Nakhon Si Ayutthaya,ราชการไวต่อช่วงแสง,,4197.0,right_only,4197.0,4197.0
2022,inseason,Phra Nakhon Si Ayutthaya,สุพรรณบุรี1,,24271.0,right_only,24271.0,24271.0
2022,inseason,Phra Nakhon Si Ayutthaya,"สุพรรณบุรี60,90",,820.0,right_only,820.0,820.0
2022,inseason,Phra Nakhon Si Ayutthaya,หอมสุพรรณบุรี,,0.0,right_only,0.0,0.0
2022,inseason,Phrae,กข15,,558.0,right_only,558.0,558.0
2022,inseason,Phrae,กข6,,46024.0,right_only,46024.0,46024.0
2022,inseason,Phrae,ขาวดอกมะลิ105,,20512.0,right_only,20512.0,20512.0
2022,inseason,Phrae,คลองหลวง1,,0.0,right_only,0.0,0.0
2022,inseason,Phrae,ชัยนาท1,,0.0,right_only,0.0,0.0
2022,inseason,Phrae,ปทุมธานี1,,0.0,right_only,0.0,0.0
2022,inseason,Phrae,พันธุ์พื้นเมือง,,919.0,right_only,919.0,919.0
2022,inseason,Phrae,ราชการไม่ไวต่อช่วงแสง,,169131.0,right_only,169131.0,169131.0
2022,inseason,Phrae,ราชการไวต่อช่วงแสง,,63700.0,right_only,63700.0,63700.0
2022,inseason,Phrae,สุพรรณบุรี1,,0.0,right_only,0.0,0.0
2022,inseason,Phrae,"สุพรรณบุรี60,90",,0.0,right_only,0.0,0.0
2022,inseason,Phrae,หอมสุพรรณบุรี,,0.0,right_only,0.0,0.0
2022,inseason,Phuket,กข15,,0.0,right_only,0.0,0.0
2022,inseason,Phuket,กข6,,0.0,right_only,0.0,0.0
2022,inseason,Phuket,ขาวดอกมะลิ105,,0.0,right_only,0.0,0.0
2022,inseason,Phuket,คลองหลวง1,,0.0,right_only,0.0,0.0
2022,inseason,Phuket,ชัยนาท1,,0.0,right_only,0.0,0.0
2022,inseason,Phuket,ปทุมธานี1,,0.0,right_only,0.0,0.0
2022,inseason,Phuket,พันธุ์พื้นเมือง,,0.0,right_only,0.0,0.0
2022,inseason,Phuket,ราชการไม่ไวต่อช่วงแสง,,0.0,right_only,0.0,0.0
2022,inseason,Phuket,ราชการไวต่อช่วงแสง,,0.0,right_only,0.0,0.0
2022,inseason,Phuket,สุพรรณบุรี1,,0.0,right_only,0.0,0.0
2022,inseason,Phuket,"สุพรรณบุรี60,90",,0.0,right_only,0.0,0.0
2022,inseason,Phuket,หอมสุพรรณบุรี,,0.0,right_only,0.0,0.0
2022,inseason,Prachin Buri,กข15,,0.0,right_only,0.0,0.0
2022,inseason,Prachin Buri,กข6,,252.0,right_only,252.0,252.0
2022,inseason,Prachin Buri,ขาวดอกมะลิ105,,83824.0,right_only,83824.0,83824.0
2022,inseason,Prachin Buri,คลองหลวง1,,0.0,right_only,0.0,0.0
2022,inseason,Prachin Buri,ชัยนาท1,,1130.0,right_only,1130.0,1130.0
2022,inseason,Prachin Buri,ปทุมธานี1,,6082.0,right_only,6082.0,6082.0
2022,inseason,Prachin Buri,พันธุ์พื้นเมือง,,32140.0,right_only,32140.0,32140.0
2022,inseason,Prachin Buri,ราชการไม่ไวต่อช่วงแสง,,188117.0,right_only,188117.0,188117.0
2022,inseason,Prachin Buri,ราชการไวต่อช่วงแสง,,103383.0,right_only,103383.0,103383.0
2022,inseason,Prachin Buri,สุพรรณบุรี1,,0.0,right_only,0.0,0.0
2022,inseason,Prachin Buri,"สุพรรณบุรี60,90",,4519.0,right_only,4519.0,4519.0
2022,inseason,Prachin Buri,หอมสุพรรณบุรี,,0.0,right_only,0.0,0.0
2022,inseason,Prachuap Khiri Khan,กข15,,0.0,right_only,0.0,0.0
2022,inseason,Prachuap Khiri Khan,กข6,,0.0,right_only,0.0,0.0
2022,inseason,Prachuap Khiri Khan,ขาวดอกมะลิ105,,1773.0,right_only,1773.0,1773.0
2022,inseason,Prachuap Khiri Khan,คลองหลวง1,,0.0,right_only,0.0,0.0
2022,inseason,Prachuap Khiri Khan,ชัยนาท1,,9584.0,right_only,9584.0,9584.0
2022,inseason,Prachuap Khiri Khan,ปทุมธานี1,,9570.0,right_only,9570.0,9570.0
2022,inseason,Prachuap Khiri Khan,พันธุ์พื้นเมือง,,225.0,right_only,225.0,225.0
2022,inseason,Prachuap Khiri Khan,ราชการไม่ไวต่อช่วงแสง,,1440.0,right_only,1440.0,1440.0
2022,inseason,Prachuap Khiri Khan,ราชการไวต่อช่วงแสง,,66.0,right_only,66.0,66.0
2022,inseason,Prachuap Khiri Khan,สุพรรณบุรี1,,138.0,right_only,138.0,138.0
2022,inseason,Prachuap Khiri Khan,"สุพรรณบุรี60,90",,0.0,right_only,0.0,0.0
2022,inseason,Prachuap Khiri Khan,หอมสุพรรณบุรี,,0.0,right_only,0.0,0.0
2022,inseason,Ranong,กข15,,0.0,right_only,0.0,0.0
2022,inseason,Ranong,กข6,,0.0,right_only,0.0,0.0
2022,inseason,Ranong,ขาวดอกมะลิ105,,0.0,right_only,0.0,0.0
2022,inseason,Ranong,คลองหลวง1,,0.0,right_only,0.0,0.0
2022,inseason,Ranong,ชัยนาท1,,0.0,right_only,0.0,0.0
2022,inseason,Ranong,ปทุมธานี1,,256.0,right_only,256.0,256.0
2022,inseason,Ranong,พันธุ์พื้นเมือง,,154.0,right_only,154.0,154.0
2022,inseason,Ranong,ราชการไม่ไวต่อช่วงแสง,,0.0,right_only,0.0,0.0
2022,inseason,Ranong,ราชการไวต่อช่วงแสง,,77.0,right_only,77.0,77.0
2022,inseason,Ranong,สุพรรณบุรี1,,0.0,right_only,0.0,0.0
2022,inseason,Ranong,"สุพรรณบุรี60,90",,0.0,right_only,0.0,0.0
2022,inseason,Ranong,หอมสุพรรณบุรี,,0.0,right_only,0.0,0.0
2022,inseason,Ratchaburi,กข15,,0.0,right_only,0.0,0.0
2022,inseason,Ratchaburi,กข6,,0.0,right_only,0.0,0.0
2022,inseason,Ratchaburi,ขาวดอกมะลิ105,,6115.0,right_only,6115.0,6115.0
2022,inseason,Ratchaburi,คลองหลวง1,,0.0,right_only,0.0,0.0
2022,inseason,Ratchaburi,ชัยนาท1,,3337.0,right_only,3337.0,3337.0
2022,inseason,Ratchaburi,ปทุมธานี1,,54406.0,right_only,54406.0,54406.0
2022,inseason,Ratchaburi,พันธุ์พื้นเมือง,,236.0,right_only,236.0,236.0
2022,inseason,Ratchaburi,ราชการไม่ไวต่อช่วงแสง,,57634.0,right_only,57634.0,57634.0
2022,inseason,Ratchaburi,ราชการไวต่อช่วงแสง,,799.0,right_only,799.0,799.0
2022,inseason,Ratchaburi,สุพรรณบุรี1,,111191.0,right_only,111191.0,111191.0
2022,inseason,Ratchaburi,"สุพรรณบุรี60,90",,134.0,right_only,134.0,134.0
2022,inseason,Ratchaburi,หอมสุพรรณบุรี,,0.0,right_only,0.0,0.0
2022,inseason,Rayong,กข15,,0.0,right_only,0.0,0.0
2022,inseason,Rayong,กข6,,0.0,right_only,0.0,0.0
2022,inseason,Rayong,ขาวดอกมะลิ105,,2555.0,right_only,2555.0,2555.0
2022,inseason,Rayong,คลองหลวง1,,0.0,right_only,0.0,0.0
2022,inseason,Rayong,ชัยนาท1,,90.0,right_only,90.0,90.0
2022,inseason,Rayong,ปทุมธานี1,,781.0,right_only,781.0,781.0
2022,inseason,Rayong,พันธุ์พื้นเมือง,,297.0,right_only,297.0,297.0
2022,inseason,Rayong,ราชการไม่ไวต่อช่วงแสง,,5435.0,right_only,5435.0,5435.0
2022,inseason,Rayong,ราชการไวต่อช่วงแสง,,138.0,right_only,138.0,138.0
2022,inseason,Rayong,สุพรรณบุรี1,,641.0,right_only,641.0,641.0
2022,inseason,Rayong,"สุพรรณบุรี60,90",,291.0,right_only,291.0,291.0
2022,inseason,Rayong,หอมสุพรรณบุรี,,0.0,right_only,0.0,0.0
2022,inseason,Roi Et,กข15,,10817.0,right_only,10817.0,10817.0
2022,inseason,Roi Et,กข6,,703814.0,right_only,703814.0,703814.0
2022,inseason,Roi Et,ขาวดอกมะลิ105,,2351068.0,right_only,2351068.0,2351068.0
2022,inseason,Roi Et,คลองหลวง1,,0.0,right_only,0.0,0.0
2022,inseason,Roi Et,ชัยนาท1,,2394.0,right_only,2394.0,2394.0
2022,inseason,Roi Et,ปทุมธานี1,,0.0,right_only,0.0,0.0
2022,inseason,Roi Et,พันธุ์พื้นเมือง,,3853.0,right_only,3853.0,3853.0
2022,inseason,Roi Et,ราชการไม่ไวต่อช่วงแสง,,23292.0,right_only,23292.0,23292.0
2022,inseason,Roi Et,ราชการไวต่อช่วงแสง,,4492.0,right_only,4492.0,4492.0
2022,inseason,Roi Et,สุพรรณบุรี1,,0.0,right_only,0.0,0.0
2022,inseason,Roi Et,"สุพรรณบุรี60,90",,0.0,right_only,0.0,0.0
2022,inseason,Roi Et,หอมสุพรรณบุรี,,0.0,right_only,0.0,0.0
2022,inseason,Sa kaeo,กข15,,0.0,right_only,0.0,0.0
2022,inseason,Sa kaeo,กข6,,10029.0,right_only,10029.0,10029.0
2022,inseason,Sa kaeo,ขาวดอกมะลิ105,,690085.0,right_only,690085.0,690085.0
2022,inseason,Sa kaeo,คลองหลวง1,,0.0,right_only,0.0,0.0
2022,inseason,Sa kaeo,ชัยนาท1,,0.0,right_only,0.0,0.0
2022,inseason,Sa kaeo,ปทุมธานี1,,2058.0,right_only,2058.0,2058.0
2022,inseason,Sa kaeo,พันธุ์พื้นเมือง,,6028.0,right_only,6028.0,6028.0
2022,inseason,Sa kaeo,ราชการไม่ไวต่อช่วงแสง,,15304.0,right_only,15304.0,15304.0
2022,inseason,Sa kaeo,ราชการไวต่อช่วงแสง,,24571.0,right_only,24571.0,24571.0
2022,inseason,Sa kaeo,สุพรรณบุรี1,,0.0,right_only,0.0,0.0
2022,inseason,Sa kaeo,"สุพรรณบุรี60,90",,0.0,right_only,0.0,0.0
2022,inseason,Sa kaeo,หอมสุพรรณบุรี,,0.0,right_only,0.0,0.0
2022,inseason,Sakon Nakhon,กข15,,91742.0,right_only,91742.0,91742.0
2022,inseason,Sakon Nakhon,กข6,,1579786.0,right_only,1579786.0,1579786.0
2022,inseason,Sakon Nakhon,ขาวดอกมะลิ105,,468426.0,right_only,468426.0,468426.0
2022,inseason,Sakon Nakhon,คลองหลวง1,,0.0,right_only,0.0,0.0
2022,inseason,Sakon Nakhon,ชัยนาท1,,0.0,right_only,0.0,0.0
2022,inseason,Sakon Nakhon,ปทุมธานี1,,0.0,right_only,0.0,0.0
2022,inseason,Sakon Nakhon,พันธุ์พื้นเมือง,,5128.0,right_only,5128.0,5128.0
2022,inseason,Sakon Nakhon,ราชการไม่ไวต่อช่วงแสง,,16617.0,right_only,16617.0,16617.0
2022,inseason,Sakon Nakhon,ราชการไวต่อช่วงแสง,,23149.0,right_only,23149.0,23149.0
2022,inseason,Sakon Nakhon,สุพรรณบุรี1,,0.0,right_only,0.0,0.0
2022,inseason,Sakon Nakhon,"สุพรรณบุรี60,90",,1398.0,right_only,1398.0,1398.0
2022,inseason,Sakon Nakhon,หอมสุพรรณบุรี,,0.0,right_only,0.0,0.0
2022,inseason,Samut Prakarn,กข15,,0.0,right_only,0.0,0.0
2022,inseason,Samut Prakarn,กข6,,0.0,right_only,0.0,0.0
2022,inseason,Samut Prakarn,ขาวดอกมะลิ105,,0.0,right_only,0.0,0.0
2022,inseason,Samut Prakarn,คลองหลวง1,,0.0,right_only,0.0,0.0
2022,inseason,Samut Prakarn,ชัยนาท1,,0.0,right_only,0.0,0.0
2022,inseason,Samut Prakarn,ปทุมธานี1,,3839.0,right_only,3839.0,3839.0
2022,inseason,Samut Prakarn,พันธุ์พื้นเมือง,,0.0,right_only,0.0,0.0
2022,inseason,Samut Prakarn,ราชการไม่ไวต่อช่วงแสง,,13404.0,right_only,13404.0,13404.0
2022,inseason,Samut Prakarn,ราชการไวต่อช่วงแสง,,234.0,right_only,234.0,234.0
2022,inseason,Samut Prakarn,สุพรรณบุรี1,,0.0,right_only,0.0,0.0
2022,inseason,Samut Prakarn,"สุพรรณบุรี60,90",,400.0,right_only,400.0,400.0
2022,inseason,Samut Prakarn,หอมสุพรรณบุรี,,0.0,right_only,0.0,0.0
2022,inseason,Samut Sakhon,กข15,,0.0,right_only,0.0,0.0
2022,inseason,Samut Sakhon,กข6,,0.0,right_only,0.0,0.0
2022,inseason,Samut Sakhon,ขาวดอกมะลิ105,,0.0,right_only,0.0,0.0
2022,inseason,Samut Sakhon,คลองหลวง1,,0.0,right_only,0.0,0.0
2022,inseason,Samut Sakhon,ชัยนาท1,,0.0,right_only,0.0,0.0
2022,inseason,Samut Sakhon,ปทุมธานี1,,61.0,right_only,61.0,61.0
2022,inseason,Samut Sakhon,พันธุ์พื้นเมือง,,0.0,right_only,0.0,0.0
2022,inseason,Samut Sakhon,ราชการไม่ไวต่อช่วงแสง,,4283.0,right_only,4283.0,4283.0
2022,inseason,Samut Sakhon,ราชการไวต่อช่วงแสง,,350.0,right_only,350.0,350.0
2022,inseason,Samut Sakhon,สุพรรณบุรี1,,86.0,right_only,86.0,86.0
2022,inseason,Samut Sakhon,"สุพรรณบุรี60,90",,0.0,right_only,0.0,0.0
2022,inseason,Samut Sakhon,หอมสุพรรณบุรี,,0.0,right_only,0.0,0.0
2022,inseason,Samut Songkhram,กข15,,0.0,right_only,0.0,0.0
2022,inseason,Samut Songkhram,กข6,,0.0,right_only,0.0,0.0
2022,inseason,Samut Songkhram,ขาวดอกมะลิ105,,0.0,right_only,0.0,0.0
2022,inseason,Samut Songkhram,คลองหลวง1,,0.0,right_only,0.0,0.0
2022,inseason,Samut Songkhram,ชัยนาท1,,77.0,right_only,77.0,77.0
2022,inseason,Samut Songkhram,ปทุมธานี1,,0.0,right_only,0.0,0.0
2022,inseason,Samut Songkhram,พันธุ์พื้นเมือง,,0.0,right_only,0.0,0.0
2022,inseason,Samut Songkhram,ราชการไม่ไวต่อช่วงแสง,,1540.0,right_only,1540.0,1540.0
2022,inseason,Samut Songkhram,ราชการไวต่อช่วงแสง,,0.0,right_only,0.0,0.0
2022,inseason,Samut Songkhram,สุพรรณบุรี1,,367.0,right_only,367.0,367.0
2022,inseason,Samut Songkhram,"สุพรรณบุรี60,90",,0.0,right_only,0.0,0.0
2022,inseason,Samut Songkhram,หอมสุพรรณบุรี,,0.0,right_only,0.0,0.0
2022,inseason,Saraburi,กข15,,0.0,right_only,0.0,0.0
2022,inseason,Saraburi,กข6,,0.0,right_only,0.0,0.0
2022,inseason,Saraburi,ขาวดอกมะลิ105,,7009.0,right_only,7009.0,7009.0
2022,inseason,Saraburi,คลองหลวง1,,0.0,right_only,0.0,0.0
2022,inseason,Saraburi,ชัยนาท1,,2902.0,right_only,2902.0,2902.0
2022,inseason,Saraburi,ปทุมธานี1,,37016.0,right_only,37016.0,37016.0
2022,inseason,Saraburi,พันธุ์พื้นเมือง,,554.0,right_only,554.0,554.0
2022,inseason,Saraburi,ราชการไม่ไวต่อช่วงแสง,,249981.0,right_only,249981.0,249981.0
2022,inseason,Saraburi,ราชการไวต่อช่วงแสง,,2841.0,right_only,2841.0,2841.0
2022,inseason,Saraburi,สุพรรณบุรี1,,30286.0,right_only,30286.0,30286.0
2022,inseason,Saraburi,"สุพรรณบุรี60,90",,482.0,right_only,482.0,482.0
2022,inseason,Saraburi,หอมสุพรรณบุรี,,0.0,right_only,0.0,0.0
2022,inseason,Satun,กข15,,0.0,right_only,0.0,0.0
2022,inseason,Satun,กข6,,0.0,right_only,0.0,0.0
2022,inseason,Satun,ขาวดอกมะลิ105,,0.0,right_only,0.0,0.0
2022,inseason,Satun,คลองหลวง1,,0.0,right_only,0.0,0.0
2022,inseason,Satun,ชัยนาท1,,0.0,right_only,0.0,0.0
2022,inseason,Satun,ปทุมธานี1,,1231.0,right_only,1231.0,1231.0
2022,inseason,Satun,พันธุ์พื้นเมือง,,12226.0,right_only,12226.0,12226.0
2022,inseason,Satun,ราชการไม่ไวต่อช่วงแสง,,4443.0,right_only,4443.0,4443.0
2022,inseason,Satun,ราชการไวต่อช่วงแสง,,0.0,right_only,0.0,0.0
2022,inseason,Satun,สุพรรณบุรี1,,0.0,right_only,0.0,0.0
2022,inseason,Satun,"สุพรรณบุรี60,90",,0.0,right_only,0.0,0.0
2022,inseason,Satun,หอมสุพรรณบุรี,,0.0,right_only,0.0,0.0
2022,inseason,Si Sa Ket,กข15,,71365.0,right_only,71365.0,71365.0
2022,inseason,Si Sa Ket,กข6,,144560.0,right_only,144560.0,144560.0
2022,inseason,Si Sa Ket,ขาวดอกมะลิ105,,2731036.0,right_only,2731036.0,2731036.0
2022,inseason,Si Sa Ket,คลองหลวง1,,0.0,right_only,0.0,0.0
2022,inseason,Si Sa Ket,ชัยนาท1,,5440.0,right_only,5440.0,5440.0
2022,inseason,Si Sa Ket,ปทุมธานี1,,229.0,right_only,229.0,229.0
2022,inseason,Si Sa Ket,พันธุ์พื้นเมือง,,6526.0,right_only,6526.0,6526.0
2022,inseason,Si Sa Ket,ราชการไม่ไวต่อช่วงแสง,,7621.0,right_only,7621.0,7621.0
2022,inseason,Si Sa Ket,ราชการไวต่อช่วงแสง,,53619.0,right_only,53619.0,53619.0
2022,inseason,Si Sa Ket,สุพรรณบุรี1,,0.0,right_only,0.0,0.0
2022,inseason,Si Sa Ket,"สุพรรณบุรี60,90",,0.0,right_only,0.0,0.0
2022,inseason,Si Sa Ket,หอมสุพรรณบุรี,,0.0,right_only,0.0,0.0
2022,inseason,Sing Buri,กข15,,0.0,right_only,0.0,0.0
2022,inseason,Sing Buri,กข6,,195.0,right_only,195.0,195.0
2022,inseason,Sing Buri,ขาวดอกมะลิ105,,9397.0,right_only,9397.0,9397.0
2022,inseason,Sing Buri,คลองหลวง1,,0.0,right_only,0.0,0.0
2022,inseason,Sing Buri,ชัยนาท1,,0.0,right_only,0.0,0.0
2022,inseason,Sing Buri,ปทุมธานี1,,111882.0,right_only,111882.0,111882.0
2022,inseason,Sing Buri,พันธุ์พื้นเมือง,,2281.0,right_only,2281.0,2281.0
2022,inseason,Sing Buri,ราชการไม่ไวต่อช่วงแสง,,152288.0,right_only,152288.0,152288.0
2022,inseason,Sing Buri,ราชการไวต่อช่วงแสง,,390.0,right_only,390.0,390.0
2022,inseason,Sing Buri,สุพรรณบุรี1,,3693.0,right_only,3693.0,3693.0
2022,inseason,Sing Buri,"สุพรรณบุรี60,90",,0.0,right_only,0.0,0.0
2022,inseason,Sing Buri,หอมสุพรรณบุรี,,0.0,right_only,0.0,0.0
2022,inseason,Songkhla,กข15,,0.0,right_only,0.0,0.0
2022,inseason,Songkhla,กข6,,0.0,right_only,0.0,0.0
2022,inseason,Songkhla,ขาวดอกมะลิ105,,1091.0,right_only,1091.0,1091.0
2022,inseason,Songkhla,คลองหลวง1,,0.0,right_only,0.0,0.0
2022,inseason,Songkhla,ชัยนาท1,,1837.0,right_only,1837.0,1837.0
2022,inseason,Songkhla,ปทุมธานี1,,24114.0,right_only,24114.0,24114.0
2022,inseason,Songkhla,พันธุ์พื้นเมือง,,7914.0,right_only,7914.0,7914.0
2022,inseason,Songkhla,ราชการไม่ไวต่อช่วงแสง,,74766.0,right_only,74766.0,74766.0
2022,inseason,Songkhla,ราชการไวต่อช่วงแสง,,7647.0,right_only,7647.0,7647.0
2022,inseason,Songkhla,สุพรรณบุรี1,,0.0,right_only,0.0,0.0
2022,inseason,Songkhla,"สุพรรณบุรี60,90",,21.0,right_only,21.0,21.0
2022,inseason,Songkhla,หอมสุพรรณบุรี,,0.0,right_only,0.0,0.0
2022,inseason,Sukhothai,กข15,,1279.0,right_only,1279.0,1279.0
2022,inseason,Sukhothai,กข6,,6273.0,right_only,6273.0,6273.0
2022,inseason,Sukhothai,ขาวดอกมะลิ105,,184052.0,right_only,184052.0,184052.0
2022,inseason,Sukhothai,คลองหลวง1,,0.0,right_only,0.0,0.0
2022,inseason,Sukhothai,ชัยนาท1,,12280.0,right_only,12280.0,12280.0
2022,inseason,Sukhothai,ปทุมธานี1,,47166.0,right_only,47166.0,47166.0
2022,inseason,Sukhothai,พันธุ์พื้นเมือง,,9065.0,right_only,9065.0,9065.0
2022,inseason,Sukhothai,ราชการไม่ไวต่อช่วงแสง,,867119.0,right_only,867119.0,867119.0
2022,inseason,Sukhothai,ราชการไวต่อช่วงแสง,,7669.0,right_only,7669.0,7669.0
2022,inseason,Sukhothai,สุพรรณบุรี1,,10709.0,right_only,10709.0,10709.0
2022,inseason,Sukhothai,"สุพรรณบุรี60,90",,26387.0,right_only,26387.0,26387.0
2022,inseason,Sukhothai,หอมสุพรรณบุรี,,801.0,right_only,801.0,801.0
2022,inseason,Suphan Buri,กข15,,0.0,right_only,0.0,0.0
2022,inseason,Suphan Buri,กข6,,0.0,right_only,0.0,0.0
2022,inseason,Suphan Buri,ขาวดอกมะลิ105,,100828.0,right_only,100828.0,100828.0
2022,inseason,Suphan Buri,คลองหลวง1,,0.0,right_only,0.0,0.0
2022,inseason,Suphan Buri,ชัยนาท1,,0.0,right_only,0.0,0.0
2022,inseason,Suphan Buri,ปทุมธานี1,,212313.0,right_only,212313.0,212313.0
2022,inseason,Suphan Buri,พันธุ์พื้นเมือง,,1702.0,right_only,1702.0,1702.0
2022,inseason,Suphan Buri,ราชการไม่ไวต่อช่วงแสง,,897627.0,right_only,897627.0,897627.0
2022,inseason,Suphan Buri,ราชการไวต่อช่วงแสง,,22333.0,right_only,22333.0,22333.0
2022,inseason,Suphan Buri,สุพรรณบุรี1,,4114.0,right_only,4114.0,4114.0
2022,inseason,Suphan Buri,"สุพรรณบุรี60,90",,0.0,right_only,0.0,0.0
2022,inseason,Suphan Buri,หอมสุพรรณบุรี,,0.0,right_only,0.0,0.0
2022,inseason,Surat Thani,กข15,,0.0,right_only,0.0,0.0
2022,inseason,Surat Thani,กข6,,0.0,right_only,0.0,0.0
2022,inseason,Surat Thani,ขาวดอกมะลิ105,,543.0,right_only,543.0,543.0
2022,inseason,Surat Thani,คลองหลวง1,,0.0,right_only,0.0,0.0
2022,inseason,Surat Thani,ชัยนาท1,,0.0,right_only,0.0,0.0
2022,inseason,Surat Thani,ปทุมธานี1,,5151.0,right_only,5151.0,5151.0
2022,inseason,Surat Thani,พันธุ์พื้นเมือง,,8427.0,right_only,8427.0,8427.0
2022,inseason,Surat Thani,ราชการไม่ไวต่อช่วงแสง,,10271.0,right_only,10271.0,10271.0
2022,inseason,Surat Thani,ราชการไวต่อช่วงแสง,,1137.0,right_only,1137.0,1137.0
2022,inseason,Surat Thani,สุพรรณบุรี1,,0.0,right_only,0.0,0.0
2022,inseason,Surat Thani,"สุพรรณบุรี60,90",,0.0,right_only,0.0,0.0
2022,inseason,Surat Thani,หอมสุพรรณบุรี,,0.0,right_only,0.0,0.0
2022,inseason,Surin,กข15,,776112.0,right_only,776112.0,776112.0
2022,inseason,Surin,กข6,,2957.0,right_only,2957.0,2957.0
2022,inseason,Surin,ขาวดอกมะลิ105,,2323200.0,right_only,2323200.0,2323200.0
2022,inseason,Surin,คลองหลวง1,,0.0,right_only,0.0,0.0
2022,inseason,Surin,ชัยนาท1,,0.0,right_only,0.0,0.0
2022,inseason,Surin,ปทุมธานี1,,0.0,right_only,0.0,0.0
2022,inseason,Surin,พันธุ์พื้นเมือง,,4516.0,right_only,4516.0,4516.0
2022,inseason,Surin,ราชการไม่ไวต่อช่วงแสง,,5282.0,right_only,5282.0,5282.0
2022,inseason,Surin,ราชการไวต่อช่วงแสง,,7924.0,right_only,7924.0,7924.0
2022,inseason,Surin,สุพรรณบุรี1,,0.0,right_only,0.0,0.0
2022,inseason,Surin,"สุพรรณบุรี60,90",,0.0,right_only,0.0,0.0
2022,inseason,Surin,หอมสุพรรณบุรี,,0.0,right_only,0.0,0.0
2022,inseason,Tak,กข15,,0.0,right_only,0.0,0.0
2022,inseason,Tak,กข6,,15620.0,right_only,15620.0,15620.0
2022,inseason,Tak,ขาวดอกมะลิ105,,124652.0,right_only,124652.0,124652.0
2022,inseason,Tak,คลองหลวง1,,0.0,right_only,0.0,0.0
2022,inseason,Tak,ชัยนาท1,,9005.0,right_only,9005.0,9005.0
2022,inseason,Tak,ปทุมธานี1,,8176.0,right_only,8176.0,8176.0
2022,inseason,Tak,พันธุ์พื้นเมือง,,138808.0,right_only,138808.0,138808.0
2022,inseason,Tak,ราชการไม่ไวต่อช่วงแสง,,66519.0,right_only,66519.0,66519.0
2022,inseason,Tak,ราชการไวต่อช่วงแสง,,10007.0,right_only,10007.0,10007.0
2022,inseason,Tak,สุพรรณบุรี1,,3041.0,right_only,3041.0,3041.0
2022,inseason,Tak,"สุพรรณบุรี60,90",,0.0,right_only,0.0,0.0
2022,inseason,Tak,หอมสุพรรณบุรี,,0.0,right_only,0.0,0.0
2022,inseason,Trang,กข15,,0.0,right_only,0.0,0.0
2022,inseason,Trang,กข6,,0.0,right_only,0.0,0.0
2022,inseason,Trang,ขาวดอกมะลิ105,,0.0,right_only,0.0,0.0
2022,inseason,Trang,คลองหลวง1,,0.0,right_only,0.0,0.0
2022,inseason,Trang,ชัยนาท1,,0.0,right_only,0.0,0.0
2022,inseason,Trang,ปทุมธานี1,,221.0,right_only,221.0,221.0
2022,inseason,Trang,พันธุ์พื้นเมือง,,6841.0,right_only,6841.0,6841.0
2022,inseason,Trang,ราชการไม่ไวต่อช่วงแสง,,4530.0,right_only,4530.0,4530.0
2022,inseason,Trang,ราชการไวต่อช่วงแสง,,0.0,right_only,0.0,0.0
2022,inseason,Trang,สุพรรณบุรี1,,0.0,right_only,0.0,0.0
2022,inseason,Trang,"สุพรรณบุรี60,90",,0.0,right_only,0.0,0.0
2022,inseason,Trang,หอมสุพรรณบุรี,,0.0,right_only,0.0,0.0
2022,inseason,Trat,กข15,,0.0,right_only,0.0,0.0
2022,inseason,Trat,กข6,,0.0,right_only,0.0,0.0
2022,inseason,Trat,ขาวดอกมะลิ105,,10608.0,right_only,10608.0,10608.0
2022,inseason,Trat,คลองหลวง1,,0.0,right_only,0.0,0.0
2022,inseason,Trat,ชัยนาท1,,0.0,right_only,0.0,0.0
2022,inseason,Trat,ปทุมธานี1,,846.0,right_only,846.0,846.0
2022,inseason,Trat,พันธุ์พื้นเมือง,,272.0,right_only,272.0,272.0
2022,inseason,Trat,ราชการไม่ไวต่อช่วงแสง,,1588.0,right_only,1588.0,1588.0
2022,inseason,Trat,ราชการไวต่อช่วงแสง,,231.0,right_only,231.0,231.0
2022,inseason,Trat,สุพรรณบุรี1,,0.0,right_only,0.0,0.0
2022,inseason,Trat,"สุพรรณบุรี60,90",,0.0,right_only,0.0,0.0
2022,inseason,Trat,หอมสุพรรณบุรี,,0.0,right_only,0.0,0.0
2022,inseason,Ubon Ratchathani,กข15,,472327.0,right_only,472327.0,472327.0
2022,inseason,Ubon Ratchathani,กข6,,837231.0,right_only,837231.0,837231.0
2022,inseason,Ubon Ratchathani,ขาวดอกมะลิ105,,2497925.0,right_only,2497925.0,2497925.0
2022,inseason,Ubon Ratchathani,คลองหลวง1,,0.0,right_only,0.0,0.0
2022,inseason,Ubon Ratchathani,ชัยนาท1,,0.0,right_only,0.0,0.0
2022,inseason,Ubon Ratchathani,ปทุมธานี1,,0.0,right_only,0.0,0.0
2022,inseason,Ubon Ratchathani,พันธุ์พื้นเมือง,,33949.0,right_only,33949.0,33949.0
2022,inseason,Ubon Ratchathani,ราชการไม่ไวต่อช่วงแสง,,62457.0,right_only,62457.0,62457.0
2022,inseason,Ubon Ratchathani,ราชการไวต่อช่วงแสง,,182284.0,right_only,182284.0,182284.0
2022,inseason,Ubon Ratchathani,สุพรรณบุรี1,,0.0,right_only,0.0,0.0
2022,inseason,Ubon Ratchathani,"สุพรรณบุรี60,90",,0.0,right_only,0.0,0.0
2022,inseason,Ubon Ratchathani,หอมสุพรรณบุรี,,0.0,right_only,0.0,0.0
2022,inseason,Udon Thani,กข15,,61530.0,right_only,61530.0,61530.0
2022,inseason,Udon Thani,กข6,,1604669.0,right_only,1604669.0,1604669.0
2022,inseason,Udon Thani,ขาวดอกมะลิ105,,353267.0,right_only,353267.0,353267.0
2022,inseason,Udon Thani,คลองหลวง1,,0.0,right_only,0.0,0.0
2022,inseason,Udon Thani,ชัยนาท1,,0.0,right_only,0.0,0.0
2022,inseason,Udon Thani,ปทุมธานี1,,3878.0,right_only,3878.0,3878.0
2022,inseason,Udon Thani,พันธุ์พื้นเมือง,,8012.0,right_only,8012.0,8012.0
2022,inseason,Udon Thani,ราชการไม่ไวต่อช่วงแสง,,10106.0,right_only,10106.0,10106.0
2022,inseason,Udon Thani,ราชการไวต่อช่วงแสง,,27479.0,right_only,27479.0,27479.0
2022,inseason,Udon Thani,สุพรรณบุรี1,,0.0,right_only,0.0,0.0
2022,inseason,Udon Thani,"สุพรรณบุรี60,90",,0.0,right_only,0.0,0.0
2022,inseason,Udon Thani,หอมสุพรรณบุรี,,0.0,right_only,0.0,0.0
2022,inseason,Uthai Thani,กข15,,0.0,right_only,0.0,0.0
2022,inseason,Uthai Thani,กข6,,861.0,right_only,861.0,861.0
2022,inseason,Uthai Thani,ขาวดอกมะลิ105,,23262.0,right_only,23262.0,23262.0
2022,inseason,Uthai Thani,คลองหลวง1,,0.0,right_only,0.0,0.0
2022,inseason,Uthai Thani,ชัยนาท1,,4513.0,right_only,4513.0,4513.0
2022,inseason,Uthai Thani,ปทุมธานี1,,39528.0,right_only,39528.0,39528.0
2022,inseason,Uthai Thani,พันธุ์พื้นเมือง,,3765.0,right_only,3765.0,3765.0
2022,inseason,Uthai Thani,ราชการไม่ไวต่อช่วงแสง,,519171.0,right_only,519171.0,519171.0
2022,inseason,Uthai Thani,ราชการไวต่อช่วงแสง,,1736.0,right_only,1736.0,1736.0
2022,inseason,Uthai Thani,สุพรรณบุรี1,,1283.0,right_only,1283.0,1283.0
2022,inseason,Uthai Thani,"สุพรรณบุรี60,90",,546.0,right_only,546.0,546.0
2022,inseason,Uthai Thani,หอมสุพรรณบุรี,,288.0,right_only,288.0,288.0
2022,inseason,Uttaradit,กข15,,0.0,right_only,0.0,0.0
2022,inseason,Uttaradit,กข6,,24509.0,right_only,24509.0,24509.0
2022,inseason,Uttaradit,ขาวดอกมะลิ105,,47483.0,right_only,47483.0,47483.0
2022,inseason,Uttaradit,คลองหลวง1,,0.0,right_only,0.0,0.0
2022,inseason,Uttaradit,ชัยนาท1,,3002.0,right_only,3002.0,3002.0
2022,inseason,Uttaradit,ปทุมธานี1,,162545.0,right_only,162545.0,162545.0
2022,inseason,Uttaradit,พันธุ์พื้นเมือง,,13795.0,right_only,13795.0,13795.0
2022,inseason,Uttaradit,ราชการไม่ไวต่อช่วงแสง,,331564.0,right_only,331564.0,331564.0
2022,inseason,Uttaradit,ราชการไวต่อช่วงแสง,,13148.0,right_only,13148.0,13148.0
2022,inseason,Uttaradit,สุพรรณบุรี1,,20341.0,right_only,20341.0,20341.0
2022,inseason,Uttaradit,"สุพรรณบุรี60,90",,911.0,right_only,911.0,911.0
2022,inseason,Uttaradit,หอมสุพรรณบุรี,,2997.0,right_only,2997.0,2997.0
2022,inseason,Yala,กข15,,0.0,right_only,0.0,0.0
2022,inseason,Yala,กข6,,0.0,right_only,0.0,0.0
2022,inseason,Yala,ขาวดอกมะลิ105,,0.0,right_only,0.0,0.0
2022,inseason,Yala,คลองหลวง1,,0.0,right_only,0.0,0.0
2022,inseason,Yala,ชัยนาท1,,0.0,right_only,0.0,0.0
2022,inseason,Yala,ปทุมธานี1,,0.0,right_only,0.0,0.0
2022,inseason,Yala,พันธุ์พื้นเมือง,,15785.0,right_only,15785.0,15785.0
2022,inseason,Yala,ราชการไม่ไวต่อช่วงแสง,,2054.0,right_only,2054.0,2054.0
2022,inseason,Yala,ราชการไวต่อช่วงแสง,,721.0,right_only,721.0,721.0
2022,inseason,Yala,สุพรรณบุรี1,,0.0,right_only,0.0,0.0
2022,inseason,Yala,"สุพรรณบุรี60,90",,0.0,right_only,0.0,0.0
2022,inseason,Yala,หอมสุพรรณบุรี,,0.0,right_only,0.0,0.0
2022,inseason,Yasothon,กข15,,22725.0,right_only,22725.0,22725.0
2022,inseason,Yasothon,กข6,,375436.0,right_only,375436.0,375436.0
2022,inseason,Yasothon,ขาวดอกมะลิ105,,910146.0,right_only,910146.0,910146.0
2022,inseason,Yasothon,คลองหลวง1,,0.0,right_only,0.0,0.0
2022,inseason,Yasothon,ชัยนาท1,,946.0,right_only,946.0,946.0
2022,inseason,Yasothon,ปทุมธานี1,,0.0,right_only,0.0,0.0
2022,inseason,Yasothon,พันธุ์พื้นเมือง,,2263.0,right_only,2263.0,2263.0
2022,inseason,Yasothon,ราชการไม่ไวต่อช่วงแสง,,35125.0,right_only,35125.0,35125.0
2022,inseason,Yasothon,ราชการไวต่อช่วงแสง,,20888.0,right_only,20888.0,20888.0
2022,inseason,Yasothon,สุพรรณบุรี1,,0.0,right_only,0.0,0.0
2022,inseason,Yasothon,"สุพรรณบุรี60,90",,0.0,right_only,0.0,0.0
2022,inseason,Yasothon,หอมสุพรรณบุรี,,0.0,right_only,0.0,0.0
2022,offseason,Amnat Charoen,กข10,,136.0,right_only,136.0,136.0
2022,offseason,Amnat Charoen,กขไม่ไวต่อช่วงแสง,,909.0,right_only,909.0,909.0
2022,offseason,Amnat Charoen,"ชัยนาท1,2",,158.0,right_only,158.0,158.0
2022,offseason,Amnat Charoen,ปทุมธานี1,,34.0,right_only,34.0,34.0
2022,offseason,Amnat Charoen,"พิษณุโลก2,60-2",,0.0,right_only,0.0,0.0
2022,offseason,Amnat Charoen,ราชการไม่ไวต่อช่วงแสง,,672.0,right_only,672.0,672.0
2022,offseason,Amnat Charoen,สุพรรณบุรี1,,0.0,right_only,0.0,0.0
2022,offseason,Amnat Charoen,"สุพรรณบุรี60,90",,0.0,right_only,0.0,0.0
2022,offseason,Amnat Charoen,หอมสุพรรณบุรี,,0.0,right_only,0.0,0.0
2022,offseason,Ang Thong,กข10,,0.0,right_only,0.0,0.0
2022,offseason,Ang Thong,กขไม่ไวต่อช่วงแสง,,43205.0,right_only,43205.0,43205.0
2022,offseason,Ang Thong,"ชัยนาท1,2",,0.0,right_only,0.0,0.0
2022,offseason,Ang Thong,ปทุมธานี1,,14836.0,right_only,14836.0,14836.0
2022,offseason,Ang Thong,"พิษณุโลก2,60-2",,617.0,right_only,617.0,617.0
2022,offseason,Ang Thong,ราชการไม่ไวต่อช่วงแสง,,1433.0,right_only,1433.0,1433.0
2022,offseason,Ang Thong,สุพรรณบุรี1,,88.0,right_only,88.0,88.0
2022,offseason,Ang Thong,"สุพรรณบุรี60,90",,0.0,right_only,0.0,0.0
2022,offseason,Ang Thong,หอมสุพรรณบุรี,,0.0,right_only,0.0,0.0
2022,offseason,Bangkok,กข10,,0.0,right_only,0.0,0.0
2022,offseason,Bangkok,กขไม่ไวต่อช่วงแสง,,6431.0,right_only,6431.0,6431.0
2022,offseason,Bangkok,"ชัยนาท1,2",,0.0,right_only,0.0,0.0
2022,offseason,Bangkok,ปทุมธานี1,,808.0,right_only,808.0,808.0
2022,offseason,Bangkok,"พิษณุโลก2,60-2",,206.0,right_only,206.0,206.0
2022,offseason,Bangkok,ราชการไม่ไวต่อช่วงแสง,,44.0,right_only,44.0,44.0
2022,offseason,Bangkok,สุพรรณบุรี1,,8.0,right_only,8.0,8.0
2022,offseason,Bangkok,"สุพรรณบุรี60,90",,0.0,right_only,0.0,0.0
2022,offseason,Bangkok,หอมสุพรรณบุรี,,0.0,right_only,0.0,0.0
2022,offseason,Bueng Kan,กข10,,1009.0,right_only,1009.0,1009.0
2022,offseason,Bueng Kan,กขไม่ไวต่อช่วงแสง,,649.0,right_only,649.0,649.0
2022,offseason,Bueng Kan,"ชัยนาท1,2",,49.0,right_only,49.0,49.0
2022,offseason,Bueng Kan,ปทุมธานี1,,140.0,right_only,140.0,140.0
2022,offseason,Bueng Kan,"พิษณุโลก2,60-2",,0.0,right_only,0.0,0.0
2022,offseason,Bueng Kan,ราชการไม่ไวต่อช่วงแสง,,854.0,right_only,854.0,854.0
2022,offseason,Bueng Kan,สุพรรณบุรี1,,0.0,right_only,0.0,0.0
2022,offseason,Bueng Kan,"สุพรรณบุรี60,90",,0.0,right_only,0.0,0.0
2022,offseason,Bueng Kan,หอมสุพรรณบุรี,,0.0,right_only,0.0,0.0
2022,offseason,Buri Ram,กข10,,204.0,right_only,204.0,204.0
2022,offseason,Buri Ram,กขไม่ไวต่อช่วงแสง,,3279.0,right_only,3279.0,3279.0
2022,offseason,Buri Ram,"ชัยนาท1,2",,10672.0,right_only,10672.0,10672.0
2022,offseason,Buri Ram,ปทุมธานี1,,1466.0,right_only,1466.0,1466.0
2022,offseason,Buri Ram,"พิษณุโลก2,60-2",,0.0,right_only,0.0,0.0
2022,offseason,Buri Ram,ราชการไม่ไวต่อช่วงแสง,,1944.0,right_only,1944.0,1944.0
2022,offseason,Buri Ram,สุพรรณบุรี1,,0.0,right_only,0.0,0.0
2022,offseason,Buri Ram,"สุพรรณบุรี60,90",,0.0,right_only,0.0,0.0
2022,offseason,Buri Ram,หอมสุพรรณบุรี,,0.0,right_only,0.0,0.0
2022,offseason,Chachoengsao,กข10,,0.0,right_only,0.0,0.0
2022,offseason,Chachoengsao,กขไม่ไวต่อช่วงแสง,,41447.0,right_only,41447.0,41447.0
2022,offseason,Chachoengsao,"ชัยนาท1,2",,0.0,right_only,0.0,0.0
2022,offseason,Chachoengsao,ปทุมธานี1,,2491.0,right_only,2491.0,2491.0
2022,offseason,Chachoengsao,"พิษณุโลก2,60-2",,5690.0,right_only,5690.0,5690.0
2022,offseason,Chachoengsao,ราชการไม่ไวต่อช่วงแสง,,1592.0,right_only,1592.0,1592.0
2022,offseason,Chachoengsao,สุพรรณบุรี1,,672.0,right_only,672.0,672.0
2022,offseason,Chachoengsao,"สุพรรณบุรี60,90",,669.0,right_only,669.0,669.0
2022,offseason,Chachoengsao,หอมสุพรรณบุรี,,0.0,right_only,0.0,0.0
2022,offseason,Chai Nat,กข10,,0.0,right_only,0.0,0.0
2022,offseason,Chai Nat,กขไม่ไวต่อช่วงแสง,,95733.0,right_only,95733.0,95733.0
2022,offseason,Chai Nat,"ชัยนาท1,2",,298.0,right_only,298.0,298.0
2022,offseason,Chai Nat,ปทุมธานี1,,36134.0,right_only,36134.0,36134.0
2022,offseason,Chai Nat,"พิษณุโลก2,60-2",,103.0,right_only,103.0,103.0
2022,offseason,Chai Nat,ราชการไม่ไวต่อช่วงแสง,,1454.0,right_only,1454.0,1454.0
2022,offseason,Chai Nat,สุพรรณบุรี1,,239.0,right_only,239.0,239.0
2022,offseason,Chai Nat,"สุพรรณบุรี60,90",,0.0,right_only,0.0,0.0
2022,offseason,Chai Nat,หอมสุพรรณบุรี,,0.0,right_only,0.0,0.0
2022,offseason,Chaiyaphum,กข10,,13224.0,right_only,13224.0,13224.0
2022,offseason,Chaiyaphum,กขไม่ไวต่อช่วงแสง,,10199.0,right_only,10199.0,10199.0
2022,offseason,Chaiyaphum,"ชัยนาท1,2",,1915.0,right_only,1915.0,1915.0
2022,offseason,Chaiyaphum,ปทุมธานี1,,8903.0,right_only,8903.0,8903.0
2022,offseason,Chaiyaphum,"พิษณุโลก2,60-2",,3267.0,right_only,3267.0,3267.0
2022,offseason,Chaiyaphum,ราชการไม่ไวต่อช่วงแสง,,11002.0,right_only,11002.0,11002.0
2022,offseason,Chaiyaphum,สุพรรณบุรี1,,3494.0,right_only,3494.0,3494.0
2022,offseason,Chaiyaphum,"สุพรรณบุรี60,90",,2336.0,right_only,2336.0,2336.0
2022,offseason,Chaiyaphum,หอมสุพรรณบุรี,,0.0,right_only,0.0,0.0
2022,offseason,Chiang Mai,กข10,,364.0,right_only,364.0,364.0
2022,offseason,Chiang Mai,กขไม่ไวต่อช่วงแสง,,2066.0,right_only,2066.0,2066.0
2022,offseason,Chiang Mai,"ชัยนาท1,2",,0.0,right_only,0.0,0.0
2022,offseason,Chiang Mai,ปทุมธานี1,,133.0,right_only,133.0,133.0
2022,offseason,Chiang Mai,"พิษณุโลก2,60-2",,0.0,right_only,0.0,0.0
2022,offseason,Chiang Mai,ราชการไม่ไวต่อช่วงแสง,,65649.0,right_only,65649.0,65649.0
2022,offseason,Chiang Mai,สุพรรณบุรี1,,0.0,right_only,0.0,0.0
2022,offseason,Chiang Mai,"สุพรรณบุรี60,90",,0.0,right_only,0.0,0.0
2022,offseason,Chiang Mai,หอมสุพรรณบุรี,,0.0,right_only,0.0,0.0
2022,offseason,Chiang Rai,กข10,,13042.0,right_only,13042.0,13042.0
2022,offseason,Chiang Rai,กขไม่ไวต่อช่วงแสง,,34864.0,right_only,34864.0,34864.0
2022,offseason,Chiang Rai,"ชัยนาท1,2",,0.0,right_only,0.0,0.0
2022,offseason,Chiang Rai,ปทุมธานี1,,24543.0,right_only,24543.0,24543.0
2022,offseason,Chiang Rai,"พิษณุโลก2,60-2",,44035.0,right_only,44035.0,44035.0
2022,offseason,Chiang Rai,ราชการไม่ไวต่อช่วงแสง,,191976.0,right_only,191976.0,191976.0
2022,offseason,Chiang Rai,สุพรรณบุรี1,,2879.0,right_only,2879.0,2879.0
2022,offseason,Chiang Rai,"สุพรรณบุรี60,90",,0.0,right_only,0.0,0.0
2022,offseason,Chiang Rai,หอมสุพรรณบุรี,,0.0,right_only,0.0,0.0
2022,offseason,Chon Buri,กข10,,0.0,right_only,0.0,0.0
2022,offseason,Chon Buri,กขไม่ไวต่อช่วงแสง,,5209.0,right_only,5209.0,5209.0
2022,offseason,Chon Buri,"ชัยนาท1,2",,21.0,right_only,21.0,21.0
2022,offseason,Chon Buri,ปทุมธานี1,,482.0,right_only,482.0,482.0
2022,offseason,Chon Buri,"พิษณุโลก2,60-2",,143.0,right_only,143.0,143.0
2022,offseason,Chon Buri,ราชการไม่ไวต่อช่วงแสง,,277.0,right_only,277.0,277.0
2022,offseason,Chon Buri,สุพรรณบุรี1,,0.0,right_only,0.0,0.0
2022,offseason,Chon Buri,"สุพรรณบุรี60,90",,122.0,right_only,122.0,122.0
2022,offseason,Chon Buri,หอมสุพรรณบุรี,,0.0,right_only,0.0,0.0
2022,offseason,Chumphon,กข10,,0.0,right_only,0.0,0.0
2022,offseason,Chumphon,กขไม่ไวต่อช่วงแสง,,49.0,right_only,49.0,49.0
2022,offseason,Chumphon,"ชัยนาท1,2",,33.0,right_only,33.0,33.0
2022,offseason,Chumphon,ปทุมธานี1,,341.0,right_only,341.0,341.0
2022,offseason,Chumphon,"พิษณุโลก2,60-2",,0.0,right_only,0.0,0.0
2022,offseason,Chumphon,ราชการไม่ไวต่อช่วงแสง,,21.0,right_only,21.0,21.0
2022,offseason,Chumphon,สุพรรณบุรี1,,0.0,right_only,0.0,0.0
2022,offseason,Chumphon,"สุพรรณบุรี60,90",,0.0,right_only,0.0,0.0
2022,offseason,Chumphon,หอมสุพรรณบุรี,,0.0,right_only,0.0,0.0
2022,offseason,Kalasin,กข10,,44100.0,right_only,44100.0,44100.0
2022,offseason,Kalasin,กขไม่ไวต่อช่วงแสง,,187810.0,right_only,187810.0,187810.0
2022,offseason,Kalasin,"ชัยนาท1,2",,8664.0,right_only,8664.0,8664.0
2022,offseason,Kalasin,ปทุมธานี1,,87.0,right_only,87.0,87.0
2022,offseason,Kalasin,"พิษณุโลก2,60-2",,25883.0,right_only,25883.0,25883.0
2022,offseason,Kalasin,ราชการไม่ไวต่อช่วงแสง,,5576.0,right_only,5576.0,5576.0
2022,offseason,Kalasin,สุพรรณบุรี1,,0.0,right_only,0.0,0.0
2022,offseason,Kalasin,"สุพรรณบุรี60,90",,0.0,right_only,0.0,0.0
2022,offseason,Kalasin,หอมสุพรรณบุรี,,0.0,right_only,0.0,0.0
2022,offseason,Kamphaeng Phet,กข10,,0.0,right_only,0.0,0.0
2022,offseason,Kamphaeng Phet,กขไม่ไวต่อช่วงแสง,,130180.0,right_only,130180.0,130180.0
2022,offseason,Kamphaeng Phet,"ชัยนาท1,2",,338.0,right_only,338.0,338.0
2022,offseason,Kamphaeng Phet,ปทุมธานี1,,1945.0,right_only,1945.0,1945.0
2022,offseason,Kamphaeng Phet,"พิษณุโลก2,60-2",,13154.0,right_only,13154.0,13154.0
2022,offseason,Kamphaeng Phet,ราชการไม่ไวต่อช่วงแสง,,14972.0,right_only,14972.0,14972.0
2022,offseason,Kamphaeng Phet,สุพรรณบุรี1,,4854.0,right_only,4854.0,4854.0
2022,offseason,Kamphaeng Phet,"สุพรรณบุรี60,90",,860.0,right_only,860.0,860.0
2022,offseason,Kamphaeng Phet,หอมสุพรรณบุรี,,0.0,right_only,0.0,0.0
2022,offseason,Kanchanaburi,กข10,,0.0,right_only,0.0,0.0
2022,offseason,Kanchanaburi,กขไม่ไวต่อช่วงแสง,,27776.0,right_only,27776.0,27776.0
2022,offseason,Kanchanaburi,"ชัยนาท1,2",,103.0,right_only,103.0,103.0
2022,offseason,Kanchanaburi,ปทุมธานี1,,100472.0,right_only,100472.0,100472.0
2022,offseason,Kanchanaburi,"พิษณุโลก2,60-2",,0.0,right_only,0.0,0.0
2022,offseason,Kanchanaburi,ราชการไม่ไวต่อช่วงแสง,,567.0,right_only,567.0,567.0
2022,offseason,Kanchanaburi,สุพรรณบุรี1,,49923.0,right_only,49923.0,49923.0
2022,offseason,Kanchanaburi,"สุพรรณบุรี60,90",,0.0,right_only,0.0,0.0
2022,offseason,Kanchanaburi,หอมสุพรรณบุรี,,0.0,right_only,0.0,0.0
2022,offseason,Khon Kaen,กข10,,19117.0,right_only,19117.0,19117.0
2022,offseason,Khon Kaen,กขไม่ไวต่อช่วงแสง,,46016.0,right_only,46016.0,46016.0
2022,offseason,Khon Kaen,"ชัยนาท1,2",,18463.0,right_only,18463.0,18463.0
2022,offseason,Khon Kaen,ปทุมธานี1,,1791.0,right_only,1791.0,1791.0
2022,offseason,Khon Kaen,"พิษณุโลก2,60-2",,45035.0,right_only,45035.0,45035.0
2022,offseason,Khon Kaen,ราชการไม่ไวต่อช่วงแสง,,5192.0,right_only,5192.0,5192.0
2022,offseason,Khon Kaen,สุพรรณบุรี1,,0.0,right_only,0.0,0.0
2022,offseason,Khon Kaen,"สุพรรณบุรี60,90",,0.0,right_only,0.0,0.0
2022,offseason,Khon Kaen,หอมสุพรรณบุรี,,0.0,right_only,0.0,0.0
2022,offseason,Lampang,กข10,,332.0,right_only,332.0,332.0
2022,offseason,Lampang,กขไม่ไวต่อช่วงแสง,,2550.0,right_only,2550.0,2550.0
2022,offseason,Lampang,"ชัยนาท1,2",,0.0,right_only,0.0,0.0
2022,offseason,Lampang,ปทุมธานี1,,0.0,right_only,0.0,0.0
2022,offseason,Lampang,"พิษณุโลก2,60-2",,0.0,right_only,0.0,0.0
2022,offseason,Lampang,ราชการไม่ไวต่อช่วงแสง,,14721.0,right_only,14721.0,14721.0
2022,offseason,Lampang,สุพรรณบุรี1,,0.0,right_only,0.0,0.0
2022,offseason,Lampang,"สุพรรณบุรี60,90",,0.0,right_only,0.0,0.0
2022,offseason,Lampang,หอมสุพรรณบุรี,,0.0,right_only,0.0,0.0
2022,offseason,Lamphun,กข10,,54.0,right_only,54.0,54.0
2022,offseason,Lamphun,กขไม่ไวต่อช่วงแสง,,309.0,right_only,309.0,309.0
2022,offseason,Lamphun,"ชัยนาท1,2",,0.0,right_only,0.0,0.0
2022,offseason,Lamphun,ปทุมธานี1,,0.0,right_only,0.0,0.0
2022,offseason,Lamphun,"พิษณุโลก2,60-2",,0.0,right_only,0.0,0.0
2022,offseason,Lamphun,ราชการไม่ไวต่อช่วงแสง,,4893.0,right_only,4893.0,4893.0
2022,offseason,Lamphun,สุพรรณบุรี1,,0.0,right_only,0.0,0.0
2022,offseason,Lamphun,"สุพรรณบุรี60,90",,0.0,right_only,0.0,0.0
2022,offseason,Lamphun,หอมสุพรรณบุรี,,0.0,right_only,0.0,0.0
2022,offseason,Loei,กข10,,12.0,right_only,12.0,12.0
2022,offseason,Loei,กขไม่ไวต่อช่วงแสง,,6.0,right_only,6.0,6.0
2022,offseason,Loei,"ชัยนาท1,2",,0.0,right_only,0.0,0.0
2022,offseason,Loei,ปทุมธานี1,,0.0,right_only,0.0,0.0
2022,offseason,Loei,"พิษณุโลก2,60-2",,0.0,right_only,0.0,0.0
2022,offseason,Loei,ราชการไม่ไวต่อช่วงแสง,,38.0,right_only,38.0,38.0
2022,offseason,Loei,สุพรรณบุรี1,,0.0,right_only,0.0,0.0
2022,offseason,Loei,"สุพรรณบุรี60,90",,0.0,right_only,0.0,0.0
2022,offseason,Loei,หอมสุพรรณบุรี,,0.0,right_only,0.0,0.0
2022,offseason,Lop Buri,กข10,,0.0,right_only,0.0,0.0
2022,offseason,Lop Buri,กขไม่ไวต่อช่วงแสง,,47588.0,right_only,47588.0,47588.0
2022,offseason,Lop Buri,"ชัยนาท1,2",,307.0,right_only,307.0,307.0
2022,offseason,Lop Buri,ปทุมธานี1,,23630.0,right_only,23630.0,23630.0
2022,offseason,Lop Buri,"พิษณุโลก2,60-2",,0.0,right_only,0.0,0.0
2022,offseason,Lop Buri,ราชการไม่ไวต่อช่วงแสง,,386.0,right_only,386.0,386.0
2022,offseason,Lop Buri,สุพรรณบุรี1,,1146.0,right_only,1146.0,1146.0
2022,offseason,Lop Buri,"สุพรรณบุรี60,90",,0.0,right_only,0.0,0.0
2022,offseason,Lop Buri,หอมสุพรรณบุรี,,0.0,right_only,0.0,0.0
2022,offseason,Mae Hong Son,กข10,,0.0,right_only,0.0,0.0
2022,offseason,Mae Hong Son,กขไม่ไวต่อช่วงแสง,,33.0,right_only,33.0,33.0
2022,offseason,Mae Hong Son,"ชัยนาท1,2",,0.0,right_only,0.0,0.0
2022,offseason,Mae Hong Son,ปทุมธานี1,,0.0,right_only,0.0,0.0
2022,offseason,Mae Hong Son,"พิษณุโลก2,60-2",,0.0,right_only,0.0,0.0
2022,offseason,Mae Hong Son,ราชการไม่ไวต่อช่วงแสง,,47.0,right_only,47.0,47.0
2022,offseason,Mae Hong Son,สุพรรณบุรี1,,0.0,right_only,0.0,0.0
2022,offseason,Mae Hong Son,"สุพรรณบุรี60,90",,0.0,right_only,0.0,0.0
2022,offseason,Mae Hong Son,หอมสุพรรณบุรี,,0.0,right_only,0.0,0.0
2022,offseason,Maha Sarakham,กข10,,15358.0,right_only,15358.0,15358.0
2022,offseason,Maha Sarakham,กขไม่ไวต่อช่วงแสง,,66729.0,right_only,66729.0,66729.0
2022,offseason,Maha Sarakham,"ชัยนาท1,2",,31572.0,right_only,31572.0,31572.0
2022,offseason,Maha Sarakham,ปทุมธานี1,,169.0,right_only,169.0,169.0
2022,offseason,Maha Sarakham,"พิษณุโลก2,60-2",,46490.0,right_only,46490.0,46490.0
2022,offseason,Maha Sarakham,ราชการไม่ไวต่อช่วงแสง,,8369.0,right_only,8369.0,8369.0
2022,offseason,Maha Sarakham,สุพรรณบุรี1,,0.0,right_only,0.0,0.0
2022,offseason,Maha Sarakham,"สุพรรณบุรี60,90",,0.0,right_only,0.0,0.0
2022,offseason,Maha Sarakham,หอมสุพรรณบุรี,,0.0,right_only,0.0,0.0
2022,offseason,Mukdahan,กข10,,303.0,right_only,303.0,303.0
2022,offseason,Mukdahan,กขไม่ไวต่อช่วงแสง,,222.0,right_only,222.0,222.0
2022,offseason,Mukdahan,"ชัยนาท1,2",,51.0,right_only,51.0,51.0
2022,offseason,Mukdahan,ปทุมธานี1,,0.0,right_only,0.0,0.0
2022,offseason,Mukdahan,"พิษณุโลก2,60-2",,0.0,right_only,0.0,0.0
2022,offseason,Mukdahan,ราชการไม่ไวต่อช่วงแสง,,97.0,right_only,97.0,97.0
2022,offseason,Mukdahan,สุพรรณบุรี1,,0.0,right_only,0.0,0.0
2022,offseason,Mukdahan,"สุพรรณบุรี60,90",,0.0,right_only,0.0,0.0
2022,offseason,Mukdahan,หอมสุพรรณบุรี,,0.0,right_only,0.0,0.0
2022,offseason,Nakhon Nayok,กข10,,0.0,right_only,0.0,0.0
2022,offseason,Nakhon Nayok,กขไม่ไวต่อช่วงแสง,,17691.0,right_only,17691.0,17691.0
2022,offseason,Nakhon Nayok,"ชัยนาท1,2",,82.0,right_only,82.0,82.0
2022,offseason,Nakhon Nayok,ปทุมธานี1,,446.0,right_only,446.0,446.0
2022,offseason,Nakhon Nayok,"พิษณุโลก2,60-2",,971.0,right_only,971.0,971.0
2022,offseason,Nakhon Nayok,ราชการไม่ไวต่อช่วงแสง,,3723.0,right_only,3723.0,3723.0
2022,offseason,Nakhon Nayok,สุพรรณบุรี1,,207.0,right_only,207.0,207.0
2022,offseason,Nakhon Nayok,"สุพรรณบุรี60,90",,36.0,right_only,36.0,36.0
2022,offseason,Nakhon Nayok,หอมสุพรรณบุรี,,0.0,right_only,0.0,0.0
2022,offseason,Nakhon Pathom,กข10,,0.0,right_only,0.0,0.0
2022,offseason,Nakhon Pathom,กขไม่ไวต่อช่วงแสง,,84581.0,right_only,84581.0,84581.0
2022,offseason,Nakhon Pathom,"ชัยนาท1,2",,0.0,right_only,0.0,0.0
2022,offseason,Nakhon Pathom,ปทุมธานี1,,5463.0,right_only,5463.0,5463.0
2022,offseason,Nakhon Pathom,"พิษณุโลก2,60-2",,1091.0,right_only,1091.0,1091.0
2022,offseason,Nakhon Pathom,ราชการไม่ไวต่อช่วงแสง,,1016.0,right_only,1016.0,1016.0
2022,offseason,Nakhon Pathom,สุพรรณบุรี1,,541.0,right_only,541.0,541.0
2022,offseason,Nakhon Pathom,"สุพรรณบุรี60,90",,0.0,right_only,0.0,0.0
2022,offseason,Nakhon Pathom,หอมสุพรรณบุรี,,0.0,right_only,0.0,0.0
2022,offseason,Nakhon Phanom,กข10,,4742.0,right_only,4742.0,4742.0
2022,offseason,Nakhon Phanom,กขไม่ไวต่อช่วงแสง,,1642.0,right_only,1642.0,1642.0
2022,offseason,Nakhon Phanom,"ชัยนาท1,2",,191.0,right_only,191.0,191.0
2022,offseason,Nakhon Phanom,ปทุมธานี1,,25.0,right_only,25.0,25.0
2022,offseason,Nakhon Phanom,"พิษณุโลก2,60-2",,0.0,right_only,0.0,0.0
2022,offseason,Nakhon Phanom,ราชการไม่ไวต่อช่วงแสง,,6439.0,right_only,6439.0,6439.0
2022,offseason,Nakhon Phanom,สุพรรณบุรี1,,0.0,right_only,0.0,0.0
2022,offseason,Nakhon Phanom,"สุพรรณบุรี60,90",,0.0,right_only,0.0,0.0
2022,offseason,Nakhon Phanom,หอมสุพรรณบุรี,,0.0,right_only,0.0,0.0
2022,offseason,Nakhon Ratchasima,กข10,,0.0,right_only,0.0,0.0
2022,offseason,Nakhon Ratchasima,กขไม่ไวต่อช่วงแสง,,123402.0,right_only,123402.0,123402.0
2022,offseason,Nakhon Ratchasima,"ชัยนาท1,2",,68474.0,right_only,68474.0,68474.0
2022,offseason,Nakhon Ratchasima,ปทุมธานี1,,4850.0,right_only,4850.0,4850.0
2022,offseason,Nakhon Ratchasima,"พิษณุโลก2,60-2",,3243.0,right_only,3243.0,3243.0
2022,offseason,Nakhon Ratchasima,ราชการไม่ไวต่อช่วงแสง,,27096.0,right_only,27096.0,27096.0
2022,offseason,Nakhon Ratchasima,สุพรรณบุรี1,,15551.0,right_only,15551.0,15551.0
2022,offseason,Nakhon Ratchasima,"สุพรรณบุรี60,90",,4556.0,right_only,4556.0,4556.0
2022,offseason,Nakhon Ratchasima,หอมสุพรรณบุรี,,0.0,right_only,0.0,0.0
2022,offseason,Nakhon Sawan,กข10,,0.0,right_only,0.0,0.0
2022,offseason,Nakhon Sawan,กขไม่ไวต่อช่วงแสง,,104666.0,right_only,104666.0,104666.0
2022,offseason,Nakhon Sawan,"ชัยนาท1,2",,260.0,right_only,260.0,260.0
2022,offseason,Nakhon Sawan,ปทุมธานี1,,2209.0,right_only,2209.0,2209.0
2022,offseason,Nakhon Sawan,"พิษณุโลก2,60-2",,314.0,right_only,314.0,314.0
2022,offseason,Nakhon Sawan,ราชการไม่ไวต่อช่วงแสง,,5082.0,right_only,5082.0,5082.0
2022,offseason,Nakhon Sawan,สุพรรณบุรี1,,1159.0,right_only,1159.0,1159.0
2022,offseason,Nakhon Sawan,"สุพรรณบุรี60,90",,66.0,right_only,66.0,66.0
2022,offseason,Nakhon Sawan,หอมสุพรรณบุรี,,0.0,right_only,0.0,0.0
2022,offseason,Nakhon Si Thammarat,กข10,,0.0,right_only,0.0,0.0
2022,offseason,Nakhon Si Thammarat,กขไม่ไวต่อช่วงแสง,,4407.0,right_only,4407.0,4407.0
2022,offseason,Nakhon Si Thammarat,"ชัยนาท1,2",,28.0,right_only,28.0,28.0
2022,offseason,Nakhon Si Thammarat,ปทุมธานี1,,273.0,right_only,273.0,273.0
2022,offseason,Nakhon Si Thammarat,"พิษณุโลก2,60-2",,74.0,right_only,74.0,74.0
2022,offseason,Nakhon Si Thammarat,ราชการไม่ไวต่อช่วงแสง,,378.0,right_only,378.0,378.0
2022,offseason,Nakhon Si Thammarat,สุพรรณบุรี1,,0.0,right_only,0.0,0.0
2022,offseason,Nakhon Si Thammarat,"สุพรรณบุรี60,90",,18.0,right_only,18.0,18.0
2022,offseason,Nakhon Si Thammarat,หอมสุพรรณบุรี,,0.0,right_only,0.0,0.0
2022,offseason,Nan,กข10,,107.0,right_only,107.0,107.0
2022,offseason,Nan,กขไม่ไวต่อช่วงแสง,,52.0,right_only,52.0,52.0
2022,offseason,Nan,"ชัยนาท1,2",,0.0,right_only,0.0,0.0
2022,offseason,Nan,ปทุมธานี1,,0.0,right_only,0.0,0.0
2022,offseason,Nan,"พิษณุโลก2,60-2",,0.0,right_only,0.0,0.0
2022,offseason,Nan,ราชการไม่ไวต่อช่วงแสง,,7399.0,right_only,7399.0,7399.0
2022,offseason,Nan,สุพรรณบุรี1,,0.0,right_only,0.0,0.0
2022,offseason,Nan,"สุพรรณบุรี60,90",,0.0,right_only,0.0,0.0
2022,offseason,Nan,หอมสุพรรณบุรี,,0.0,right_only,0.0,0.0
2022,offseason,Narathiwat,กข10,,0.0,right_only,0.0,0.0
2022,offseason,Narathiwat,กขไม่ไวต่อช่วงแสง,,0.0,right_only,0.0,0.0
2022,offseason,Narathiwat,"ชัยนาท1,2",,322.0,right_only,322.0,322.0
2022,offseason,Narathiwat,ปทุมธานี1,,0.0,right_only,0.0,0.0
2022,offseason,Narathiwat,"พิษณุโลก2,60-2",,0.0,right_only,0.0,0.0
2022,offseason,Narathiwat,ราชการไม่ไวต่อช่วงแสง,,258.0,right_only,258.0,258.0
2022,offseason,Narathiwat,สุพรรณบุรี1,,0.0,right_only,0.0,0.0
2022,offseason,Narathiwat,"สุพรรณบุรี60,90",,0.0,right_only,0.0,0.0
2022,offseason,Narathiwat,หอมสุพรรณบุรี,,0.0,right_only,0.0,0.0
2022,offseason,Nong Bua Lam Phu,กข10,,1684.0,right_only,1684.0,1684.0
2022,offseason,Nong Bua Lam Phu,กขไม่ไวต่อช่วงแสง,,2819.0,right_only,2819.0,2819.0
2022,offseason,Nong Bua Lam Phu,"ชัยนาท1,2",,1515.0,right_only,1515.0,1515.0
2022,offseason,Nong Bua Lam Phu,ปทุมธานี1,,536.0,right_only,536.0,536.0
2022,offseason,Nong Bua Lam Phu,"พิษณุโลก2,60-2",,0.0,right_only,0.0,0.0
2022,offseason,Nong Bua Lam Phu,ราชการไม่ไวต่อช่วงแสง,,1313.0,right_only,1313.0,1313.0
2022,offseason,Nong Bua Lam Phu,สุพรรณบุรี1,,0.0,right_only,0.0,0.0
2022,offseason,Nong Bua Lam Phu,"สุพรรณบุรี60,90",,0.0,right_only,0.0,0.0
2022,offseason,Nong Bua Lam Phu,หอมสุพรรณบุรี,,0.0,right_only,0.0,0.0
2022,offseason,Nong Khai,กข10,,11671.0,right_only,11671.0,11671.0
2022,offseason,Nong Khai,กขไม่ไวต่อช่วงแสง,,5565.0,right_only,5565.0,5565.0
2022,offseason,Nong Khai,"ชัยนาท1,2",,0.0,right_only,0.0,0.0
2022,offseason,Nong Khai,ปทุมธานี1,,0.0,right_only,0.0,0.0
2022,offseason,Nong Khai,"พิษณุโลก2,60-2",,0.0,right_only,0.0,0.0
2022,offseason,Nong Khai,ราชการไม่ไวต่อช่วงแสง,,9005.0,right_only,9005.0,9005.0
2022,offseason,Nong Khai,สุพรรณบุรี1,,0.0,right_only,0.0,0.0
2022,offseason,Nong Khai,"สุพรรณบุรี60,90",,0.0,right_only,0.0,0.0
2022,offseason,Nong Khai,หอมสุพรรณบุรี,,0.0,right_only,0.0,0.0
2022,offseason,Nonthaburi,กข10,,0.0,right_only,0.0,0.0
2022,offseason,Nonthaburi,กขไม่ไวต่อช่วงแสง,,26798.0,right_only,26798.0,26798.0
2022,offseason,Nonthaburi,"ชัยนาท1,2",,0.0,right_only,0.0,0.0
2022,offseason,Nonthaburi,ปทุมธานี1,,255.0,right_only,255.0,255.0
2022,offseason,Nonthaburi,"พิษณุโลก2,60-2",,56.0,right_only,56.0,56.0
2022,offseason,Nonthaburi,ราชการไม่ไวต่อช่วงแสง,,134.0,right_only,134.0,134.0
2022,offseason,Nonthaburi,สุพรรณบุรี1,,0.0,right_only,0.0,0.0
2022,offseason,Nonthaburi,"สุพรรณบุรี60,90",,0.0,right_only,0.0,0.0
2022,offseason,Nonthaburi,หอมสุพรรณบุรี,,0.0,right_only,0.0,0.0
2022,offseason,Pathum Thani,กข10,,0.0,right_only,0.0,0.0
2022,offseason,Pathum Thani,กขไม่ไวต่อช่วงแสง,,69116.0,right_only,69116.0,69116.0
2022,offseason,Pathum Thani,"ชัยนาท1,2",,0.0,right_only,0.0,0.0
2022,offseason,Pathum Thani,ปทุมธานี1,,12579.0,right_only,12579.0,12579.0
2022,offseason,Pathum Thani,"พิษณุโลก2,60-2",,842.0,right_only,842.0,842.0
2022,offseason,Pathum Thani,ราชการไม่ไวต่อช่วงแสง,,1561.0,right_only,1561.0,1561.0
2022,offseason,Pathum Thani,สุพรรณบุรี1,,301.0,right_only,301.0,301.0
2022,offseason,Pathum Thani,"สุพรรณบุรี60,90",,0.0,right_only,0.0,0.0
2022,offseason,Pathum Thani,หอมสุพรรณบุรี,,0.0,right_only,0.0,0.0
2022,offseason,Pattani,กข10,,0.0,right_only,0.0,0.0
2022,offseason,Pattani,กขไม่ไวต่อช่วงแสง,,12868.0,right_only,12868.0,12868.0
2022,offseason,Pattani,"ชัยนาท1,2",,6312.0,right_only,6312.0,6312.0
2022,offseason,Pattani,ปทุมธานี1,,0.0,right_only,0.0,0.0
2022,offseason,Pattani,"พิษณุโลก2,60-2",,0.0,right_only,0.0,0.0
2022,offseason,Pattani,ราชการไม่ไวต่อช่วงแสง,,851.0,right_only,851.0,851.0
2022,offseason,Pattani,สุพรรณบุรี1,,0.0,right_only,0.0,0.0
2022,offseason,Pattani,"สุพรรณบุรี60,90",,0.0,right_only,0.0,0.0
2022,offseason,Pattani,หอมสุพรรณบุรี,,476.0,right_only,476.0,476.0
2022,offseason,Phatthalung,กข10,,0.0,right_only,0.0,0.0
2022,offseason,Phatthalung,กขไม่ไวต่อช่วงแสง,,14650.0,right_only,14650.0,14650.0
2022,offseason,Phatthalung,"ชัยนาท1,2",,926.0,right_only,926.0,926.0
2022,offseason,Phatthalung,ปทุมธานี1,,4448.0,right_only,4448.0,4448.0
2022,offseason,Phatthalung,"พิษณุโลก2,60-2",,287.0,right_only,287.0,287.0
2022,offseason,Phatthalung,ราชการไม่ไวต่อช่วงแสง,,6990.0,right_only,6990.0,6990.0
2022,offseason,Phatthalung,สุพรรณบุรี1,,196.0,right_only,196.0,196.0
2022,offseason,Phatthalung,"สุพรรณบุรี60,90",,0.0,right_only,0.0,0.0
2022,offseason,Phatthalung,หอมสุพรรณบุรี,,0.0,right_only,0.0,0.0
2022,offseason,Phayao,กข10,,1715.0,right_only,1715.0,1715.0
2022,offseason,Phayao,กขไม่ไวต่อช่วงแสง,,1289.0,right_only,1289.0,1289.0
2022,offseason,Phayao,"ชัยนาท1,2",,0.0,right_only,0.0,0.0
2022,offseason,Phayao,ปทุมธานี1,,0.0,right_only,0.0,0.0
2022,offseason,Phayao,"พิษณุโลก2,60-2",,3864.0,right_only,3864.0,3864.0
2022,offseason,Phayao,ราชการไม่ไวต่อช่วงแสง,,23289.0,right_only,23289.0,23289.0
2022,offseason,Phayao,สุพรรณบุรี1,,0.0,right_only,0.0,0.0
2022,offseason,Phayao,"สุพรรณบุรี60,90",,0.0,right_only,0.0,0.0
2022,offseason,Phayao,หอมสุพรรณบุรี,,0.0,right_only,0.0,0.0
2022,offseason,Phetchabun,กข10,,483.0,right_only,483.0,483.0
2022,offseason,Phetchabun,กขไม่ไวต่อช่วงแสง,,5558.0,right_only,5558.0,5558.0
2022,offseason,Phetchabun,"ชัยนาท1,2",,80.0,right_only,80.0,80.0
2022,offseason,Phetchabun,ปทุมธานี1,,138.0,right_only,138.0,138.0
2022,offseason,Phetchabun,"พิษณุโลก2,60-2",,582.0,right_only,582.0,582.0
2022,offseason,Phetchabun,ราชการไม่ไวต่อช่วงแสง,,2865.0,right_only,2865.0,2865.0
2022,offseason,Phetchabun,สุพรรณบุรี1,,27.0,right_only,27.0,27.0
2022,offseason,Phetchabun,"สุพรรณบุรี60,90",,0.0,right_only,0.0,0.0
2022,offseason,Phetchabun,หอมสุพรรณบุรี,,0.0,right_only,0.0,0.0
2022,offseason,Phetchaburi,กข10,,0.0,right_only,0.0,0.0
2022,offseason,Phetchaburi,กขไม่ไวต่อช่วงแสง,,81993.0,right_only,81993.0,81993.0
2022,offseason,Phetchaburi,"ชัยนาท1,2",,27241.0,right_only,27241.0,27241.0
2022,offseason,Phetchaburi,ปทุมธานี1,,5251.0,right_only,5251.0,5251.0
2022,offseason,Phetchaburi,"พิษณุโลก2,60-2",,6426.0,right_only,6426.0,6426.0
2022,offseason,Phetchaburi,ราชการไม่ไวต่อช่วงแสง,,4763.0,right_only,4763.0,4763.0
2022,offseason,Phetchaburi,สุพรรณบุรี1,,24610.0,right_only,24610.0,24610.0
2022,offseason,Phetchaburi,"สุพรรณบุรี60,90",,635.0,right_only,635.0,635.0
2022,offseason,Phetchaburi,หอมสุพรรณบุรี,,0.0,right_only,0.0,0.0
2022,offseason,Phichit,กข10,,0.0,right_only,0.0,0.0
2022,offseason,Phichit,กขไม่ไวต่อช่วงแสง,,95578.0,right_only,95578.0,95578.0
2022,offseason,Phichit,"ชัยนาท1,2",,960.0,right_only,960.0,960.0
2022,offseason,Phichit,ปทุมธานี1,,412.0,right_only,412.0,412.0
2022,offseason,Phichit,"พิษณุโลก2,60-2",,10271.0,right_only,10271.0,10271.0
2022,offseason,Phichit,ราชการไม่ไวต่อช่วงแสง,,12188.0,right_only,12188.0,12188.0
2022,offseason,Phichit,สุพรรณบุรี1,,2214.0,right_only,2214.0,2214.0
2022,offseason,Phichit,"สุพรรณบุรี60,90",,0.0,right_only,0.0,0.0
2022,offseason,Phichit,หอมสุพรรณบุรี,,0.0,right_only,0.0,0.0
2022,offseason,Phitsanulok,กข10,,1044.0,right_only,1044.0,1044.0
2022,offseason,Phitsanulok,กขไม่ไวต่อช่วงแสง,,85420.0,right_only,85420.0,85420.0
2022,offseason,Phitsanulok,"ชัยนาท1,2",,2194.0,right_only,2194.0,2194.0
2022,offseason,Phitsanulok,ปทุมธานี1,,1742.0,right_only,1742.0,1742.0
2022,offseason,Phitsanulok,"พิษณุโลก2,60-2",,25154.0,right_only,25154.0,25154.0
2022,offseason,Phitsanulok,ราชการไม่ไวต่อช่วงแสง,,21355.0,right_only,21355.0,21355.0
2022,offseason,Phitsanulok,สุพรรณบุรี1,,2691.0,right_only,2691.0,2691.0
2022,offseason,Phitsanulok,"สุพรรณบุรี60,90",,609.0,right_only,609.0,609.0
2022,offseason,Phitsanulok,หอมสุพรรณบุรี,,0.0,right_only,0.0,0.0
2022,offseason,Phra Nakhon Si Ayutthaya,กข10,,0.0,right_only,0.0,0.0
2022,offseason,Phra Nakhon Si Ayutthaya,กขไม่ไวต่อช่วงแสง,,250497.0,right_only,250497.0,250497.0
2022,offseason,Phra Nakhon Si Ayutthaya,"ชัยนาท1,2",,473.0,right_only,473.0,473.0
2022,offseason,Phra Nakhon Si Ayutthaya,ปทุมธานี1,,6973.0,right_only,6973.0,6973.0
2022,offseason,Phra Nakhon Si Ayutthaya,"พิษณุโลก2,60-2",,8561.0,right_only,8561.0,8561.0
2022,offseason,Phra Nakhon Si Ayutthaya,ราชการไม่ไวต่อช่วงแสง,,1128.0,right_only,1128.0,1128.0
2022,offseason,Phra Nakhon Si Ayutthaya,สุพรรณบุรี1,,2087.0,right_only,2087.0,2087.0
2022,offseason,Phra Nakhon Si Ayutthaya,"สุพรรณบุรี60,90",,0.0,right_only,0.0,0.0
2022,offseason,Phra Nakhon Si Ayutthaya,หอมสุพรรณบุรี,,0.0,right_only,0.0,0.0
2022,offseason,Phrae,กข10,,862.0,right_only,862.0,862.0
2022,offseason,Phrae,กขไม่ไวต่อช่วงแสง,,1019.0,right_only,1019.0,1019.0
2022,offseason,Phrae,"ชัยนาท1,2",,0.0,right_only,0.0,0.0
2022,offseason,Phrae,ปทุมธานี1,,0.0,right_only,0.0,0.0
2022,offseason,Phrae,"พิษณุโลก2,60-2",,0.0,right_only,0.0,0.0
2022,offseason,Phrae,ราชการไม่ไวต่อช่วงแสง,,2460.0,right_only,2460.0,2460.0
2022,offseason,Phrae,สุพรรณบุรี1,,0.0,right_only,0.0,0.0
2022,offseason,Phrae,"สุพรรณบุรี60,90",,0.0,right_only,0.0,0.0
2022,offseason,Phrae,หอมสุพรรณบุรี,,0.0,right_only,0.0,0.0
2022,offseason,Prachin Buri,กข10,,0.0,right_only,0.0,0.0
2022,offseason,Prachin Buri,กขไม่ไวต่อช่วงแสง,,8072.0,right_only,8072.0,8072.0
2022,offseason,Prachin Buri,"ชัยนาท1,2",,14.0,right_only,14.0,14.0
2022,offseason,Prachin Buri,ปทุมธานี1,,153.0,right_only,153.0,153.0
2022,offseason,Prachin Buri,"พิษณุโลก2,60-2",,162.0,right_only,162.0,162.0
2022,offseason,Prachin Buri,ราชการไม่ไวต่อช่วงแสง,,784.0,right_only,784.0,784.0
2022,offseason,Prachin Buri,สุพรรณบุรี1,,238.0,right_only,238.0,238.0
2022,offseason,Prachin Buri,"สุพรรณบุรี60,90",,258.0,right_only,258.0,258.0
2022,offseason,Prachin Buri,หอมสุพรรณบุรี,,0.0,right_only,0.0,0.0
2022,offseason,Prachuap Khiri Khan,กข10,,0.0,right_only,0.0,0.0
2022,offseason,Prachuap Khiri Khan,กขไม่ไวต่อช่วงแสง,,924.0,right_only,924.0,924.0
2022,offseason,Prachuap Khiri Khan,"ชัยนาท1,2",,5858.0,right_only,5858.0,5858.0
2022,offseason,Prachuap Khiri Khan,ปทุมธานี1,,2991.0,right_only,2991.0,2991.0
2022,offseason,Prachuap Khiri Khan,"พิษณุโลก2,60-2",,0.0,right_only,0.0,0.0
2022,offseason,Prachuap Khiri Khan,ราชการไม่ไวต่อช่วงแสง,,84.0,right_only,84.0,84.0
2022,offseason,Prachuap Khiri Khan,สุพรรณบุรี1,,28.0,right_only,28.0,28.0
2022,offseason,Prachuap Khiri Khan,"สุพรรณบุรี60,90",,42.0,right_only,42.0,42.0
2022,offseason,Prachuap Khiri Khan,หอมสุพรรณบุรี,,0.0,right_only,0.0,0.0
2022,offseason,Ratchaburi,กข10,,0.0,right_only,0.0,0.0
2022,offseason,Ratchaburi,กขไม่ไวต่อช่วงแสง,,39292.0,right_only,39292.0,39292.0
2022,offseason,Ratchaburi,"ชัยนาท1,2",,4685.0,right_only,4685.0,4685.0
2022,offseason,Ratchaburi,ปทุมธานี1,,55488.0,right_only,55488.0,55488.0
2022,offseason,Ratchaburi,"พิษณุโลก2,60-2",,767.0,right_only,767.0,767.0
2022,offseason,Ratchaburi,ราชการไม่ไวต่อช่วงแสง,,2991.0,right_only,2991.0,2991.0
2022,offseason,Ratchaburi,สุพรรณบุรี1,,50677.0,right_only,50677.0,50677.0
2022,offseason,Ratchaburi,"สุพรรณบุรี60,90",,429.0,right_only,429.0,429.0
2022,offseason,Ratchaburi,หอมสุพรรณบุรี,,0.0,right_only,0.0,0.0
2022,offseason,Rayong,กข10,,0.0,right_only,0.0,0.0
2022,offseason,Rayong,กขไม่ไวต่อช่วงแสง,,1578.0,right_only,1578.0,1578.0
2022,offseason,Rayong,"ชัยนาท1,2",,58.0,right_only,58.0,58.0
2022,offseason,Rayong,ปทุมธานี1,,0.0,right_only,0.0,0.0
2022,offseason,Rayong,"พิษณุโลก2,60-2",,0.0,right_only,0.0,0.0
2022,offseason,Rayong,ราชการไม่ไวต่อช่วงแสง,,78.0,right_only,78.0,78.0
2022,offseason,Rayong,สุพรรณบุรี1,,92.0,right_only,92.0,92.0
2022,offseason,Rayong,"สุพรรณบุรี60,90",,154.0,right_only,154.0,154.0
2022,offseason,Rayong,หอมสุพรรณบุรี,,0.0,right_only,0.0,0.0
2022,offseason,Roi Et,กข10,,1277.0,right_only,1277.0,1277.0
2022,offseason,Roi Et,กขไม่ไวต่อช่วงแสง,,142868.0,right_only,142868.0,142868.0
2022,offseason,Roi Et,"ชัยนาท1,2",,23303.0,right_only,23303.0,23303.0
2022,offseason,Roi Et,ปทุมธานี1,,763.0,right_only,763.0,763.0
2022,offseason,Roi Et,"พิษณุโลก2,60-2",,17040.0,right_only,17040.0,17040.0
2022,offseason,Roi Et,ราชการไม่ไวต่อช่วงแสง,,7581.0,right_only,7581.0,7581.0
2022,offseason,Roi Et,สุพรรณบุรี1,,568.0,right_only,568.0,568.0
2022,offseason,Roi Et,"สุพรรณบุรี60,90",,83.0,right_only,83.0,83.0
2022,offseason,Roi Et,หอมสุพรรณบุรี,,0.0,right_only,0.0,0.0
2022,offseason,Sa kaeo,กข10,,0.0,right_only,0.0,0.0
2022,offseason,Sa kaeo,กขไม่ไวต่อช่วงแสง,,6256.0,right_only,6256.0,6256.0
2022,offseason,Sa kaeo,"ชัยนาท1,2",,3188.0,right_only,3188.0,3188.0
2022,offseason,Sa kaeo,ปทุมธานี1,,18171.0,right_only,18171.0,18171.0
2022,offseason,Sa kaeo,"พิษณุโลก2,60-2",,0.0,right_only,0.0,0.0
2022,offseason,Sa kaeo,ราชการไม่ไวต่อช่วงแสง,,886.0,right_only,886.0,886.0
2022,offseason,Sa kaeo,สุพรรณบุรี1,,0.0,right_only,0.0,0.0
2022,offseason,Sa kaeo,"สุพรรณบุรี60,90",,0.0,right_only,0.0,0.0
2022,offseason,Sa kaeo,หอมสุพรรณบุรี,,0.0,right_only,0.0,0.0
2022,offseason,Sakon Nakhon,กข10,,2884.0,right_only,2884.0,2884.0
2022,offseason,Sakon Nakhon,กขไม่ไวต่อช่วงแสง,,4439.0,right_only,4439.0,4439.0
2022,offseason,Sakon Nakhon,"ชัยนาท1,2",,98.0,right_only,98.0,98.0
2022,offseason,Sakon Nakhon,ปทุมธานี1,,37.0,right_only,37.0,37.0
2022,offseason,Sakon Nakhon,"พิษณุโลก2,60-2",,0.0,right_only,0.0,0.0
2022,offseason,Sakon Nakhon,ราชการไม่ไวต่อช่วงแสง,,7653.0,right_only,7653.0,7653.0
2022,offseason,Sakon Nakhon,สุพรรณบุรี1,,0.0,right_only,0.0,0.0
2022,offseason,Sakon Nakhon,"สุพรรณบุรี60,90",,0.0,right_only,0.0,0.0
2022,offseason,Sakon Nakhon,หอมสุพรรณบุรี,,0.0,right_only,0.0,0.0
2022,offseason,Samut Prakarn,กข10,,0.0,right_only,0.0,0.0
2022,offseason,Samut Prakarn,กขไม่ไวต่อช่วงแสง,,686.0,right_only,686.0,686.0
2022,offseason,Samut Prakarn,"ชัยนาท1,2",,0.0,right_only,0.0,0.0
2022,offseason,Samut Prakarn,ปทุมธานี1,,119.0,right_only,119.0,119.0
2022,offseason,Samut Prakarn,"พิษณุโลก2,60-2",,137.0,right_only,137.0,137.0
2022,offseason,Samut Prakarn,ราชการไม่ไวต่อช่วงแสง,,16.0,right_only,16.0,16.0
2022,offseason,Samut Prakarn,สุพรรณบุรี1,,0.0,right_only,0.0,0.0
2022,offseason,Samut Prakarn,"สุพรรณบุรี60,90",,15.0,right_only,15.0,15.0
2022,offseason,Samut Prakarn,หอมสุพรรณบุรี,,0.0,right_only,0.0,0.0
2022,offseason,Samut Sakhon,กข10,,0.0,right_only,0.0,0.0
2022,offseason,Samut Sakhon,กขไม่ไวต่อช่วงแสง,,976.0,right_only,976.0,976.0
2022,offseason,Samut Sakhon,"ชัยนาท1,2",,0.0,right_only,0.0,0.0
2022,offseason,Samut Sakhon,ปทุมธานี1,,27.0,right_only,27.0,27.0
2022,offseason,Samut Sakhon,"พิษณุโลก2,60-2",,411.0,right_only,411.0,411.0
2022,offseason,Samut Sakhon,ราชการไม่ไวต่อช่วงแสง,,38.0,right_only,38.0,38.0
2022,offseason,Samut Sakhon,สุพรรณบุรี1,,0.0,right_only,0.0,0.0
2022,offseason,Samut Sakhon,"สุพรรณบุรี60,90",,0.0,right_only,0.0,0.0
2022,offseason,Samut Sakhon,หอมสุพรรณบุรี,,0.0,right_only,0.0,0.0
2022,offseason,Samut Songkhram,กข10,,0.0,right_only,0.0,0.0
2022,offseason,Samut Songkhram,กขไม่ไวต่อช่วงแสง,,1001.0,right_only,1001.0,1001.0
2022,offseason,Samut Songkhram,"ชัยนาท1,2",,209.0,right_only,209.0,209.0
2022,offseason,Samut Songkhram,ปทุมธานี1,,0.0,right_only,0.0,0.0
2022,offseason,Samut Songkhram,"พิษณุโลก2,60-2",,0.0,right_only,0.0,0.0
2022,offseason,Samut Songkhram,ราชการไม่ไวต่อช่วงแสง,,148.0,right_only,148.0,148.0
2022,offseason,Samut Songkhram,สุพรรณบุรี1,,253.0,right_only,253.0,253.0
2022,offseason,Samut Songkhram,"สุพรรณบุรี60,90",,0.0,right_only,0.0,0.0
2022,offseason,Samut Songkhram,หอมสุพรรณบุรี,,0.0,right_only,0.0,0.0
2022,offseason,Saraburi,กข10,,0.0,right_only,0.0,0.0
2022,offseason,Saraburi,กขไม่ไวต่อช่วงแสง,,58359.0,right_only,58359.0,58359.0
2022,offseason,Saraburi,"ชัยนาท1,2",,428.0,right_only,428.0,428.0
2022,offseason,Saraburi,ปทุมธานี1,,4196.0,right_only,4196.0,4196.0
2022,offseason,Saraburi,"พิษณุโลก2,60-2",,211.0,right_only,211.0,211.0
2022,offseason,Saraburi,ราชการไม่ไวต่อช่วงแสง,,185.0,right_only,185.0,185.0
2022,offseason,Saraburi,สุพรรณบุรี1,,3937.0,right_only,3937.0,3937.0
2022,offseason,Saraburi,"สุพรรณบุรี60,90",,0.0,right_only,0.0,0.0
2022,offseason,Saraburi,หอมสุพรรณบุรี,,0.0,right_only,0.0,0.0
2022,offseason,Satun,กข10,,0.0,right_only,0.0,0.0
2022,offseason,Satun,กขไม่ไวต่อช่วงแสง,,0.0,right_only,0.0,0.0
2022,offseason,Satun,"ชัยนาท1,2",,0.0,right_only,0.0,0.0
2022,offseason,Satun,ปทุมธานี1,,0.0,right_only,0.0,0.0
2022,offseason,Satun,"พิษณุโลก2,60-2",,0.0,right_only,0.0,0.0
2022,offseason,Satun,ราชการไม่ไวต่อช่วงแสง,,0.0,right_only,0.0,0.0
2022,offseason,Satun,สุพรรณบุรี1,,0.0,right_only,0.0,0.0
2022,offseason,Satun,"สุพรรณบุรี60,90",,0.0,right_only,0.0,0.0
2022,offseason,Satun,หอมสุพรรณบุรี,,0.0,right_only,0.0,0.0
2022,offseason,Si Sa Ket,กข10,,617.0,right_only,617.0,617.0
2022,offseason,Si Sa Ket,กขไม่ไวต่อช่วงแสง,,2175.0,right_only,2175.0,2175.0
2022,offseason,Si Sa Ket,"ชัยนาท1,2",,13716.0,right_only,13716.0,13716.0
2022,offseason,Si Sa Ket,ปทุมธานี1,,2364.0,right_only,2364.0,2364.0
2022,offseason,Si Sa Ket,"พิษณุโลก2,60-2",,0.0,right_only,0.0,0.0
2022,offseason,Si Sa Ket,ราชการไม่ไวต่อช่วงแสง,,2589.0,right_only,2589.0,2589.0
2022,offseason,Si Sa Ket,สุพรรณบุรี1,,0.0,right_only,0.0,0.0
2022,offseason,Si Sa Ket,"สุพรรณบุรี60,90",,0.0,right_only,0.0,0.0
2022,offseason,Si Sa Ket,หอมสุพรรณบุรี,,0.0,right_only,0.0,0.0
2022,offseason,Sing Buri,กข10,,0.0,right_only,0.0,0.0
2022,offseason,Sing Buri,กขไม่ไวต่อช่วงแสง,,25240.0,right_only,25240.0,25240.0
2022,offseason,Sing Buri,"ชัยนาท1,2",,0.0,right_only,0.0,0.0
2022,offseason,Sing Buri,ปทุมธานี1,,7792.0,right_only,7792.0,7792.0
2022,offseason,Sing Buri,"พิษณุโลก2,60-2",,130.0,right_only,130.0,130.0
2022,offseason,Sing Buri,ราชการไม่ไวต่อช่วงแสง,,779.0,right_only,779.0,779.0
2022,offseason,Sing Buri,สุพรรณบุรี1,,164.0,right_only,164.0,164.0
2022,offseason,Sing Buri,"สุพรรณบุรี60,90",,0.0,right_only,0.0,0.0
2022,offseason,Sing Buri,หอมสุพรรณบุรี,,0.0,right_only,0.0,0.0
2022,offseason,Songkhla,กข10,,0.0,right_only,0.0,0.0
2022,offseason,Songkhla,กขไม่ไวต่อช่วงแสง,,13842.0,right_only,13842.0,13842.0
2022,offseason,Songkhla,"ชัยนาท1,2",,605.0,right_only,605.0,605.0
2022,offseason,Songkhla,ปทุมธานี1,,498.0,right_only,498.0,498.0
2022,offseason,Songkhla,"พิษณุโลก2,60-2",,81.0,right_only,81.0,81.0
2022,offseason,Songkhla,ราชการไม่ไวต่อช่วงแสง,,422.0,right_only,422.0,422.0
2022,offseason,Songkhla,สุพรรณบุรี1,,28.0,right_only,28.0,28.0
2022,offseason,Songkhla,"สุพรรณบุรี60,90",,99.0,right_only,99.0,99.0
2022,offseason,Songkhla,หอมสุพรรณบุรี,,0.0,right_only,0.0,0.0
2022,offseason,Sukhothai,กข10,,0.0,right_only,0.0,0.0
2022,offseason,Sukhothai,กขไม่ไวต่อช่วงแสง,,83188.0,right_only,83188.0,83188.0
2022,offseason,Sukhothai,"ชัยนาท1,2",,577.0,right_only,577.0,577.0
2022,offseason,Sukhothai,ปทุมธานี1,,534.0,right_only,534.0,534.0
2022,offseason,Sukhothai,"พิษณุโลก2,60-2",,31225.0,right_only,31225.0,31225.0
2022,offseason,Sukhothai,ราชการไม่ไวต่อช่วงแสง,,9439.0,right_only,9439.0,9439.0
2022,offseason,Sukhothai,สุพรรณบุรี1,,3474.0,right_only,3474.0,3474.0
2022,offseason,Sukhothai,"สุพรรณบุรี60,90",,3645.0,right_only,3645.0,3645.0
2022,offseason,Sukhothai,หอมสุพรรณบุรี,,0.0,right_only,0.0,0.0
2022,offseason,Suphan Buri,กข10,,0.0,right_only,0.0,0.0
2022,offseason,Suphan Buri,กขไม่ไวต่อช่วงแสง,,395491.0,right_only,395491.0,395491.0
2022,offseason,Suphan Buri,"ชัยนาท1,2",,0.0,right_only,0.0,0.0
2022,offseason,Suphan Buri,ปทุมธานี1,,42271.0,right_only,42271.0,42271.0
2022,offseason,Suphan Buri,"พิษณุโลก2,60-2",,10463.0,right_only,10463.0,10463.0
2022,offseason,Suphan Buri,ราชการไม่ไวต่อช่วงแสง,,6618.0,right_only,6618.0,6618.0
2022,offseason,Suphan Buri,สุพรรณบุรี1,,1376.0,right_only,1376.0,1376.0
2022,offseason,Suphan Buri,"สุพรรณบุรี60,90",,0.0,right_only,0.0,0.0
2022,offseason,Suphan Buri,หอมสุพรรณบุรี,,67.0,right_only,67.0,67.0
2022,offseason,Surat Thani,กข10,,0.0,right_only,0.0,0.0
2022,offseason,Surat Thani,กขไม่ไวต่อช่วงแสง,,396.0,right_only,396.0,396.0
2022,offseason,Surat Thani,"ชัยนาท1,2",,16.0,right_only,16.0,16.0
2022,offseason,Surat Thani,ปทุมธานี1,,126.0,right_only,126.0,126.0
2022,offseason,Surat Thani,"พิษณุโลก2,60-2",,4.0,right_only,4.0,4.0
2022,offseason,Surat Thani,ราชการไม่ไวต่อช่วงแสง,,8.0,right_only,8.0,8.0
2022,offseason,Surat Thani,สุพรรณบุรี1,,0.0,right_only,0.0,0.0
2022,offseason,Surat Thani,"สุพรรณบุรี60,90",,0.0,right_only,0.0,0.0
2022,offseason,Surat Thani,หอมสุพรรณบุรี,,0.0,right_only,0.0,0.0
2022,offseason,Surin,กข10,,525.0,right_only,525.0,525.0
2022,offseason,Surin,กขไม่ไวต่อช่วงแสง,,4875.0,right_only,4875.0,4875.0
2022,offseason,Surin,"ชัยนาท1,2",,960.0,right_only,960.0,960.0
2022,offseason,Surin,ปทุมธานี1,,385.0,right_only,385.0,385.0
2022,offseason,Surin,"พิษณุโลก2,60-2",,38.0,right_only,38.0,38.0
2022,offseason,Surin,ราชการไม่ไวต่อช่วงแสง,,4390.0,right_only,4390.0,4390.0
2022,offseason,Surin,สุพรรณบุรี1,,0.0,right_only,0.0,0.0
2022,offseason,Surin,"สุพรรณบุรี60,90",,0.0,right_only,0.0,0.0
2022,offseason,Surin,หอมสุพรรณบุรี,,0.0,right_only,0.0,0.0
2022,offseason,Tak,กข10,,0.0,right_only,0.0,0.0
2022,offseason,Tak,กขไม่ไวต่อช่วงแสง,,2299.0,right_only,2299.0,2299.0
2022,offseason,Tak,"ชัยนาท1,2",,1582.0,right_only,1582.0,1582.0
2022,offseason,Tak,ปทุมธานี1,,390.0,right_only,390.0,390.0
2022,offseason,Tak,"พิษณุโลก2,60-2",,2730.0,right_only,2730.0,2730.0
2022,offseason,Tak,ราชการไม่ไวต่อช่วงแสง,,2015.0,right_only,2015.0,2015.0
2022,offseason,Tak,สุพรรณบุรี1,,86.0,right_only,86.0,86.0
2022,offseason,Tak,"สุพรรณบุรี60,90",,0.0,right_only,0.0,0.0
2022,offseason,Tak,หอมสุพรรณบุรี,,0.0,right_only,0.0,0.0
2022,offseason,Trang,กข10,,0.0,right_only,0.0,0.0
2022,offseason,Trang,กขไม่ไวต่อช่วงแสง,,0.0,right_only,0.0,0.0
2022,offseason,Trang,"ชัยนาท1,2",,0.0,right_only,0.0,0.0
2022,offseason,Trang,ปทุมธานี1,,0.0,right_only,0.0,0.0
2022,offseason,Trang,"พิษณุโลก2,60-2",,0.0,right_only,0.0,0.0
2022,offseason,Trang,ราชการไม่ไวต่อช่วงแสง,,0.0,right_only,0.0,0.0
2022,offseason,Trang,สุพรรณบุรี1,,0.0,right_only,0.0,0.0
2022,offseason,Trang,"สุพรรณบุรี60,90",,0.0,right_only,0.0,0.0
2022,offseason,Trang,หอมสุพรรณบุรี,,0.0,right_only,0.0,0.0
2022,offseason,Trat,กข10,,0.0,right_only,0.0,0.0
2022,offseason,Trat,กขไม่ไวต่อช่วงแสง,,1534.0,right_only,1534.0,1534.0
2022,offseason,Trat,"ชัยนาท1,2",,0.0,right_only,0.0,0.0
2022,offseason,Trat,ปทุมธานี1,,497.0,right_only,497.0,497.0
2022,offseason,Trat,"พิษณุโลก2,60-2",,0.0,right_only,0.0,0.0
2022,offseason,Trat,ราชการไม่ไวต่อช่วงแสง,,357.0,right_only,357.0,357.0
2022,offseason,Trat,สุพรรณบุรี1,,0.0,right_only,0.0,0.0
2022,offseason,Trat,"สุพรรณบุรี60,90",,0.0,right_only,0.0,0.0
2022,offseason,Trat,หอมสุพรรณบุรี,,0.0,right_only,0.0,0.0
2022,offseason,Ubon Ratchathani,กข10,,10334.0,right_only,10334.0,10334.0
2022,offseason,Ubon Ratchathani,กขไม่ไวต่อช่วงแสง,,28994.0,right_only,28994.0,28994.0
2022,offseason,Ubon Ratchathani,"ชัยนาท1,2",,2818.0,right_only,2818.0,2818.0
2022,offseason,Ubon Ratchathani,ปทุมธานี1,,122.0,right_only,122.0,122.0
2022,offseason,Ubon Ratchathani,"พิษณุโลก2,60-2",,59.0,right_only,59.0,59.0
2022,offseason,Ubon Ratchathani,ราชการไม่ไวต่อช่วงแสง,,9163.0,right_only,9163.0,9163.0
2022,offseason,Ubon Ratchathani,สุพรรณบุรี1,,31.0,right_only,31.0,31.0
2022,offseason,Ubon Ratchathani,"สุพรรณบุรี60,90",,0.0,right_only,0.0,0.0
2022,offseason,Ubon Ratchathani,หอมสุพรรณบุรี,,0.0,right_only,0.0,0.0
2022,offseason,Udon Thani,กข10,,5011.0,right_only,5011.0,5011.0
2022,offseason,Udon Thani,กขไม่ไวต่อช่วงแสง,,1107.0,right_only,1107.0,1107.0
2022,offseason,Udon Thani,"ชัยนาท1,2",,150.0,right_only,150.0,150.0
2022,offseason,Udon Thani,ปทุมธานี1,,0.0,right_only,0.0,0.0
2022,offseason,Udon Thani,"พิษณุโลก2,60-2",,55.0,right_only,55.0,55.0
2022,offseason,Udon Thani,ราชการไม่ไวต่อช่วงแสง,,1872.0,right_only,1872.0,1872.0
2022,offseason,Udon Thani,สุพรรณบุรี1,,0.0,right_only,0.0,0.0
2022,offseason,Udon Thani,"สุพรรณบุรี60,90",,0.0,right_only,0.0,0.0
2022,offseason,Udon Thani,หอมสุพรรณบุรี,,0.0,right_only,0.0,0.0
2022,offseason,Uthai Thani,กข10,,0.0,right_only,0.0,0.0
2022,offseason,Uthai Thani,กขไม่ไวต่อช่วงแสง,,21477.0,right_only,21477.0,21477.0
2022,offseason,Uthai Thani,"ชัยนาท1,2",,188.0,right_only,188.0,188.0
2022,offseason,Uthai Thani,ปทุมธานี1,,2013.0,right_only,2013.0,2013.0
2022,offseason,Uthai Thani,"พิษณุโลก2,60-2",,1313.0,right_only,1313.0,1313.0
2022,offseason,Uthai Thani,ราชการไม่ไวต่อช่วงแสง,,871.0,right_only,871.0,871.0
2022,offseason,Uthai Thani,สุพรรณบุรี1,,0.0,right_only,0.0,0.0
2022,offseason,Uthai Thani,"สุพรรณบุรี60,90",,0.0,right_only,0.0,0.0
2022,offseason,Uthai Thani,หอมสุพรรณบุรี,,0.0,right_only,0.0,0.0
2022,offseason,Uttaradit,กข10,,349.0,right_only,349.0,349.0
2022,offseason,Uttaradit,กขไม่ไวต่อช่วงแสง,,71155.0,right_only,71155.0,71155.0
2022,offseason,Uttaradit,"ชัยนาท1,2",,264.0,right_only,264.0,264.0
2022,offseason,Uttaradit,ปทุมธานี1,,53108.0,right_only,53108.0,53108.0
2022,offseason,Uttaradit,"พิษณุโลก2,60-2",,12156.0,right_only,12156.0,12156.0
2022,offseason,Uttaradit,ราชการไม่ไวต่อช่วงแสง,,15521.0,right_only,15521.0,15521.0
2022,offseason,Uttaradit,สุพรรณบุรี1,,8096.0,right_only,8096.0,8096.0
2022,offseason,Uttaradit,"สุพรรณบุรี60,90",,157.0,right_only,157.0,157.0
2022,offseason,Uttaradit,หอมสุพรรณบุรี,,28.0,right_only,28.0,28.0
2022,offseason,Yasothon,กข10,,1574.0,right_only,1574.0,1574.0
2022,offseason,Yasothon,กขไม่ไวต่อช่วงแสง,,20575.0,right_only,20575.0,20575.0
2022,offseason,Yasothon,"ชัยนาท1,2",,13934.0,right_only,13934.0,13934.0
2022,offseason,Yasothon,ปทุมธานี1,,49.0,right_only,49.0,49.0
2022,offseason,Yasothon,"พิษณุโลก2,60-2",,0.0,right_only,0.0,0.0
2022,offseason,Yasothon,ราชการไม่ไวต่อช่วงแสง,,2465.0,right_only,2465.0,2465.0
2022,offseason,Yasothon,สุพรรณบุรี1,,133.0,right_only,133.0,133.0
2022,offseason,Yasothon,"สุพรรณบุรี60,90",,228.0,right_only,228.0,228.0
2022,offseason,Yasothon,หอมสุพรรณบุรี,,0.0,right_only,0.0,0.0
