source_old,province,year,month,rows_old,temp_value_sum_old,temp_value_count_old,temp_sum_old,temp_missing_old,dew_value_sum_old,dew_value_count_old,dew_sum_old,dew_missing_old,humidity_value_sum_old,humidity_value_count_old,humidity_sum_old,humidity_missing_old,wspd_value_sum_old,wspd_value_count_old,wspd_sum_old,wspd_missing_old,wgust_value_sum_old,wgust_value_count_old,wgust_sum_old,wgust_missing_old,wdir_value_sum_old,wdir_value_count_old,wdir_sum_old,wdir_missing_old,precip_value_sum_old,precip_value_count_old,precip_sum_old,precip_missing_old,cloudcover_value_sum_old,cloudcover_value_count_old,cloudcover_sum_old,cloudcover_missing_old,sealevelpressure_value_sum_old,sealevelpressure_value_count_old,sealevelpressure_sum_old,sealevelpressure_missing_old,temp_mean_old,dew_mean_old,humidity_mean_old,wspd_mean_old,wgust_mean_old,wdir_mean_old,precip_mean_old,cloudcover_mean_old,sealevelpressure_mean_old,source_updated,rows_updated,temp_value_sum_updated,temp_value_count_updated,temp_sum_updated,temp_missing_updated,dew_value_sum_updated,dew_value_count_updated,dew_sum_updated,dew_missing_updated,humidity_value_sum_updated,humidity_value_count_updated,humidity_sum_updated,humidity_missing_updated,wspd_value_sum_updated,wspd_value_count_updated,wspd_sum_updated,wspd_missing_updated,wgust_value_sum_updated,wgust_value_count_updated,wgust_sum_updated,wgust_missing_updated,wdir_value_sum_updated,wdir_value_count_updated,wdir_sum_updated,wdir_missing_updated,precip_value_sum_updated,precip_value_count_updated,precip_sum_updated,precip_missing_updated,cloudcover_value_sum_updated,cloudcover_value_count_updated,cloudcover_sum_updated,cloudcover_missing_updated,sealevelpressure_value_sum_updated,sealevelpressure_value_count_updated,sealevelpressure_sum_updated,sealevelpressure_missing_updated,temp_mean_updated,dew_mean_updated,humidity_mean_updated,wspd_mean_updated,wgust_mean_updated,wdir_mean_updated,precip_mean_updated,cloudcover_mean_updated,sealevelpressure_mean_updated,_merge,row_diff,temp_mean_abs_diff,dew_mean_abs_diff,humidity_mean_abs_diff,wspd_mean_abs_diff,wgust_mean_abs_diff,wdir_mean_abs_diff,precip_mean_abs_diff,cloudcover_mean_abs_diff,sealevelpressure_mean_abs_diff,any_numeric_diff
old,Amnat Charoen,2015,1,744,15688.000000000002,683,0,61,9758.5,683,0,61,41935.270000000004,683,0,61,5256.599999999999,683,0,61,42.5,1,0,743,48212.0,678,0,66,0.0,744,0.0,0,22566.2,682,0,62,252835.5,249,0,495,22.9692532942899,14.287701317715959,61.3986383601757,7.696339677891654,42.5,71.10914454277287,0.0,33.088269794721406,1015.4036144578313,updated,744,15688.0,683,0,61,9758.5,683,0,61,41935.270000000004,683,0,61,5256.6,683,0,61,42.5,1,0,743,48212.0,678,0,66,0.0,744,0.0,0,22566.199999999997,682,0,62,252835.5,249,0,495,22.9692532942899,14.287701317715959,61.3986383601757,7.696339677891655,42.5,71.10914454277287,0.0,33.088269794721406,1015.4036144578313,both,0,0.0,0.0,0.0,8.881784197001252e-16,0.0,0.0,0.0,0.0,0.0,False
old,Chai Nat,2015,1,740,5939.6,248,0,492,4103.8,248,0,492,16422.61,248,0,492,1215.6,248,0,492,0.0,0,0,740,27369.0,178,0,562,34.0,740,34.0,0,11120.4,248,0,492,251566.0,248,0,492,23.950000000000003,16.54758064516129,66.22020161290322,4.901612903225806,,153.75842696629215,0.04594594594594595,44.84032258064516,1014.3790322580645,updated,740,5939.6,248,0,492,4103.8,248,0,492,16422.61,248,0,492,1215.6000000000001,248,0,492,0.0,0,0,740,27369.0,178,0,562,34.0,740,34.0,0,11120.399999999998,248,0,492,251566.0,248,0,492,23.950000000000003,16.54758064516129,66.22020161290322,4.901612903225807,,153.75842696629215,0.04594594594594595,44.84032258064515,1014.3790322580645,both,0,0.0,0.0,0.0,8.881784197001252e-16,,0.0,0.0,7.105427357601002e-15,0.0,False
old,Chiang Mai,2015,1,744,15888.5,724,0,20,10144.099999999999,724,0,20,46367.899999999994,724,0,20,3333.3,724,0,20,0.0,0,0,744,117967.0,716,0,28,86.6,744,86.6,0,24800.5,724,0,20,251900.0,248,0,496,21.945441988950275,14.011187845303866,64.04406077348065,4.604005524861878,,164.75837988826817,0.11639784946236559,34.254834254143645,1015.7258064516129,updated,744,15888.5,724,0,20,10144.1,724,0,20,46367.899999999994,724,0,20,3333.3,724,0,20,0.0,0,0,744,117967.0,716,0,28,86.6,744,86.6,0,24800.5,724,0,20,251900.0,248,0,496,21.945441988950275,14.011187845303867,64.04406077348065,4.604005524861878,,164.75837988826817,0.11639784946236559,34.254834254143645,1015.7258064516129,both,0,0.0,1.7763568394002505e-15,0.0,0.0,,0.0,0.0,0.0,0.0,False
old,Nakhon Ratchasima,2015,1,740,5854.299999999999,248,0,492,3777.3,248,0,492,15372.72,248,0,492,943.9999999999999,248,0,492,0.0,0,0,740,18549.0,179,0,561,18.54,740,18.54,0,10704.4,248,0,492,251645.9,248,0,492,23.60604838709677,15.231048387096775,61.986774193548385,3.8064516129032255,,103.62569832402235,0.025054054054054052,43.16290322580645,1014.7012096774193,updated,740,5854.299999999999,248,0,492,3777.2999999999997,248,0,492,15372.72,248,0,492,944.0,248,0,492,0.0,0,0,740,18549.0,179,0,561,18.54,740,18.54,0,10704.4,248,0,492,251645.90000000002,248,0,492,23.60604838709677,15.231048387096774,61.986774193548385,3.806451612903226,,103.62569832402235,0.025054054054054052,43.16290322580645,1014.7012096774195,both,0,0.0,1.7763568394002505e-15,0.0,4.440892098500626e-16,,0.0,0.0,0.0,1.1368683772161603e-13,False
old,Songkhla,2015,1,744,19302.800000000003,733,0,11,16241.400000000001,733,0,11,57692.21000000001,733,0,11,6307.4,733,0,11,0.0,0,0,744,78758.0,733,0,11,54.95,744,54.95,0,55639.200000000004,733,0,11,251094.09999999998,248,0,496,26.333969986357438,22.157435197817193,78.70697135061393,8.604911323328785,,107.44611186903138,0.07385752688172044,75.90613915416098,1012.4762096774192,updated,744,19302.800000000003,733,0,11,16241.399999999998,733,0,11,57692.21,733,0,11,6307.4,733,0,11,0.0,0,0,744,78758.0,733,0,11,54.95,744,54.95,0,55639.2,733,0,11,251094.09999999998,248,0,496,26.333969986357438,22.157435197817186,78.70697135061391,8.604911323328785,,107.44611186903138,0.07385752688172044,75.90613915416098,1012.4762096774192,both,0,0.0,7.105427357601002e-15,1.4210854715202004e-14,0.0,,0.0,0.0,0.0,0.0,False
old,Suphan Buri,2015,1,740,6060.7,248,0,492,4563.1,248,0,492,17671.49,248,0,492,532.7,248,0,492,0.0,0,0,740,24845.0,186,0,554,22.349999999999998,740,22.349999999999998,0,12206.2,248,0,492,251498.4,248,0,492,24.438306451612902,18.39959677419355,71.25600806451614,2.147983870967742,,133.5752688172043,0.0302027027027027,49.218548387096774,1014.1064516129032,updated,740,6060.7,248,0,492,4563.1,248,0,492,17671.49,248,0,492,532.7,248,0,492,0.0,0,0,740,24845.0,186,0,554,22.35,740,22.35,0,12206.2,248,0,492,251498.40000000002,248,0,492,24.438306451612902,18.39959677419355,71.25600806451614,2.147983870967742,,133.5752688172043,0.030202702702702703,49.218548387096774,1014.1064516129034,both,0,0.0,0.0,0.0,0.0,,0.0,3.469446951953614e-18,0.0,1.1368683772161603e-13,False
old,Amnat Charoen,2015,4,720,19853.2,655,0,65,13076.8,655,0,65,37370.95,655,0,65,3855.2,655,0,65,33.5,1,0,719,82297.0,643,0,77,74.19,720,74.19,0,35383.1,655,0,65,242353.19999999998,240,0,480,30.310229007633588,19.964580152671754,57.0548854961832,5.885801526717557,33.5,127.98911353032659,0.10304166666666667,54.019999999999996,1009.805,updated,720,19853.2,655,0,65,13076.8,655,0,65,37370.95,655,0,65,3855.2,655,0,65,33.5,1,0,719,82297.0,643,0,77,74.19,720,74.19,0,35383.1,655,0,65,242353.2,240,0,480,30.310229007633588,19.964580152671754,57.0548854961832,5.885801526717557,33.5,127.98911353032659,0.10304166666666667,54.019999999999996,1009.8050000000001,both,0,0.0,0.0,0.0,0.0,0.0,0.0,0.0,0.0,1.1368683772161603e-13,False
old,Chai Nat,2015,4,716,7238.1,240,0,476,5469.8,240,0,476,16251.91,240,0,476,862.5,240,0,476,0.0,0,0,716,37242.0,219,0,497,259.6,716,259.6,0,13153.2,240,0,476,242321.4,240,0,476,30.15875,22.790833333333335,67.71629166666666,3.59375,,170.05479452054794,0.36256983240223467,54.805,1009.6725,updated,716,7238.1,240,0,476,5469.799999999999,240,0,476,16251.91,240,0,476,862.5,240,0,476,0.0,0,0,716,37242.0,219,0,497,259.6,716,259.6,0,13153.2,240,0,476,242321.4,240,0,476,30.15875,22.79083333333333,67.71629166666666,3.59375,,170.05479452054794,0.36256983240223467,54.805,1009.6725,both,0,0.0,3.552713678800501e-15,0.0,0.0,,0.0,0.0,0.0,0.0,False
old,Chiang Mai,2015,4,720,20670.9,702,0,18,12041.4,702,0,18,35790.94,702,0,18,4791.0,702,0,18,133.2,2,0,718,108569.0,697,0,23,78.69,720,78.69,0,27666.900000000005,702,0,18,242356.59999999998,240,0,480,29.445726495726497,17.152991452991454,50.98424501424502,6.8247863247863245,66.6,155.7661406025825,0.10929166666666666,39.41153846153847,1009.8191666666665,updated,720,20670.899999999998,702,0,18,12041.4,702,0,18,35790.94,702,0,18,4791.0,702,0,18,133.2,2,0,718,108569.0,697,0,23,78.69000000000001,720,78.69000000000001,0,27666.9,702,0,18,242356.6,240,0,480,29.445726495726493,17.152991452991454,50.98424501424502,6.8247863247863245,66.6,155.7661406025825,0.10929166666666669,39.41153846153846,1009.8191666666667,both,0,3.552713678800501e-15,0.0,0.0,0.0,0.0,0.0,2.7755575615628914e-17,7.105427357601002e-15,1.1368683772161603e-13,False
old,Nakhon Ratchasima,2015,4,716,7201.0,240,0,476,5385.4,240,0,476,15937.7,240,0,476,951.0,240,0,476,0.0,0,0,716,32317.0,193,0,523,99.75000000000001,716,99.75000000000001,0,13124.599999999999,240,0,476,242273.2,240,0,476,30.004166666666666,22.439166666666665,66.40708333333333,3.9625,,167.4455958549223,0.13931564245810057,54.68583333333333,1009.4716666666667,updated,716,7201.0,240,0,476,5385.4,240,0,476,15937.7,240,0,476,951.0,240,0,476,0.0,0,0,716,32317.0,193,0,523,99.75,716,99.75,0,13124.6,240,0,476,242273.2,240,0,476,30.004166666666666,22.439166666666665,66.40708333333333,3.9625,,167.4455958549223,0.13931564245810055,54.685833333333335,1009.4716666666667,both,0,0.0,0.0,0.0,0.0,,0.0,2.7755575615628914e-17,7.105427357601002e-15,0.0,False
old,Songkhla,2015,4,720,20421.5,718,0,2,16989.8,718,0,2,55092.7,718,0,2,5010.6,718,0,2,0.0,0,0,720,74285.0,718,0,2,164.07,720,164.07,0,55212.90000000001,718,0,2,242385.7,240,0,480,28.442200557103064,23.66267409470752,76.7307799442897,6.978551532033427,,103.46100278551532,0.227875,76.8981894150418,1009.9404166666667,updated,720,20421.5,718,0,2,16989.8,718,0,2,55092.7,718,0,2,5010.6,718,0,2,0.0,0,0,720,74285.0,718,0,2,164.07,720,164.07,0,55212.899999999994,718,0,2,242385.7,240,0,480,28.442200557103064,23.66267409470752,76.7307799442897,6.978551532033427,,103.46100278551532,0.227875,76.89818941504177,1009.9404166666667,both,0,0.0,0.0,0.0,0.0,,0.0,0.0,2.842170943040401e-14,0.0,False
old,Suphan Buri,2015,4,716,7276.799999999999,240,0,476,5706.599999999999,240,0,476,17006.16,240,0,476,468.9,240,0,476,0.0,0,0,716,35576.0,224,0,492,191.9,716,191.9,0,13186.5,240,0,476,242311.90000000002,240,0,476,30.319999999999997,23.777499999999996,70.859,1.9537499999999999,,158.82142857142858,0.26801675977653633,54.94375,1009.6329166666668,updated,716,7276.799999999999,240,0,476,5706.6,240,0,476,17006.16,240,0,476,468.90000000000003,240,0,476,0.0,0,0,716,35576.0,224,0,492,191.9,716,191.9,0,13186.5,240,0,476,242311.9,240,0,476,30.319999999999997,23.7775,70.859,1.95375,,158.82142857142858,0.26801675977653633,54.94375,1009.6329166666667,both,0,0.0,3.552713678800501e-15,0.0,2.220446049250313e-16,,0.0,0.0,0.0,1.1368683772161603e-13,False
old,Amnat Charoen,2015,8,743,19798.3,696,0,47,17099.9,696,0,47,56297.08,696,0,47,3865.9000000000005,696,0,47,0.0,0,0,743,128775.0,665,0,78,477.26,743,477.26,0,41618.3,696,0,47,249796.4,248,0,495,28.445833333333333,24.568821839080464,80.8866091954023,5.554454022988507,,193.64661654135338,0.6423418573351278,59.79640804597702,1007.2435483870968,updated,743,19798.3,696,0,47,17099.9,696,0,47,56297.08,696,0,47,3865.9000000000005,696,0,47,0.0,0,0,743,128775.0,665,0,78,477.2600000000001,743,477.2600000000001,0,41618.3,696,0,47,249796.4,248,0,495,28.445833333333333,24.568821839080464,80.8866091954023,5.554454022988507,,193.64661654135338,0.642341857335128,59.79640804597702,1007.2435483870968,both,0,0.0,0.0,0.0,0.0,,0.0,2.220446049250313e-16,0.0,0.0,False
old,Chai Nat,2015,8,740,7061.599999999999,247,0,493,6034.4,247,0,493,19655.56,247,0,493,725.6,247,0,493,0.0,0,0,740,41026.0,216,0,524,375.65000000000003,740,375.65000000000003,0,19945.1,247,0,493,247823.69999999998,246,0,494,28.589473684210525,24.43076923076923,79.57716599190285,2.937651821862348,,189.9351851851852,0.5076351351351351,80.7493927125506,1007.4134146341463,updated,740,7061.599999999999,247,0,493,6034.4,247,0,493,19655.56,247,0,493,725.6,247,0,493,0.0,0,0,740,41026.0,216,0,524,375.65,740,375.65,0,19945.1,247,0,493,247823.7,246,0,494,28.589473684210525,24.43076923076923,79.57716599190285,2.937651821862348,,189.9351851851852,0.5076351351351351,80.7493927125506,1007.4134146341464,both,0,0.0,0.0,0.0,0.0,,0.0,0.0,0.0,1.1368683772161603e-13,False
old,Chiang Mai,2015,8,744,20441.6,732,0,12,15917.0,732,0,12,51734.6,732,0,12,4474.599999999999,732,0,12,0.0,0,0,744,120005.0,727,0,17,223.57999999999998,744,223.57999999999998,0,52885.6,732,0,12,246716.1,245,0,499,27.92568306010929,21.744535519125684,70.6756830601093,6.112841530054644,,165.0687757909216,0.300510752688172,72.24808743169399,1007.0044897959184,updated,744,20441.6,732,0,12,15916.999999999998,732,0,12,51734.6,732,0,12,4474.599999999999,732,0,12,0.0,0,0,744,120005.0,727,0,17,223.57999999999998,744,223.57999999999998,0,52885.6,732,0,12,246716.09999999998,245,0,499,27.92568306010929,21.74453551912568,70.6756830601093,6.112841530054644,,165.0687757909216,0.300510752688172,72.24808743169399,1007.0044897959183,both,0,0.0,3.552713678800501e-15,0.0,0.0,,0.0,0.0,0.0,1.1368683772161603e-13,False
old,Nakhon Ratchasima,2015,8,742,8425.1,295,0,447,7183.4,295,0,447,23450.54,295,0,447,1530.3,295,0,447,0.0,0,0,742,58264.0,254,0,488,349.96000000000004,742,349.96000000000004,0,22369.600000000002,295,0,447,246748.90000000002,245,0,497,28.559661016949153,24.35050847457627,79.49335593220339,5.187457627118644,,229.38582677165354,0.47164420485175207,75.8291525423729,1007.1383673469388,updated,742,8425.099999999999,295,0,447,7183.4,295,0,447,23450.54,295,0,447,1530.3,295,0,447,0.0,0,0,742,58264.0,254,0,488,349.96,742,349.96,0,22369.6,295,0,447,246748.9,245,0,497,28.559661016949146,24.35050847457627,79.49335593220339,5.187457627118644,,229.38582677165354,0.471644204851752,75.82915254237288,1007.1383673469387,both,0,7.105427357601002e-15,0.0,0.0,0.0,,0.0,5.551115123125783e-17,1.4210854715202004e-14,1.1368683772161603e-13,False
old,Songkhla,2015,8,744,20368.5,742,0,2,17627.8,742,0,2,60494.69,742,0,2,3707.0000000000005,742,0,2,0.0,0,0,744,130594.0,742,0,2,400.09000000000003,744,400.09000000000003,0,62299.9,742,0,2,249406.9,247,0,497,27.450808625336926,23.757142857142856,81.52923180592992,4.9959568733153645,,176.00269541778977,0.5377553763440861,83.96212938005391,1009.7445344129554,updated,744,20368.5,742,0,2,17627.8,742,0,2,60494.69,742,0,2,3707.0,742,0,2,0.0,0,0,744,130594.0,742,0,2,400.09000000000003,744,400.09000000000003,0,62299.9,742,0,2,249406.90000000002,247,0,497,27.450808625336926,23.757142857142856,81.52923180592992,4.995956873315364,,176.00269541778977,0.5377553763440861,83.96212938005391,1009.7445344129555,both,0,0.0,0.0,0.0,8.881784197001252e-16,,0.0,0.0,0.0,1.1368683772161603e-13,False
old,Suphan Buri,2015,8,740,7205.9,247,0,493,6001.3,247,0,493,18841.09,247,0,493,641.7,247,0,493,0.0,0,0,740,45931.0,225,0,515,332.93000000000006,740,332.93000000000006,0,21234.6,247,0,493,248853.1,247,0,493,29.173684210526314,24.29676113360324,76.27971659919028,2.5979757085020245,,204.13777777777779,0.44990540540540547,85.97004048582995,1007.5024291497976,updated,740,7205.9,247,0,493,6001.299999999999,247,0,493,18841.09,247,0,493,641.7,247,0,493,0.0,0,0,740,45931.0,225,0,515,332.93,740,332.93,0,21234.6,247,0,493,248853.1,247,0,493,29.173684210526314,24.296761133603237,76.27971659919028,2.5979757085020245,,204.13777777777779,0.4499054054054054,85.97004048582995,1007.5024291497976,both,0,0.0,3.552713678800501e-15,0.0,0.0,,0.0,5.551115123125783e-17,0.0,0.0,False
old,Amnat Charoen,2015,12,744,18820.3,734,0,10,14168.3,734,0,10,51339.95,734,0,10,5978.299999999999,734,0,10,25.9,1,0,743,46088.0,718,0,26,0.3,744,0.3,0,22197.4,732,0,12,251657.8,248,0,496,25.640735694822887,19.302861035422342,69.94543596730244,8.144822888283377,25.9,64.18941504178272,0.0004032258064516129,30.32431693989071,1014.7491935483871,updated,744,18820.3,734,0,10,14168.3,734,0,10,51339.95,734,0,10,5978.3,734,0,10,25.9,1,0,743,46088.0,718,0,26,0.3,744,0.3,0,22197.4,732,0,12,251657.8,248,0,496,25.640735694822887,19.302861035422342,69.94543596730244,8.144822888283379,25.9,64.18941504178272,0.0004032258064516129,30.32431693989071,1014.7491935483871,both,0,0.0,0.0,0.0,1.7763568394002505e-15,0.0,0.0,0.0,0.0,0.0,False
old,Chai Nat,2015,12,740,6621.7,248,0,492,5223.6,248,0,492,18169.440000000002,248,0,492,585.9,248,0,492,0.0,0,0,740,22728.0,152,0,588,33.71,740,33.71,0,13560.2,248,0,492,251441.2,248,0,492,26.70040322580645,21.062903225806455,73.26387096774195,2.3625,,149.52631578947367,0.045554054054054056,54.678225806451614,1013.8758064516129,updated,740,6621.7,248,0,492,5223.6,248,0,492,18169.44,248,0,492,585.9,248,0,492,0.0,0,0,740,22728.0,152,0,588,33.71,740,33.71,0,13560.2,248,0,492,251441.2,248,0,492,26.70040322580645,21.062903225806455,73.26387096774194,2.3625,,149.52631578947367,0.045554054054054056,54.678225806451614,1013.8758064516129,both,0,0.0,0.0,1.4210854715202004e-14,0.0,,0.0,0.0,0.0,0.0,False
old,Chiang Mai,2015,12,744,17468.5,719,0,25,11610.0,719,0,25,45287.98,719,0,25,3325.9,719,0,25,27.7,1,0,743,92379.0,713,0,31,71.72,744,71.72,0,26597.9,719,0,25,251811.6,248,0,496,24.295549374130736,16.14742698191933,62.98745479833102,4.625730180806676,27.7,129.56381486676017,0.09639784946236558,36.992906815020866,1015.3693548387097,updated,744,17468.5,719,0,25,11610.0,719,0,25,45287.979999999996,719,0,25,3325.9,719,0,25,27.7,1,0,743,92379.0,713,0,31,71.72,744,71.72,0,26597.9,719,0,25,251811.6,248,0,496,24.295549374130736,16.14742698191933,62.98745479833101,4.625730180806676,27.7,129.56381486676017,0.09639784946236558,36.992906815020866,1015.3693548387097,both,0,0.0,0.0,1.4210854715202004e-14,0.0,0.0,0.0,0.0,0.0,0.0,False
old,Nakhon Ratchasima,2015,12,740,7191.1,268,0,472,5404.4,268,0,472,18377.72,268,0,472,1424.0,268,0,472,0.0,0,0,740,17791.0,190,0,550,3.18,740,3.18,0,12556.400000000001,268,0,472,250449.2,247,0,493,26.832462686567165,20.165671641791043,68.57358208955225,5.313432835820896,,93.63684210526316,0.004297297297297297,46.85223880597015,1013.9643724696357,updated,740,7191.1,268,0,472,5404.4,268,0,472,18377.719999999998,268,0,472,1424.0,268,0,472,0.0,0,0,740,17791.0,190,0,550,3.18,740,3.18,0,12556.4,268,0,472,250449.19999999998,247,0,493,26.832462686567165,20.165671641791043,68.57358208955223,5.313432835820896,,93.63684210526316,0.004297297297297297,46.852238805970146,1013.9643724696356,both,0,0.0,0.0,1.4210854715202004e-14,0.0,,0.0,0.0,7.105427357601002e-15,1.1368683772161603e-13,False
old,Songkhla,2015,12,744,20336.9,743,0,1,17944.4,743,0,1,62067.52,743,0,1,5482.4,743,0,1,0.0,0,0,744,89382.0,743,0,1,250.33,744,250.33,0,50803.3,743,0,1,252978.5,250,0,494,27.371332436069988,24.15127860026918,83.53636608344549,7.378734858681022,,120.29878869448183,0.3364650537634409,68.37590847913863,1011.914,updated,744,20336.9,743,0,1,17944.4,743,0,1,62067.52,743,0,1,5482.4,743,0,1,0.0,0,0,744,89382.0,743,0,1,250.33,744,250.33,0,50803.3,743,0,1,252978.5,250,0,494,27.371332436069988,24.15127860026918,83.53636608344549,7.378734858681022,,120.29878869448183,0.3364650537634409,68.37590847913863,1011.914,both,0,0.0,0.0,0.0,0.0,,0.0,0.0,0.0,0.0,False
old,Suphan Buri,2015,12,740,6743.5,248,0,492,5290.2,248,0,492,17868.5,248,0,492,402.4,248,0,492,0.0,0,0,740,23027.0,175,0,565,23.05,740,23.05,0,12513.2,248,0,492,251344.5,248,0,492,27.191532258064516,21.331451612903226,72.05040322580645,1.6225806451612903,,131.58285714285714,0.03114864864864865,50.45645161290323,1013.4858870967741,updated,740,6743.5,248,0,492,5290.2,248,0,492,17868.5,248,0,492,402.40000000000003,248,0,492,0.0,0,0,740,23027.0,175,0,565,23.05,740,23.05,0,12513.2,248,0,492,251344.5,248,0,492,27.191532258064516,21.331451612903226,72.05040322580645,1.6225806451612905,,131.58285714285714,0.03114864864864865,50.45645161290323,1013.4858870967741,both,0,0.0,0.0,0.0,2.220446049250313e-16,,0.0,0.0,0.0,0.0,False
old,Amnat Charoen,2016,1,744,18556.5,734,0,10,14162.3,734,0,10,52337.83,734,0,10,4937.1,734,0,10,181.7,4,0,740,73605.0,701,0,43,33.75,744,33.75,0,28472.9,734,0,10,251552.5,248,0,496,25.28133514986376,19.29468664850136,71.3049455040872,6.7262942779291555,45.425,105.0,0.04536290322580645,38.79141689373297,1014.3245967741935,updated,744,18556.5,734,0,10,14162.3,734,0,10,52337.83,734,0,10,4937.1,734,0,10,181.7,4,0,740,73605.0,701,0,43,33.75,744,33.75,0,28472.9,734,0,10,251552.5,248,0,496,25.28133514986376,19.29468664850136,71.3049455040872,6.7262942779291555,45.425,105.0,0.04536290322580645,38.79141689373297,1014.3245967741935,both,0,0.0,0.0,0.0,0.0,0.0,0.0,0.0,0.0,0.0,False
old,Chai Nat,2016,1,740,6381.299999999999,248,0,492,4811.1,248,0,492,17454.660000000003,248,0,492,718.2,248,0,492,0.0,0,0,740,28948.0,169,0,571,68.14,740,68.14,0,14334.2,248,0,492,251368.5,248,0,492,25.73104838709677,19.39959677419355,70.3816935483871,2.895967741935484,,171.28994082840237,0.09208108108108108,57.7991935483871,1013.5826612903226,updated,740,6381.3,248,0,492,4811.099999999999,248,0,492,17454.659999999996,248,0,492,718.2,248,0,492,0.0,0,0,740,28948.0,169,0,571,68.14,740,68.14,0,14334.2,248,0,492,251368.5,248,0,492,25.731048387096774,19.399596774193547,70.38169354838708,2.895967741935484,,171.28994082840237,0.09208108108108108,57.7991935483871,1013.5826612903226,both,0,3.552713678800501e-15,3.552713678800501e-15,2.842170943040401e-14,0.0,,0.0,0.0,0.0,0.0,False
old,Chiang Mai,2016,1,744,15615.0,729,0,15,8510.900000000001,729,0,15,42628.32,729,0,15,2770.1,729,0,15,35.3,1,0,743,76817.0,725,0,19,49.29,744,49.29,0,26283.2,729,0,15,251824.8,248,0,496,21.419753086419753,11.674759945130317,58.47506172839506,3.7998628257887517,35.3,105.95448275862068,0.06625,36.05377229080933,1015.4225806451612,updated,744,15615.0,729,0,15,8510.900000000001,729,0,15,42628.31999999999,729,0,15,2770.1000000000004,729,0,15,35.3,1,0,743,76817.0,725,0,19,49.29,744,49.29,0,26283.199999999997,729,0,15,251824.80000000002,248,0,496,21.419753086419753,11.674759945130317,58.475061728395055,3.799862825788752,35.3,105.95448275862068,0.06625,36.05377229080933,1015.4225806451614,both,0,0.0,0.0,7.105427357601002e-15,4.440892098500626e-16,0.0,0.0,0.0,0.0,1.1368683772161603e-13,False
old,Nakhon Ratchasima,2016,1,740,6508.1,253,0,487,5029.3,253,0,487,18249.120000000003,253,0,487,888.3,253,0,487,0.0,0,0,740,26331.0,189,0,551,58.53,740,58.53,0,13326.3,253,0,487,251369.69999999998,248,0,492,25.723715415019765,19.878656126482213,72.1309090909091,3.5110671936758893,,139.31746031746033,0.0790945945945946,52.67312252964427,1013.5875,updated,740,6508.1,253,0,487,5029.3,253,0,487,18249.12,253,0,487,888.3,253,0,487,0.0,0,0,740,26331.0,189,0,551,58.53,740,58.53,0,13326.3,253,0,487,251369.7,248,0,492,25.723715415019765,19.878656126482213,72.13090909090909,3.5110671936758893,,139.31746031746033,0.0790945945945946,52.67312252964427,1013.5875000000001,both,0,0.0,0.0,1.4210854715202004e-14,0.0,,0.0,0.0,0.0,1.1368683772161603e-13,False
old,Songkhla,2016,1,744,20546.1,742,0,2,17793.6,742,0,2,60288.44,742,0,2,6442.0,742,0,2,170.6,4,0,740,70634.0,742,0,2,411.18000000000006,744,411.18000000000006,0,45418.3,742,0,2,251011.5,248,0,496,27.690161725067384,23.980592991913745,81.25126684636119,8.681940700808624,42.65,95.19407008086253,0.5526612903225807,61.210646900269545,1012.1431451612904,updated,744,20546.1,742,0,2,17793.6,742,0,2,60288.44,742,0,2,6442.0,742,0,2,170.6,4,0,740,70634.0,742,0,2,411.18,744,411.18,0,45418.3,742,0,2,251011.5,248,0,496,27.690161725067384,23.980592991913745,81.25126684636119,8.681940700808624,42.65,95.19407008086253,0.5526612903225806,61.210646900269545,1012.1431451612904,both,0,0.0,0.0,0.0,0.0,0.0,0.0,1.1102230246251565e-16,0.0,0.0,False
old,Suphan Buri,2016,1,740,6538.200000000001,248,0,492,4914.0,248,0,492,17264.090000000004,248,0,492,649.1999999999999,248,0,492,0.0,0,0,740,26841.0,187,0,553,52.089999999999996,740,52.089999999999996,0,13202.0,248,0,492,251287.7,248,0,492,26.363709677419358,19.81451612903226,69.61326612903227,2.617741935483871,,143.53475935828877,0.07039189189189189,53.233870967741936,1013.2568548387097,updated,740,6538.2,248,0,492,4914.0,248,0,492,17264.089999999997,248,0,492,649.2,248,0,492,0.0,0,0,740,26841.0,187,0,553,52.089999999999996,740,52.089999999999996,0,13202.0,248,0,492,251287.69999999998,248,0,492,26.363709677419354,19.81451612903226,69.61326612903224,2.6177419354838714,,143.53475935828877,0.07039189189189189,53.233870967741936,1013.2568548387096,both,0,3.552713678800501e-15,0.0,2.842170943040401e-14,4.440892098500626e-16,,0.0,0.0,0.0,1.1368683772161603e-13,False
old,Amnat Charoen,2016,4,720,23408.5,718,0,2,15611.500000000002,718,0,2,39340.82,718,0,2,4666.200000000001,718,0,2,114.8,2,0,718,118284.0,675,0,45,73.58,720,73.58,0,22155.4,718,0,2,240822.40000000002,239,0,481,32.602367688022284,21.743036211699167,54.792228412256264,6.498885793871867,57.4,175.23555555555555,0.10219444444444445,30.857103064066855,1007.6251046025105,updated,720,23408.499999999996,718,0,2,15611.5,718,0,2,39340.82,718,0,2,4666.2,718,0,2,114.8,2,0,718,118284.0,675,0,45,73.58,720,73.58,0,22155.4,718,0,2,240822.4,239,0,481,32.60236768802228,21.743036211699163,54.792228412256264,6.498885793871866,57.4,175.23555555555555,0.10219444444444445,30.857103064066855,1007.6251046025104,both,0,7.105427357601002e-15,3.552713678800501e-15,0.0,1.7763568394002505e-15,0.0,0.0,0.0,0.0,1.1368683772161603e-13,False
old,Chai Nat,2016,4,716,7797.3,239,0,477,5568.5,239,0,477,14758.45,239,0,477,1378.5,239,0,477,0.0,0,0,716,41180.0,237,0,479,101.38,716,101.38,0,11254.5,239,0,477,240837.8,239,0,477,32.62468619246862,23.299163179916317,61.750836820083684,5.7677824267782425,,173.75527426160338,0.1415921787709497,47.08995815899581,1007.689539748954,updated,716,7797.299999999999,239,0,477,5568.5,239,0,477,14758.45,239,0,477,1378.5,239,0,477,0.0,0,0,716,41180.0,237,0,479,101.38,716,101.38,0,11254.5,239,0,477,240837.80000000002,239,0,477,32.624686192468616,23.299163179916317,61.750836820083684,5.7677824267782425,,173.75527426160338,0.1415921787709497,47.08995815899581,1007.6895397489541,both,0,7.105427357601002e-15,0.0,0.0,0.0,,0.0,0.0,0.0,1.1368683772161603e-13,False
old,Chiang Mai,2016,4,720,22803.1,701,0,19,10917.599999999999,701,0,19,27362.86,701,0,19,5085.0,701,0,19,170.60000000000002,4,0,716,110630.0,698,0,22,25.560000000000002,720,25.560000000000002,0,20553.9,701,0,19,241665.3,240,0,480,32.52938659058488,15.574322396576317,39.03403708987161,7.253922967189729,42.650000000000006,158.49570200573066,0.035500000000000004,29.320827389443654,1006.9387499999999,updated,720,22803.1,701,0,19,10917.599999999999,701,0,19,27362.86,701,0,19,5085.0,701,0,19,170.60000000000002,4,0,716,110630.0,698,0,22,25.560000000000002,720,25.560000000000002,0,20553.9,701,0,19,241665.3,240,0,480,32.52938659058488,15.574322396576317,39.03403708987161,7.253922967189729,42.650000000000006,158.49570200573066,0.035500000000000004,29.320827389443654,1006.9387499999999,both,0,0.0,0.0,0.0,0.0,0.0,0.0,0.0,0.0,0.0,False
old,Nakhon Ratchasima,2016,4,716,7828.5,239,0,477,5385.5,239,0,477,13741.64,239,0,477,1120.3000000000002,239,0,477,0.0,0,0,716,45375.0,212,0,504,91.33,716,91.33,0,11339.900000000001,239,0,477,240733.40000000002,239,0,477,32.75523012552301,22.53347280334728,57.496401673640165,4.687447698744771,,214.03301886792454,0.12755586592178772,47.44728033472804,1007.252719665272,updated,716,7828.5,239,0,477,5385.5,239,0,477,13741.64,239,0,477,1120.3,239,0,477,0.0,0,0,716,45375.0,212,0,504,91.33000000000001,716,91.33000000000001,0,11339.900000000001,239,0,477,240733.4,239,0,477,32.75523012552301,22.53347280334728,57.496401673640165,4.687447698744769,,214.03301886792454,0.12755586592178772,47.44728033472804,1007.2527196652719,both,0,0.0,0.0,0.0,1.7763568394002505e-15,,0.0,0.0,0.0,1.1368683772161603e-13,False
old,Songkhla,2016,4,720,21243.300000000003,719,0,1,17679.6,719,0,1,54815.61,719,0,1,5392.6,719,0,1,0.0,0,0,720,86677.0,719,0,1,19.69,720,19.69,0,27478.5,719,0,1,241247.3,239,0,481,29.54561891515995,24.58915159944367,76.23867872044507,7.500139082058415,,120.55215577190542,0.027347222222222224,38.217663421418635,1009.4029288702928,updated,720,21243.300000000003,719,0,1,17679.600000000002,719,0,1,54815.61,719,0,1,5392.6,719,0,1,0.0,0,0,720,86677.0,719,0,1,19.69,720,19.69,0,27478.5,719,0,1,241247.3,239,0,481,29.54561891515995,24.589151599443674,76.23867872044507,7.500139082058415,,120.55215577190542,0.027347222222222224,38.217663421418635,1009.4029288702928,both,0,0.0,3.552713678800501e-15,0.0,0.0,,0.0,0.0,0.0,0.0,False
old,Suphan Buri,2016,4,716,7757.6,239,0,477,5700.700000000001,239,0,477,15360.400000000001,239,0,477,1037.0,239,0,477,0.0,0,0,716,42394.0,238,0,478,92.75999999999999,716,92.75999999999999,0,9807.5,239,0,477,240892.2,239,0,477,32.458577405857746,23.852301255230127,64.26945606694561,4.338912133891213,,178.12605042016807,0.12955307262569832,41.03556485355649,1007.9171548117155,updated,716,7757.6,239,0,477,5700.7,239,0,477,15360.399999999998,239,0,477,1037.0,239,0,477,0.0,0,0,716,42394.0,238,0,478,92.75999999999999,716,92.75999999999999,0,9807.5,239,0,477,240892.19999999998,239,0,477,32.458577405857746,23.852301255230124,64.2694560669456,4.338912133891213,,178.12605042016807,0.12955307262569832,41.03556485355649,1007.9171548117154,both,0,0.0,3.552713678800501e-15,1.4210854715202004e-14,0.0,,0.0,0.0,0.0,1.1368683772161603e-13,False
old,Amnat Charoen,2016,8,744,21068.199999999997,743,0,1,18577.7,743,0,1,61551.369999999995,743,0,1,5765.3,743,0,1,111.2,2,0,742,147329.0,706,0,38,431.5,744,431.5,0,49451.8,743,0,1,249203.9,248,0,496,28.355585464333778,25.00363391655451,82.84168236877522,7.759488559892328,55.6,208.68130311614732,0.5799731182795699,66.55693135935397,1004.8544354838709,updated,744,21068.2,743,0,1,18577.7,743,0,1,61551.37,743,0,1,5765.3,743,0,1,111.2,2,0,742,147329.0,706,0,38,431.5,744,431.5,0,49451.8,743,0,1,249203.9,248,0,496,28.35558546433378,25.00363391655451,82.84168236877524,7.759488559892328,55.6,208.68130311614732,0.5799731182795699,66.55693135935397,1004.8544354838709,both,0,3.552713678800501e-15,0.0,1.4210854715202004e-14,0.0,0.0,0.0,0.0,0.0,0.0,False
old,Chai Nat,2016,8,740,7218.1,248,0,492,6044.2,248,0,492,19077.19,248,0,492,741.8,248,0,492,0.0,0,0,740,40266.0,208,0,532,487.71000000000004,740,487.71000000000004,0,20840.9,248,0,492,249387.2,248,0,492,29.10524193548387,24.371774193548386,76.92415322580645,2.991129032258064,,193.58653846153845,0.6590675675675676,84.0358870967742,1005.5935483870968,updated,740,7218.1,248,0,492,6044.200000000001,248,0,492,19077.19,248,0,492,741.8,248,0,492,0.0,0,0,740,40266.0,208,0,532,487.71000000000004,740,487.71000000000004,0,20840.9,248,0,492,249387.2,248,0,492,29.10524193548387,24.37177419354839,76.92415322580645,2.991129032258064,,193.58653846153845,0.6590675675675676,84.0358870967742,1005.5935483870968,both,0,0.0,3.552713678800501e-15,0.0,0.0,,0.0,0.0,0.0,0.0,False
old,Chiang Mai,2016,8,744,20136.8,734,0,10,16394.9,734,0,10,55006.69,734,0,10,4274.7,734,0,10,64.8,2,0,742,114770.0,727,0,17,326.99,744,326.99,0,59069.0,734,0,10,249311.9,248,0,496,27.43433242506812,22.336376021798365,74.94099455040872,5.823841961852861,32.4,157.86795048143054,0.439502688172043,80.47547683923706,1005.2899193548387,updated,744,20136.8,734,0,10,16394.899999999998,734,0,10,55006.689999999995,734,0,10,4274.700000000001,734,0,10,64.8,2,0,742,114770.0,727,0,17,326.99,744,326.99,0,59069.0,734,0,10,249311.9,248,0,496,27.43433242506812,22.336376021798362,74.94099455040872,5.823841961852862,32.4,157.86795048143054,0.439502688172043,80.47547683923706,1005.2899193548387,both,0,0.0,3.552713678800501e-15,0.0,8.881784197001252e-16,0.0,0.0,0.0,0.0,0.0,False
old,Nakhon Ratchasima,2016,8,742,20553.7,736,0,6,17397.7,736,0,6,58051.82,736,0,6,6743.8,736,0,6,216.8,6,0,736,140154.0,649,0,93,258.27000000000004,742,258.27000000000004,0,19814.0,690,0,52,249255.9,248,0,494,27.926222826086956,23.63817934782609,78.87475543478261,9.162771739130434,36.13333333333333,215.9537750385208,0.3480727762803235,28.715942028985506,1005.0641129032258,updated,742,20553.699999999997,736,0,6,17397.7,736,0,6,58051.82,736,0,6,6743.799999999999,736,0,6,216.79999999999998,6,0,736,140154.0,649,0,93,258.27,742,258.27,0,19814.0,690,0,52,249255.9,248,0,494,27.926222826086953,23.63817934782609,78.87475543478261,9.162771739130434,36.13333333333333,215.9537750385208,0.3480727762803234,28.715942028985506,1005.0641129032258,both,0,3.552713678800501e-15,0.0,0.0,0.0,0.0,0.0,1.1102230246251565e-16,0.0,0.0,False
old,Songkhla,2016,8,744,21176.6,744,0,0,17924.0,744,0,0,58731.45,744,0,0,5816.1,744,0,0,309.5,7,0,737,150344.0,743,0,1,238.75,744,238.75,0,43774.4,744,0,0,250060.59999999998,248,0,496,28.46317204301075,24.091397849462364,78.94012096774193,7.81733870967742,44.214285714285715,202.3472409152086,0.3209005376344086,58.836559139784946,1008.3088709677419,updated,744,21176.6,744,0,0,17924.0,744,0,0,58731.45,744,0,0,5816.1,744,0,0,309.5,7,0,737,150344.0,743,0,1,238.75,744,238.75,0,43774.399999999994,744,0,0,250060.59999999998,248,0,496,28.46317204301075,24.091397849462364,78.94012096774193,7.81733870967742,44.214285714285715,202.3472409152086,0.3209005376344086,58.83655913978494,1008.3088709677419,both,0,0.0,0.0,0.0,0.0,0.0,0.0,0.0,7.105427357601002e-15,0.0,False
old,Suphan Buri,2016,8,740,7369.2,248,0,492,5987.4,248,0,492,18182.36,248,0,492,630.7,248,0,492,0.0,0,0,740,50328.0,237,0,503,260.7,740,260.7,0,21424.1,248,0,492,249389.90000000002,248,0,492,29.71451612903226,24.14274193548387,73.31596774193548,2.543145161290323,,212.35443037974684,0.3522972972972973,86.38749999999999,1005.604435483871,updated,740,7369.2,248,0,492,5987.4,248,0,492,18182.36,248,0,492,630.6999999999999,248,0,492,0.0,0,0,740,50328.0,237,0,503,260.70000000000005,740,260.70000000000005,0,21424.1,248,0,492,249389.9,248,0,492,29.71451612903226,24.14274193548387,73.31596774193548,2.5431451612903224,,212.35443037974684,0.35229729729729736,86.38749999999999,1005.6044354838709,both,0,0.0,0.0,0.0,4.440892098500626e-16,,0.0,5.551115123125783e-17,0.0,1.1368683772161603e-13,False
old,Amnat Charoen,2016,12,744,18051.100000000002,741,0,3,13704.2,741,0,3,52695.369999999995,741,0,3,9508.400000000001,741,0,3,209.4,4,0,740,34560.0,738,0,6,12.04,744,12.04,0,34149.1,741,0,3,251355.5,248,0,496,24.36045883940621,18.49419703103914,71.1138596491228,12.831848852901487,52.35,46.829268292682926,0.01618279569892473,46.08515519568151,1013.5302419354839,updated,744,18051.1,741,0,3,13704.2,741,0,3,52695.369999999995,741,0,3,9508.400000000001,741,0,3,209.4,4,0,740,34560.0,738,0,6,12.04,744,12.04,0,34149.100000000006,741,0,3,251355.5,248,0,496,24.360458839406206,18.49419703103914,71.1138596491228,12.831848852901487,52.35,46.829268292682926,0.01618279569892473,46.08515519568152,1013.5302419354839,both,0,3.552713678800501e-15,0.0,0.0,0.0,0.0,0.0,0.0,1.4210854715202004e-14,0.0,False
old,Chai Nat,2016,12,740,6514.2,248,0,492,4835.8,248,0,492,16937.93,248,0,492,492.5,248,0,492,0.0,0,0,740,16842.0,196,0,544,2.56,740,2.56,0,12043.6,248,0,492,251190.8,248,0,492,26.266935483870967,19.499193548387098,68.29810483870968,1.9858870967741935,,85.92857142857143,0.0034594594594594594,48.56290322580645,1012.8661290322581,updated,740,6514.2,248,0,492,4835.799999999999,248,0,492,16937.93,248,0,492,492.5,248,0,492,0.0,0,0,740,16842.0,196,0,544,2.56,740,2.56,0,12043.599999999999,248,0,492,251190.8,248,0,492,26.266935483870967,19.499193548387094,68.29810483870968,1.9858870967741935,,85.92857142857143,0.0034594594594594594,48.562903225806444,1012.8661290322581,both,0,0.0,3.552713678800501e-15,0.0,0.0,,0.0,0.0,7.105427357601002e-15,0.0,False
old,Chiang Mai,2016,12,744,17225.699999999997,732,0,12,12252.8,732,0,12,50109.159999999996,732,0,12,2374.7,732,0,12,0.0,0,0,744,70087.0,696,0,48,10.73,744,10.73,0,25302.9,732,0,12,251662.0,248,0,496,23.532377049180322,16.73879781420765,68.45513661202185,3.244125683060109,,100.69971264367815,0.01442204301075269,34.566803278688525,1014.766129032258,updated,744,17225.7,732,0,12,12252.8,732,0,12,50109.16,732,0,12,2374.7,732,0,12,0.0,0,0,744,70087.0,696,0,48,10.73,744,10.73,0,25302.9,732,0,12,251662.0,248,0,496,23.53237704918033,16.73879781420765,68.45513661202186,3.244125683060109,,100.69971264367815,0.01442204301075269,34.566803278688525,1014.766129032258,both,0,7.105427357601002e-15,0.0,1.4210854715202004e-14,0.0,,0.0,0.0,0.0,0.0,False
old,Nakhon Ratchasima,2016,12,744,17729.699999999997,743,0,1,13436.8,743,0,1,53453.13,743,0,1,6705.9,743,0,1,35.3,1,0,743,33822.0,680,0,64,0.2,744,0.2,0,12556.8,689,0,55,251253.2,248,0,496,23.86231493943472,18.08452220726783,71.94230148048452,9.02543741588156,35.3,49.73823529411764,0.00026881720430107527,18.224673439767777,1013.1177419354839,updated,744,17729.699999999997,743,0,1,13436.8,743,0,1,53453.130000000005,743,0,1,6705.9,743,0,1,35.3,1,0,743,33822.0,680,0,64,0.2,744,0.2,0,12556.8,689,0,55,251253.2,248,0,496,23.86231493943472,18.08452220726783,71.94230148048453,9.02543741588156,35.3,49.73823529411764,0.00026881720430107527,18.224673439767777,1013.1177419354839,both,0,0.0,0.0,1.4210854715202004e-14,0.0,0.0,0.0,0.0,0.0,0.0,False
old,Songkhla,2016,12,744,19648.0,744,0,0,18016.500000000004,744,0,0,65775.61000000002,744,0,0,4928.6,744,0,0,81.4,2,0,742,107005.0,744,0,0,947.0,744,947.0,0,54575.600000000006,744,0,0,250443.90000000002,248,0,496,26.408602150537636,24.21572580645162,88.40807795698927,6.624462365591398,40.7,143.82392473118279,1.2728494623655915,73.35430107526882,1009.854435483871,updated,744,19648.0,744,0,0,18016.5,744,0,0,65775.61,744,0,0,4928.6,744,0,0,81.4,2,0,742,107005.0,744,0,0,947.0,744,947.0,0,54575.600000000006,744,0,0,250443.90000000002,248,0,496,26.408602150537636,24.215725806451612,88.40807795698925,6.624462365591398,40.7,143.82392473118279,1.2728494623655915,73.35430107526882,1009.854435483871,both,0,0.0,7.105427357601002e-15,2.842170943040401e-14,0.0,0.0,0.0,0.0,0.0,0.0,False
old,Suphan Buri,2016,12,740,6556.8,248,0,492,4885.8,248,0,492,16860.42,248,0,492,771.2,248,0,492,0.0,0,0,740,24563.0,234,0,506,2.2600000000000002,740,2.2600000000000002,0,14112.099999999999,248,0,492,251052.90000000002,248,0,492,26.438709677419357,19.700806451612905,67.98556451612903,3.109677419354839,,104.97008547008546,0.0030540540540540543,56.90362903225806,1012.3100806451614,updated,740,6556.799999999999,248,0,492,4885.8,248,0,492,16860.42,248,0,492,771.1999999999999,248,0,492,0.0,0,0,740,24563.0,234,0,506,2.26,740,2.26,0,14112.1,248,0,492,251052.90000000002,248,0,492,26.43870967741935,19.700806451612905,67.98556451612903,3.1096774193548384,,104.97008547008546,0.003054054054054054,56.90362903225807,1012.3100806451614,both,0,7.105427357601002e-15,0.0,0.0,4.440892098500626e-16,,0.0,4.336808689942018e-19,7.105427357601002e-15,0.0,False
old,Amnat Charoen,2017,1,744,18645.300000000003,740,0,4,13493.8,740,0,4,49885.55,740,0,4,6899.200000000001,740,0,4,46.4,1,0,743,37598.0,735,0,9,2.46,744,2.46,0,30412.200000000004,740,0,4,249301.19999999998,246,0,498,25.196351351351357,18.234864864864864,67.41290540540541,9.323243243243244,46.4,51.15374149659864,0.0033064516129032257,41.09756756756757,1013.4195121951219,updated,744,18645.3,740,0,4,13493.8,740,0,4,49885.55,740,0,4,6899.2,740,0,4,46.4,1,0,743,37598.0,735,0,9,2.46,744,2.46,0,30412.200000000004,740,0,4,249301.2,246,0,498,25.19635135135135,18.234864864864864,67.41290540540541,9.323243243243242,46.4,51.15374149659864,0.0033064516129032257,41.09756756756757,1013.419512195122,both,0,7.105427357601002e-15,0.0,0.0,1.7763568394002505e-15,0.0,0.0,0.0,0.0,1.1368683772161603e-13,False
old,Chai Nat,2017,1,740,6446.299999999999,246,0,494,5035.7,246,0,494,17857.81,246,0,494,532.8999999999999,246,0,494,0.0,0,0,740,26196.0,189,0,551,46.13999999999999,740,46.13999999999999,0,14688.399999999998,246,0,494,248096.6,245,0,495,26.204471544715446,20.47032520325203,72.59272357723577,2.1662601626016253,,138.6031746031746,0.06235135135135134,59.70894308943088,1012.6391836734695,updated,740,6446.299999999999,246,0,494,5035.7,246,0,494,17857.809999999998,246,0,494,532.9000000000001,246,0,494,0.0,0,0,740,26196.0,189,0,551,46.14,740,46.14,0,14688.399999999998,246,0,494,248096.6,245,0,495,26.204471544715446,20.47032520325203,72.59272357723576,2.1662601626016262,,138.6031746031746,0.06235135135135135,59.70894308943088,1012.6391836734695,both,0,0.0,0.0,1.4210854715202004e-14,8.881784197001252e-16,,0.0,6.938893903907228e-18,0.0,0.0,False
old,Chiang Mai,2017,1,744,17302.3,742,0,2,12615.8,742,0,2,52420.920000000006,742,0,2,2601.0,742,0,2,0.0,0,0,744,75657.0,688,0,56,36.33,744,36.33,0,29247.5,742,0,2,248567.9,245,0,499,23.318463611859837,17.00242587601078,70.64814016172508,3.5053908355795147,,109.96656976744185,0.04883064516129032,39.41711590296496,1014.5628571428571,updated,744,17302.300000000003,742,0,2,12615.8,742,0,2,52420.92,742,0,2,2601.0,742,0,2,0.0,0,0,744,75657.0,688,0,56,36.33,744,36.33,0,29247.5,742,0,2,248567.9,245,0,499,23.31846361185984,17.00242587601078,70.64814016172507,3.5053908355795147,,109.96656976744185,0.04883064516129032,39.41711590296496,1014.5628571428571,both,0,3.552713678800501e-15,0.0,1.4210854715202004e-14,0.0,,0.0,0.0,0.0,0.0,False
old,Nakhon Ratchasima,2017,1,741,18469.9,734,0,7,13545.400000000001,734,0,7,50144.64,734,0,7,6492.4,734,0,7,181.79999999999998,5,0,736,51183.0,647,0,94,14.36,741,14.36,0,14520.4,684,0,57,248122.7,245,0,496,25.163351498637603,18.454223433242507,68.31694822888284,8.845231607629428,36.36,79.1081916537867,0.019379217273954117,21.228654970760232,1012.7457142857144,updated,741,18469.9,734,0,7,13545.4,734,0,7,50144.64,734,0,7,6492.400000000001,734,0,7,181.79999999999998,5,0,736,51183.0,647,0,94,14.36,741,14.36,0,14520.400000000001,684,0,57,248122.7,245,0,496,25.163351498637603,18.454223433242507,68.31694822888284,8.845231607629428,36.36,79.1081916537867,0.019379217273954117,21.228654970760235,1012.7457142857144,both,0,0.0,0.0,0.0,0.0,0.0,0.0,0.0,3.552713678800501e-15,0.0,False
old,Songkhla,2017,1,744,19637.199999999997,744,0,0,17807.7,744,0,0,64724.91,744,0,0,6101.6,744,0,0,146.1,4,0,740,83275.0,744,0,0,856.4000000000001,744,856.4000000000001,0,43159.7,744,0,0,247497.8,245,0,499,26.394086021505373,23.935080645161293,86.99584677419355,8.201075268817204,36.525,111.92876344086021,1.1510752688172043,58.01034946236559,1010.1951020408163,updated,744,19637.199999999997,744,0,0,17807.7,744,0,0,64724.91,744,0,0,6101.6,744,0,0,146.1,4,0,740,83275.0,744,0,0,856.4,744,856.4,0,43159.7,744,0,0,247497.8,245,0,499,26.394086021505373,23.935080645161293,86.99584677419355,8.201075268817204,36.525,111.92876344086021,1.1510752688172043,58.01034946236559,1010.1951020408163,both,0,0.0,0.0,0.0,0.0,0.0,0.0,0.0,0.0,0.0,False
old,Suphan Buri,2017,1,740,6506.2,245,0,495,5192.1,245,0,495,18110.34,245,0,495,608.5,245,0,495,0.0,0,0,740,29962.0,221,0,519,28.05,740,28.05,0,15643.5,245,0,495,247968.90000000002,245,0,495,26.555918367346937,21.192244897959185,73.91975510204081,2.483673469387755,,135.57466063348417,0.03790540540540541,63.851020408163265,1012.1179591836735,updated,740,6506.2,245,0,495,5192.1,245,0,495,18110.34,245,0,495,608.5,245,0,495,0.0,0,0,740,29962.0,221,0,519,28.05,740,28.05,0,15643.5,245,0,495,247968.90000000002,245,0,495,26.555918367346937,21.192244897959185,73.91975510204081,2.483673469387755,,135.57466063348417,0.03790540540540541,63.851020408163265,1012.1179591836735,both,0,0.0,0.0,0.0,0.0,,0.0,0.0,0.0,0.0,False
old,Amnat Charoen,2017,4,720,21135.1,718,0,2,16152.7,718,0,2,49023.26,718,0,2,4716.7,718,0,2,87.1,2,0,718,103560.0,693,0,27,142.57999999999998,720,142.57999999999998,0,31624.1,718,0,2,242320.8,240,0,480,29.436072423398326,22.496796657381616,68.2775208913649,6.569220055710306,43.55,149.43722943722943,0.19802777777777775,44.044707520891365,1009.67,updated,720,21135.1,718,0,2,16152.7,718,0,2,49023.259999999995,718,0,2,4716.700000000001,718,0,2,87.1,2,0,718,103560.0,693,0,27,142.57999999999998,720,142.57999999999998,0,31624.1,718,0,2,242320.8,240,0,480,29.436072423398326,22.496796657381616,68.2775208913649,6.569220055710307,43.55,149.43722943722943,0.19802777777777775,44.044707520891365,1009.67,both,0,0.0,0.0,0.0,8.881784197001252e-16,0.0,0.0,0.0,0.0,0.0,False
old,Chai Nat,2017,4,716,7331.200000000001,240,0,476,5724.9,240,0,476,16747.95,240,0,476,1222.0,240,0,476,0.0,0,0,716,36229.0,224,0,492,86.75999999999999,716,86.75999999999999,0,12002.9,240,0,476,242207.6,240,0,476,30.54666666666667,23.853749999999998,69.783125,5.091666666666667,,161.73660714285714,0.12117318435754189,50.01208333333333,1009.1983333333334,updated,716,7331.2,240,0,476,5724.9,240,0,476,16747.95,240,0,476,1222.0,240,0,476,0.0,0,0,716,36229.0,224,0,492,86.75999999999999,716,86.75999999999999,0,12002.9,240,0,476,242207.6,240,0,476,30.546666666666667,23.853749999999998,69.783125,5.091666666666667,,161.73660714285714,0.12117318435754189,50.01208333333333,1009.1983333333334,both,0,3.552713678800501e-15,0.0,0.0,0.0,,0.0,0.0,0.0,0.0,False
old,Chiang Mai,2017,4,720,21139.199999999997,719,0,1,12926.5,719,0,1,38493.53999999999,719,0,1,4031.5999999999995,719,0,1,211.7,5,0,715,88324.0,673,0,47,145.32,720,145.32,0,28869.1,719,0,1,242156.0,240,0,480,29.400834492350484,17.978442280945757,53.53760778859526,5.607232267037551,42.339999999999996,131.23922734026746,0.20183333333333334,40.15173852573018,1008.9833333333333,updated,720,21139.199999999997,719,0,1,12926.5,719,0,1,38493.53999999999,719,0,1,4031.6,719,0,1,211.70000000000002,5,0,715,88324.0,673,0,47,145.32,720,145.32,0,28869.100000000002,719,0,1,242156.0,240,0,480,29.400834492350484,17.978442280945757,53.53760778859526,5.607232267037552,42.34,131.23922734026746,0.20183333333333334,40.15173852573018,1008.9833333333333,both,0,0.0,0.0,0.0,8.881784197001252e-16,7.105427357601002e-15,0.0,0.0,0.0,0.0,False
old,Nakhon Ratchasima,2017,4,720,20575.6,714,0,6,16080.4,714,0,6,50534.05,714,0,6,5863.699999999999,714,0,6,141.2,2,0,718,91591.0,595,0,125,142.59,720,142.59,0,12176.199999999999,683,0,37,242197.7,240,0,480,28.81736694677871,22.52156862745098,70.77598039215687,8.212464985994396,70.6,153.93445378151262,0.19804166666666667,17.827525622254758,1009.1570833333334,updated,720,20575.6,714,0,6,16080.400000000001,714,0,6,50534.05,714,0,6,5863.7,714,0,6,141.2,2,0,718,91591.0,595,0,125,142.59,720,142.59,0,12176.2,683,0,37,242197.69999999998,240,0,480,28.81736694677871,22.521568627450982,70.77598039215687,8.212464985994398,70.6,153.93445378151262,0.19804166666666667,17.82752562225476,1009.1570833333333,both,0,0.0,3.552713678800501e-15,0.0,1.7763568394002505e-15,0.0,0.0,0.0,3.552713678800501e-15,1.1368683772161603e-13,False
old,Songkhla,2017,4,720,19918.300000000003,720,0,0,17615.3,720,0,0,60291.93000000001,720,0,0,3926.2,720,0,0,37.1,1,0,719,99878.0,720,0,0,351.40000000000003,720,351.40000000000003,0,35192.0,720,0,0,242331.8,240,0,480,27.66430555555556,24.465694444444445,83.73879166666667,5.453055555555555,37.1,138.71944444444443,0.4880555555555556,48.87777777777778,1009.7158333333333,updated,720,19918.3,720,0,0,17615.3,720,0,0,60291.92999999999,720,0,0,3926.2000000000003,720,0,0,37.1,1,0,719,99878.0,720,0,0,351.4,720,351.4,0,35192.0,720,0,0,242331.80000000002,240,0,480,27.664305555555554,24.465694444444445,83.73879166666666,5.453055555555556,37.1,138.71944444444443,0.4880555555555555,48.87777777777778,1009.7158333333334,both,0,7.105427357601002e-15,0.0,1.4210854715202004e-14,8.881784197001252e-16,0.0,0.0,5.551115123125783e-17,0.0,1.1368683772161603e-13,False
old,Suphan Buri,2017,4,716,7372.6,240,0,476,5740.4,240,0,476,16662.88,240,0,476,523.6,240,0,476,0.0,0,0,716,38299.0,234,0,482,69.22999999999999,716,69.22999999999999,0,13765.3,240,0,476,242172.6,240,0,476,30.71916666666667,23.918333333333333,69.42866666666667,2.1816666666666666,,163.67094017094018,0.09668994413407819,57.35541666666666,1009.0525,updated,716,7372.6,240,0,476,5740.4,240,0,476,16662.88,240,0,476,523.6000000000001,240,0,476,0.0,0,0,716,38299.0,234,0,482,69.23,716,69.23,0,13765.3,240,0,476,242172.6,240,0,476,30.71916666666667,23.918333333333333,69.42866666666667,2.181666666666667,,163.67094017094018,0.09668994413407822,57.35541666666666,1009.0525,both,0,0.0,0.0,0.0,4.440892098500626e-16,,0.0,2.7755575615628914e-17,0.0,0.0,False
old,Amnat Charoen,2017,8,744,21115.0,743,0,1,18742.199999999997,743,0,1,62333.05,743,0,1,4370.299999999999,743,0,1,120.6,2,0,742,129604.0,693,0,51,494.76,744,494.76,0,42092.0,743,0,1,247591.90000000002,246,0,498,28.4185733512786,25.2250336473755,83.89374158815613,5.881965006729474,60.3,187.01875901875903,0.665,56.6514131897712,1006.4711382113823,updated,744,21115.0,743,0,1,18742.2,743,0,1,62333.05,743,0,1,4370.3,743,0,1,120.6,2,0,742,129604.0,693,0,51,494.76,744,494.76,0,42092.0,743,0,1,247591.9,246,0,498,28.4185733512786,25.225033647375504,83.89374158815613,5.881965006729476,60.3,187.01875901875903,0.665,56.6514131897712,1006.4711382113821,both,0,0.0,3.552713678800501e-15,0.0,1.7763568394002505e-15,0.0,0.0,0.0,0.0,1.1368683772161603e-13,False
old,Chai Nat,2017,8,740,7029.0,246,0,494,6129.8,246,0,494,20104.5,246,0,494,483.6,246,0,494,0.0,0,0,740,44205.0,215,0,525,457.17,740,457.17,0,20289.4,246,0,494,247637.40000000002,246,0,494,28.573170731707318,24.91788617886179,81.72560975609755,1.9658536585365856,,205.6046511627907,0.6177972972972973,82.47723577235773,1006.6560975609757,updated,740,7029.0,246,0,494,6129.800000000001,246,0,494,20104.5,246,0,494,483.6,246,0,494,0.0,0,0,740,44205.0,215,0,525,457.16999999999996,740,457.16999999999996,0,20289.4,246,0,494,247637.40000000002,246,0,494,28.573170731707318,24.917886178861792,81.72560975609755,1.9658536585365856,,205.6046511627907,0.6177972972972973,82.47723577235773,1006.6560975609757,both,0,0.0,3.552713678800501e-15,0.0,0.0,,0.0,0.0,0.0,0.0,False
old,Chiang Mai,2017,8,744,20290.8,739,0,5,16400.2,739,0,5,54964.18000000001,739,0,5,4006.8,739,0,5,0.0,0,0,744,102218.0,665,0,79,321.46000000000004,744,321.46000000000004,0,48686.6,739,0,5,247579.3,246,0,498,27.457104194857916,22.192422192151557,74.37642760487145,5.42192151556157,,153.71127819548872,0.43206989247311833,65.88173207036536,1006.419918699187,updated,744,20290.800000000003,739,0,5,16400.2,739,0,5,54964.18,739,0,5,4006.7999999999997,739,0,5,0.0,0,0,744,102218.0,665,0,79,321.46000000000004,744,321.46000000000004,0,48686.6,739,0,5,247579.3,246,0,498,27.45710419485792,22.192422192151557,74.37642760487145,5.42192151556157,,153.71127819548872,0.43206989247311833,65.88173207036536,1006.419918699187,both,0,3.552713678800501e-15,0.0,0.0,0.0,,0.0,0.0,0.0,0.0,False
old,Nakhon Ratchasima,2017,8,744,20416.2,744,0,0,18357.200000000004,744,0,0,64126.72,744,0,0,5375.9,744,0,0,180.39999999999998,5,0,739,125460.0,630,0,114,375.76000000000005,744,375.76000000000005,0,15774.499999999998,705,0,39,247584.2,246,0,498,27.441129032258065,24.6736559139785,86.19182795698924,7.225672043010753,36.08,199.14285714285714,0.5050537634408603,22.375177304964538,1006.439837398374,updated,744,20416.2,744,0,0,18357.200000000004,744,0,0,64126.72,744,0,0,5375.9,744,0,0,180.4,5,0,739,125460.0,630,0,114,375.76,744,375.76,0,15774.5,705,0,39,247584.2,246,0,498,27.441129032258065,24.6736559139785,86.19182795698924,7.225672043010753,36.08,199.14285714285714,0.5050537634408602,22.375177304964538,1006.439837398374,both,0,0.0,0.0,0.0,0.0,0.0,0.0,1.1102230246251565e-16,0.0,0.0,False
old,Songkhla,2017,8,744,20675.700000000004,744,0,0,17847.9,744,0,0,60264.170000000006,744,0,0,4761.1,744,0,0,159.20000000000002,4,0,740,135722.0,744,0,0,397.37999999999994,744,397.37999999999994,0,39850.7,744,0,0,248150.5,246,0,498,27.789919354838716,23.98911290322581,81.00022849462367,6.399327956989247,39.800000000000004,182.4220430107527,0.5341129032258064,53.562768817204294,1008.7418699186992,updated,744,20675.7,744,0,0,17847.899999999998,744,0,0,60264.17,744,0,0,4761.1,744,0,0,159.2,4,0,740,135722.0,744,0,0,397.38,744,397.38,0,39850.7,744,0,0,248150.5,246,0,498,27.78991935483871,23.989112903225802,81.00022849462366,6.399327956989247,39.8,182.4220430107527,0.5341129032258064,53.562768817204294,1008.7418699186992,both,0,7.105427357601002e-15,7.105427357601002e-15,1.4210854715202004e-14,0.0,7.105427357601002e-15,0.0,0.0,0.0,0.0,False
old,Suphan Buri,2017,8,740,7178.5,246,0,494,6023.499999999999,246,0,494,18972.07,246,0,494,531.7,246,0,494,0.0,0,0,740,50598.0,232,0,508,486.81,740,486.81,0,20210.1,246,0,494,247643.5,246,0,494,29.18089430894309,24.485772357723572,77.12223577235773,2.1613821138211384,,218.0948275862069,0.6578513513513513,82.15487804878047,1006.680894308943,updated,740,7178.5,246,0,494,6023.5,246,0,494,18972.07,246,0,494,531.7,246,0,494,0.0,0,0,740,50598.0,232,0,508,486.80999999999995,740,486.80999999999995,0,20210.1,246,0,494,247643.5,246,0,494,29.18089430894309,24.485772357723576,77.12223577235773,2.1613821138211384,,218.0948275862069,0.6578513513513513,82.15487804878047,1006.680894308943,both,0,0.0,3.552713678800501e-15,0.0,0.0,,0.0,0.0,0.0,0.0,False
old,Amnat Charoen,2017,12,744,17154.1,742,0,2,12724.4,742,0,2,52539.38,742,0,2,8778.9,742,0,2,819.1999999999999,17,0,727,38222.0,731,0,13,5.27,744,5.27,0,27828.600000000002,742,0,2,251589.6,248,0,496,23.11873315363881,17.148787061994607,70.8077897574124,11.831401617250673,48.188235294117646,52.287277701778386,0.007083333333333333,37.504851752021565,1014.4741935483871,updated,744,17154.1,742,0,2,12724.4,742,0,2,52539.380000000005,742,0,2,8778.900000000001,742,0,2,819.1999999999999,17,0,727,38222.0,731,0,13,5.2700000000000005,744,5.2700000000000005,0,27828.6,742,0,2,251589.6,248,0,496,23.11873315363881,17.148787061994607,70.80778975741241,11.831401617250675,48.188235294117646,52.287277701778386,0.007083333333333334,37.50485175202156,1014.4741935483871,both,0,0.0,0.0,1.4210854715202004e-14,1.7763568394002505e-15,0.0,0.0,8.673617379884035e-19,7.105427357601002e-15,0.0,False
old,Chai Nat,2017,12,740,6173.6,248,0,492,4644.0,248,0,492,17532.32,248,0,492,664.8,248,0,492,0.0,0,0,740,29588.0,218,0,522,48.480000000000004,740,48.480000000000004,0,11974.8,248,0,492,251405.8,248,0,492,24.893548387096775,18.725806451612904,70.69483870967741,2.6806451612903226,,135.72477064220183,0.06551351351351352,48.28548387096774,1013.7330645161289,updated,740,6173.6,248,0,492,4644.0,248,0,492,17532.32,248,0,492,664.8,248,0,492,0.0,0,0,740,29588.0,218,0,522,48.48,740,48.48,0,11974.800000000001,248,0,492,251405.8,248,0,492,24.893548387096775,18.725806451612904,70.69483870967741,2.6806451612903226,,135.72477064220183,0.0655135135135135,48.285483870967745,1013.7330645161289,both,0,0.0,0.0,0.0,0.0,,0.0,1.3877787807814457e-17,7.105427357601002e-15,0.0,False
old,Chiang Mai,2017,12,744,16874.8,744,0,0,11752.7,744,0,0,50650.84,744,0,0,3344.4,744,0,0,31.7,1,0,743,78141.0,674,0,70,21.450000000000003,744,21.450000000000003,0,28127.3,744,0,0,251833.0,248,0,496,22.681182795698923,15.796639784946237,68.07908602150538,4.495161290322581,31.7,115.93620178041543,0.028830645161290327,37.80551075268817,1015.4556451612904,updated,744,16874.8,744,0,0,11752.699999999999,744,0,0,50650.84,744,0,0,3344.4,744,0,0,31.7,1,0,743,78141.0,674,0,70,21.450000000000003,744,21.450000000000003,0,28127.300000000003,744,0,0,251833.0,248,0,496,22.681182795698923,15.796639784946235,68.07908602150538,4.495161290322581,31.7,115.93620178041543,0.028830645161290327,37.80551075268818,1015.4556451612904,both,0,0.0,1.7763568394002505e-15,0.0,0.0,0.0,0.0,0.0,7.105427357601002e-15,0.0,False
old,Nakhon Ratchasima,2017,12,744,16928.9,741,0,3,13279.4,741,0,3,56354.13,741,0,3,6923.4,741,0,3,313.1,7,0,737,40873.0,681,0,63,14.629999999999999,744,14.629999999999999,0,14681.0,741,0,3,251470.5,248,0,496,22.846018893387317,17.920917678812415,76.05145748987854,9.34331983805668,44.728571428571435,60.01908957415565,0.019663978494623653,19.81241565452092,1013.9939516129032,updated,744,16928.899999999998,741,0,3,13279.400000000001,741,0,3,56354.13,741,0,3,6923.4,741,0,3,313.1,7,0,737,40873.0,681,0,63,14.629999999999999,744,14.629999999999999,0,14681.0,741,0,3,251470.5,248,0,496,22.84601889338731,17.92091767881242,76.05145748987854,9.34331983805668,44.728571428571435,60.01908957415565,0.019663978494623653,19.81241565452092,1013.9939516129032,both,0,7.105427357601002e-15,3.552713678800501e-15,0.0,0.0,0.0,0.0,0.0,0.0,0.0,False
old,Songkhla,2017,12,744,19580.800000000003,744,0,0,17584.9,744,0,0,63869.869999999995,744,0,0,5868.9,744,0,0,40.7,1,0,743,89382.0,744,0,0,523.5500000000001,744,523.5500000000001,0,44496.1,744,0,0,250610.1,248,0,496,26.31827956989248,23.635618279569893,85.84659946236559,7.888306451612903,40.7,120.13709677419355,0.7036962365591399,59.806586021505375,1010.5245967741936,updated,744,19580.800000000003,744,0,0,17584.9,744,0,0,63869.869999999995,744,0,0,5868.9,744,0,0,40.7,1,0,743,89382.0,744,0,0,523.55,744,523.55,0,44496.1,744,0,0,250610.1,248,0,496,26.31827956989248,23.635618279569893,85.84659946236559,7.888306451612903,40.7,120.13709677419355,0.7036962365591397,59.806586021505375,1010.5245967741936,both,0,0.0,0.0,0.0,0.0,0.0,0.0,2.220446049250313e-16,0.0,0.0,False
old,Suphan Buri,2017,12,740,6295.1,248,0,492,4863.7,248,0,492,17848.17,248,0,492,863.7,248,0,492,0.0,0,0,740,26822.0,227,0,513,35.22,740,35.22,0,12871.0,248,0,492,251274.5,248,0,492,25.383467741935487,19.611693548387095,71.96842741935482,3.482661290322581,,118.15859030837004,0.04759459459459459,51.899193548387096,1013.203629032258,updated,740,6295.1,248,0,492,4863.7,248,0,492,17848.17,248,0,492,863.6999999999999,248,0,492,0.0,0,0,740,26822.0,227,0,513,35.22,740,35.22,0,12871.0,248,0,492,251274.5,248,0,492,25.383467741935487,19.611693548387095,71.96842741935482,3.4826612903225804,,118.15859030837004,0.04759459459459459,51.899193548387096,1013.203629032258,both,0,0.0,0.0,0.0,4.440892098500626e-16,,0.0,0.0,0.0,0.0,False
old,Amnat Charoen,2018,1,744,18027.6,740,0,4,13092.5,740,0,4,50965.36,740,0,4,5388.2,740,0,4,0.0,0,0,744,45038.0,718,0,26,0.0,744,0.0,0,31045.700000000004,740,0,4,250883.0,248,0,496,24.36162162162162,17.69256756756757,68.87210810810811,7.2813513513513515,,62.72701949860724,0.0,41.95364864864865,1011.625,updated,744,18027.600000000002,740,0,4,13092.5,740,0,4,50965.36,740,0,4,5388.200000000001,740,0,4,0.0,0,0,744,45038.0,718,0,26,0.0,744,0.0,0,31045.700000000004,740,0,4,250883.0,248,0,496,24.361621621621623,17.69256756756757,68.87210810810811,7.281351351351352,,62.72701949860724,0.0,41.95364864864865,1011.625,both,0,3.552713678800501e-15,0.0,0.0,8.881784197001252e-16,,0.0,0.0,0.0,0.0,False
old,Chai Nat,2018,1,740,6477.200000000001,248,0,492,5175.0,248,0,492,18521.91,248,0,492,265.7,248,0,492,0.0,0,0,740,24262.0,170,0,570,25.51,740,25.51,0,12540.099999999999,248,0,492,250703.7,248,0,492,26.117741935483874,20.866935483870968,74.68512096774194,1.0713709677419354,,142.71764705882353,0.03447297297297298,50.5649193548387,1010.9020161290323,updated,740,6477.2,248,0,492,5175.0,248,0,492,18521.91,248,0,492,265.7,248,0,492,0.0,0,0,740,24262.0,170,0,570,25.509999999999998,740,25.509999999999998,0,12540.1,248,0,492,250703.7,248,0,492,26.11774193548387,20.866935483870968,74.68512096774194,1.0713709677419354,,142.71764705882353,0.03447297297297297,50.564919354838715,1010.9020161290323,both,0,3.552713678800501e-15,0.0,0.0,0.0,,0.0,6.938893903907228e-18,1.4210854715202004e-14,0.0,False
old,Chiang Mai,2018,1,744,17050.8,740,0,4,11467.099999999999,740,0,4,48773.2,740,0,4,3147.7,740,0,4,0.0,0,0,744,74170.0,655,0,89,0.3,744,0.3,0,30711.699999999997,740,0,4,251020.8,248,0,496,23.04162162162162,15.49608108108108,65.90972972972972,4.253648648648649,,113.23664122137404,0.0004032258064516129,41.5022972972973,1012.1806451612903,updated,744,17050.8,740,0,4,11467.1,740,0,4,48773.2,740,0,4,3147.7000000000003,740,0,4,0.0,0,0,744,74170.0,655,0,89,0.3,744,0.3,0,30711.699999999997,740,0,4,251020.8,248,0,496,23.04162162162162,15.496081081081082,65.90972972972972,4.253648648648649,,113.23664122137404,0.0004032258064516129,41.5022972972973,1012.1806451612903,both,0,0.0,1.7763568394002505e-15,0.0,0.0,,0.0,0.0,0.0,0.0,False
old,Nakhon Ratchasima,2018,1,744,17777.4,739,0,5,13992.2,739,0,5,55997.149999999994,739,0,5,4129.5,739,0,5,0.0,0,0,744,44566.0,631,0,113,5.76,744,5.76,0,15843.400000000001,739,0,5,250767.90000000002,248,0,496,24.05602165087957,18.933964817320703,75.77422192151555,5.587956698240866,,70.62757527733756,0.007741935483870968,21.43897158322057,1011.1608870967743,updated,744,17777.4,739,0,5,13992.2,739,0,5,55997.15,739,0,5,4129.5,739,0,5,0.0,0,0,744,44566.0,631,0,113,5.760000000000001,744,5.760000000000001,0,15843.4,739,0,5,250767.9,248,0,496,24.05602165087957,18.933964817320703,75.77422192151556,5.587956698240866,,70.62757527733756,0.007741935483870969,21.438971583220567,1011.1608870967742,both,0,0.0,0.0,1.4210854715202004e-14,0.0,,0.0,8.673617379884035e-19,3.552713678800501e-15,1.1368683772161603e-13,False
old,Songkhla,2018,1,744,19712.600000000002,743,0,1,17602.4,743,0,1,63213.93000000001,743,0,1,4997.2,743,0,1,70.6,2,0,742,79147.0,743,0,1,463.4,744,463.4,0,47582.6,743,0,1,250394.0,248,0,496,26.531090174966355,23.69098250336474,85.07931359353971,6.725706594885598,35.3,106.5235531628533,0.6228494623655914,64.04118438761776,1009.6532258064516,updated,744,19712.6,743,0,1,17602.4,743,0,1,63213.93,743,0,1,4997.2,743,0,1,70.6,2,0,742,79147.0,743,0,1,463.4,744,463.4,0,47582.6,743,0,1,250394.0,248,0,496,26.53109017496635,23.69098250336474,85.07931359353971,6.725706594885598,35.3,106.5235531628533,0.6228494623655914,64.04118438761776,1009.6532258064516,both,0,3.552713678800501e-15,0.0,0.0,0.0,0.0,0.0,0.0,0.0,0.0,False
old,Suphan Buri,2018,1,740,6613.5,248,0,492,5233.200000000001,248,0,492,18123.17,248,0,492,395.4,248,0,492,0.0,0,0,740,25854.0,195,0,545,15.439999999999998,740,15.439999999999998,0,13392.0,248,0,492,250616.1,248,0,492,26.66733870967742,21.10161290322581,73.07729838709676,1.5943548387096773,,132.58461538461538,0.02086486486486486,54.0,1010.5487903225807,updated,740,6613.5,248,0,492,5233.2,248,0,492,18123.17,248,0,492,395.4,248,0,492,0.0,0,0,740,25854.0,195,0,545,15.439999999999998,740,15.439999999999998,0,13392.0,248,0,492,250616.1,248,0,492,26.66733870967742,21.101612903225806,73.07729838709676,1.5943548387096773,,132.58461538461538,0.02086486486486486,54.0,1010.5487903225807,both,0,0.0,3.552713678800501e-15,0.0,0.0,,0.0,0.0,0.0,0.0,False
old,Amnat Charoen,2018,4,720,20352.8,720,0,0,15460.2,720,0,0,49485.64,720,0,0,4298.5,720,0,0,318.1,7,0,713,85118.0,697,0,23,124.81,720,124.81,0,35901.6,717,0,3,241324.40000000002,239,0,481,28.267777777777777,21.4725,68.73005555555555,5.970138888888889,45.44285714285714,122.12051649928264,0.17334722222222224,50.07196652719665,1009.7255230125523,updated,720,20352.800000000003,720,0,0,15460.2,720,0,0,49485.64,720,0,0,4298.5,720,0,0,318.1,7,0,713,85118.0,697,0,23,124.81,720,124.81,0,35901.600000000006,717,0,3,241324.39999999997,239,0,481,28.26777777777778,21.4725,68.73005555555555,5.970138888888889,45.44285714285714,122.12051649928264,0.17334722222222224,50.07196652719666,1009.7255230125521,both,0,3.552713678800501e-15,0.0,0.0,0.0,0.0,0.0,0.0,7.105427357601002e-15,2.2737367544323206e-13,False
old,Chai Nat,2018,4,716,6981.2,239,0,477,5565.5,239,0,477,17388.66,239,0,477,919.6,239,0,477,0.0,0,0,716,36790.0,224,0,492,145.13,716,145.13,0,13818.800000000001,239,0,477,241282.90000000002,239,0,477,29.210041841004184,23.286610878661087,72.75589958158996,3.8476987447698745,,164.24107142857142,0.20269553072625698,57.81924686192469,1009.5518828451884,updated,716,6981.200000000001,239,0,477,5565.5,239,0,477,17388.659999999996,239,0,477,919.5999999999999,239,0,477,0.0,0,0,716,36790.0,224,0,492,145.13,716,145.13,0,13818.8,239,0,477,241282.9,239,0,477,29.210041841004188,23.286610878661087,72.75589958158994,3.847698744769874,,164.24107142857142,0.20269553072625698,57.81924686192468,1009.5518828451883,both,0,3.552713678800501e-15,0.0,1.4210854715202004e-14,4.440892098500626e-16,,0.0,0.0,7.105427357601002e-15,1.1368683772161603e-13,False
old,Chiang Mai,2018,4,720,20583.3,720,0,0,12816.4,720,0,0,39631.89,720,0,0,5194.5,720,0,0,191.0,4,0,716,96840.0,646,0,74,164.21,720,164.21,0,28726.9,720,0,0,241277.89999999997,239,0,481,28.587916666666665,17.800555555555555,55.044291666666666,7.214583333333334,47.75,149.90712074303406,0.22806944444444446,39.898472222222225,1009.5309623430961,updated,720,20583.3,720,0,0,12816.4,720,0,0,39631.89,720,0,0,5194.5,720,0,0,191.0,4,0,716,96840.0,646,0,74,164.21,720,164.21,0,28726.9,720,0,0,241277.9,239,0,481,28.587916666666665,17.800555555555555,55.044291666666666,7.214583333333334,47.75,149.90712074303406,0.22806944444444446,39.898472222222225,1009.5309623430962,both,0,0.0,0.0,0.0,0.0,0.0,0.0,0.0,0.0,1.1368683772161603e-13,False
old,Nakhon Ratchasima,2018,4,720,19948.3,709,0,11,15661.0,709,0,11,51568.43,709,0,11,5437.1,709,0,11,318.8,7,0,713,81070.0,590,0,130,197.1,720,197.1,0,22466.1,706,0,14,241248.80000000002,239,0,481,28.135825105782793,22.08885754583921,72.73403385049366,7.668688293370946,45.542857142857144,137.40677966101694,0.27375,31.82167138810198,1009.4092050209206,updated,720,19948.3,709,0,11,15661.0,709,0,11,51568.43,709,0,11,5437.1,709,0,11,318.79999999999995,7,0,713,81070.0,590,0,130,197.1,720,197.1,0,22466.1,706,0,14,241248.80000000002,239,0,481,28.135825105782793,22.08885754583921,72.73403385049366,7.668688293370946,45.54285714285714,137.40677966101694,0.27375,31.82167138810198,1009.4092050209206,both,0,0.0,0.0,0.0,0.0,7.105427357601002e-15,0.0,0.0,0.0,0.0,False
old,Songkhla,2018,4,720,20401.2,720,0,0,17500.8,720,0,0,57515.97,720,0,0,5492.800000000001,719,0,1,65.2,2,0,718,77859.0,719,0,1,165.75,720,165.75,0,35071.4,720,0,0,241185.80000000002,239,0,481,28.335,24.306666666666665,79.88329166666666,7.63949930458971,32.6,108.28789986091795,0.23020833333333332,48.71027777777778,1009.1456066945608,updated,720,20401.2,720,0,0,17500.8,720,0,0,57515.97,720,0,0,5492.8,719,0,1,65.2,2,0,718,77859.0,719,0,1,165.75,720,165.75,0,35071.4,720,0,0,241185.8,239,0,481,28.335,24.306666666666665,79.88329166666666,7.639499304589708,32.6,108.28789986091795,0.23020833333333332,48.71027777777778,1009.1456066945606,both,0,0.0,0.0,0.0,1.7763568394002505e-15,0.0,0.0,0.0,0.0,2.2737367544323206e-13,False
old,Suphan Buri,2018,4,716,7038.400000000001,239,0,477,5591.799999999999,239,0,477,17303.739999999998,239,0,477,526.5,239,0,477,0.0,0,0,716,38857.0,235,0,481,205.73999999999998,716,205.73999999999998,0,14474.5,239,0,477,241239.8,239,0,477,29.44937238493724,23.39665271966527,72.40058577405857,2.202928870292887,,165.34893617021277,0.2873463687150838,60.56276150627615,1009.3715481171548,updated,716,7038.4,239,0,477,5591.799999999999,239,0,477,17303.739999999998,239,0,477,526.5,239,0,477,0.0,0,0,716,38857.0,235,0,481,205.74,716,205.74,0,14474.5,239,0,477,241239.8,239,0,477,29.449372384937238,23.39665271966527,72.40058577405857,2.202928870292887,,165.34893617021277,0.2873463687150838,60.56276150627615,1009.3715481171548,both,0,3.552713678800501e-15,0.0,0.0,0.0,,0.0,0.0,0.0,0.0,False
old,Amnat Charoen,2018,8,744,20242.699999999997,743,0,1,18247.2,743,0,1,63924.72,743,0,1,5678.299999999999,743,0,1,38.9,1,0,743,145531.0,713,0,31,605.71,744,605.71,0,60347.7,743,0,1,249210.6,248,0,496,27.244549125168234,24.558815612382237,86.03596231493944,7.642395693135934,38.9,204.11079943899017,0.8141263440860216,81.22166890982503,1004.8814516129032,updated,744,20242.7,743,0,1,18247.199999999997,743,0,1,63924.72,743,0,1,5678.299999999999,743,0,1,38.9,1,0,743,145531.0,713,0,31,605.71,744,605.71,0,60347.7,743,0,1,249210.59999999998,248,0,496,27.244549125168238,24.55881561238223,86.03596231493944,7.642395693135934,38.9,204.11079943899017,0.8141263440860216,81.22166890982503,1004.8814516129031,both,0,3.552713678800501e-15,7.105427357601002e-15,0.0,0.0,0.0,0.0,0.0,0.0,1.1368683772161603e-13,False
old,Chai Nat,2018,8,740,7000.4,248,0,492,5986.200000000001,248,0,492,19740.11,248,0,492,1648.9,248,0,492,0.0,0,0,740,48192.0,241,0,499,309.03,740,309.03,0,21572.200000000004,248,0,492,249401.90000000002,248,0,492,28.22741935483871,24.137903225806454,79.59721774193548,6.648790322580646,,199.9668049792531,0.41760810810810806,86.98467741935485,1005.6528225806453,updated,740,7000.4,248,0,492,5986.2,248,0,492,19740.11,248,0,492,1648.9,248,0,492,0.0,0,0,740,48192.0,241,0,499,309.03,740,309.03,0,21572.2,248,0,492,249401.9,248,0,492,28.22741935483871,24.13790322580645,79.59721774193548,6.648790322580646,,199.9668049792531,0.41760810810810806,86.98467741935484,1005.6528225806452,both,0,0.0,3.552713678800501e-15,0.0,0.0,,0.0,0.0,1.4210854715202004e-14,1.1368683772161603e-13,False
old,Chiang Mai,2018,8,744,20217.9,743,0,1,17148.0,743,0,1,58930.7,743,0,1,4269.0,743,0,1,0.0,0,0,744,102159.0,663,0,81,234.12,744,234.12,0,55461.5,743,0,1,249181.9,248,0,496,27.211170928667567,23.079407806191117,79.31453566621803,5.7456258411843875,,154.08597285067873,0.3146774193548387,74.64535666218035,1004.7657258064515,updated,744,20217.9,743,0,1,17148.0,743,0,1,58930.7,743,0,1,4269.0,743,0,1,0.0,0,0,744,102159.0,663,0,81,234.12,744,234.12,0,55461.5,743,0,1,249181.90000000002,248,0,496,27.211170928667567,23.079407806191117,79.31453566621803,5.7456258411843875,,154.08597285067873,0.3146774193548387,74.64535666218035,1004.7657258064517,both,0,0.0,0.0,0.0,0.0,,0.0,0.0,0.0,1.1368683772161603e-13,False
old,Nakhon Ratchasima,2018,8,744,19554.6,713,0,31,17062.9,713,0,31,58772.84,713,0,31,7064.0,713,0,31,148.39999999999998,4,0,740,148366.0,662,0,82,158.54000000000002,744,158.54000000000002,0,35604.5,707,0,37,249306.5,248,0,496,27.4258064516129,23.931136044880787,82.43035063113604,9.907433380084152,37.099999999999994,224.1178247734139,0.2130913978494624,50.35997171145686,1005.2681451612904,updated,744,19554.6,713,0,31,17062.9,713,0,31,58772.840000000004,713,0,31,7064.0,713,0,31,148.39999999999998,4,0,740,148366.0,662,0,82,158.54,744,158.54,0,35604.5,707,0,37,249306.5,248,0,496,27.4258064516129,23.931136044880787,82.43035063113605,9.907433380084152,37.099999999999994,224.1178247734139,0.21309139784946235,50.35997171145686,1005.2681451612904,both,0,0.0,0.0,1.4210854715202004e-14,0.0,0.0,0.0,5.551115123125783e-17,0.0,0.0,False
old,Songkhla,2018,8,744,21119.6,744,0,0,17468.9,744,0,0,56804.42999999999,744,0,0,5114.1,744,0,0,580.6,15,0,729,128584.0,742,0,2,158.17,744,158.17,0,40991.4,744,0,0,250122.59999999998,248,0,496,28.386559139784943,23.47970430107527,76.35004032258064,6.873790322580645,38.70666666666667,173.29380053908355,0.21259408602150537,55.09596774193549,1008.5588709677419,updated,744,21119.6,744,0,0,17468.9,744,0,0,56804.43,744,0,0,5114.1,744,0,0,580.6,15,0,729,128584.0,742,0,2,158.17,744,158.17,0,40991.4,744,0,0,250122.6,248,0,496,28.386559139784943,23.47970430107527,76.35004032258064,6.873790322580645,38.70666666666667,173.29380053908355,0.21259408602150537,55.09596774193549,1008.558870967742,both,0,0.0,0.0,0.0,0.0,0.0,0.0,0.0,0.0,1.1368683772161603e-13,False
old,Suphan Buri,2018,8,740,7052.6,248,0,492,5807.8,248,0,492,18721.15,248,0,492,817.4,248,0,492,0.0,0,0,740,55622.0,244,0,496,193.03000000000003,740,193.03000000000003,0,23592.1,248,0,492,249466.3,248,0,492,28.437903225806455,23.418548387096774,75.48850806451614,3.295967741935484,,227.95901639344262,0.2608513513513514,95.12943548387096,1005.9124999999999,updated,740,7052.6,248,0,492,5807.799999999999,248,0,492,18721.149999999998,248,0,492,817.3999999999999,248,0,492,0.0,0,0,740,55622.0,244,0,496,193.02999999999997,740,193.02999999999997,0,23592.1,248,0,492,249466.30000000002,248,0,492,28.437903225806455,23.41854838709677,75.48850806451613,3.2959677419354834,,227.95901639344262,0.2608513513513513,95.12943548387096,1005.9125,both,0,0.0,3.552713678800501e-15,1.4210854715202004e-14,4.440892098500626e-16,,0.0,1.1102230246251565e-16,0.0,1.1368683772161603e-13,False
old,Amnat Charoen,2018,12,744,19086.0,741,0,3,14103.3,741,0,3,50613.259999999995,741,0,3,6756.0,741,0,3,72.3,2,0,742,47104.0,724,0,20,27.390000000000004,744,27.390000000000004,0,20644.200000000004,741,0,3,251296.7,248,0,496,25.757085020242915,19.032793522267205,68.30399460188933,9.117408906882591,36.15,65.06077348066299,0.03681451612903226,27.859919028340087,1013.2931451612903,updated,744,19086.0,741,0,3,14103.3,741,0,3,50613.259999999995,741,0,3,6756.0,741,0,3,72.3,2,0,742,47104.0,724,0,20,27.390000000000004,744,27.390000000000004,0,20644.2,741,0,3,251296.7,248,0,496,25.757085020242915,19.032793522267205,68.30399460188933,9.117408906882591,36.15,65.06077348066299,0.03681451612903226,27.859919028340084,1013.2931451612903,both,0,0.0,0.0,0.0,0.0,0.0,0.0,0.0,3.552713678800501e-15,0.0,False
old,Chai Nat,2018,12,740,6729.7,248,0,492,5175.8,248,0,492,17553.69,248,0,492,807.0,248,0,492,0.0,0,0,740,43010.0,230,0,510,58.43,740,58.43,0,13420.2,248,0,492,251101.8,248,0,492,27.135887096774194,20.87016129032258,70.78100806451613,3.254032258064516,,187.0,0.07895945945945945,54.11370967741936,1012.5072580645161,updated,740,6729.7,248,0,492,5175.8,248,0,492,17553.690000000002,248,0,492,807.0,248,0,492,0.0,0,0,740,43010.0,230,0,510,58.43000000000001,740,58.43000000000001,0,13420.2,248,0,492,251101.8,248,0,492,27.135887096774194,20.87016129032258,70.78100806451614,3.254032258064516,,187.0,0.07895945945945947,54.11370967741936,1012.5072580645161,both,0,0.0,0.0,1.4210854715202004e-14,0.0,,0.0,1.3877787807814457e-17,0.0,0.0,False
old,Chiang Mai,2018,12,744,17921.1,744,0,0,14188.099999999999,744,0,0,56393.78,744,0,0,2862.0,744,0,0,27.7,1,0,743,91739.0,672,0,72,28.2,744,28.2,0,31726.1,744,0,0,251627.8,248,0,496,24.0875,19.070026881720427,75.79809139784946,3.846774193548387,27.7,136.51636904761904,0.03790322580645161,42.64260752688172,1014.6282258064516,updated,744,17921.1,744,0,0,14188.1,744,0,0,56393.78,744,0,0,2862.0,744,0,0,27.7,1,0,743,91739.0,672,0,72,28.200000000000003,744,28.200000000000003,0,31726.100000000002,744,0,0,251627.80000000002,248,0,496,24.0875,19.07002688172043,75.79809139784946,3.846774193548387,27.7,136.51636904761904,0.03790322580645162,42.642607526881726,1014.6282258064517,both,0,0.0,3.552713678800501e-15,0.0,0.0,0.0,0.0,6.938893903907228e-18,7.105427357601002e-15,1.1368683772161603e-13,False
old,Nakhon Ratchasima,2018,12,744,18852.1,732,0,12,14369.099999999999,732,0,12,52175.0,732,0,12,4641.9,732,0,12,0.0,0,0,744,42196.0,655,0,89,8.11,744,8.11,0,17882.5,731,0,13,251172.40000000002,248,0,496,25.754234972677594,19.629918032786883,71.27732240437159,6.34139344262295,,64.42137404580153,0.010900537634408602,24.463064295485637,1012.791935483871,updated,744,18852.1,732,0,12,14369.100000000002,732,0,12,52175.0,732,0,12,4641.9,732,0,12,0.0,0,0,744,42196.0,655,0,89,8.11,744,8.11,0,17882.5,731,0,13,251172.40000000002,248,0,496,25.754234972677594,19.62991803278689,71.27732240437159,6.34139344262295,,64.42137404580153,0.010900537634408602,24.463064295485637,1012.791935483871,both,0,0.0,7.105427357601002e-15,0.0,0.0,,0.0,0.0,0.0,0.0,False
old,Songkhla,2018,12,744,19997.8,743,0,1,17995.199999999997,743,0,1,63826.52,743,0,1,4801.8,743,0,1,377.7,11,0,733,66313.0,743,0,1,506.37,744,506.37,0,50092.0,743,0,1,250648.09999999998,248,0,496,26.91493943472409,24.219650067294747,85.90379542395692,6.462718707940781,34.336363636363636,89.25033647375504,0.6806048387096775,67.4185733512786,1010.677822580645,updated,744,19997.8,743,0,1,17995.2,743,0,1,63826.520000000004,743,0,1,4801.799999999999,743,0,1,377.7,11,0,733,66313.0,743,0,1,506.37,744,506.37,0,50092.0,743,0,1,250648.09999999998,248,0,496,26.91493943472409,24.21965006729475,85.90379542395694,6.4627187079407795,34.336363636363636,89.25033647375504,0.6806048387096775,67.4185733512786,1010.677822580645,both,0,0.0,3.552713678800501e-15,1.4210854715202004e-14,1.7763568394002505e-15,0.0,0.0,0.0,0.0,0.0,False
old,Suphan Buri,2018,12,740,6813.8,248,0,492,5343.599999999999,248,0,492,17777.57,248,0,492,546.8,248,0,492,0.0,0,0,740,38759.0,239,0,501,77.67,740,77.67,0,14030.099999999999,248,0,492,251033.5,248,0,492,27.475,21.546774193548384,71.68375,2.204838709677419,,162.1715481171548,0.10495945945945946,56.57298387096774,1012.2318548387096,updated,740,6813.8,248,0,492,5343.599999999999,248,0,492,17777.57,248,0,492,546.8,248,0,492,0.0,0,0,740,38759.0,239,0,501,77.66999999999999,740,77.66999999999999,0,14030.1,248,0,492,251033.5,248,0,492,27.475,21.546774193548384,71.68375,2.204838709677419,,162.1715481171548,0.10495945945945945,56.57298387096775,1012.2318548387096,both,0,0.0,0.0,0.0,0.0,,0.0,1.3877787807814457e-17,7.105427357601002e-15,0.0,False
old,Amnat Charoen,2019,1,744,18287.9,739,0,5,12403.899999999998,739,0,5,47159.3,739,0,5,6579.3,739,0,5,78.1,2,0,742,38634.0,730,0,14,0.0,744,0.0,0,17334.4,739,0,5,251674.6,248,0,496,24.746820027063603,16.784709066305815,63.8150202976996,8.90297699594046,39.05,52.92328767123288,0.0,23.456562922868745,1014.816935483871,updated,744,18287.9,739,0,5,12403.900000000001,739,0,5,47159.3,739,0,5,6579.299999999999,739,0,5,78.1,2,0,742,38634.0,730,0,14,0.0,744,0.0,0,17334.4,739,0,5,251674.6,248,0,496,24.746820027063603,16.78470906630582,63.8150202976996,8.90297699594046,39.05,52.92328767123288,0.0,23.456562922868745,1014.816935483871,both,0,0.0,3.552713678800501e-15,0.0,0.0,0.0,0.0,0.0,0.0,0.0,False
old,Chai Nat,2019,1,740,6555.1,248,0,492,4866.3,248,0,492,17054.519999999997,248,0,492,859.6999999999999,248,0,492,0.0,0,0,740,41209.0,227,0,513,0.8,740,0.8,0,13679.7,248,0,492,251403.0,248,0,492,26.43185483870968,19.622177419354838,68.7682258064516,3.466532258064516,,181.5374449339207,0.001081081081081081,55.160080645161294,1013.7217741935484,updated,740,6555.1,248,0,492,4866.299999999999,248,0,492,17054.519999999997,248,0,492,859.7,248,0,492,0.0,0,0,740,41209.0,227,0,513,0.8,740,0.8,0,13679.7,248,0,492,251403.0,248,0,492,26.43185483870968,19.622177419354834,68.7682258064516,3.4665322580645164,,181.5374449339207,0.001081081081081081,55.160080645161294,1013.7217741935484,both,0,0.0,3.552713678800501e-15,0.0,4.440892098500626e-16,,0.0,0.0,0.0,0.0,False
old,Chiang Mai,2019,1,744,17384.1,744,0,0,12821.7,744,0,0,53181.18,744,0,0,2660.1000000000004,744,0,0,0.0,0,0,744,85545.0,625,0,119,45.46,744,45.46,0,24474.1,744,0,0,251803.8,248,0,496,23.36572580645161,17.233467741935485,71.4800806451613,3.5754032258064523,,136.872,0.06110215053763441,32.89529569892473,1015.3379032258064,updated,744,17384.1,744,0,0,12821.7,744,0,0,53181.18,744,0,0,2660.1000000000004,744,0,0,0.0,0,0,744,85545.0,625,0,119,45.46,744,45.46,0,24474.100000000002,744,0,0,251803.8,248,0,496,23.36572580645161,17.233467741935485,71.4800806451613,3.5754032258064523,,136.872,0.06110215053763441,32.895295698924734,1015.3379032258064,both,0,0.0,0.0,0.0,0.0,,0.0,0.0,7.105427357601002e-15,0.0,False
old,Nakhon Ratchasima,2019,1,744,17011.7,663,0,81,11558.7,663,0,81,41427.46,663,0,81,4755.8,663,0,81,137.2,4,0,740,45283.0,581,0,163,0.0,744,0.0,0,13254.099999999999,662,0,82,251515.1,248,0,496,25.65867269984917,17.43393665158371,62.48485671191553,7.1731523378582205,34.3,77.93975903614458,0.0,20.021299093655585,1014.1737903225807,updated,744,17011.699999999997,663,0,81,11558.7,663,0,81,41427.46,663,0,81,4755.8,663,0,81,137.2,4,0,740,45283.0,581,0,163,0.0,744,0.0,0,13254.100000000002,662,0,82,251515.09999999998,248,0,496,25.658672699849166,17.43393665158371,62.48485671191553,7.1731523378582205,34.3,77.93975903614458,0.0,20.021299093655593,1014.1737903225805,both,0,3.552713678800501e-15,0.0,0.0,0.0,0.0,0.0,0.0,7.105427357601002e-15,1.1368683772161603e-13,False
old,Songkhla,2019,1,744,20145.2,741,0,3,17286.1,741,0,3,59503.02,741,0,3,7153.6,741,0,3,590.6,18,0,726,60034.0,735,0,9,322.17,744,322.17,0,37581.700000000004,741,0,3,290359.2,287,0,457,27.18650472334683,23.328070175438594,80.30097165991903,9.653981106612687,32.81111111111111,81.67891156462585,0.4330241935483871,50.717543859649126,1011.7045296167248,updated,744,20145.199999999997,741,0,3,17286.100000000002,741,0,3,59503.020000000004,741,0,3,7153.6,741,0,3,590.6,18,0,726,60034.0,735,0,9,322.1700000000001,744,322.1700000000001,0,37581.7,741,0,3,290359.2,287,0,457,27.186504723346825,23.3280701754386,80.30097165991903,9.653981106612687,32.81111111111111,81.67891156462585,0.43302419354838717,50.71754385964912,1011.7045296167248,both,0,3.552713678800501e-15,7.105427357601002e-15,0.0,0.0,0.0,0.0,5.551115123125783e-17,7.105427357601002e-15,0.0,False
old,Suphan Buri,2019,1,740,6651.5,248,0,492,5026.9,248,0,492,17168.87,248,0,492,402.29999999999995,248,0,492,0.0,0,0,740,37988.0,234,0,506,1.0,740,1.0,0,13350.5,248,0,492,251319.2,248,0,492,26.820564516129032,20.26975806451613,69.22931451612902,1.6221774193548386,,162.34188034188034,0.0013513513513513514,53.832661290322584,1013.3838709677419,updated,740,6651.5,248,0,492,5026.9,248,0,492,17168.87,248,0,492,402.29999999999995,248,0,492,0.0,0,0,740,37988.0,234,0,506,1.0,740,1.0,0,13350.5,248,0,492,251319.2,248,0,492,26.820564516129032,20.26975806451613,69.22931451612902,1.6221774193548386,,162.34188034188034,0.0013513513513513514,53.832661290322584,1013.3838709677419,both,0,0.0,0.0,0.0,0.0,,0.0,0.0,0.0,0.0,False
old,Amnat Charoen,2019,4,720,22446.800000000003,719,0,1,16286.0,719,0,1,45136.380000000005,719,0,1,4265.5,719,0,1,90.69999999999999,2,0,718,114211.0,673,0,47,105.39000000000001,720,105.39000000000001,0,25115.5,719,0,1,241956.7,240,0,480,31.21947148817803,22.650904033379692,62.77660639777469,5.932545201668985,45.349999999999994,169.70430906389302,0.14637500000000003,34.93115438108484,1008.1529166666667,updated,720,22446.8,719,0,1,16286.0,719,0,1,45136.38,719,0,1,4265.5,719,0,1,90.69999999999999,2,0,718,114211.0,673,0,47,105.39,720,105.39,0,25115.5,719,0,1,241956.7,240,0,480,31.219471488178023,22.650904033379692,62.776606397774685,5.932545201668985,45.349999999999994,169.70430906389302,0.146375,34.93115438108484,1008.1529166666667,both,0,7.105427357601002e-15,0.0,7.105427357601002e-15,0.0,0.0,0.0,2.7755575615628914e-17,0.0,0.0,False
old,Chai Nat,2019,4,716,7540.8,240,0,476,5902.700000000001,240,0,476,16687.81,240,0,476,1431.7999999999997,240,0,476,0.0,0,0,716,40491.0,236,0,480,191.55,716,191.55,0,11441.7,240,0,476,241944.6,240,0,476,31.42,24.594583333333336,69.53254166666667,5.965833333333332,,171.57203389830508,0.2675279329608939,47.673750000000005,1008.1025000000001,updated,716,7540.799999999999,240,0,476,5902.700000000001,240,0,476,16687.809999999998,240,0,476,1431.8,240,0,476,0.0,0,0,716,40491.0,236,0,480,191.55,716,191.55,0,11441.7,240,0,476,241944.6,240,0,476,31.419999999999998,24.594583333333336,69.53254166666666,5.965833333333333,,171.57203389830508,0.2675279329608939,47.673750000000005,1008.1025000000001,both,0,3.552713678800501e-15,0.0,1.4210854715202004e-14,8.881784197001252e-16,,0.0,0.0,0.0,0.0,False
old,Chiang Mai,2019,4,720,22475.6,720,0,0,12081.0,720,0,0,32567.27,720,0,0,4278.7,720,0,0,157.3,2,0,718,101333.0,634,0,86,35.44,720,35.44,0,11510.699999999999,720,0,0,241677.8,240,0,480,31.216111111111108,16.779166666666665,45.23231944444444,5.942638888888888,78.65,159.83123028391168,0.049222222222222216,15.987083333333333,1006.9908333333333,updated,720,22475.6,720,0,0,12080.999999999998,720,0,0,32567.270000000004,720,0,0,4278.7,720,0,0,157.3,2,0,718,101333.0,634,0,86,35.440000000000005,720,35.440000000000005,0,11510.7,720,0,0,241677.8,240,0,480,31.216111111111108,16.779166666666665,45.23231944444445,5.942638888888888,78.65,159.83123028391168,0.04922222222222223,15.987083333333334,1006.9908333333333,both,0,0.0,0.0,7.105427357601002e-15,0.0,0.0,0.0,1.3877787807814457e-17,1.7763568394002505e-15,0.0,False
old,Nakhon Ratchasima,2019,4,720,21590.7,700,0,20,15978.8,700,0,20,45174.31,700,0,20,5152.3,700,0,20,142.9,4,0,716,92503.0,534,0,186,102.25,720,102.25,0,18396.4,700,0,20,241903.8,240,0,480,30.843857142857143,22.826857142857143,64.53472857142857,7.360428571428572,35.725,173.2265917602996,0.14201388888888888,26.28057142857143,1007.9325,updated,720,21590.7,700,0,20,15978.8,700,0,20,45174.31,700,0,20,5152.3,700,0,20,142.9,4,0,716,92503.0,534,0,186,102.24999999999999,720,102.24999999999999,0,18396.4,700,0,20,241903.8,240,0,480,30.843857142857143,22.826857142857143,64.53472857142857,7.360428571428572,35.725,173.2265917602996,0.14201388888888886,26.28057142857143,1007.9325,both,0,0.0,0.0,0.0,0.0,0.0,0.0,2.7755575615628914e-17,0.0,0.0,False
old,Songkhla,2019,4,720,21005.6,719,0,1,17613.5,719,0,1,55414.520000000004,719,0,1,4038.5,719,0,1,107.7,3,0,717,60124.0,707,0,13,142.57999999999998,720,142.57999999999998,0,29730.8,719,0,1,242188.5,240,0,480,29.21502086230876,24.49721835883171,77.07165507649513,5.61682892906815,35.9,85.04101838755304,0.19802777777777775,41.35020862308762,1009.11875,updated,720,21005.6,719,0,1,17613.5,719,0,1,55414.52,719,0,1,4038.5000000000005,719,0,1,107.7,3,0,717,60124.0,707,0,13,142.58,720,142.58,0,29730.800000000003,719,0,1,242188.5,240,0,480,29.21502086230876,24.49721835883171,77.07165507649513,5.616828929068151,35.9,85.04101838755304,0.1980277777777778,41.350208623087624,1009.11875,both,0,0.0,0.0,0.0,8.881784197001252e-16,0.0,0.0,5.551115123125783e-17,7.105427357601002e-15,0.0,False
old,Suphan Buri,2019,4,716,7684.1,240,0,476,5887.4,240,0,476,16129.460000000001,240,0,476,728.6,240,0,476,0.0,0,0,716,40175.0,239,0,477,158.72,716,158.72,0,11780.2,240,0,476,241966.7,240,0,476,32.01708333333333,24.53083333333333,67.20608333333334,3.0358333333333336,,168.09623430962344,0.22167597765363128,49.08416666666667,1008.1945833333334,updated,716,7684.1,240,0,476,5887.4,240,0,476,16129.46,240,0,476,728.6,240,0,476,0.0,0,0,716,40175.0,239,0,477,158.72,716,158.72,0,11780.2,240,0,476,241966.7,240,0,476,32.01708333333333,24.53083333333333,67.20608333333332,3.0358333333333336,,168.09623430962344,0.22167597765363128,49.08416666666667,1008.1945833333334,both,0,0.0,0.0,1.4210854715202004e-14,0.0,,0.0,0.0,0.0,0.0,False
old,Amnat Charoen,2019,8,744,20418.5,744,0,0,18062.9,744,0,0,62311.729999999996,744,0,0,5820.2,744,0,0,90.7,2,0,742,141640.0,710,0,34,864.0200000000001,744,864.0200000000001,0,43563.9,744,0,0,268269.6,267,0,477,27.444220430107528,24.278091397849465,83.7523252688172,7.822849462365591,45.35,199.49295774647888,1.1613172043010753,58.553629032258065,1004.7550561797752,updated,744,20418.5,744,0,0,18062.9,744,0,0,62311.729999999996,744,0,0,5820.2,744,0,0,90.7,2,0,742,141640.0,710,0,34,864.0200000000001,744,864.0200000000001,0,43563.899999999994,744,0,0,268269.60000000003,267,0,477,27.444220430107528,24.278091397849465,83.7523252688172,7.822849462365591,45.35,199.49295774647888,1.1613172043010753,58.55362903225806,1004.7550561797755,both,0,0.0,0.0,0.0,0.0,0.0,0.0,0.0,7.105427357601002e-15,2.2737367544323206e-13,False
old,Chai Nat,2019,8,741,7574.599999999999,270,0,471,6522.0,270,0,471,21766.72,270,0,471,1174.4999999999998,270,0,471,0.0,0,0,741,51449.0,266,0,475,382.7,741,382.7,0,24630.100000000002,270,0,471,271444.8,270,0,471,28.054074074074073,24.155555555555555,80.61748148148149,4.349999999999999,,193.41729323308272,0.5164642375168691,91.2225925925926,1005.3511111111111,updated,741,7574.6,270,0,471,6522.0,270,0,471,21766.72,270,0,471,1174.5,270,0,471,0.0,0,0,741,51449.0,266,0,475,382.7,741,382.7,0,24630.1,270,0,471,271444.8,270,0,471,28.054074074074077,24.155555555555555,80.61748148148149,4.35,,193.41729323308272,0.5164642375168691,91.22259259259259,1005.3511111111111,both,0,3.552713678800501e-15,0.0,0.0,8.881784197001252e-16,,0.0,0.0,1.4210854715202004e-14,0.0,False
old,Chiang Mai,2019,8,744,20143.5,744,0,0,17685.9,744,0,0,61922.53,744,0,0,3955.6000000000004,744,0,0,29.5,1,0,743,97111.0,638,0,106,346.0,744,346.0,0,53212.99999999999,744,0,0,272104.3,271,0,473,27.074596774193548,23.771370967741937,83.22920698924732,5.316666666666667,29.5,152.2115987460815,0.4650537634408602,71.52284946236558,1004.0749077490774,updated,744,20143.5,744,0,0,17685.899999999998,744,0,0,61922.53,744,0,0,3955.6000000000004,744,0,0,29.5,1,0,743,97111.0,638,0,106,346.0,744,346.0,0,53213.0,744,0,0,272104.3,271,0,473,27.074596774193548,23.771370967741934,83.22920698924732,5.316666666666667,29.5,152.2115987460815,0.4650537634408602,71.52284946236558,1004.0749077490774,both,0,0.0,3.552713678800501e-15,0.0,0.0,0.0,0.0,0.0,0.0,0.0,False
old,Nakhon Ratchasima,2019,8,742,16986.2,583,0,159,13521.599999999999,583,0,159,41919.350000000006,583,0,159,6979.6,583,0,159,1591.4,40,0,702,116965.0,506,0,236,224.78,742,224.78,0,38047.600000000006,583,0,159,269301.3,268,0,474,29.135849056603774,23.19313893653516,71.90283018867926,11.97186963979417,39.785000000000004,231.15612648221344,0.3029380053908356,65.26174957118354,1004.8555970149254,updated,742,16986.2,583,0,159,13521.6,583,0,159,41919.35,583,0,159,6979.6,583,0,159,1591.4,40,0,702,116965.0,506,0,236,224.78,742,224.78,0,38047.600000000006,583,0,159,269301.3,268,0,474,29.135849056603774,23.193138936535163,71.90283018867925,11.97186963979417,39.785000000000004,231.15612648221344,0.3029380053908356,65.26174957118354,1004.8555970149254,both,0,0.0,3.552713678800501e-15,1.4210854715202004e-14,0.0,0.0,0.0,0.0,0.0,0.0,False
old,Songkhla,2019,8,744,20915.7,744,0,0,17650.600000000002,744,0,0,58462.740000000005,744,0,0,5100.699999999999,744,0,0,244.5,6,0,738,136672.0,717,0,27,145.95999999999998,744,145.95999999999998,0,38922.5,744,0,0,250241.3,248,0,496,28.1125,23.723924731182798,78.57895161290324,6.855779569892472,40.75,190.61645746164575,0.19618279569892472,52.31518817204301,1009.0374999999999,updated,744,20915.7,744,0,0,17650.6,744,0,0,58462.74,744,0,0,5100.700000000001,744,0,0,244.5,6,0,738,136672.0,717,0,27,145.96,744,145.96,0,38922.5,744,0,0,250241.30000000002,248,0,496,28.1125,23.723924731182795,78.57895161290323,6.855779569892474,40.75,190.61645746164575,0.19618279569892474,52.31518817204301,1009.0375,both,0,0.0,3.552713678800501e-15,1.4210854715202004e-14,1.7763568394002505e-15,0.0,0.0,2.7755575615628914e-17,0.0,1.1368683772161603e-13,False
old,Suphan Buri,2019,8,742,7802.700000000001,271,0,471,6536.3,271,0,471,20851.4,271,0,471,999.3,271,0,471,0.0,0,0,742,60463.0,271,0,471,222.90000000000003,742,222.90000000000003,0,25500.1,271,0,471,272512.9,271,0,471,28.79225092250923,24.119188191881918,76.94243542435424,3.687453874538745,,223.11070110701107,0.3004043126684637,94.09630996309963,1005.5826568265684,updated,742,7802.7,271,0,471,6536.299999999999,271,0,471,20851.399999999998,271,0,471,999.3,271,0,471,0.0,0,0,742,60463.0,271,0,471,222.90000000000003,742,222.90000000000003,0,25500.1,271,0,471,272512.9,271,0,471,28.792250922509226,24.119188191881918,76.94243542435423,3.687453874538745,,223.11070110701107,0.3004043126684637,94.09630996309963,1005.5826568265684,both,0,3.552713678800501e-15,0.0,1.4210854715202004e-14,0.0,,0.0,0.0,0.0,0.0,False
old,Amnat Charoen,2019,12,744,17648.8,744,0,0,12009.0,744,0,0,48401.72,744,0,0,6652.3,744,0,0,150.4,3,0,741,45902.0,732,0,12,0.0,744,0.0,0,11237.9,744,0,0,251663.9,248,0,496,23.721505376344084,16.141129032258064,65.05607526881721,8.941263440860215,50.13333333333333,62.70765027322405,0.0,15.104704301075268,1014.7737903225806,updated,744,17648.800000000003,744,0,0,12009.0,744,0,0,48401.72,744,0,0,6652.3,744,0,0,150.4,3,0,741,45902.0,732,0,12,0.0,744,0.0,0,11237.9,744,0,0,251663.90000000002,248,0,496,23.72150537634409,16.141129032258064,65.05607526881721,8.941263440860215,50.13333333333333,62.70765027322405,0.0,15.104704301075268,1014.7737903225808,both,0,7.105427357601002e-15,0.0,0.0,0.0,0.0,0.0,0.0,0.0,2.2737367544323206e-13,False
old,Chai Nat,2019,12,740,6244.6,248,0,492,4161.7,248,0,492,15563.3,248,0,492,725.1,248,0,492,0.0,0,0,740,32939.0,224,0,516,0.0,740,0.0,0,8408.1,248,0,492,251461.59999999998,248,0,492,25.17983870967742,16.781048387096774,62.755241935483866,2.923790322580645,,147.04910714285714,0.0,33.90362903225807,1013.958064516129,updated,740,6244.6,248,0,492,4161.700000000001,248,0,492,15563.3,248,0,492,725.0999999999999,248,0,492,0.0,0,0,740,32939.0,224,0,516,0.0,740,0.0,0,8408.1,248,0,492,251461.59999999998,248,0,492,25.17983870967742,16.781048387096778,62.755241935483866,2.9237903225806448,,147.04910714285714,0.0,33.90362903225807,1013.958064516129,both,0,0.0,3.552713678800501e-15,0.0,4.440892098500626e-16,,0.0,0.0,0.0,0.0,False
old,Chiang Mai,2019,12,744,16228.7,744,0,0,11120.599999999999,744,0,0,50805.76,744,0,0,2532.6,744,0,0,25.9,1,0,743,58425.0,617,0,127,22.37,744,22.37,0,13255.199999999999,744,0,0,251798.69999999998,248,0,496,21.8127688172043,14.947043010752687,68.287311827957,3.404032258064516,25.9,94.69205834683954,0.03006720430107527,17.816129032258065,1015.3173387096773,updated,744,16228.699999999999,744,0,0,11120.6,744,0,0,50805.759999999995,744,0,0,2532.6,744,0,0,25.9,1,0,743,58425.0,617,0,127,22.369999999999997,744,22.369999999999997,0,13255.2,744,0,0,251798.7,248,0,496,21.8127688172043,14.947043010752688,68.28731182795698,3.404032258064516,25.9,94.69205834683954,0.030067204301075266,17.816129032258065,1015.3173387096774,both,0,0.0,1.7763568394002505e-15,1.4210854715202004e-14,0.0,0.0,0.0,3.469446951953614e-18,0.0,1.1368683772161603e-13,False
old,Nakhon Ratchasima,2019,12,742,14108.8,558,0,184,9247.2,558,0,184,34004.46,558,0,184,4789.1,558,0,184,94.6,2,0,740,31972.0,449,0,293,0.0,742,0.0,0,9702.099999999999,557,0,185,251562.5,248,0,494,25.28458781362007,16.57204301075269,60.93989247311828,8.582616487455198,47.3,71.20712694877506,0.0,17.418491921005383,1014.3649193548387,updated,742,14108.8,558,0,184,9247.199999999999,558,0,184,34004.46,558,0,184,4789.1,558,0,184,94.6,2,0,740,31972.0,449,0,293,0.0,742,0.0,0,9702.1,557,0,185,251562.5,248,0,494,25.28458781362007,16.572043010752687,60.93989247311828,8.582616487455198,47.3,71.20712694877506,0.0,17.418491921005387,1014.3649193548387,both,0,0.0,3.552713678800501e-15,0.0,0.0,0.0,0.0,0.0,3.552713678800501e-15,0.0,False
old,Songkhla,2019,12,744,19880.1,744,0,0,17413.100000000002,744,0,0,61584.78,744,0,0,7200.2,744,0,0,127.5,3,0,741,65168.0,726,0,18,228.65000000000003,744,228.65000000000003,0,37608.3,744,0,0,250857.90000000002,248,0,496,26.72056451612903,23.40470430107527,82.77524193548388,9.67768817204301,42.5,89.76308539944904,0.30732526881720434,50.54879032258065,1011.5237903225808,updated,744,19880.1,744,0,0,17413.1,744,0,0,61584.78,744,0,0,7200.200000000001,744,0,0,127.5,3,0,741,65168.0,726,0,18,228.64999999999998,744,228.64999999999998,0,37608.299999999996,744,0,0,250857.9,248,0,496,26.72056451612903,23.404704301075267,82.77524193548388,9.677688172043013,42.5,89.76308539944904,0.3073252688172043,50.548790322580636,1011.5237903225806,both,0,0.0,3.552713678800501e-15,0.0,1.7763568394002505e-15,0.0,0.0,5.551115123125783e-17,1.4210854715202004e-14,2.2737367544323206e-13,False
old,Suphan Buri,2019,12,740,6425.9,248,0,492,4505.1,248,0,492,15972.66,248,0,492,559.2,248,0,492,0.0,0,0,740,33197.0,232,0,508,0.0,740,0.0,0,8908.7,248,0,492,251348.3,248,0,492,25.910887096774193,18.165725806451615,64.4058870967742,2.2548387096774194,,143.0905172413793,0.0,35.92217741935484,1013.5012096774193,updated,740,6425.9,248,0,492,4505.1,248,0,492,15972.660000000002,248,0,492,559.1999999999999,248,0,492,0.0,0,0,740,33197.0,232,0,508,0.0,740,0.0,0,8908.699999999999,248,0,492,251348.3,248,0,492,25.910887096774193,18.165725806451615,64.4058870967742,2.254838709677419,,143.0905172413793,0.0,35.92217741935483,1013.5012096774193,both,0,0.0,0.0,0.0,4.440892098500626e-16,,0.0,0.0,7.105427357601002e-15,0.0,False
old,Amnat Charoen,2020,1,744,18693.5,742,0,2,12988.099999999999,742,0,2,48325.59,742,0,2,4757.4,742,0,2,0.0,0,0,744,49704.0,720,0,24,2.6999999999999997,744,2.6999999999999997,0,12907.400000000001,737,0,7,247250.5,244,0,500,25.193396226415093,17.504177897574124,65.12882749326145,6.411590296495956,,69.03333333333333,0.003629032258064516,17.513432835820897,1013.3217213114754,updated,744,18693.5,742,0,2,12988.1,742,0,2,48325.59,742,0,2,4757.4,742,0,2,0.0,0,0,744,49704.0,720,0,24,2.7,744,2.7,0,12907.400000000001,737,0,7,247250.5,244,0,500,25.193396226415093,17.504177897574124,65.12882749326145,6.411590296495956,,69.03333333333333,0.0036290322580645163,17.513432835820897,1013.3217213114754,both,0,0.0,0.0,0.0,0.0,,0.0,4.336808689942018e-19,0.0,0.0,False
old,Chai Nat,2020,1,740,6752.1,244,0,496,4857.200000000001,244,0,496,16048.81,244,0,496,650.3,244,0,496,0.0,0,0,740,32748.0,198,0,542,0.0,740,0.0,0,11470.1,244,0,496,246961.1,244,0,496,27.67254098360656,19.906557377049182,65.77381147540983,2.6651639344262295,,165.3939393939394,0.0,47.00860655737705,1012.135655737705,updated,740,6752.1,244,0,496,4857.2,244,0,496,16048.810000000001,244,0,496,650.3,244,0,496,0.0,0,0,740,32748.0,198,0,542,0.0,740,0.0,0,11470.099999999999,244,0,496,246961.1,244,0,496,27.67254098360656,19.90655737704918,65.77381147540984,2.6651639344262295,,165.3939393939394,0.0,47.00860655737704,1012.135655737705,both,0,0.0,3.552713678800501e-15,1.4210854715202004e-14,0.0,,0.0,0.0,7.105427357601002e-15,0.0,False
old,Chiang Mai,2020,1,744,17217.1,744,0,0,10828.599999999999,744,0,0,46644.380000000005,744,0,0,2152.7000000000003,744,0,0,0.0,0,0,744,55953.0,625,0,119,0.0,744,0.0,0,10363.400000000001,738,0,6,247198.0,244,0,500,23.141263440860214,14.554569892473117,62.694059139784954,2.8934139784946242,,89.5248,0.0,14.042547425474257,1013.1065573770492,updated,744,17217.1,744,0,0,10828.599999999999,744,0,0,46644.38,744,0,0,2152.7,744,0,0,0.0,0,0,744,55953.0,625,0,119,0.0,744,0.0,0,10363.400000000001,738,0,6,247198.0,244,0,500,23.141263440860214,14.554569892473117,62.69405913978494,2.8934139784946233,,89.5248,0.0,14.042547425474257,1013.1065573770492,both,0,0.0,0.0,1.4210854715202004e-14,8.881784197001252e-16,,0.0,0.0,0.0,0.0,False
old,Nakhon Ratchasima,2020,1,742,15526.1,554,0,188,10014.3,554,0,188,31798.79,554,0,188,3995.2,554,0,188,72.4,2,0,740,41145.0,423,0,319,0.0,742,0.0,0,10542.5,554,0,188,248041.6,245,0,497,28.025451263537906,18.076353790613716,57.398537906137186,7.211552346570397,36.2,97.26950354609929,0.0,19.029783393501805,1012.414693877551,updated,742,15526.1,554,0,188,10014.3,554,0,188,31798.79,554,0,188,3995.2,554,0,188,72.4,2,0,740,41145.0,423,0,319,0.0,742,0.0,0,10542.5,554,0,188,248041.6,245,0,497,28.025451263537906,18.076353790613716,57.398537906137186,7.211552346570397,36.2,97.26950354609929,0.0,19.029783393501805,1012.414693877551,both,0,0.0,0.0,0.0,0.0,0.0,0.0,0.0,0.0,0.0,False
old,Songkhla,2020,1,744,20352.0,743,0,1,17275.4,743,0,1,58772.68000000001,743,0,1,7438.6,743,0,1,382.6,9,0,735,67747.0,724,0,20,9.28,744,9.28,0,28915.0,743,0,1,249876.0,247,0,497,27.391655450874833,23.250874831763124,79.10185733512787,10.011574697173621,42.51111111111111,93.5732044198895,0.012473118279569892,38.91655450874832,1011.6437246963562,updated,744,20352.0,743,0,1,17275.4,743,0,1,58772.68,743,0,1,7438.6,743,0,1,382.6,9,0,735,67747.0,724,0,20,9.28,744,9.28,0,28915.0,743,0,1,249876.0,247,0,497,27.391655450874833,23.250874831763124,79.10185733512786,10.011574697173621,42.51111111111111,93.5732044198895,0.012473118279569892,38.91655450874832,1011.6437246963562,both,0,0.0,0.0,1.4210854715202004e-14,0.0,0.0,0.0,0.0,0.0,0.0,False
old,Suphan Buri,2020,1,740,6866.6,245,0,495,5309.6,245,0,495,17362.239999999998,245,0,495,311.0,245,0,495,0.0,0,0,740,37844.0,217,0,523,0.0,740,0.0,0,10095.1,245,0,495,247918.0,245,0,495,28.026938775510207,21.67183673469388,70.86628571428571,1.2693877551020407,,174.3963133640553,0.0,41.20448979591837,1011.9102040816326,updated,740,6866.6,245,0,495,5309.599999999999,245,0,495,17362.239999999998,245,0,495,311.0,245,0,495,0.0,0,0,740,37844.0,217,0,523,0.0,740,0.0,0,10095.1,245,0,495,247918.0,245,0,495,28.026938775510207,21.671836734693876,70.86628571428571,1.2693877551020407,,174.3963133640553,0.0,41.20448979591837,1011.9102040816326,both,0,0.0,3.552713678800501e-15,0.0,0.0,,0.0,0.0,0.0,0.0,False
old,Amnat Charoen,2020,4,720,21085.0,717,0,3,15255.899999999998,717,0,3,45689.51,717,0,3,5147.4,717,0,3,183.5,4,0,716,78524.0,674,0,46,95.97,720,95.97,0,23179.4,716,0,4,242593.8,240,0,480,29.407252440725244,21.277405857740582,63.7231659693166,7.179079497907949,45.875,116.50445103857567,0.13329166666666667,32.37346368715084,1010.8075,updated,720,21085.0,717,0,3,15255.9,717,0,3,45689.51,717,0,3,5147.4,717,0,3,183.5,4,0,716,78524.0,674,0,46,95.97,720,95.97,0,23179.399999999998,716,0,4,242593.8,240,0,480,29.407252440725244,21.277405857740586,63.7231659693166,7.179079497907949,45.875,116.50445103857567,0.13329166666666667,32.37346368715083,1010.8075,both,0,0.0,3.552713678800501e-15,0.0,0.0,0.0,0.0,0.0,7.105427357601002e-15,0.0,False
old,Chai Nat,2020,4,716,7695.3,240,0,476,5366.5,240,0,476,14304.509999999998,240,0,476,1545.6000000000001,240,0,476,0.0,0,0,716,39311.0,237,0,479,96.32,716,96.32,0,13631.5,240,0,476,242371.2,240,0,476,32.06375,22.360416666666666,59.602124999999994,6.44,,165.86919831223628,0.13452513966480445,56.797916666666666,1009.88,updated,716,7695.3,240,0,476,5366.5,240,0,476,14304.51,240,0,476,1545.6,240,0,476,0.0,0,0,716,39311.0,237,0,479,96.32,716,96.32,0,13631.5,240,0,476,242371.2,240,0,476,32.06375,22.360416666666666,59.602125,6.4399999999999995,,165.86919831223628,0.13452513966480445,56.797916666666666,1009.88,both,0,0.0,0.0,7.105427357601002e-15,8.881784197001252e-16,,0.0,0.0,0.0,0.0,False
old,Chiang Mai,2020,4,720,21888.9,720,0,0,11831.8,720,0,0,34016.75,720,0,0,5257.8,720,0,0,0.0,0,0,720,96762.0,559,0,161,80.27000000000001,720,80.27000000000001,0,19630.399999999998,716,0,4,242120.9,240,0,480,30.40125,16.433055555555555,47.24548611111111,7.3025,,173.09838998211092,0.11148611111111112,27.41675977653631,1008.8370833333333,updated,720,21888.9,720,0,0,11831.8,720,0,0,34016.75,720,0,0,5257.8,720,0,0,0.0,0,0,720,96762.0,559,0,161,80.27,720,80.27,0,19630.4,716,0,4,242120.9,240,0,480,30.40125,16.433055555555555,47.24548611111111,7.3025,,173.09838998211092,0.1114861111111111,27.416759776536313,1008.8370833333333,both,0,0.0,0.0,0.0,0.0,,0.0,1.3877787807814457e-17,3.552713678800501e-15,0.0,False
old,Nakhon Ratchasima,2020,4,716,13095.5,422,0,294,9502.5,422,0,294,26618.120000000003,422,0,294,3000.2,422,0,294,0.0,0,0,716,51645.0,336,0,380,142.53,716,142.53,0,17837.8,421,0,295,242415.7,240,0,476,31.031990521327014,22.517772511848342,63.07611374407583,7.109478672985782,,153.70535714285714,0.19906424581005586,42.37007125890736,1010.0654166666667,updated,716,13095.5,422,0,294,9502.5,422,0,294,26618.120000000003,422,0,294,3000.2,422,0,294,0.0,0,0,716,51645.0,336,0,380,142.53,716,142.53,0,17837.8,421,0,295,242415.7,240,0,476,31.031990521327014,22.517772511848342,63.07611374407583,7.109478672985782,,153.70535714285714,0.19906424581005586,42.37007125890736,1010.0654166666667,both,0,0.0,0.0,0.0,0.0,,0.0,0.0,0.0,0.0,False
old,Songkhla,2020,4,720,20928.5,719,0,1,17822.3,719,0,1,56626.369999999995,719,0,1,5955.3,719,0,1,176.5,5,0,715,64814.0,700,0,20,196.47,720,196.47,0,31618.199999999997,719,0,1,242425.5,240,0,480,29.10778859527121,24.78762169680111,78.75712100139081,8.282753824756607,35.3,92.59142857142857,0.272875,43.97524339360222,1010.10625,updated,720,20928.5,719,0,1,17822.3,719,0,1,56626.37,719,0,1,5955.299999999999,719,0,1,176.5,5,0,715,64814.0,700,0,20,196.46999999999997,720,196.46999999999997,0,31618.2,719,0,1,242425.5,240,0,480,29.10778859527121,24.78762169680111,78.75712100139083,8.282753824756606,35.3,92.59142857142857,0.272875,43.97524339360223,1010.10625,both,0,0.0,0.0,1.4210854715202004e-14,1.7763568394002505e-15,0.0,0.0,0.0,7.105427357601002e-15,0.0,False
old,Suphan Buri,2020,4,716,7534.200000000001,240,0,476,5750.6,240,0,476,16141.909999999998,240,0,476,769.9,240,0,476,0.0,0,0,716,40072.0,236,0,480,137.95999999999998,716,137.95999999999998,0,13623.9,240,0,476,242372.80000000002,240,0,476,31.392500000000002,23.960833333333333,67.25795833333332,3.2079166666666667,,169.79661016949152,0.19268156424581004,56.76625,1009.8866666666668,updated,716,7534.2,240,0,476,5750.6,240,0,476,16141.91,240,0,476,769.9000000000001,240,0,476,0.0,0,0,716,40072.0,236,0,480,137.95999999999998,716,137.95999999999998,0,13623.899999999998,240,0,476,242372.8,240,0,476,31.3925,23.960833333333333,67.25795833333333,3.207916666666667,,169.79661016949152,0.19268156424581004,56.76624999999999,1009.8866666666667,both,0,3.552713678800501e-15,0.0,1.4210854715202004e-14,4.440892098500626e-16,,0.0,0.0,7.105427357601002e-15,1.1368683772161603e-13,False
old,Amnat Charoen,2020,8,744,20400.8,743,0,1,18379.9,743,0,1,64069.24,743,0,1,4032.2,743,0,1,38.9,1,0,743,115422.0,655,0,89,515.47,744,515.47,0,40917.3,743,0,1,249522.0,248,0,496,27.457335127860027,24.73741588156124,86.23047106325706,5.426917900403768,38.9,176.21679389312976,0.6928360215053764,55.07039030955586,1006.1370967741935,updated,744,20400.8,743,0,1,18379.899999999998,743,0,1,64069.24,743,0,1,4032.2,743,0,1,38.9,1,0,743,115422.0,655,0,89,515.47,744,515.47,0,40917.3,743,0,1,249522.0,248,0,496,27.457335127860027,24.737415881561237,86.23047106325706,5.426917900403768,38.9,176.21679389312976,0.6928360215053764,55.07039030955586,1006.1370967741935,both,0,0.0,3.552713678800501e-15,0.0,0.0,0.0,0.0,0.0,0.0,0.0,False
old,Chai Nat,2020,8,740,7204.6,248,0,492,5945.6,248,0,492,18778.9,248,0,492,1108.3999999999999,248,0,492,0.0,0,0,740,43460.0,232,0,508,245.5,740,245.5,0,19910.300000000003,248,0,492,249467.0,248,0,492,29.050806451612903,23.9741935483871,75.72137096774195,4.469354838709677,,187.32758620689654,0.33175675675675675,80.2834677419355,1005.9153225806451,updated,740,7204.6,248,0,492,5945.6,248,0,492,18778.9,248,0,492,1108.4,248,0,492,0.0,0,0,740,43460.0,232,0,508,245.5,740,245.5,0,19910.300000000003,248,0,492,249467.0,248,0,492,29.050806451612903,23.9741935483871,75.72137096774195,4.469354838709678,,187.32758620689654,0.33175675675675675,80.2834677419355,1005.9153225806451,both,0,0.0,0.0,0.0,8.881784197001252e-16,,0.0,0.0,0.0,0.0,False
old,Chiang Mai,2020,8,743,20147.6,743,0,0,17608.399999999998,743,0,0,61371.33,743,0,0,4102.1,743,0,0,136.8,3,0,740,96680.0,524,0,219,531.4899999999999,743,531.4899999999999,0,49740.0,743,0,0,249230.09999999998,248,0,495,27.116554508748315,23.699057873485867,82.59936742934052,5.52099596231494,45.6,184.50381679389312,0.715329744279946,66.94481830417227,1004.9600806451612,updated,743,20147.600000000002,743,0,0,17608.4,743,0,0,61371.33,743,0,0,4102.1,743,0,0,136.8,3,0,740,96680.0,524,0,219,531.49,743,531.49,0,49740.0,743,0,0,249230.1,248,0,495,27.11655450874832,23.69905787348587,82.59936742934052,5.52099596231494,45.6,184.50381679389312,0.7153297442799462,66.94481830417227,1004.9600806451613,both,0,3.552713678800501e-15,3.552713678800501e-15,0.0,0.0,0.0,0.0,2.220446049250313e-16,0.0,1.1368683772161603e-13,False
old,Nakhon Ratchasima,2020,8,741,14795.0,521,0,220,12802.0,521,0,220,42164.44,521,0,220,4432.1,521,0,220,182.1,4,0,737,103763.0,467,0,274,320.5,741,320.5,0,31461.4,521,0,220,249439.4,248,0,493,28.39731285988484,24.571976967370443,80.92982725527831,8.506909788867564,45.525,222.19057815845824,0.432523616734143,60.38656429942419,1005.8040322580645,updated,741,14795.0,521,0,220,12802.0,521,0,220,42164.44,521,0,220,4432.1,521,0,220,182.1,4,0,737,103763.0,467,0,274,320.5,741,320.5,0,31461.399999999998,521,0,220,249439.4,248,0,493,28.39731285988484,24.571976967370443,80.92982725527831,8.506909788867564,45.525,222.19057815845824,0.432523616734143,60.38656429942418,1005.8040322580645,both,0,0.0,0.0,0.0,0.0,0.0,0.0,0.0,7.105427357601002e-15,0.0,False
old,Songkhla,2020,8,743,20807.1,743,0,0,18471.9,743,0,0,62830.88999999999,743,0,0,4505.3,743,0,0,35.3,1,0,742,121104.0,655,0,88,329.56,743,329.56,0,40683.7,743,0,0,250031.09999999998,248,0,495,28.00417227456258,24.861238223418574,84.56378196500673,6.063660834454913,35.3,184.89160305343512,0.44355316285329743,54.75598923283984,1008.1899193548386,updated,743,20807.100000000002,743,0,0,18471.9,743,0,0,62830.89,743,0,0,4505.299999999999,743,0,0,35.3,1,0,742,121104.0,655,0,88,329.56000000000006,743,329.56000000000006,0,40683.7,743,0,0,250031.09999999998,248,0,495,28.00417227456259,24.861238223418574,84.56378196500673,6.063660834454912,35.3,184.89160305343512,0.44355316285329754,54.75598923283984,1008.1899193548386,both,0,7.105427357601002e-15,0.0,0.0,8.881784197001252e-16,0.0,0.0,1.1102230246251565e-16,0.0,0.0,False
old,Suphan Buri,2020,8,740,7274.6,248,0,492,5969.799999999999,248,0,492,18571.92,248,0,492,767.9000000000001,248,0,492,0.0,0,0,740,48802.0,237,0,503,167.95000000000002,740,167.95000000000002,0,20788.1,248,0,492,249494.6,248,0,492,29.333064516129035,24.071774193548386,74.88677419354838,3.0963709677419358,,205.915611814346,0.22695945945945947,83.82298387096773,1006.0266129032258,updated,740,7274.599999999999,248,0,492,5969.8,248,0,492,18571.920000000002,248,0,492,767.9,248,0,492,0.0,0,0,740,48802.0,237,0,503,167.95000000000002,740,167.95000000000002,0,20788.1,248,0,492,249494.59999999998,248,0,492,29.33306451612903,24.07177419354839,74.88677419354839,3.0963709677419353,,205.915611814346,0.22695945945945947,83.82298387096773,1006.0266129032257,both,0,3.552713678800501e-15,3.552713678800501e-15,1.4210854715202004e-14,4.440892098500626e-16,,0.0,0.0,0.0,1.1368683772161603e-13,False
old,Amnat Charoen,2020,12,744,17322.899999999998,744,0,0,12711.099999999999,744,0,0,51889.53,744,0,0,8737.7,744,0,0,131.29999999999998,3,0,741,39450.0,739,0,5,0.30000000000000004,744,0.30000000000000004,0,19631.0,744,0,0,251453.9,248,0,496,23.283467741935482,17.084811827956987,69.74399193548388,11.744220430107529,43.76666666666666,53.382949932341,0.00040322580645161296,26.385752688172044,1013.9270161290323,updated,744,17322.9,744,0,0,12711.1,744,0,0,51889.53,744,0,0,8737.7,744,0,0,131.3,3,0,741,39450.0,739,0,5,0.30000000000000004,744,0.30000000000000004,0,19631.0,744,0,0,251453.89999999997,248,0,496,23.283467741935485,17.08481182795699,69.74399193548388,11.744220430107529,43.76666666666667,53.382949932341,0.00040322580645161296,26.385752688172044,1013.9270161290322,both,0,3.552713678800501e-15,3.552713678800501e-15,0.0,0.0,1.4210854715202004e-14,0.0,0.0,0.0,1.1368683772161603e-13,False
old,Chai Nat,2020,12,740,6317.3,248,0,492,4528.1,248,0,492,16475.61,248,0,492,792.2,248,0,492,0.0,0,0,740,29355.0,229,0,511,3.0,740,3.0,0,11800.3,248,0,492,251150.4,248,0,492,25.47298387096774,18.258467741935487,66.43391129032258,3.1943548387096774,,128.1877729257642,0.004054054054054054,47.581854838709674,1012.7032258064515,updated,740,6317.299999999999,248,0,492,4528.1,248,0,492,16475.61,248,0,492,792.2,248,0,492,0.0,0,0,740,29355.0,229,0,511,3.0,740,3.0,0,11800.3,248,0,492,251150.4,248,0,492,25.472983870967738,18.258467741935487,66.43391129032258,3.1943548387096774,,128.1877729257642,0.004054054054054054,47.581854838709674,1012.7032258064515,both,0,3.552713678800501e-15,0.0,0.0,0.0,,0.0,0.0,0.0,0.0,False
old,Chiang Mai,2020,12,744,16776.4,744,0,0,11760.7,744,0,0,50964.299999999996,744,0,0,3203.3,744,0,0,0.0,0,0,744,68301.0,434,0,310,0.0,744,0.0,0,15943.599999999999,744,0,0,251406.80000000002,248,0,496,22.548924731182797,15.80739247311828,68.50040322580645,4.305510752688172,,157.37557603686636,0.0,21.429569892473115,1013.7370967741937,updated,744,16776.4,744,0,0,11760.699999999999,744,0,0,50964.3,744,0,0,3203.3,744,0,0,0.0,0,0,744,68301.0,434,0,310,0.0,744,0.0,0,15943.6,744,0,0,251406.8,248,0,496,22.548924731182797,15.807392473118279,68.50040322580645,4.305510752688172,,157.37557603686636,0.0,21.42956989247312,1013.7370967741934,both,0,0.0,1.7763568394002505e-15,0.0,0.0,,0.0,0.0,3.552713678800501e-15,2.2737367544323206e-13,False
old,Nakhon Ratchasima,2020,12,742,12987.9,530,0,212,9956.2,530,0,212,38198.67,530,0,212,4999.4,530,0,212,78.1,2,0,740,45174.0,469,0,273,0.2,742,0.2,0,15703.400000000001,530,0,212,251298.09999999998,248,0,494,24.505471698113208,18.785283018867926,72.07296226415095,9.432830188679244,39.05,96.31982942430703,0.00026954177897574127,29.629056603773588,1013.2987903225805,updated,742,12987.9,530,0,212,9956.2,530,0,212,38198.67,530,0,212,4999.4,530,0,212,78.1,2,0,740,45174.0,469,0,273,0.2,742,0.2,0,15703.400000000001,530,0,212,251298.09999999998,248,0,494,24.505471698113208,18.785283018867926,72.07296226415095,9.432830188679244,39.05,96.31982942430703,0.00026954177897574127,29.629056603773588,1013.2987903225805,both,0,0.0,0.0,0.0,0.0,0.0,0.0,0.0,0.0,0.0,False
old,Songkhla,2020,12,744,19469.5,744,0,0,18013.9,744,0,0,66896.34999999999,744,0,0,3952.6000000000004,744,0,0,42.5,1,0,743,65109.0,699,0,45,799.02,744,799.02,0,53160.30000000001,744,0,0,250499.6,248,0,496,26.168682795698924,24.2122311827957,89.91444892473118,5.312634408602151,42.5,93.14592274678111,1.0739516129032258,71.45201612903227,1010.0790322580646,updated,744,19469.5,744,0,0,18013.899999999998,744,0,0,66896.35,744,0,0,3952.6,744,0,0,42.5,1,0,743,65109.0,699,0,45,799.02,744,799.02,0,53160.3,744,0,0,250499.6,248,0,496,26.168682795698924,24.212231182795698,89.91444892473119,5.31263440860215,42.5,93.14592274678111,1.0739516129032258,71.45201612903226,1010.0790322580646,both,0,0.0,3.552713678800501e-15,1.4210854715202004e-14,8.881784197001252e-16,0.0,0.0,0.0,1.4210854715202004e-14,0.0,False
old,Suphan Buri,2020,12,740,6431.1,248,0,492,4777.1,248,0,492,16907.260000000002,248,0,492,1158.7999999999997,248,0,492,0.0,0,0,740,27917.0,232,0,508,3.0,740,3.0,0,12035.5,248,0,492,251053.7,248,0,492,25.93185483870968,19.262500000000003,68.17443548387098,4.672580645161289,,120.33189655172414,0.004054054054054054,48.53024193548387,1012.3133064516129,updated,740,6431.099999999999,248,0,492,4777.1,248,0,492,16907.26,248,0,492,1158.8000000000002,248,0,492,0.0,0,0,740,27917.0,232,0,508,3.0,740,3.0,0,12035.5,248,0,492,251053.69999999998,248,0,492,25.931854838709675,19.262500000000003,68.17443548387097,4.6725806451612915,,120.33189655172414,0.004054054054054054,48.53024193548387,1012.3133064516128,both,0,3.552713678800501e-15,0.0,1.4210854715202004e-14,2.6645352591003757e-15,,0.0,0.0,0.0,1.1368683772161603e-13,False
old,Amnat Charoen,2021,1,744,16110.199999999999,743,0,1,10636.599999999999,743,0,1,48660.729999999996,743,0,1,7090.4,743,0,1,142.8,3,0,741,45137.0,732,0,12,0.0,744,0.0,0,13842.8,743,0,1,253636.8,250,0,494,21.682637954239567,14.315746971736203,65.49223418573351,9.54293405114401,47.6,61.66256830601093,0.0,18.63095558546433,1014.5472,updated,744,16110.199999999997,743,0,1,10636.6,743,0,1,48660.729999999996,743,0,1,7090.4,743,0,1,142.8,3,0,741,45137.0,732,0,12,0.0,744,0.0,0,13842.8,743,0,1,253636.8,250,0,494,21.682637954239567,14.315746971736205,65.49223418573351,9.54293405114401,47.6,61.66256830601093,0.0,18.63095558546433,1014.5472,both,0,0.0,1.7763568394002505e-15,0.0,0.0,0.0,0.0,0.0,0.0,0.0,False
old,Chai Nat,2021,1,740,6024.3,250,0,490,3999.5,250,0,490,15810.970000000001,250,0,490,793.8,250,0,490,0.0,0,0,740,30580.0,223,0,517,0.0,740,0.0,0,8674.0,250,0,490,253229.3,250,0,490,24.0972,15.998,63.243880000000004,3.1752,,137.13004484304932,0.0,34.696,1012.9172,updated,740,6024.3,250,0,490,3999.5,250,0,490,15810.970000000001,250,0,490,793.8,250,0,490,0.0,0,0,740,30580.0,223,0,517,0.0,740,0.0,0,8674.0,250,0,490,253229.3,250,0,490,24.0972,15.998,63.243880000000004,3.1752,,137.13004484304932,0.0,34.696,1012.9172,both,0,0.0,0.0,0.0,0.0,,0.0,0.0,0.0,0.0,False
old,Chiang Mai,2021,1,744,16646.6,744,0,0,11208.6,744,0,0,49134.96000000001,744,0,0,3567.5,744,0,0,0.0,0,0,744,67712.0,444,0,300,23.24,744,23.24,0,21087.7,744,0,0,253297.4,250,0,494,22.374462365591395,15.065322580645162,66.04161290322581,4.79502688172043,,152.5045045045045,0.031236559139784945,28.343682795698925,1013.1895999999999,updated,744,16646.6,744,0,0,11208.599999999999,744,0,0,49134.96,744,0,0,3567.5,744,0,0,0.0,0,0,744,67712.0,444,0,300,23.24,744,23.24,0,21087.7,744,0,0,253297.40000000002,250,0,494,22.374462365591395,15.065322580645159,66.04161290322581,4.79502688172043,,152.5045045045045,0.031236559139784945,28.343682795698925,1013.1896,both,0,0.0,3.552713678800501e-15,0.0,0.0,,0.0,0.0,0.0,1.1368683772161603e-13,False
old,Nakhon Ratchasima,2021,1,742,12542.9,534,0,208,9471.0,534,0,208,38489.899999999994,534,0,208,4345.8,534,0,208,0.0,0,0,742,42938.0,431,0,311,0.0,742,0.0,0,8850.4,532,0,210,253434.0,250,0,492,23.488576779026218,17.735955056179776,72.07846441947565,8.138202247191012,,99.62412993039443,0.0,16.63609022556391,1013.736,updated,742,12542.9,534,0,208,9471.0,534,0,208,38489.899999999994,534,0,208,4345.8,534,0,208,0.0,0,0,742,42938.0,431,0,311,0.0,742,0.0,0,8850.4,532,0,210,253434.0,250,0,492,23.488576779026218,17.735955056179776,72.07846441947565,8.138202247191012,,99.62412993039443,0.0,16.63609022556391,1013.736,both,0,0.0,0.0,0.0,0.0,,0.0,0.0,0.0,0.0,False
old,Songkhla,2021,1,744,19625.9,744,0,0,17202.6,744,0,0,62199.299999999996,744,0,0,6443.5,744,0,0,115.1,3,0,741,55092.0,723,0,21,273.44,744,273.44,0,49397.200000000004,744,0,0,252636.09999999998,250,0,494,26.37889784946237,23.121774193548386,83.60120967741935,8.660618279569892,38.36666666666667,76.19917012448133,0.36752688172043013,66.39408602150539,1010.5443999999999,updated,744,19625.9,744,0,0,17202.6,744,0,0,62199.3,744,0,0,6443.5,744,0,0,115.1,3,0,741,55092.0,723,0,21,273.44,744,273.44,0,49397.200000000004,744,0,0,252636.09999999998,250,0,494,26.37889784946237,23.121774193548386,83.60120967741936,8.660618279569892,38.36666666666667,76.19917012448133,0.36752688172043013,66.39408602150539,1010.5443999999999,both,0,0.0,0.0,1.4210854715202004e-14,0.0,0.0,0.0,0.0,0.0,0.0,False
old,Suphan Buri,2021,1,740,6178.9,250,0,490,4498.8,250,0,490,17013.550000000003,250,0,490,814.9000000000001,250,0,490,0.0,0,0,740,28133.0,229,0,511,0.0,740,0.0,0,8925.0,250,0,490,253147.4,250,0,490,24.7156,17.9952,68.05420000000001,3.2596000000000003,,122.85152838427948,0.0,35.7,1012.5896,updated,740,6178.9,250,0,490,4498.8,250,0,490,17013.55,250,0,490,814.9,250,0,490,0.0,0,0,740,28133.0,229,0,511,0.0,740,0.0,0,8925.0,250,0,490,253147.40000000002,250,0,490,24.7156,17.9952,68.0542,3.2596,,122.85152838427948,0.0,35.7,1012.5896000000001,both,0,0.0,0.0,1.4210854715202004e-14,4.440892098500626e-16,,0.0,0.0,0.0,1.1368683772161603e-13,False
old,Amnat Charoen,2021,4,720,21261.6,720,0,0,16287.3,720,0,0,49280.7,720,0,0,4226.299999999999,720,0,0,46.4,1,0,719,101377.0,663,0,57,223.5,720,223.5,0,27049.1,720,0,0,726892.2999999999,720,0,0,29.529999999999998,22.62125,68.44541666666666,5.86986111111111,46.4,152.90648567119155,0.3104166666666667,37.568194444444444,1009.5726388888888,updated,720,21261.6,720,0,0,16287.3,720,0,0,49280.7,720,0,0,4226.3,720,0,0,46.4,1,0,719,101377.0,663,0,57,223.5,720,223.5,0,27049.1,720,0,0,726892.3,720,0,0,29.529999999999998,22.62125,68.44541666666666,5.869861111111112,46.4,152.90648567119155,0.3104166666666667,37.568194444444444,1009.572638888889,both,0,0.0,0.0,0.0,1.7763568394002505e-15,0.0,0.0,0.0,0.0,1.1368683772161603e-13,False
old,Chai Nat,2021,4,716,6957.4,240,0,476,5820.9,240,0,476,18548.910000000003,240,0,476,715.9,240,0,476,0.0,0,0,716,44448.0,231,0,485,445.06,716,445.06,0,17609.7,240,0,476,242187.3,240,0,476,28.989166666666666,24.25375,77.28712500000002,2.9829166666666667,,192.41558441558442,0.6215921787709497,73.37375,1009.11375,updated,716,6957.4000000000015,240,0,476,5820.9,240,0,476,18548.91,240,0,476,715.9,240,0,476,0.0,0,0,716,44448.0,231,0,485,445.05999999999995,716,445.05999999999995,0,17609.7,240,0,476,242187.3,240,0,476,28.989166666666673,24.25375,77.287125,2.9829166666666667,,192.41558441558442,0.6215921787709496,73.37375,1009.11375,both,0,7.105427357601002e-15,0.0,1.4210854715202004e-14,0.0,,0.0,1.1102230246251565e-16,0.0,0.0,False
old,Chiang Mai,2021,4,720,20099.9,720,0,0,14844.4,720,0,0,48385.86,720,0,0,5118.3,720,0,0,111.19999999999999,2,0,718,94349.0,530,0,190,217.57,720,217.57,0,35307.5,720,0,0,726258.2,719,0,1,27.91652777777778,20.61722222222222,67.20258333333334,7.108750000000001,55.599999999999994,178.01698113207547,0.30218055555555556,49.03819444444444,1010.0948539638385,updated,720,20099.9,720,0,0,14844.4,720,0,0,48385.86,720,0,0,5118.3,720,0,0,111.19999999999999,2,0,718,94349.0,530,0,190,217.57000000000002,720,217.57000000000002,0,35307.5,720,0,0,726258.2,719,0,1,27.91652777777778,20.61722222222222,67.20258333333334,7.108750000000001,55.599999999999994,178.01698113207547,0.30218055555555556,49.03819444444444,1010.0948539638385,both,0,0.0,0.0,0.0,0.0,0.0,0.0,0.0,0.0,0.0,False
old,Nakhon Ratchasima,2021,4,718,15155.3,525,0,193,13800.9,525,0,193,45717.68000000001,525,0,193,3393.7,515,0,203,275.7,5,0,713,73655.0,420,0,298,319.87,718,319.87,0,26904.7,517,0,201,524142.89999999997,519,0,199,28.867238095238093,26.28742857142857,87.08129523809525,6.589708737864077,55.14,175.36904761904762,0.44550139275766015,52.04003868471954,1009.9092485549132,updated,718,15155.3,525,0,193,13800.9,525,0,193,45717.68,525,0,193,3393.7,515,0,203,275.7,5,0,713,73655.0,420,0,298,319.87,718,319.87,0,26904.7,517,0,201,524142.9,519,0,199,28.867238095238093,26.28742857142857,87.08129523809524,6.589708737864077,55.14,175.36904761904762,0.44550139275766015,52.04003868471954,1009.9092485549133,both,0,0.0,0.0,1.4210854715202004e-14,0.0,0.0,0.0,0.0,0.0,1.1368683772161603e-13,False
old,Songkhla,2021,4,720,19993.0,719,0,1,17614.0,719,0,1,60253.619999999995,719,0,1,3988.1,719,0,1,68.8,2,0,718,89553.0,629,0,91,392.4,720,392.4,0,42674.5,719,0,1,725854.8999999999,719,0,1,27.806675938803895,24.497913769123784,83.80197496522948,5.54673157162726,34.4,142.37360890302068,0.5449999999999999,59.35257301808067,1009.533936022253,updated,720,19993.0,719,0,1,17614.0,719,0,1,60253.619999999995,719,0,1,3988.1000000000004,719,0,1,68.8,2,0,718,89553.0,629,0,91,392.4,720,392.4,0,42674.5,719,0,1,725854.8999999999,719,0,1,27.806675938803895,24.497913769123784,83.80197496522948,5.5467315716272605,34.4,142.37360890302068,0.5449999999999999,59.35257301808067,1009.533936022253,both,0,0.0,0.0,0.0,8.881784197001252e-16,0.0,0.0,0.0,0.0,0.0,False
old,Suphan Buri,2021,4,716,7109.900000000001,240,0,476,5847.0,240,0,476,18017.399999999998,240,0,476,877.5,240,0,476,0.0,0,0,716,42373.0,236,0,480,411.48,716,411.48,0,18147.9,240,0,476,242147.4,240,0,476,29.624583333333337,24.3625,75.07249999999999,3.65625,,179.54661016949152,0.5746927374301676,75.61625000000001,1008.9475,updated,716,7109.9,240,0,476,5847.0,240,0,476,18017.399999999998,240,0,476,877.5,240,0,476,0.0,0,0,716,42373.0,236,0,480,411.48,716,411.48,0,18147.9,240,0,476,242147.40000000002,240,0,476,29.62458333333333,24.3625,75.07249999999999,3.65625,,179.54661016949152,0.5746927374301676,75.61625000000001,1008.9475000000001,both,0,7.105427357601002e-15,0.0,0.0,0.0,,0.0,0.0,0.0,1.1368683772161603e-13,False
old,Amnat Charoen,2021,8,744,21161.0,740,0,4,18373.6,740,0,4,60240.200000000004,740,0,4,4582.1,740,0,4,181.5,5,0,739,113273.0,660,0,84,450.67,744,450.67,0,36245.0,740,0,4,745713.5,740,0,4,28.595945945945946,24.829189189189186,81.40567567567568,6.192027027027027,36.3,171.62575757575758,0.6057392473118279,48.979729729729726,1007.7209459459459,updated,744,21161.0,740,0,4,18373.6,740,0,4,60240.2,740,0,4,4582.099999999999,740,0,4,181.5,5,0,739,113273.0,660,0,84,450.66999999999996,744,450.66999999999996,0,36245.0,740,0,4,745713.5,740,0,4,28.595945945945946,24.829189189189186,81.40567567567567,6.192027027027026,36.3,171.62575757575758,0.6057392473118279,48.979729729729726,1007.7209459459459,both,0,0.0,0.0,1.4210854715202004e-14,8.881784197001252e-16,0.0,0.0,0.0,0.0,0.0,False
old,Chai Nat,2021,8,740,7229.0,248,0,492,5978.1,248,0,492,18820.29,248,0,492,836.1000000000001,248,0,492,0.0,0,0,740,48399.0,237,0,503,382.6,740,382.6,0,19444.5,248,0,492,249800.5,248,0,492,29.149193548387096,24.10524193548387,75.88826612903226,3.371370967741936,,204.21518987341773,0.5170270270270271,78.40524193548387,1007.2600806451613,updated,740,7229.0,248,0,492,5978.1,248,0,492,18820.29,248,0,492,836.0999999999999,248,0,492,0.0,0,0,740,48399.0,237,0,503,382.6,740,382.6,0,19444.5,248,0,492,249800.5,248,0,492,29.149193548387096,24.10524193548387,75.88826612903226,3.3713709677419352,,204.21518987341773,0.5170270270270271,78.40524193548387,1007.2600806451613,both,0,0.0,0.0,0.0,8.881784197001252e-16,,0.0,0.0,0.0,0.0,False
old,Chiang Mai,2021,8,744,20772.699999999997,742,0,2,17179.9,742,0,2,56701.33,742,0,2,4452.2,742,0,2,25.9,1,0,743,106234.0,535,0,209,203.01,744,203.01,0,50516.9,742,0,2,746481.0,741,0,3,27.995552560646896,23.153504043126688,76.41688679245283,6.000269541778976,25.9,198.56822429906543,0.2728629032258064,68.08207547169812,1007.3967611336033,updated,744,20772.7,742,0,2,17179.899999999998,742,0,2,56701.33,742,0,2,4452.200000000001,742,0,2,25.9,1,0,743,106234.0,535,0,209,203.01000000000002,744,203.01000000000002,0,50516.899999999994,742,0,2,746481.0,741,0,3,27.9955525606469,23.15350404312668,76.41688679245283,6.000269541778977,25.9,198.56822429906543,0.2728629032258065,68.0820754716981,1007.3967611336033,both,0,3.552713678800501e-15,7.105427357601002e-15,0.0,8.881784197001252e-16,0.0,0.0,5.551115123125783e-17,1.4210854715202004e-14,0.0,False
old,Nakhon Ratchasima,2021,8,742,15336.399999999998,527,0,215,13005.8,527,0,215,41403.47,527,0,215,4045.3,527,0,215,91.0,2,0,740,92015.0,419,0,323,217.20000000000002,742,217.20000000000002,0,34022.2,527,0,215,531092.7,527,0,215,29.10132827324478,24.67893738140417,78.56445920303605,7.6760910815939285,45.5,219.60620525059664,0.292722371967655,64.5582542694497,1007.7660341555976,updated,742,15336.4,527,0,215,13005.800000000001,527,0,215,41403.47,527,0,215,4045.3,527,0,215,91.0,2,0,740,92015.0,419,0,323,217.2,742,217.2,0,34022.2,527,0,215,531092.7000000001,527,0,215,29.101328273244782,24.678937381404175,78.56445920303605,7.6760910815939285,45.5,219.60620525059664,0.292722371967655,64.5582542694497,1007.7660341555978,both,0,3.552713678800501e-15,3.552713678800501e-15,0.0,0.0,0.0,0.0,0.0,0.0,2.2737367544323206e-13,False
old,Songkhla,2021,8,744,20629.9,744,0,0,17851.600000000002,744,0,0,60956.67,744,0,0,4348.799999999999,744,0,0,292.70000000000005,7,0,737,111824.0,701,0,43,212.32,744,212.32,0,48939.200000000004,744,0,0,751006.0,744,0,0,27.728360215053765,23.994086021505378,81.93100806451612,5.845161290322579,41.814285714285724,159.5206847360913,0.28537634408602147,65.77849462365592,1009.4166666666666,updated,744,20629.899999999998,744,0,0,17851.600000000002,744,0,0,60956.67,744,0,0,4348.799999999999,744,0,0,292.7,7,0,737,111824.0,701,0,43,212.32,744,212.32,0,48939.200000000004,744,0,0,751006.0,744,0,0,27.728360215053762,23.994086021505378,81.93100806451612,5.845161290322579,41.81428571428571,159.5206847360913,0.28537634408602147,65.77849462365592,1009.4166666666666,both,0,3.552713678800501e-15,0.0,0.0,0.0,1.4210854715202004e-14,0.0,0.0,0.0,0.0,False
old,Suphan Buri,2021,8,740,7311.7,248,0,492,6021.4,248,0,492,18642.9,248,0,492,979.7,248,0,492,0.0,0,0,740,49469.0,245,0,495,375.53000000000003,740,375.53000000000003,0,19744.7,248,0,492,249831.19999999998,248,0,492,29.48266129032258,24.279838709677417,75.17298387096774,3.950403225806452,,201.9142857142857,0.507472972972973,79.61572580645162,1007.3838709677418,updated,740,7311.7,248,0,492,6021.4,248,0,492,18642.9,248,0,492,979.7,248,0,492,0.0,0,0,740,49469.0,245,0,495,375.53,740,375.53,0,19744.7,248,0,492,249831.2,248,0,492,29.48266129032258,24.279838709677417,75.17298387096774,3.950403225806452,,201.9142857142857,0.5074729729729729,79.61572580645162,1007.3838709677419,both,0,0.0,0.0,0.0,0.0,,0.0,1.1102230246251565e-16,0.0,1.1368683772161603e-13,False
old,Amnat Charoen,2021,12,743,17304.300000000003,743,0,0,12500.199999999999,743,0,0,51048.95,743,0,0,8982.3,743,0,0,83.5,2,0,741,55879.0,736,0,7,5.54,743,5.54,0,15952.8,711,0,32,753264.4,742,0,1,23.289771197846573,16.82395693135935,68.70652759084791,12.089232839838491,41.75,75.9225543478261,0.007456258411843876,22.43713080168776,1015.1811320754717,updated,743,17304.3,743,0,0,12500.2,743,0,0,51048.95,743,0,0,8982.300000000001,743,0,0,83.5,2,0,741,55879.0,736,0,7,5.54,743,5.54,0,15952.8,711,0,32,753264.3999999999,742,0,1,23.289771197846566,16.823956931359355,68.70652759084791,12.089232839838495,41.75,75.9225543478261,0.007456258411843876,22.43713080168776,1015.1811320754716,both,0,7.105427357601002e-15,3.552713678800501e-15,0.0,3.552713678800501e-15,0.0,0.0,0.0,0.0,1.1368683772161603e-13,False
old,Chai Nat,2021,12,680,5723.0,231,0,449,4067.2999999999997,231,0,449,15438.14,231,0,449,595.1,231,0,449,0.0,0,0,680,25754.0,220,0,460,14.2,680,14.2,0,9306.900000000001,231,0,449,234306.3,231,0,449,24.774891774891774,17.607359307359307,66.83177489177488,2.5761904761904764,,117.06363636363636,0.02088235294117647,40.289610389610395,1014.3129870129869,updated,680,5723.0,231,0,449,4067.3,231,0,449,15438.14,231,0,449,595.1,231,0,449,0.0,0,0,680,25754.0,220,0,460,14.2,680,14.2,0,9306.900000000001,231,0,449,234306.3,231,0,449,24.774891774891774,17.607359307359307,66.83177489177488,2.5761904761904764,,117.06363636363636,0.02088235294117647,40.289610389610395,1014.3129870129869,both,0,0.0,0.0,0.0,0.0,,0.0,0.0,0.0,0.0,False
old,Chiang Mai,2021,12,742,16477.2,740,0,2,12116.1,740,0,2,53123.3,740,0,2,2964.7999999999997,740,0,2,0.0,0,0,742,80178.0,457,0,285,0.4,742,0.4,0,22500.800000000003,738,0,4,749922.0,738,0,4,22.26648648648649,16.37310810810811,71.78824324324324,4.006486486486486,,175.44420131291028,0.0005390835579514825,30.488888888888894,1016.1544715447154,updated,742,16477.2,740,0,2,12116.099999999999,740,0,2,53123.3,740,0,2,2964.8,740,0,2,0.0,0,0,742,80178.0,457,0,285,0.4,742,0.4,0,22500.800000000003,738,0,4,749922.0,738,0,4,22.26648648648649,16.373108108108106,71.78824324324324,4.006486486486486,,175.44420131291028,0.0005390835579514825,30.488888888888894,1016.1544715447154,both,0,0.0,3.552713678800501e-15,0.0,0.0,,0.0,0.0,0.0,0.0,False
old,Nakhon Ratchasima,2021,12,736,12335.1,514,0,222,8786.6,514,0,222,34393.57,514,0,222,4597.7,514,0,222,0.0,0,0,736,37399.0,458,0,278,52.67,736,52.67,0,10247.6,486,0,250,521908.3,514,0,222,23.998249027237353,17.09455252918288,66.91356031128404,8.944941634241244,,81.65720524017468,0.0715625,21.08559670781893,1015.3857976653696,updated,736,12335.1,514,0,222,8786.6,514,0,222,34393.57,514,0,222,4597.7,514,0,222,0.0,0,0,736,37399.0,458,0,278,52.67,736,52.67,0,10247.6,486,0,250,521908.30000000005,514,0,222,23.998249027237353,17.09455252918288,66.91356031128404,8.944941634241244,,81.65720524017468,0.0715625,21.08559670781893,1015.3857976653698,both,0,0.0,0.0,0.0,0.0,,0.0,0.0,0.0,1.1368683772161603e-13,False
old,Songkhla,2021,12,742,19613.5,742,0,0,17627.7,742,0,0,63983.16000000001,742,0,0,5566.700000000001,742,0,0,207.3,6,0,736,64563.0,707,0,35,297.03,742,297.03,0,49863.8,742,0,0,748315.3,740,0,2,26.433288409703504,23.75700808625337,86.23067385444746,7.502291105121294,34.550000000000004,91.31966053748232,0.40030997304582205,67.20188679245284,1011.2368918918919,updated,742,19613.5,742,0,0,17627.699999999997,742,0,0,63983.16,742,0,0,5566.7,742,0,0,207.29999999999998,6,0,736,64563.0,707,0,35,297.03,742,297.03,0,49863.8,742,0,0,748315.3,740,0,2,26.433288409703504,23.757008086253364,86.23067385444745,7.5022911051212935,34.55,91.31966053748232,0.40030997304582205,67.20188679245284,1011.2368918918919,both,0,0.0,7.105427357601002e-15,1.4210854715202004e-14,8.881784197001252e-16,7.105427357601002e-15,0.0,0.0,0.0,0.0,False
old,Suphan Buri,2021,12,680,5851.3,231,0,449,4237.5,231,0,449,15435.34,231,0,449,986.4000000000001,231,0,449,0.0,0,0,680,22349.0,217,0,463,29.2,680,29.2,0,9707.4,231,0,449,234201.1,231,0,449,25.330303030303032,18.344155844155843,66.81965367965368,4.27012987012987,,102.99078341013825,0.04294117647058823,42.02337662337662,1013.8575757575758,updated,680,5851.299999999999,231,0,449,4237.5,231,0,449,15435.34,231,0,449,986.4000000000001,231,0,449,0.0,0,0,680,22349.0,217,0,463,29.2,680,29.2,0,9707.4,231,0,449,234201.1,231,0,449,25.33030303030303,18.344155844155843,66.81965367965368,4.27012987012987,,102.99078341013825,0.04294117647058823,42.02337662337662,1013.8575757575758,both,0,3.552713678800501e-15,0.0,0.0,0.0,,0.0,0.0,0.0,0.0,False
old,Amnat Charoen,2022,1,744,18342.300000000003,744,0,0,13117.8,744,0,0,50612.69,744,0,0,4792.5,744,0,0,29.5,1,0,743,71871.0,696,0,48,2.5999999999999996,744,2.5999999999999996,0,16927.5,581,0,163,751662.5,742,0,2,24.653629032258067,17.631451612903223,68.02780913978495,6.441532258064516,29.5,103.26293103448276,0.003494623655913978,29.135111876075733,1013.0222371967654,updated,744,18342.3,744,0,0,13117.8,744,0,0,50612.69,744,0,0,4792.5,744,0,0,29.5,1,0,743,71871.0,696,0,48,2.6,744,2.6,0,16927.5,581,0,163,751662.5,742,0,2,24.653629032258063,17.631451612903223,68.02780913978495,6.441532258064516,29.5,103.26293103448276,0.0034946236559139786,29.135111876075733,1013.0222371967654,both,0,3.552713678800501e-15,0.0,0.0,0.0,0.0,0.0,4.336808689942018e-19,0.0,0.0,False
old,Chai Nat,2022,1,740,6492.8,248,0,492,4882.200000000001,248,0,492,17445.030000000002,248,0,492,422.79999999999995,248,0,492,0.0,0,0,740,34690.0,195,0,545,7.0200000000000005,740,7.0200000000000005,0,9602.599999999999,248,0,492,251015.5,248,0,492,26.18064516129032,19.68629032258065,70.34286290322582,1.7048387096774191,,177.89743589743588,0.009486486486486487,38.72016129032257,1012.1592741935484,updated,740,6492.799999999999,248,0,492,4882.2,248,0,492,17445.03,248,0,492,422.80000000000007,248,0,492,0.0,0,0,740,34690.0,195,0,545,7.02,740,7.02,0,9602.599999999999,248,0,492,251015.49999999997,248,0,492,26.180645161290318,19.686290322580643,70.34286290322581,1.7048387096774196,,177.89743589743588,0.009486486486486485,38.72016129032257,1012.1592741935483,both,0,3.552713678800501e-15,7.105427357601002e-15,1.4210854715202004e-14,4.440892098500626e-16,,0.0,1.734723475976807e-18,0.0,1.1368683772161603e-13,False
old,Chiang Mai,2022,1,744,16901.4,744,0,0,11643.9,744,0,0,50440.950000000004,744,0,0,3330.5,744,0,0,0.0,0,0,744,82107.0,478,0,266,26.8,744,26.8,0,24955.7,615,0,129,751963.3,742,0,2,22.71693548387097,15.650403225806452,67.79697580645161,4.476478494623656,,171.77196652719664,0.03602150537634409,40.57837398373984,1013.4276280323451,updated,744,16901.4,744,0,0,11643.900000000001,744,0,0,50440.95,744,0,0,3330.5,744,0,0,0.0,0,0,744,82107.0,478,0,266,26.8,744,26.8,0,24955.700000000004,615,0,129,751963.2999999999,742,0,2,22.71693548387097,15.650403225806453,67.79697580645161,4.476478494623656,,171.77196652719664,0.03602150537634409,40.578373983739844,1013.427628032345,both,0,0.0,1.7763568394002505e-15,0.0,0.0,,0.0,0.0,7.105427357601002e-15,1.1368683772161603e-13,False
old,Nakhon Ratchasima,2022,1,742,13679.6,525,0,217,9591.5,525,0,217,34259.86,525,0,217,3112.9,525,0,217,35.3,1,0,741,56787.0,388,0,354,1.34,742,1.34,0,10855.4,453,0,289,531878.0,525,0,217,26.05638095238095,18.26952380952381,65.25687619047619,5.929333333333333,35.3,146.35824742268042,0.0018059299191374664,23.96335540838852,1013.1009523809524,updated,742,13679.599999999999,525,0,217,9591.5,525,0,217,34259.86,525,0,217,3112.9,525,0,217,35.3,1,0,741,56787.0,388,0,354,1.34,742,1.34,0,10855.400000000001,453,0,289,531878.0,525,0,217,26.056380952380948,18.26952380952381,65.25687619047619,5.929333333333333,35.3,146.35824742268042,0.0018059299191374664,23.963355408388523,1013.1009523809524,both,0,3.552713678800501e-15,0.0,0.0,0.0,0.0,0.0,0.0,3.552713678800501e-15,0.0,False
old,Songkhla,2022,1,744,19941.6,743,0,1,16864.5,743,0,1,59208.170000000006,743,0,1,6229.1,743,0,1,37.1,1,0,743,67877.0,711,0,33,110.32999999999998,744,110.32999999999998,0,34255.2,742,0,2,749256.1,741,0,3,26.8393001345895,22.697846567967698,79.68798115746972,8.38371467025572,37.1,95.46694796061885,0.14829301075268814,46.16603773584905,1011.1418353576248,updated,744,19941.6,743,0,1,16864.5,743,0,1,59208.17,743,0,1,6229.1,743,0,1,37.1,1,0,743,67877.0,711,0,33,110.33000000000003,744,110.33000000000003,0,34255.2,742,0,2,749256.1000000001,741,0,3,26.8393001345895,22.697846567967698,79.68798115746972,8.38371467025572,37.1,95.46694796061885,0.14829301075268822,46.16603773584905,1011.1418353576249,both,0,0.0,0.0,0.0,0.0,0.0,0.0,8.326672684688674e-17,0.0,1.1368683772161603e-13,False
old,Suphan Buri,2022,1,740,6681.3,248,0,492,5218.9,248,0,492,17903.399999999998,248,0,492,617.0,248,0,492,0.0,0,0,740,41024.0,215,0,525,6.789999999999999,740,6.789999999999999,0,9229.3,248,0,492,250956.89999999997,248,0,492,26.940725806451614,21.043951612903225,72.19112903225806,2.4879032258064515,,190.8093023255814,0.009175675675675675,37.214919354838706,1011.9229838709676,updated,740,6681.300000000001,248,0,492,5218.9,248,0,492,17903.4,248,0,492,617.0,248,0,492,0.0,0,0,740,41024.0,215,0,525,6.789999999999999,740,6.789999999999999,0,9229.3,248,0,492,250956.9,248,0,492,26.940725806451617,21.043951612903225,72.19112903225808,2.4879032258064515,,190.8093023255814,0.009175675675675675,37.214919354838706,1011.9229838709678,both,0,3.552713678800501e-15,0.0,1.4210854715202004e-14,0.0,,0.0,0.0,0.0,1.1368683772161603e-13,False
old,Amnat Charoen,2022,4,720,19737.4,720,0,0,15421.499999999998,720,0,0,51527.43,720,0,0,5894.5,720,0,0,201.8,4,0,716,77477.0,653,0,67,100.70999999999998,720,100.70999999999998,0,25213.8,624,0,96,723041.6,716,0,4,27.41305555555556,21.418749999999996,71.565875,8.186805555555555,50.45,118.64777947932619,0.13987499999999997,40.40673076923077,1009.8346368715083,updated,720,19737.399999999998,720,0,0,15421.5,720,0,0,51527.43,720,0,0,5894.5,720,0,0,201.8,4,0,716,77477.0,653,0,67,100.71,720,100.71,0,25213.800000000003,624,0,96,723041.6,716,0,4,27.41305555555555,21.41875,71.565875,8.186805555555555,50.45,118.64777947932619,0.139875,40.406730769230776,1009.8346368715083,both,0,7.105427357601002e-15,3.552713678800501e-15,0.0,0.0,0.0,0.0,2.7755575615628914e-17,7.105427357601002e-15,0.0,False
old,Chai Nat,2022,4,716,7204.5,240,0,476,5291.7,240,0,476,15592.710000000001,240,0,476,602.5,240,0,476,0.0,0,0,716,33185.0,227,0,489,72.21000000000001,716,72.21000000000001,0,14163.2,240,0,476,242126.30000000002,240,0,476,30.01875,22.04875,64.96962500000001,2.5104166666666665,,146.18942731277534,0.10085195530726258,59.013333333333335,1008.8595833333334,updated,716,7204.5,240,0,476,5291.700000000001,240,0,476,15592.71,240,0,476,602.5,240,0,476,0.0,0,0,716,33185.0,227,0,489,72.21,716,72.21,0,14163.2,240,0,476,242126.3,240,0,476,30.01875,22.048750000000002,64.969625,2.5104166666666665,,146.18942731277534,0.10085195530726256,59.013333333333335,1008.8595833333333,both,0,0.0,3.552713678800501e-15,1.4210854715202004e-14,0.0,,0.0,2.7755575615628914e-17,0.0,1.1368683772161603e-13,False
old,Chiang Mai,2022,4,720,20405.2,719,0,1,14917.800000000001,719,0,1,47009.83,719,0,1,4569.6,719,0,1,66.6,1,0,719,95342.0,480,0,240,189.27999999999997,720,189.27999999999997,0,31174.1,709,0,11,721951.8999999999,715,0,5,28.37997218358832,20.747983310152993,65.38223922114048,6.355493741307372,66.6,198.62916666666666,0.26288888888888884,43.96911142454161,1009.7229370629369,updated,720,20405.2,719,0,1,14917.800000000001,719,0,1,47009.829999999994,719,0,1,4569.6,719,0,1,66.6,1,0,719,95342.0,480,0,240,189.28,720,189.28,0,31174.100000000002,709,0,11,721951.9,715,0,5,28.37997218358832,20.747983310152993,65.38223922114047,6.355493741307372,66.6,198.62916666666666,0.2628888888888889,43.96911142454161,1009.7229370629371,both,0,0.0,0.0,1.4210854715202004e-14,0.0,0.0,0.0,5.551115123125783e-17,0.0,2.2737367544323206e-13,False
old,Nakhon Ratchasima,2022,4,718,14637.9,510,0,208,10713.2,510,0,208,33388.07,510,0,208,1946.6,343,0,375,174.5,4,0,714,35485.0,251,0,467,96.68,718,96.68,0,19033.800000000003,448,0,270,441019.3,437,0,281,28.70176470588235,21.006274509803923,65.46680392156863,5.675218658892128,43.625,141.37450199203187,0.13465181058495823,42.486160714285724,1009.1974828375286,updated,718,14637.900000000001,510,0,208,10713.2,510,0,208,33388.06999999999,510,0,208,1946.6000000000004,343,0,375,174.5,4,0,714,35485.0,251,0,467,96.68,718,96.68,0,19033.8,448,0,270,441019.30000000005,437,0,281,28.701764705882354,21.006274509803923,65.46680392156861,5.675218658892129,43.625,141.37450199203187,0.13465181058495823,42.48616071428571,1009.1974828375287,both,0,3.552713678800501e-15,0.0,1.4210854715202004e-14,1.7763568394002505e-15,0.0,0.0,0.0,1.4210854715202004e-14,1.1368683772161603e-13,False
old,Songkhla,2022,4,720,20192.7,720,0,0,17565.8,720,0,0,59088.28999999999,720,0,0,2721.1,720,0,0,0.0,0,0,720,51825.0,638,0,82,166.51999999999998,720,166.51999999999998,0,41244.600000000006,720,0,0,722115.3,716,0,4,28.045416666666668,24.396944444444443,82.06706944444444,3.7793055555555553,,81.23040752351098,0.23127777777777775,57.28416666666668,1008.5409217877095,updated,720,20192.699999999997,720,0,0,17565.8,720,0,0,59088.29,720,0,0,2721.1,720,0,0,0.0,0,0,720,51825.0,638,0,82,166.52,720,166.52,0,41244.600000000006,720,0,0,722115.3,716,0,4,28.04541666666666,24.396944444444443,82.06706944444444,3.7793055555555553,,81.23040752351098,0.2312777777777778,57.28416666666668,1008.5409217877095,both,0,7.105427357601002e-15,0.0,0.0,0.0,,0.0,5.551115123125783e-17,0.0,0.0,False
old,Suphan Buri,2022,4,716,7273.4,240,0,476,5413.700000000001,240,0,476,15775.1,240,0,476,1275.2,240,0,476,0.0,0,0,716,34914.0,235,0,481,117.50999999999999,716,117.50999999999999,0,12923.0,240,0,476,242107.3,240,0,476,30.305833333333332,22.557083333333335,65.72958333333334,5.3133333333333335,,148.57021276595745,0.16412011173184357,53.84583333333333,1008.7804166666666,updated,716,7273.4,240,0,476,5413.700000000001,240,0,476,15775.1,240,0,476,1275.1999999999998,240,0,476,0.0,0,0,716,34914.0,235,0,481,117.50999999999999,716,117.50999999999999,0,12923.0,240,0,476,242107.30000000002,240,0,476,30.305833333333332,22.557083333333335,65.72958333333334,5.313333333333333,,148.57021276595745,0.16412011173184357,53.84583333333333,1008.7804166666667,both,0,0.0,0.0,0.0,8.881784197001252e-16,,0.0,0.0,0.0,1.1368683772161603e-13,False
old,Amnat Charoen,2022,8,744,20407.0,744,0,0,18398.8,744,0,0,64319.899999999994,744,0,0,3820.3999999999996,744,0,0,67.0,2,0,742,109423.0,643,0,101,463.17999999999995,744,463.17999999999995,0,45399.0,667,0,77,747032.0,742,0,2,27.428763440860216,24.729569892473116,86.45147849462364,5.13494623655914,33.5,170.17573872472784,0.6225537634408601,68.06446776611695,1006.7816711590297,updated,744,20407.0,744,0,0,18398.800000000003,744,0,0,64319.899999999994,744,0,0,3820.3999999999996,744,0,0,67.0,2,0,742,109423.0,643,0,101,463.18,744,463.18,0,45399.0,667,0,77,747032.0,742,0,2,27.428763440860216,24.729569892473123,86.45147849462364,5.13494623655914,33.5,170.17573872472784,0.6225537634408602,68.06446776611695,1006.7816711590297,both,0,0.0,7.105427357601002e-15,0.0,0.0,0.0,0.0,1.1102230246251565e-16,0.0,0.0,False
old,Chai Nat,2022,8,740,6983.3,246,0,494,5936.0,246,0,494,19404.22,246,0,494,485.8,246,0,494,0.0,0,0,740,39470.0,213,0,527,167.98,740,167.98,0,20343.8,246,0,494,247574.9,246,0,494,28.38739837398374,24.130081300813007,78.8789430894309,1.9747967479674797,,185.30516431924883,0.22699999999999998,82.69837398373983,1006.4020325203252,updated,740,6983.3,246,0,494,5936.0,246,0,494,19404.22,246,0,494,485.8,246,0,494,0.0,0,0,740,39470.0,213,0,527,167.98000000000002,740,167.98000000000002,0,20343.8,246,0,494,247574.9,246,0,494,28.38739837398374,24.130081300813007,78.8789430894309,1.9747967479674797,,185.30516431924883,0.22700000000000004,82.69837398373983,1006.4020325203252,both,0,0.0,0.0,0.0,0.0,,0.0,5.551115123125783e-17,0.0,0.0,False
old,Chiang Mai,2022,8,744,20220.2,744,0,0,17566.199999999997,744,0,0,61108.329999999994,744,0,0,4306.0,744,0,0,0.0,0,0,744,109982.0,557,0,187,273.27,744,273.27,0,54593.8,744,0,0,747750.1000000001,743,0,1,27.177688172043013,23.610483870967737,82.13485215053763,5.787634408602151,,197.45421903052065,0.36729838709677415,73.37876344086023,1006.3931359353971,updated,744,20220.2,744,0,0,17566.2,744,0,0,61108.33,744,0,0,4306.0,744,0,0,0.0,0,0,744,109982.0,557,0,187,273.27,744,273.27,0,54593.8,744,0,0,747750.1000000001,743,0,1,27.177688172043013,23.610483870967744,82.13485215053764,5.787634408602151,,197.45421903052065,0.36729838709677415,73.37876344086023,1006.3931359353971,both,0,0.0,7.105427357601002e-15,1.4210854715202004e-14,0.0,,0.0,0.0,0.0,0.0,False
old,Nakhon Ratchasima,2022,8,742,15601.7,558,0,184,13341.5,558,0,184,44556.64,558,0,184,3402.3,558,0,184,0.0,0,0,742,100751.0,453,0,289,158.82999999999998,742,158.82999999999998,0,35711.4,545,0,197,560696.5,557,0,185,27.96003584229391,23.909498207885303,79.85060931899642,6.09731182795699,,222.4083885209713,0.21405660377358487,65.52550458715596,1006.6364452423699,updated,742,15601.7,558,0,184,13341.5,558,0,184,44556.64,558,0,184,3402.3,558,0,184,0.0,0,0,742,100751.0,453,0,289,158.82999999999998,742,158.82999999999998,0,35711.4,545,0,197,560696.5,557,0,185,27.96003584229391,23.909498207885303,79.85060931899642,6.09731182795699,,222.4083885209713,0.21405660377358487,65.52550458715596,1006.6364452423699,both,0,0.0,0.0,0.0,0.0,,0.0,0.0,0.0,0.0,False
old,Songkhla,2022,8,744,20657.5,744,0,0,17682.100000000002,744,0,0,59664.78,744,0,0,3407.8,744,0,0,63.0,1,0,743,87754.0,695,0,49,90.2,744,90.2,0,50922.00000000001,744,0,0,748922.0,743,0,1,27.765456989247312,23.766263440860218,80.19459677419354,4.580376344086022,63.0,126.26474820143885,0.12123655913978496,68.44354838709678,1007.9703903095559,updated,744,20657.5,744,0,0,17682.1,744,0,0,59664.78,744,0,0,3407.8,744,0,0,63.0,1,0,743,87754.0,695,0,49,90.19999999999999,744,90.19999999999999,0,50922.0,744,0,0,748922.0,743,0,1,27.765456989247312,23.766263440860214,80.19459677419354,4.580376344086022,63.0,126.26474820143885,0.12123655913978493,68.44354838709677,1007.9703903095559,both,0,0.0,3.552713678800501e-15,0.0,0.0,0.0,0.0,2.7755575615628914e-17,1.4210854715202004e-14,0.0,False
old,Suphan Buri,2022,8,740,7116.1,247,0,493,5932.6,247,0,493,18924.02,247,0,493,1094.4,247,0,493,0.0,0,0,740,45946.0,221,0,519,223.63000000000002,740,223.63000000000002,0,21132.4,247,0,493,248625.5,247,0,493,28.81012145748988,24.01862348178138,76.61546558704454,4.430769230769231,,207.9004524886878,0.3022027027027027,85.55627530364373,1006.580971659919,updated,740,7116.099999999999,247,0,493,5932.6,247,0,493,18924.02,247,0,493,1094.4,247,0,493,0.0,0,0,740,45946.0,221,0,519,223.63,740,223.63,0,21132.4,247,0,493,248625.5,247,0,493,28.810121457489878,24.01862348178138,76.61546558704454,4.430769230769231,,207.9004524886878,0.3022027027027027,85.55627530364373,1006.580971659919,both,0,3.552713678800501e-15,0.0,0.0,0.0,,0.0,0.0,0.0,0.0,False
old,Amnat Charoen,2022,12,744,17126.2,743,0,1,12427.8,743,0,1,51839.479999999996,743,0,1,8994.3,743,0,1,717.8000000000001,13,0,731,43341.0,742,0,2,0.0,744,0.0,0,18699.4,471,0,273,753250.0,743,0,1,23.05006729475101,16.726514131897712,69.77049798115746,12.105383580080753,55.21538461538462,58.411051212938006,0.0,39.70148619957538,1013.7954239569314,updated,744,17126.199999999997,743,0,1,12427.8,743,0,1,51839.479999999996,743,0,1,8994.3,743,0,1,717.8,13,0,731,43341.0,742,0,2,0.0,744,0.0,0,18699.4,471,0,273,753250.0,743,0,1,23.050067294751006,16.726514131897712,69.77049798115746,12.105383580080753,55.215384615384615,58.411051212938006,0.0,39.70148619957538,1013.7954239569314,both,0,3.552713678800501e-15,0.0,0.0,0.0,7.105427357601002e-15,0.0,0.0,0.0,0.0,False
old,Chai Nat,2022,12,740,6136.2,247,0,493,4586.0,247,0,493,17378.04,247,0,493,520.3,247,0,493,0.0,0,0,740,18942.0,193,0,547,8.66,740,8.66,0,12116.4,247,0,493,250187.10000000003,247,0,493,24.842914979757083,18.5668016194332,70.35643724696357,2.1064777327935222,,98.14507772020725,0.011702702702702702,49.05425101214575,1012.9032388663969,updated,740,6136.2,247,0,493,4586.0,247,0,493,17378.04,247,0,493,520.3,247,0,493,0.0,0,0,740,18942.0,193,0,547,8.66,740,8.66,0,12116.4,247,0,493,250187.1,247,0,493,24.842914979757083,18.5668016194332,70.35643724696357,2.1064777327935222,,98.14507772020725,0.011702702702702702,49.05425101214575,1012.9032388663968,both,0,0.0,0.0,0.0,0.0,,0.0,0.0,0.0,1.1368683772161603e-13,False
old,Chiang Mai,2022,12,744,17635.5,743,0,1,13512.7,743,0,1,54230.72,743,0,1,3468.2,743,0,1,0.0,0,0,744,90226.0,483,0,261,62.7,744,62.7,0,28257.800000000003,711,0,33,753281.5,743,0,1,23.735531628532975,18.186675639300134,72.98885598923285,4.667833109017496,,186.80331262939958,0.0842741935483871,39.743741209564,1013.8378196500673,updated,744,17635.5,743,0,1,13512.7,743,0,1,54230.72,743,0,1,3468.2,743,0,1,0.0,0,0,744,90226.0,483,0,261,62.7,744,62.7,0,28257.800000000003,711,0,33,753281.5,743,0,1,23.735531628532975,18.186675639300134,72.98885598923285,4.667833109017496,,186.80331262939958,0.0842741935483871,39.743741209564,1013.8378196500673,both,0,0.0,0.0,0.0,0.0,,0.0,0.0,0.0,0.0,False
old,Nakhon Ratchasima,2022,12,742,14085.0,620,0,122,10884.3,620,0,122,46226.2,620,0,122,4036.6999999999994,620,0,122,0.0,0,0,742,39935.0,535,0,207,4.489999999999999,742,4.489999999999999,0,14723.999999999998,461,0,281,628543.7999999999,620,0,122,22.717741935483872,17.55532258064516,74.55838709677418,6.510806451612902,,74.64485981308411,0.00605121293800539,31.93926247288503,1013.780322580645,updated,742,14085.0,620,0,122,10884.300000000001,620,0,122,46226.2,620,0,122,4036.7,620,0,122,0.0,0,0,742,39935.0,535,0,207,4.489999999999999,742,4.489999999999999,0,14724.0,461,0,281,628543.8,620,0,122,22.717741935483872,17.555322580645164,74.55838709677418,6.510806451612903,,74.64485981308411,0.00605121293800539,31.939262472885034,1013.7803225806452,both,0,0.0,3.552713678800501e-15,0.0,8.881784197001252e-16,,0.0,0.0,3.552713678800501e-15,2.2737367544323206e-13,False
old,Songkhla,2022,12,744,19014.199999999997,744,0,0,17331.2,744,0,0,65547.34,744,0,0,4858.200000000001,744,0,0,37.1,1,0,743,80147.0,722,0,22,1011.61,744,1011.61,0,58667.600000000006,744,0,0,751233.6000000001,744,0,0,25.55672043010752,23.29462365591398,88.10126344086021,6.529838709677421,37.1,111.00692520775624,1.3596908602150537,78.85430107526882,1009.7225806451614,updated,744,19014.2,744,0,0,17331.2,744,0,0,65547.34,744,0,0,4858.200000000001,744,0,0,37.1,1,0,743,80147.0,722,0,22,1011.6100000000001,744,1011.6100000000001,0,58667.600000000006,744,0,0,751233.6,744,0,0,25.55672043010753,23.29462365591398,88.10126344086021,6.529838709677421,37.1,111.00692520775624,1.359690860215054,78.85430107526882,1009.7225806451613,both,0,7.105427357601002e-15,0.0,0.0,0.0,0.0,0.0,2.220446049250313e-16,0.0,1.1368683772161603e-13,False
old,Suphan Buri,2022,12,740,6291.700000000001,247,0,493,4982.5,247,0,493,18240.909999999996,247,0,493,1008.8000000000001,247,0,493,0.0,0,0,740,17122.0,217,0,523,11.04,740,11.04,0,11132.3,247,0,493,250070.0,247,0,493,25.472469635627533,20.172064777327936,73.84983805668014,4.08421052631579,,78.90322580645162,0.014918918918918918,45.070040485829956,1012.4291497975709,updated,740,6291.700000000001,247,0,493,4982.5,247,0,493,18240.91,247,0,493,1008.8,247,0,493,0.0,0,0,740,17122.0,217,0,523,11.04,740,11.04,0,11132.3,247,0,493,250070.0,247,0,493,25.472469635627533,20.172064777327936,73.84983805668016,4.084210526315789,,78.90322580645162,0.014918918918918918,45.070040485829956,1012.4291497975709,both,0,0.0,0.0,1.4210854715202004e-14,8.881784197001252e-16,,0.0,0.0,0.0,0.0,False
