file_path,year,metadata_column,sample_unique_values,sample_unique_count
updated data\weather_hourly\Weather_Data_Blast_24H_2015\Amnat Charoen 2015-01-01.csv,2015,address,Amnat Charoen,1
updated data\weather_hourly\Weather_Data_Blast_24H_2015\Amnat Charoen 2015-01-01.csv,2015,info,,0
updated data\weather_hourly\Weather_Data_Blast_24H_2015\Amnat Charoen 2015-01-01.csv,2015,latitude,15.85274545,1
updated data\weather_hourly\Weather_Data_Blast_24H_2015\Amnat Charoen 2015-01-01.csv,2015,longitude,104.7030364,1
updated data\weather_hourly\Weather_Data_Blast_24H_2015\Amnat Charoen 2015-01-01.csv,2015,name,"15.85274545,104.7030364",1
updated data\weather_hourly\Weather_Data_Blast_24H_2015\Amnat Charoen 2015-01-01.csv,2015,resolvedAddress,"15.85274545,104.7030364",1
updated data\weather_hourly\Weather_Data_Blast_24H_2015\Ang Thong 2015-07-01.csv,2015,address,Ang Thong,1
updated data\weather_hourly\Weather_Data_Blast_24H_2015\Ang Thong 2015-07-01.csv,2015,info,,0
updated data\weather_hourly\Weather_Data_Blast_24H_2015\Ang Thong 2015-07-01.csv,2015,latitude,14.61094444,1
updated data\weather_hourly\Weather_Data_Blast_24H_2015\Ang Thong 2015-07-01.csv,2015,longitude,100.3843056,1
updated data\weather_hourly\Weather_Data_Blast_24H_2015\Ang Thong 2015-07-01.csv,2015,name,"14.61094444,100.3843056",1
updated data\weather_hourly\Weather_Data_Blast_24H_2015\Ang Thong 2015-07-01.csv,2015,resolvedAddress,"14.61094444,100.3843056",1
updated data\weather_hourly\Weather_Data_Blast_24H_2015\Bueng Kan 2015-01-01.csv,2015,address,Bueng Kan,1
updated data\weather_hourly\Weather_Data_Blast_24H_2015\Bueng Kan 2015-01-01.csv,2015,info,,0
updated data\weather_hourly\Weather_Data_Blast_24H_2015\Bueng Kan 2015-01-01.csv,2015,latitude,18.15978846,1
updated data\weather_hourly\Weather_Data_Blast_24H_2015\Bueng Kan 2015-01-01.csv,2015,longitude,103.6703269,1
updated data\weather_hourly\Weather_Data_Blast_24H_2015\Bueng Kan 2015-01-01.csv,2015,name,"18.15978846,103.6703269",1
updated data\weather_hourly\Weather_Data_Blast_24H_2015\Bueng Kan 2015-01-01.csv,2015,resolvedAddress,"18.15978846,103.6703269",1
updated data\weather_hourly\Weather_Data_Blast_24H_2015\Buri Ram 2015-07-01.csv,2015,address,Buri Ram,1
updated data\weather_hourly\Weather_Data_Blast_24H_2015\Buri Ram 2015-07-01.csv,2015,info,,0
updated data\weather_hourly\Weather_Data_Blast_24H_2015\Buri Ram 2015-07-01.csv,2015,latitude,14.89489362,1
updated data\weather_hourly\Weather_Data_Blast_24H_2015\Buri Ram 2015-07-01.csv,2015,longitude,102.9742287,1
updated data\weather_hourly\Weather_Data_Blast_24H_2015\Buri Ram 2015-07-01.csv,2015,name,"14.89489362,102.9742287",1
updated data\weather_hourly\Weather_Data_Blast_24H_2015\Buri Ram 2015-07-01.csv,2015,resolvedAddress,"14.89489362,102.9742287",1
updated data\weather_hourly\Weather_Data_Blast_24H_2015\Chai Nat 2015-01-01.csv,2015,address,Chai Nat,1
updated data\weather_hourly\Weather_Data_Blast_24H_2015\Chai Nat 2015-01-01.csv,2015,info,,0
updated data\weather_hourly\Weather_Data_Blast_24H_2015\Chai Nat 2015-01-01.csv,2015,latitude,15.15194231,1
updated data\weather_hourly\Weather_Data_Blast_24H_2015\Chai Nat 2015-01-01.csv,2015,longitude,100.0815577,1
updated data\weather_hourly\Weather_Data_Blast_24H_2015\Chai Nat 2015-01-01.csv,2015,name,"15.15194231,100.0815577",1
updated data\weather_hourly\Weather_Data_Blast_24H_2015\Chai Nat 2015-01-01.csv,2015,resolvedAddress,"15.15194231,100.0815577",1
updated data\weather_hourly\Weather_Data_Blast_24H_2015\Chaiyaphum 2015-07-01.csv,2015,address,Chaiyaphum,1
updated data\weather_hourly\Weather_Data_Blast_24H_2015\Chaiyaphum 2015-07-01.csv,2015,info,,0
updated data\weather_hourly\Weather_Data_Blast_24H_2015\Chaiyaphum 2015-07-01.csv,2015,latitude,15.97104065,1
updated data\weather_hourly\Weather_Data_Blast_24H_2015\Chaiyaphum 2015-07-01.csv,2015,longitude,101.9395366,1
updated data\weather_hourly\Weather_Data_Blast_24H_2015\Chaiyaphum 2015-07-01.csv,2015,name,"15.97104065,101.9395366",1
updated data\weather_hourly\Weather_Data_Blast_24H_2015\Chaiyaphum 2015-07-01.csv,2015,resolvedAddress,"15.97104065,101.9395366",1
updated data\weather_hourly\Weather_Data_Blast_24H_2015\Chiang Mai 2015-01-01.csv,2015,address,Chiang Mai,1
updated data\weather_hourly\Weather_Data_Blast_24H_2015\Chiang Mai 2015-01-01.csv,2015,info,,0
updated data\weather_hourly\Weather_Data_Blast_24H_2015\Chiang Mai 2015-01-01.csv,2015,latitude,18.8569697,1
updated data\weather_hourly\Weather_Data_Blast_24H_2015\Chiang Mai 2015-01-01.csv,2015,longitude,98.9199899,1
updated data\weather_hourly\Weather_Data_Blast_24H_2015\Chiang Mai 2015-01-01.csv,2015,name,"18.8569697,98.9199899",1
updated data\weather_hourly\Weather_Data_Blast_24H_2015\Chiang Mai 2015-01-01.csv,2015,resolvedAddress,"18.8569697,98.9199899",1
updated data\weather_hourly\Weather_Data_Blast_24H_2015\Chiang Rai 2015-07-01.csv,2015,address,Chiang Rai,1
updated data\weather_hourly\Weather_Data_Blast_24H_2015\Chiang Rai 2015-07-01.csv,2015,info,,0
updated data\weather_hourly\Weather_Data_Blast_24H_2015\Chiang Rai 2015-07-01.csv,2015,latitude,19.88303252,1
updated data\weather_hourly\Weather_Data_Blast_24H_2015\Chiang Rai 2015-07-01.csv,2015,longitude,99.92217886,1
updated data\weather_hourly\Weather_Data_Blast_24H_2015\Chiang Rai 2015-07-01.csv,2015,name,"19.88303252,99.92217886",1
updated data\weather_hourly\Weather_Data_Blast_24H_2015\Chiang Rai 2015-07-01.csv,2015,resolvedAddress,"19.88303252,99.92217886",1
updated data\weather_hourly\Weather_Data_Blast_24H_2015\Chumphon 2015-01-01.csv,2015,address,Chumphon,1
updated data\weather_hourly\Weather_Data_Blast_24H_2015\Chumphon 2015-01-01.csv,2015,info,,0
updated data\weather_hourly\Weather_Data_Blast_24H_2015\Chumphon 2015-01-01.csv,2015,latitude,10.3336087,1
updated data\weather_hourly\Weather_Data_Blast_24H_2015\Chumphon 2015-01-01.csv,2015,longitude,99.18683478,1
updated data\weather_hourly\Weather_Data_Blast_24H_2015\Chumphon 2015-01-01.csv,2015,name,"10.3336087,99.18683478",1
updated data\weather_hourly\Weather_Data_Blast_24H_2015\Chumphon 2015-01-01.csv,2015,resolvedAddress,"10.3336087,99.18683478",1
updated data\weather_hourly\Weather_Data_Blast_24H_2015\Kalasin 2015-07-01.csv,2015,address,Kalasin,1
updated data\weather_hourly\Weather_Data_Blast_24H_2015\Kalasin 2015-07-01.csv,2015,info,,0
updated data\weather_hourly\Weather_Data_Blast_24H_2015\Kalasin 2015-07-01.csv,2015,latitude,16.58667669,1
updated data\weather_hourly\Weather_Data_Blast_24H_2015\Kalasin 2015-07-01.csv,2015,longitude,103.6133985,1
updated data\weather_hourly\Weather_Data_Blast_24H_2015\Kalasin 2015-07-01.csv,2015,name,"16.58667669,103.6133985",1
updated data\weather_hourly\Weather_Data_Blast_24H_2015\Kalasin 2015-07-01.csv,2015,resolvedAddress,"16.58667669,103.6133985",1
updated data\weather_hourly\Weather_Data_Blast_24H_2015\Kanchanaburi 2015-01-01.csv,2015,address,Kanchanaburi,1
updated data\weather_hourly\Weather_Data_Blast_24H_2015\Kanchanaburi 2015-01-01.csv,2015,info,,0
updated data\weather_hourly\Weather_Data_Blast_24H_2015\Kanchanaburi 2015-01-01.csv,2015,latitude,14.22504255,1
updated data\weather_hourly\Weather_Data_Blast_24H_2015\Kanchanaburi 2015-01-01.csv,2015,longitude,99.4401383,1
updated data\weather_hourly\Weather_Data_Blast_24H_2015\Kanchanaburi 2015-01-01.csv,2015,name,"14.22504255,99.4401383",1
updated data\weather_hourly\Weather_Data_Blast_24H_2015\Kanchanaburi 2015-01-01.csv,2015,resolvedAddress,"14.22504255,99.4401383",1
updated data\weather_hourly\Weather_Data_Blast_24H_2015\Khon Kaen 2015-07-01.csv,2015,address,Khon Kaen,1
updated data\weather_hourly\Weather_Data_Blast_24H_2015\Khon Kaen 2015-07-01.csv,2015,info,,0
updated data\weather_hourly\Weather_Data_Blast_24H_2015\Khon Kaen 2015-07-01.csv,2015,latitude,16.35285,1
updated data\weather_hourly\Weather_Data_Blast_24H_2015\Khon Kaen 2015-07-01.csv,2015,longitude,102.598805,1
updated data\weather_hourly\Weather_Data_Blast_24H_2015\Khon Kaen 2015-07-01.csv,2015,name,"16.35285,102.598805",1
updated data\weather_hourly\Weather_Data_Blast_24H_2015\Khon Kaen 2015-07-01.csv,2015,resolvedAddress,"16.35285,102.598805",1
updated data\weather_hourly\Weather_Data_Blast_24H_2015\Lampang 2015-01-01.csv,2015,address,Lampang,1
updated data\weather_hourly\Weather_Data_Blast_24H_2015\Lampang 2015-01-01.csv,2015,info,,0
updated data\weather_hourly\Weather_Data_Blast_24H_2015\Lampang 2015-01-01.csv,2015,latitude,18.34986458,1
updated data\weather_hourly\Weather_Data_Blast_24H_2015\Lampang 2015-01-01.csv,2015,longitude,99.50325,1
updated data\weather_hourly\Weather_Data_Blast_24H_2015\Lampang 2015-01-01.csv,2015,name,"18.34986458,99.50325",1
updated data\weather_hourly\Weather_Data_Blast_24H_2015\Lampang 2015-01-01.csv,2015,resolvedAddress,"18.34986458,99.50325",1
updated data\weather_hourly\Weather_Data_Blast_24H_2015\Lamphun 2015-07-01.csv,2015,address,Lamphun,1
updated data\weather_hourly\Weather_Data_Blast_24H_2015\Lamphun 2015-07-01.csv,2015,info,,0
updated data\weather_hourly\Weather_Data_Blast_24H_2015\Lamphun 2015-07-01.csv,2015,latitude,18.36132,1
updated data\weather_hourly\Weather_Data_Blast_24H_2015\Lamphun 2015-07-01.csv,2015,longitude,98.96236,1
updated data\weather_hourly\Weather_Data_Blast_24H_2015\Lamphun 2015-07-01.csv,2015,name,"18.36132,98.96236",1
updated data\weather_hourly\Weather_Data_Blast_24H_2015\Lamphun 2015-07-01.csv,2015,resolvedAddress,"18.36132,98.96236",1
updated data\weather_hourly\Weather_Data_Blast_24H_2015\Lop Buri 2015-01-01.csv,2015,address,Lop Buri,1
updated data\weather_hourly\Weather_Data_Blast_24H_2015\Lop Buri 2015-01-01.csv,2015,info,,0
updated data\weather_hourly\Weather_Data_Blast_24H_2015\Lop Buri 2015-01-01.csv,2015,latitude,15.02860833,1
updated data\weather_hourly\Weather_Data_Blast_24H_2015\Lop Buri 2015-01-01.csv,2015,longitude,100.7969417,1
updated data\weather_hourly\Weather_Data_Blast_24H_2015\Lop Buri 2015-01-01.csv,2015,name,"15.02860833,100.7969417",1
updated data\weather_hourly\Weather_Data_Blast_24H_2015\Lop Buri 2015-01-01.csv,2015,resolvedAddress,"15.02860833,100.7969417",1
updated data\weather_hourly\Weather_Data_Blast_24H_2015\Mae Hong Son 2015-07-01.csv,2015,address,Mae Hong Son,1
updated data\weather_hourly\Weather_Data_Blast_24H_2015\Mae Hong Son 2015-07-01.csv,2015,info,,0
updated data\weather_hourly\Weather_Data_Blast_24H_2015\Mae Hong Son 2015-07-01.csv,2015,latitude,18.766,1
updated data\weather_hourly\Weather_Data_Blast_24H_2015\Mae Hong Son 2015-07-01.csv,2015,longitude,98.06297674,1
updated data\weather_hourly\Weather_Data_Blast_24H_2015\Mae Hong Son 2015-07-01.csv,2015,name,"18.766,98.06297674",1
updated data\weather_hourly\Weather_Data_Blast_24H_2015\Mae Hong Son 2015-07-01.csv,2015,resolvedAddress,"18.766,98.06297674",1
updated data\weather_hourly\Weather_Data_Blast_24H_2015\Mukdahan 2015-01-01.csv,2015,address,Mukdahan,1
updated data\weather_hourly\Weather_Data_Blast_24H_2015\Mukdahan 2015-01-01.csv,2015,info,,0
updated data\weather_hourly\Weather_Data_Blast_24H_2015\Mukdahan 2015-01-01.csv,2015,latitude,16.53405769,1
updated data\weather_hourly\Weather_Data_Blast_24H_2015\Mukdahan 2015-01-01.csv,2015,longitude,104.5682885,1
updated data\weather_hourly\Weather_Data_Blast_24H_2015\Mukdahan 2015-01-01.csv,2015,name,"16.53405769,104.5682885",1
updated data\weather_hourly\Weather_Data_Blast_24H_2015\Mukdahan 2015-01-01.csv,2015,resolvedAddress,"16.53405769,104.5682885",1
updated data\weather_hourly\Weather_Data_Blast_24H_2015\Nakhon Nayok 2015-07-01.csv,2015,address,Nakhon Nayok,1
updated data\weather_hourly\Weather_Data_Blast_24H_2015\Nakhon Nayok 2015-07-01.csv,2015,info,,0
updated data\weather_hourly\Weather_Data_Blast_24H_2015\Nakhon Nayok 2015-07-01.csv,2015,latitude,14.18082927,1
updated data\weather_hourly\Weather_Data_Blast_24H_2015\Nakhon Nayok 2015-07-01.csv,2015,longitude,101.1229756,1
updated data\weather_hourly\Weather_Data_Blast_24H_2015\Nakhon Nayok 2015-07-01.csv,2015,name,"14.18082927,101.1229756",1
updated data\weather_hourly\Weather_Data_Blast_24H_2015\Nakhon Nayok 2015-07-01.csv,2015,resolvedAddress,"14.18082927,101.1229756",1
updated data\weather_hourly\Weather_Data_Blast_24H_2015\Nakhon Phanom 2015-01-01.csv,2015,address,Nakhon Phanom,1
updated data\weather_hourly\Weather_Data_Blast_24H_2015\Nakhon Phanom 2015-01-01.csv,2015,info,,0
updated data\weather_hourly\Weather_Data_Blast_24H_2015\Nakhon Phanom 2015-01-01.csv,2015,latitude,17.31057447,1
updated data\weather_hourly\Weather_Data_Blast_24H_2015\Nakhon Phanom 2015-01-01.csv,2015,longitude,104.4821915,1
updated data\weather_hourly\Weather_Data_Blast_24H_2015\Nakhon Phanom 2015-01-01.csv,2015,name,"17.31057447,104.4821915",1
updated data\weather_hourly\Weather_Data_Blast_24H_2015\Nakhon Phanom 2015-01-01.csv,2015,resolvedAddress,"17.31057447,104.4821915",1
updated data\weather_hourly\Weather_Data_Blast_24H_2015\Nakhon Ratchasima 2015-07-01.csv,2015,address,Nakhon Ratchasima,1
updated data\weather_hourly\Weather_Data_Blast_24H_2015\Nakhon Ratchasima 2015-07-01.csv,2015,info,,0
updated data\weather_hourly\Weather_Data_Blast_24H_2015\Nakhon Ratchasima 2015-07-01.csv,2015,latitude,15.08644014,1
updated data\weather_hourly\Weather_Data_Blast_24H_2015\Nakhon Ratchasima 2015-07-01.csv,2015,longitude,102.1976901,1
updated data\weather_hourly\Weather_Data_Blast_24H_2015\Nakhon Ratchasima 2015-07-01.csv,2015,name,"15.08644014,102.1976901",1
updated data\weather_hourly\Weather_Data_Blast_24H_2015\Nakhon Ratchasima 2015-07-01.csv,2015,resolvedAddress,"15.08644014,102.1976901",1
updated data\weather_hourly\Weather_Data_Blast_24H_2015\Nakhon Si Thammarat 2015-01-01.csv,2015,address,Nakhon Si Thammarat,1
updated data\weather_hourly\Weather_Data_Blast_24H_2015\Nakhon Si Thammarat 2015-01-01.csv,2015,info,,0
updated data\weather_hourly\Weather_Data_Blast_24H_2015\Nakhon Si Thammarat 2015-01-01.csv,2015,latitude,8.34487574,1
updated data\weather_hourly\Weather_Data_Blast_24H_2015\Nakhon Si Thammarat 2015-01-01.csv,2015,longitude,99.86193491,1
updated data\weather_hourly\Weather_Data_Blast_24H_2015\Nakhon Si Thammarat 2015-01-01.csv,2015,name,"8.34487574,99.86193491",1
updated data\weather_hourly\Weather_Data_Blast_24H_2015\Nakhon Si Thammarat 2015-01-01.csv,2015,resolvedAddress,"8.34487574,99.86193491",1
updated data\weather_hourly\Weather_Data_Blast_24H_2015\Nan 2015-07-01.csv,2015,address,Nan,1
updated data\weather_hourly\Weather_Data_Blast_24H_2015\Nan 2015-07-01.csv,2015,info,,0
updated data\weather_hourly\Weather_Data_Blast_24H_2015\Nan 2015-07-01.csv,2015,latitude,18.8794898,1
updated data\weather_hourly\Weather_Data_Blast_24H_2015\Nan 2015-07-01.csv,2015,longitude,100.8094286,1
updated data\weather_hourly\Weather_Data_Blast_24H_2015\Nan 2015-07-01.csv,2015,name,"18.8794898,100.8094286",1
updated data\weather_hourly\Weather_Data_Blast_24H_2015\Nan 2015-07-01.csv,2015,resolvedAddress,"18.8794898,100.8094286",1
updated data\weather_hourly\Weather_Data_Blast_24H_2015\Nong Bua Lam Phu 2015-01-01.csv,2015,address,Nong Bua Lam Phu,1
updated data\weather_hourly\Weather_Data_Blast_24H_2015\Nong Bua Lam Phu 2015-01-01.csv,2015,info,,0
updated data\weather_hourly\Weather_Data_Blast_24H_2015\Nong Bua Lam Phu 2015-01-01.csv,2015,latitude,17.18251724,1
updated data\weather_hourly\Weather_Data_Blast_24H_2015\Nong Bua Lam Phu 2015-01-01.csv,2015,longitude,102.3142586,1
updated data\weather_hourly\Weather_Data_Blast_24H_2015\Nong Bua Lam Phu 2015-01-01.csv,2015,name,"17.18251724,102.3142586",1
updated data\weather_hourly\Weather_Data_Blast_24H_2015\Nong Bua Lam Phu 2015-01-01.csv,2015,resolvedAddress,"17.18251724,102.3142586",1
updated data\weather_hourly\Weather_Data_Blast_24H_2015\Nong Khai 2015-07-01.csv,2015,address,Nong Khai,1
updated data\weather_hourly\Weather_Data_Blast_24H_2015\Nong Khai 2015-07-01.csv,2015,info,,0
updated data\weather_hourly\Weather_Data_Blast_24H_2015\Nong Khai 2015-07-01.csv,2015,latitude,17.91401639,1
updated data\weather_hourly\Weather_Data_Blast_24H_2015\Nong Khai 2015-07-01.csv,2015,longitude,102.8044262,1
updated data\weather_hourly\Weather_Data_Blast_24H_2015\Nong Khai 2015-07-01.csv,2015,name,"17.91401639,102.8044262",1
updated data\weather_hourly\Weather_Data_Blast_24H_2015\Nong Khai 2015-07-01.csv,2015,resolvedAddress,"17.91401639,102.8044262",1
updated data\weather_hourly\Weather_Data_Blast_24H_2015\Pathum Thani 2015-01-01.csv,2015,address,Pathum Thani,1
updated data\weather_hourly\Weather_Data_Blast_24H_2015\Pathum Thani 2015-01-01.csv,2015,info,,0
updated data\weather_hourly\Weather_Data_Blast_24H_2015\Pathum Thani 2015-01-01.csv,2015,latitude,14.04674576,1
updated data\weather_hourly\Weather_Data_Blast_24H_2015\Pathum Thani 2015-01-01.csv,2015,longitude,100.6253898,1
updated data\weather_hourly\Weather_Data_Blast_24H_2015\Pathum Thani 2015-01-01.csv,2015,name,"14.04674576,100.6253898",1
updated data\weather_hourly\Weather_Data_Blast_24H_2015\Pathum Thani 2015-01-01.csv,2015,resolvedAddress,"14.04674576,100.6253898",1
updated data\weather_hourly\Weather_Data_Blast_24H_2015\Pattani 2015-07-01.csv,2015,address,Pattani,1
updated data\weather_hourly\Weather_Data_Blast_24H_2015\Pattani 2015-07-01.csv,2015,info,,0
updated data\weather_hourly\Weather_Data_Blast_24H_2015\Pattani 2015-07-01.csv,2015,latitude,6.756087719,1
updated data\weather_hourly\Weather_Data_Blast_24H_2015\Pattani 2015-07-01.csv,2015,longitude,101.3607456,1
updated data\weather_hourly\Weather_Data_Blast_24H_2015\Pattani 2015-07-01.csv,2015,name,"6.756087719,101.3607456",1
updated data\weather_hourly\Weather_Data_Blast_24H_2015\Pattani 2015-07-01.csv,2015,resolvedAddress,"6.756087719,101.3607456",1
updated data\weather_hourly\Weather_Data_Blast_24H_2015\Phatthalung 2015-01-01.csv,2015,address,Phatthalung,1
updated data\weather_hourly\Weather_Data_Blast_24H_2015\Phatthalung 2015-01-01.csv,2015,info,,0
updated data\weather_hourly\Weather_Data_Blast_24H_2015\Phatthalung 2015-01-01.csv,2015,latitude,7.54880303,1
updated data\weather_hourly\Weather_Data_Blast_24H_2015\Phatthalung 2015-01-01.csv,2015,longitude,100.0667121,1
updated data\weather_hourly\Weather_Data_Blast_24H_2015\Phatthalung 2015-01-01.csv,2015,name,"7.54880303,100.0667121",1
updated data\weather_hourly\Weather_Data_Blast_24H_2015\Phatthalung 2015-01-01.csv,2015,resolvedAddress,"7.54880303,100.0667121",1
updated data\weather_hourly\Weather_Data_Blast_24H_2015\Phayao 2015-07-01.csv,2015,address,Phayao,1
updated data\weather_hourly\Weather_Data_Blast_24H_2015\Phayao 2015-07-01.csv,2015,info,,0
updated data\weather_hourly\Weather_Data_Blast_24H_2015\Phayao 2015-07-01.csv,2015,latitude,19.28419403,1
updated data\weather_hourly\Weather_Data_Blast_24H_2015\Phayao 2015-07-01.csv,2015,longitude,100.0843134,1
updated data\weather_hourly\Weather_Data_Blast_24H_2015\Phayao 2015-07-01.csv,2015,name,"19.28419403,100.0843134",1
updated data\weather_hourly\Weather_Data_Blast_24H_2015\Phayao 2015-07-01.csv,2015,resolvedAddress,"19.28419403,100.0843134",1
updated data\weather_hourly\Weather_Data_Blast_24H_2015\Phetchaburi 2015-01-01.csv,2015,address,Phetchaburi,1
updated data\weather_hourly\Weather_Data_Blast_24H_2015\Phetchaburi 2015-01-01.csv,2015,info,,0
updated data\weather_hourly\Weather_Data_Blast_24H_2015\Phetchaburi 2015-01-01.csv,2015,latitude,13.04547253,1
updated data\weather_hourly\Weather_Data_Blast_24H_2015\Phetchaburi 2015-01-01.csv,2015,longitude,99.88163736,1
updated data\weather_hourly\Weather_Data_Blast_24H_2015\Phetchaburi 2015-01-01.csv,2015,name,"13.04547253,99.88163736",1
updated data\weather_hourly\Weather_Data_Blast_24H_2015\Phetchaburi 2015-01-01.csv,2015,resolvedAddress,"13.04547253,99.88163736",1
updated data\weather_hourly\Weather_Data_Blast_24H_2015\Phichit 2015-07-01.csv,2015,address,Phichit,1
updated data\weather_hourly\Weather_Data_Blast_24H_2015\Phichit 2015-07-01.csv,2015,info,,0
updated data\weather_hourly\Weather_Data_Blast_24H_2015\Phichit 2015-07-01.csv,2015,latitude,16.25902273,1
updated data\weather_hourly\Weather_Data_Blast_24H_2015\Phichit 2015-07-01.csv,2015,longitude,100.3543182,1
updated data\weather_hourly\Weather_Data_Blast_24H_2015\Phichit 2015-07-01.csv,2015,name,"16.25902273,100.3543182",1
updated data\weather_hourly\Weather_Data_Blast_24H_2015\Phichit 2015-07-01.csv,2015,resolvedAddress,"16.25902273,100.3543182",1
updated data\weather_hourly\Weather_Data_Blast_24H_2015\Phra Nakhon Si Ayutthaya 2015-01-01.csv,2015,address,Phra Nakhon Si Ayutthaya,1
updated data\weather_hourly\Weather_Data_Blast_24H_2015\Phra Nakhon Si Ayutthaya 2015-01-01.csv,2015,info,,0
updated data\weather_hourly\Weather_Data_Blast_24H_2015\Phra Nakhon Si Ayutthaya 2015-01-01.csv,2015,latitude,14.37482039,1
updated data\weather_hourly\Weather_Data_Blast_24H_2015\Phra Nakhon Si Ayutthaya 2015-01-01.csv,2015,longitude,100.5316117,1
updated data\weather_hourly\Weather_Data_Blast_24H_2015\Phra Nakhon Si Ayutthaya 2015-01-01.csv,2015,name,"14.37482039,100.5316117",1
updated data\weather_hourly\Weather_Data_Blast_24H_2015\Phra Nakhon Si Ayutthaya 2015-01-01.csv,2015,resolvedAddress,"14.37482039,100.5316117",1
updated data\weather_hourly\Weather_Data_Blast_24H_2015\Phrae 2015-07-01.csv,2015,address,Phrae,1
updated data\weather_hourly\Weather_Data_Blast_24H_2015\Phrae 2015-07-01.csv,2015,info,,0
updated data\weather_hourly\Weather_Data_Blast_24H_2015\Phrae 2015-07-01.csv,2015,latitude,18.15474026,1
updated data\weather_hourly\Weather_Data_Blast_24H_2015\Phrae 2015-07-01.csv,2015,longitude,100.0967013,1
updated data\weather_hourly\Weather_Data_Blast_24H_2015\Phrae 2015-07-01.csv,2015,name,"18.15474026,100.0967013",1
updated data\weather_hourly\Weather_Data_Blast_24H_2015\Phrae 2015-07-01.csv,2015,resolvedAddress,"18.15474026,100.0967013",1
updated data\weather_hourly\Weather_Data_Blast_24H_2015\Prachin Buri 2015-01-01.csv,2015,address,Prachin Buri,1
updated data\weather_hourly\Weather_Data_Blast_24H_2015\Prachin Buri 2015-01-01.csv,2015,info,,0
updated data\weather_hourly\Weather_Data_Blast_24H_2015\Prachin Buri 2015-01-01.csv,2015,latitude,13.99596825,1
updated data\weather_hourly\Weather_Data_Blast_24H_2015\Prachin Buri 2015-01-01.csv,2015,longitude,101.5334444,1
updated data\weather_hourly\Weather_Data_Blast_24H_2015\Prachin Buri 2015-01-01.csv,2015,name,"13.99596825,101.5334444",1
updated data\weather_hourly\Weather_Data_Blast_24H_2015\Prachin Buri 2015-01-01.csv,2015,resolvedAddress,"13.99596825,101.5334444",1
updated data\weather_hourly\Weather_Data_Blast_24H_2015\Prachuap Khiri Khan 2015-07-01.csv,2015,address,Prachuap Khiri Khan,1
updated data\weather_hourly\Weather_Data_Blast_24H_2015\Prachuap Khiri Khan 2015-07-01.csv,2015,info,,0
updated data\weather_hourly\Weather_Data_Blast_24H_2015\Prachuap Khiri Khan 2015-07-01.csv,2015,latitude,11.87997872,1
updated data\weather_hourly\Weather_Data_Blast_24H_2015\Prachuap Khiri Khan 2015-07-01.csv,2015,longitude,99.66968085,1
updated data\weather_hourly\Weather_Data_Blast_24H_2015\Prachuap Khiri Khan 2015-07-01.csv,2015,name,"11.87997872,99.66968085",1
updated data\weather_hourly\Weather_Data_Blast_24H_2015\Prachuap Khiri Khan 2015-07-01.csv,2015,resolvedAddress,"11.87997872,99.66968085",1
updated data\weather_hourly\Weather_Data_Blast_24H_2015\Ratchaburi 2015-01-01.csv,2015,address,Ratchaburi,1
updated data\weather_hourly\Weather_Data_Blast_24H_2015\Ratchaburi 2015-01-01.csv,2015,info,,0
updated data\weather_hourly\Weather_Data_Blast_24H_2015\Ratchaburi 2015-01-01.csv,2015,latitude,13.60378641,1
updated data\weather_hourly\Weather_Data_Blast_24H_2015\Ratchaburi 2015-01-01.csv,2015,longitude,99.80105825,1
updated data\weather_hourly\Weather_Data_Blast_24H_2015\Ratchaburi 2015-01-01.csv,2015,name,"13.60378641,99.80105825",1
updated data\weather_hourly\Weather_Data_Blast_24H_2015\Ratchaburi 2015-01-01.csv,2015,resolvedAddress,"13.60378641,99.80105825",1
updated data\weather_hourly\Weather_Data_Blast_24H_2015\Rayong 2015-07-01.csv,2015,address,Rayong,1
updated data\weather_hourly\Weather_Data_Blast_24H_2015\Rayong 2015-07-01.csv,2015,info,,0
updated data\weather_hourly\Weather_Data_Blast_24H_2015\Rayong 2015-07-01.csv,2015,latitude,12.77290909,1
updated data\weather_hourly\Weather_Data_Blast_24H_2015\Rayong 2015-07-01.csv,2015,longitude,101.4139394,1
updated data\weather_hourly\Weather_Data_Blast_24H_2015\Rayong 2015-07-01.csv,2015,name,"12.77290909,101.4139394",1
updated data\weather_hourly\Weather_Data_Blast_24H_2015\Rayong 2015-07-01.csv,2015,resolvedAddress,"12.77290909,101.4139394",1
updated data\weather_hourly\Weather_Data_Blast_24H_2015\Sa kaeo 2015-01-01.csv,2015,address,Sa kaeo,1
updated data\weather_hourly\Weather_Data_Blast_24H_2015\Sa kaeo 2015-01-01.csv,2015,info,,0
updated data\weather_hourly\Weather_Data_Blast_24H_2015\Sa kaeo 2015-01-01.csv,2015,latitude,13.72012069,1
updated data\weather_hourly\Weather_Data_Blast_24H_2015\Sa kaeo 2015-01-01.csv,2015,longitude,102.3403103,1
updated data\weather_hourly\Weather_Data_Blast_24H_2015\Sa kaeo 2015-01-01.csv,2015,name,"13.72012069,102.3403103",1
updated data\weather_hourly\Weather_Data_Blast_24H_2015\Sa kaeo 2015-01-01.csv,2015,resolvedAddress,"13.72012069,102.3403103",1
updated data\weather_hourly\Weather_Data_Blast_24H_2015\Sakon Nakhon 2015-07-01.csv,2015,address,Sakon Nakhon,1
updated data\weather_hourly\Weather_Data_Blast_24H_2015\Sakon Nakhon 2015-07-01.csv,2015,info,,0
updated data\weather_hourly\Weather_Data_Blast_24H_2015\Sakon Nakhon 2015-07-01.csv,2015,latitude,17.40146774,1
updated data\weather_hourly\Weather_Data_Blast_24H_2015\Sakon Nakhon 2015-07-01.csv,2015,longitude,103.8297419,1
updated data\weather_hourly\Weather_Data_Blast_24H_2015\Sakon Nakhon 2015-07-01.csv,2015,name,"17.40146774,103.8297419",1
updated data\weather_hourly\Weather_Data_Blast_24H_2015\Sakon Nakhon 2015-07-01.csv,2015,resolvedAddress,"17.40146774,103.8297419",1
updated data\weather_hourly\Weather_Data_Blast_24H_2015\Samut Sakhon 2015-01-01.csv,2015,address,Samut Sakhon,1
updated data\weather_hourly\Weather_Data_Blast_24H_2015\Samut Sakhon 2015-01-01.csv,2015,info,,0
updated data\weather_hourly\Weather_Data_Blast_24H_2015\Samut Sakhon 2015-01-01.csv,2015,latitude,13.58789744,1
updated data\weather_hourly\Weather_Data_Blast_24H_2015\Samut Sakhon 2015-01-01.csv,2015,longitude,100.2134103,1
updated data\weather_hourly\Weather_Data_Blast_24H_2015\Samut Sakhon 2015-01-01.csv,2015,name,"13.58789744,100.2134103",1
updated data\weather_hourly\Weather_Data_Blast_24H_2015\Samut Sakhon 2015-01-01.csv,2015,resolvedAddress,"13.58789744,100.2134103",1
updated data\weather_hourly\Weather_Data_Blast_24H_2015\Samut Songkhram 2015-07-01.csv,2015,address,Samut Songkhram,1
updated data\weather_hourly\Weather_Data_Blast_24H_2015\Samut Songkhram 2015-07-01.csv,2015,info,,0
updated data\weather_hourly\Weather_Data_Blast_24H_2015\Samut Songkhram 2015-07-01.csv,2015,latitude,13.43411429,1
updated data\weather_hourly\Weather_Data_Blast_24H_2015\Samut Songkhram 2015-07-01.csv,2015,longitude,99.95694286,1
updated data\weather_hourly\Weather_Data_Blast_24H_2015\Samut Songkhram 2015-07-01.csv,2015,name,"13.43411429,99.95694286",1
updated data\weather_hourly\Weather_Data_Blast_24H_2015\Samut Songkhram 2015-07-01.csv,2015,resolvedAddress,"13.43411429,99.95694286",1
updated data\weather_hourly\Weather_Data_Blast_24H_2015\Satun 2015-01-01.csv,2015,address,Satun,1
updated data\weather_hourly\Weather_Data_Blast_24H_2015\Satun 2015-01-01.csv,2015,info,,0
updated data\weather_hourly\Weather_Data_Blast_24H_2015\Satun 2015-01-01.csv,2015,latitude,6.695068182,1
updated data\weather_hourly\Weather_Data_Blast_24H_2015\Satun 2015-01-01.csv,2015,longitude,99.72796591,1
updated data\weather_hourly\Weather_Data_Blast_24H_2015\Satun 2015-01-01.csv,2015,name,"6.695068182,99.72796591",1
updated data\weather_hourly\Weather_Data_Blast_24H_2015\Satun 2015-01-01.csv,2015,resolvedAddress,"6.695068182,99.72796591",1
updated data\weather_hourly\Weather_Data_Blast_24H_2015\Si Sa Ket 2015-07-01.csv,2015,address,Si Sa Ket,1
updated data\weather_hourly\Weather_Data_Blast_24H_2015\Si Sa Ket 2015-07-01.csv,2015,info,,0
updated data\weather_hourly\Weather_Data_Blast_24H_2015\Si Sa Ket 2015-07-01.csv,2015,latitude,14.94141872,1
updated data\weather_hourly\Weather_Data_Blast_24H_2015\Si Sa Ket 2015-07-01.csv,2015,longitude,104.3277783,1
updated data\weather_hourly\Weather_Data_Blast_24H_2015\Si Sa Ket 2015-07-01.csv,2015,name,"14.94141872,104.3277783",1
updated data\weather_hourly\Weather_Data_Blast_24H_2015\Si Sa Ket 2015-07-01.csv,2015,resolvedAddress,"14.94141872,104.3277783",1
updated data\weather_hourly\Weather_Data_Blast_24H_2015\Songkhla 2015-01-01.csv,2015,address,Songkhla,1
updated data\weather_hourly\Weather_Data_Blast_24H_2015\Songkhla 2015-01-01.csv,2015,info,,0
updated data\weather_hourly\Weather_Data_Blast_24H_2015\Songkhla 2015-01-01.csv,2015,latitude,7.117804348,1
updated data\weather_hourly\Weather_Data_Blast_24H_2015\Songkhla 2015-01-01.csv,2015,longitude,100.5218768,1
updated data\weather_hourly\Weather_Data_Blast_24H_2015\Songkhla 2015-01-01.csv,2015,name,"7.117804348,100.5218768",1
updated data\weather_hourly\Weather_Data_Blast_24H_2015\Songkhla 2015-01-01.csv,2015,resolvedAddress,"7.117804348,100.5218768",1
updated data\weather_hourly\Weather_Data_Blast_24H_2015\Sukhothai 2015-07-01.csv,2015,address,Sukhothai,1
updated data\weather_hourly\Weather_Data_Blast_24H_2015\Sukhothai 2015-07-01.csv,2015,info,,0
updated data\weather_hourly\Weather_Data_Blast_24H_2015\Sukhothai 2015-07-01.csv,2015,latitude,17.1496,1
updated data\weather_hourly\Weather_Data_Blast_24H_2015\Sukhothai 2015-07-01.csv,2015,longitude,99.79715294,1
updated data\weather_hourly\Weather_Data_Blast_24H_2015\Sukhothai 2015-07-01.csv,2015,name,"17.1496,99.79715294",1
updated data\weather_hourly\Weather_Data_Blast_24H_2015\Sukhothai 2015-07-01.csv,2015,resolvedAddress,"17.1496,99.79715294",1
updated data\weather_hourly\Weather_Data_Blast_24H_2015\Surat Thani 2015-01-01.csv,2015,address,Surat Thani,1
updated data\weather_hourly\Weather_Data_Blast_24H_2015\Surat Thani 2015-01-01.csv,2015,info,,0
updated data\weather_hourly\Weather_Data_Blast_24H_2015\Surat Thani 2015-01-01.csv,2015,latitude,9.228121053,1
updated data\weather_hourly\Weather_Data_Blast_24H_2015\Surat Thani 2015-01-01.csv,2015,longitude,99.40556316,1
updated data\weather_hourly\Weather_Data_Blast_24H_2015\Surat Thani 2015-01-01.csv,2015,name,"9.228121053,99.40556316",1
updated data\weather_hourly\Weather_Data_Blast_24H_2015\Surat Thani 2015-01-01.csv,2015,resolvedAddress,"9.228121053,99.40556316",1
updated data\weather_hourly\Weather_Data_Blast_24H_2015\Surin 2015-07-01.csv,2015,address,Surin,1
updated data\weather_hourly\Weather_Data_Blast_24H_2015\Surin 2015-07-01.csv,2015,info,,0
updated data\weather_hourly\Weather_Data_Blast_24H_2015\Surin 2015-07-01.csv,2015,latitude,14.93708228,1
updated data\weather_hourly\Weather_Data_Blast_24H_2015\Surin 2015-07-01.csv,2015,longitude,103.669962,1
updated data\weather_hourly\Weather_Data_Blast_24H_2015\Surin 2015-07-01.csv,2015,name,"14.93708228,103.669962",1
updated data\weather_hourly\Weather_Data_Blast_24H_2015\Surin 2015-07-01.csv,2015,resolvedAddress,"14.93708228,103.669962",1
updated data\weather_hourly\Weather_Data_Blast_24H_2015\Trang 2015-01-01.csv,2015,address,Trang,1
updated data\weather_hourly\Weather_Data_Blast_24H_2015\Trang 2015-01-01.csv,2015,info,,0
updated data\weather_hourly\Weather_Data_Blast_24H_2015\Trang 2015-01-01.csv,2015,latitude,7.479578947,1
updated data\weather_hourly\Weather_Data_Blast_24H_2015\Trang 2015-01-01.csv,2015,longitude,99.55433333,1
updated data\weather_hourly\Weather_Data_Blast_24H_2015\Trang 2015-01-01.csv,2015,name,"7.479578947,99.55433333",1
updated data\weather_hourly\Weather_Data_Blast_24H_2015\Trang 2015-01-01.csv,2015,resolvedAddress,"7.479578947,99.55433333",1
updated data\weather_hourly\Weather_Data_Blast_24H_2015\Trat 2015-07-01.csv,2015,address,Trat,1
updated data\weather_hourly\Weather_Data_Blast_24H_2015\Trat 2015-07-01.csv,2015,info,,0
updated data\weather_hourly\Weather_Data_Blast_24H_2015\Trat 2015-07-01.csv,2015,latitude,12.10803774,1
updated data\weather_hourly\Weather_Data_Blast_24H_2015\Trat 2015-07-01.csv,2015,longitude,102.4909057,1
updated data\weather_hourly\Weather_Data_Blast_24H_2015\Trat 2015-07-01.csv,2015,name,"12.10803774,102.4909057",1
updated data\weather_hourly\Weather_Data_Blast_24H_2015\Trat 2015-07-01.csv,2015,resolvedAddress,"12.10803774,102.4909057",1
updated data\weather_hourly\Weather_Data_Blast_24H_2015\Udon Thani 2015-01-01.csv,2015,address,Udon Thani,1
updated data\weather_hourly\Weather_Data_Blast_24H_2015\Udon Thani 2015-01-01.csv,2015,info,,0
updated data\weather_hourly\Weather_Data_Blast_24H_2015\Udon Thani 2015-01-01.csv,2015,latitude,17.40975974,1
updated data\weather_hourly\Weather_Data_Blast_24H_2015\Udon Thani 2015-01-01.csv,2015,longitude,102.883539,1
updated data\weather_hourly\Weather_Data_Blast_24H_2015\Udon Thani 2015-01-01.csv,2015,name,"17.40975974,102.883539",1
updated data\weather_hourly\Weather_Data_Blast_24H_2015\Udon Thani 2015-01-01.csv,2015,resolvedAddress,"17.40975974,102.883539",1
updated data\weather_hourly\Weather_Data_Blast_24H_2015\Uthai Thani 2015-07-01.csv,2015,address,Uthai Thani,1
updated data\weather_hourly\Weather_Data_Blast_24H_2015\Uthai Thani 2015-07-01.csv,2015,info,,0
updated data\weather_hourly\Weather_Data_Blast_24H_2015\Uthai Thani 2015-07-01.csv,2015,latitude,15.37220588,1
updated data\weather_hourly\Weather_Data_Blast_24H_2015\Uthai Thani 2015-07-01.csv,2015,longitude,99.80179412,1
updated data\weather_hourly\Weather_Data_Blast_24H_2015\Uthai Thani 2015-07-01.csv,2015,name,"15.37220588,99.80179412",1
updated data\weather_hourly\Weather_Data_Blast_24H_2015\Uthai Thani 2015-07-01.csv,2015,resolvedAddress,"15.37220588,99.80179412",1
updated data\weather_hourly\Weather_Data_Blast_24H_2015\Yala 2015-01-01.csv,2015,address,Yala,1
updated data\weather_hourly\Weather_Data_Blast_24H_2015\Yala 2015-01-01.csv,2015,info,,0
updated data\weather_hourly\Weather_Data_Blast_24H_2015\Yala 2015-01-01.csv,2015,latitude,6.389631579,1
updated data\weather_hourly\Weather_Data_Blast_24H_2015\Yala 2015-01-01.csv,2015,longitude,101.2610877,1
updated data\weather_hourly\Weather_Data_Blast_24H_2015\Yala 2015-01-01.csv,2015,name,"6.389631579,101.2610877",1
updated data\weather_hourly\Weather_Data_Blast_24H_2015\Yala 2015-01-01.csv,2015,resolvedAddress,"6.389631579,101.2610877",1
updated data\weather_hourly\Weather_Data_Blast_24H_2015\Yasothon 2015-07-01.csv,2015,address,Yasothon,1
updated data\weather_hourly\Weather_Data_Blast_24H_2015\Yasothon 2015-07-01.csv,2015,info,,0
updated data\weather_hourly\Weather_Data_Blast_24H_2015\Yasothon 2015-07-01.csv,2015,latitude,15.83362821,1
updated data\weather_hourly\Weather_Data_Blast_24H_2015\Yasothon 2015-07-01.csv,2015,longitude,104.3002051,1
updated data\weather_hourly\Weather_Data_Blast_24H_2015\Yasothon 2015-07-01.csv,2015,name,"15.83362821,104.3002051",1
updated data\weather_hourly\Weather_Data_Blast_24H_2015\Yasothon 2015-07-01.csv,2015,resolvedAddress,"15.83362821,104.3002051",1
updated data\weather_hourly\Weather_Data_Blast_24H_2016\Ang Thong 2016-01-01.csv,2016,address,Ang Thong,1
updated data\weather_hourly\Weather_Data_Blast_24H_2016\Ang Thong 2016-01-01.csv,2016,info,,0
updated data\weather_hourly\Weather_Data_Blast_24H_2016\Ang Thong 2016-01-01.csv,2016,latitude,14.61094444,1
updated data\weather_hourly\Weather_Data_Blast_24H_2016\Ang Thong 2016-01-01.csv,2016,longitude,100.3843056,1
updated data\weather_hourly\Weather_Data_Blast_24H_2016\Ang Thong 2016-01-01.csv,2016,name,"14.61094444,100.3843056",1
updated data\weather_hourly\Weather_Data_Blast_24H_2016\Ang Thong 2016-01-01.csv,2016,resolvedAddress,"14.61094444,100.3843056",1
updated data\weather_hourly\Weather_Data_Blast_24H_2016\Bangkok 2016-07-01.csv,2016,address,Bangkok,1
updated data\weather_hourly\Weather_Data_Blast_24H_2016\Bangkok 2016-07-01.csv,2016,info,,0
updated data\weather_hourly\Weather_Data_Blast_24H_2016\Bangkok 2016-07-01.csv,2016,latitude,13.75785621,1
updated data\weather_hourly\Weather_Data_Blast_24H_2016\Bangkok 2016-07-01.csv,2016,longitude,100.5558824,1
updated data\weather_hourly\Weather_Data_Blast_24H_2016\Bangkok 2016-07-01.csv,2016,name,"13.75785621,100.5558824",1
updated data\weather_hourly\Weather_Data_Blast_24H_2016\Bangkok 2016-07-01.csv,2016,resolvedAddress,"13.75785621,100.5558824",1
updated data\weather_hourly\Weather_Data_Blast_24H_2016\Buri Ram 2016-01-01.csv,2016,address,Buri Ram,1
updated data\weather_hourly\Weather_Data_Blast_24H_2016\Buri Ram 2016-01-01.csv,2016,info,,0
updated data\weather_hourly\Weather_Data_Blast_24H_2016\Buri Ram 2016-01-01.csv,2016,latitude,14.89489362,1
updated data\weather_hourly\Weather_Data_Blast_24H_2016\Buri Ram 2016-01-01.csv,2016,longitude,102.9742287,1
updated data\weather_hourly\Weather_Data_Blast_24H_2016\Buri Ram 2016-01-01.csv,2016,name,"14.89489362,102.9742287",1
updated data\weather_hourly\Weather_Data_Blast_24H_2016\Buri Ram 2016-01-01.csv,2016,resolvedAddress,"14.89489362,102.9742287",1
updated data\weather_hourly\Weather_Data_Blast_24H_2016\Chachoengsao 2016-07-01.csv,2016,address,Chachoengsao,1
updated data\weather_hourly\Weather_Data_Blast_24H_2016\Chachoengsao 2016-07-01.csv,2016,info,,0
updated data\weather_hourly\Weather_Data_Blast_24H_2016\Chachoengsao 2016-07-01.csv,2016,latitude,13.68568478,1
updated data\weather_hourly\Weather_Data_Blast_24H_2016\Chachoengsao 2016-07-01.csv,2016,longitude,101.1367174,1
updated data\weather_hourly\Weather_Data_Blast_24H_2016\Chachoengsao 2016-07-01.csv,2016,name,"13.68568478,101.1367174",1
updated data\weather_hourly\Weather_Data_Blast_24H_2016\Chachoengsao 2016-07-01.csv,2016,resolvedAddress,"13.68568478,101.1367174",1
updated data\weather_hourly\Weather_Data_Blast_24H_2016\Chaiyaphum 2016-01-01.csv,2016,address,Chaiyaphum,1
updated data\weather_hourly\Weather_Data_Blast_24H_2016\Chaiyaphum 2016-01-01.csv,2016,info,,0
updated data\weather_hourly\Weather_Data_Blast_24H_2016\Chaiyaphum 2016-01-01.csv,2016,latitude,15.97104065,1
updated data\weather_hourly\Weather_Data_Blast_24H_2016\Chaiyaphum 2016-01-01.csv,2016,longitude,101.9395366,1
updated data\weather_hourly\Weather_Data_Blast_24H_2016\Chaiyaphum 2016-01-01.csv,2016,name,"15.97104065,101.9395366",1
updated data\weather_hourly\Weather_Data_Blast_24H_2016\Chaiyaphum 2016-01-01.csv,2016,resolvedAddress,"15.97104065,101.9395366",1
updated data\weather_hourly\Weather_Data_Blast_24H_2016\Chanthaburi 2016-07-01.csv,2016,address,Chanthaburi,1
updated data\weather_hourly\Weather_Data_Blast_24H_2016\Chanthaburi 2016-07-01.csv,2016,info,,0
updated data\weather_hourly\Weather_Data_Blast_24H_2016\Chanthaburi 2016-07-01.csv,2016,latitude,12.67759036,1
updated data\weather_hourly\Weather_Data_Blast_24H_2016\Chanthaburi 2016-07-01.csv,2016,longitude,102.1161687,1
updated data\weather_hourly\Weather_Data_Blast_24H_2016\Chanthaburi 2016-07-01.csv,2016,name,"12.67759036,102.1161687",1
updated data\weather_hourly\Weather_Data_Blast_24H_2016\Chanthaburi 2016-07-01.csv,2016,resolvedAddress,"12.67759036,102.1161687",1
updated data\weather_hourly\Weather_Data_Blast_24H_2016\Chiang Rai 2016-01-01.csv,2016,address,Chiang Rai,1
updated data\weather_hourly\Weather_Data_Blast_24H_2016\Chiang Rai 2016-01-01.csv,2016,info,,0
updated data\weather_hourly\Weather_Data_Blast_24H_2016\Chiang Rai 2016-01-01.csv,2016,latitude,19.88303252,1
updated data\weather_hourly\Weather_Data_Blast_24H_2016\Chiang Rai 2016-01-01.csv,2016,longitude,99.92217886,1
updated data\weather_hourly\Weather_Data_Blast_24H_2016\Chiang Rai 2016-01-01.csv,2016,name,"19.88303252,99.92217886",1
updated data\weather_hourly\Weather_Data_Blast_24H_2016\Chiang Rai 2016-01-01.csv,2016,resolvedAddress,"19.88303252,99.92217886",1
updated data\weather_hourly\Weather_Data_Blast_24H_2016\Chon Buri 2016-07-01.csv,2016,address,Chon Buri,1
updated data\weather_hourly\Weather_Data_Blast_24H_2016\Chon Buri 2016-07-01.csv,2016,info,,0
updated data\weather_hourly\Weather_Data_Blast_24H_2016\Chon Buri 2016-07-01.csv,2016,latitude,13.15463158,1
updated data\weather_hourly\Weather_Data_Blast_24H_2016\Chon Buri 2016-07-01.csv,2016,longitude,101.0628947,1
updated data\weather_hourly\Weather_Data_Blast_24H_2016\Chon Buri 2016-07-01.csv,2016,name,"13.15463158,101.0628947",1
updated data\weather_hourly\Weather_Data_Blast_24H_2016\Chon Buri 2016-07-01.csv,2016,resolvedAddress,"13.15463158,101.0628947",1
updated data\weather_hourly\Weather_Data_Blast_24H_2016\Kalasin 2016-01-01.csv,2016,address,Kalasin,1
updated data\weather_hourly\Weather_Data_Blast_24H_2016\Kalasin 2016-01-01.csv,2016,info,,0
updated data\weather_hourly\Weather_Data_Blast_24H_2016\Kalasin 2016-01-01.csv,2016,latitude,16.58667669,1
updated data\weather_hourly\Weather_Data_Blast_24H_2016\Kalasin 2016-01-01.csv,2016,longitude,103.6133985,1
updated data\weather_hourly\Weather_Data_Blast_24H_2016\Kalasin 2016-01-01.csv,2016,name,"16.58667669,103.6133985",1
updated data\weather_hourly\Weather_Data_Blast_24H_2016\Kalasin 2016-01-01.csv,2016,resolvedAddress,"16.58667669,103.6133985",1
updated data\weather_hourly\Weather_Data_Blast_24H_2016\Kamphaeng Phet 2016-07-01.csv,2016,address,Kamphaeng Phet,1
updated data\weather_hourly\Weather_Data_Blast_24H_2016\Kamphaeng Phet 2016-07-01.csv,2016,info,,0
updated data\weather_hourly\Weather_Data_Blast_24H_2016\Kamphaeng Phet 2016-07-01.csv,2016,latitude,16.37223377,1
updated data\weather_hourly\Weather_Data_Blast_24H_2016\Kamphaeng Phet 2016-07-01.csv,2016,longitude,99.65637662,1
updated data\weather_hourly\Weather_Data_Blast_24H_2016\Kamphaeng Phet 2016-07-01.csv,2016,name,"16.37223377,99.65637662",1
updated data\weather_hourly\Weather_Data_Blast_24H_2016\Kamphaeng Phet 2016-07-01.csv,2016,resolvedAddress,"16.37223377,99.65637662",1
updated data\weather_hourly\Weather_Data_Blast_24H_2016\Khon Kaen 2016-01-01.csv,2016,address,Khon Kaen,1
updated data\weather_hourly\Weather_Data_Blast_24H_2016\Khon Kaen 2016-01-01.csv,2016,info,,0
updated data\weather_hourly\Weather_Data_Blast_24H_2016\Khon Kaen 2016-01-01.csv,2016,latitude,16.35285,1
updated data\weather_hourly\Weather_Data_Blast_24H_2016\Khon Kaen 2016-01-01.csv,2016,longitude,102.598805,1
updated data\weather_hourly\Weather_Data_Blast_24H_2016\Khon Kaen 2016-01-01.csv,2016,name,"16.35285,102.598805",1
updated data\weather_hourly\Weather_Data_Blast_24H_2016\Khon Kaen 2016-01-01.csv,2016,resolvedAddress,"16.35285,102.598805",1
updated data\weather_hourly\Weather_Data_Blast_24H_2016\Krabi 2016-07-01.csv,2016,address,Krabi,1
updated data\weather_hourly\Weather_Data_Blast_24H_2016\Krabi 2016-07-01.csv,2016,info,,0
updated data\weather_hourly\Weather_Data_Blast_24H_2016\Krabi 2016-07-01.csv,2016,latitude,8.009243243,1
updated data\weather_hourly\Weather_Data_Blast_24H_2016\Krabi 2016-07-01.csv,2016,longitude,98.93368468,1
updated data\weather_hourly\Weather_Data_Blast_24H_2016\Krabi 2016-07-01.csv,2016,name,"8.009243243,98.93368468",1
updated data\weather_hourly\Weather_Data_Blast_24H_2016\Krabi 2016-07-01.csv,2016,resolvedAddress,"8.009243243,98.93368468",1
updated data\weather_hourly\Weather_Data_Blast_24H_2016\Lamphun 2016-01-01.csv,2016,address,Lamphun,1
updated data\weather_hourly\Weather_Data_Blast_24H_2016\Lamphun 2016-01-01.csv,2016,info,,0
updated data\weather_hourly\Weather_Data_Blast_24H_2016\Lamphun 2016-01-01.csv,2016,latitude,18.36132,1
updated data\weather_hourly\Weather_Data_Blast_24H_2016\Lamphun 2016-01-01.csv,2016,longitude,98.96236,1
updated data\weather_hourly\Weather_Data_Blast_24H_2016\Lamphun 2016-01-01.csv,2016,name,"18.36132,98.96236",1
updated data\weather_hourly\Weather_Data_Blast_24H_2016\Lamphun 2016-01-01.csv,2016,resolvedAddress,"18.36132,98.96236",1
updated data\weather_hourly\Weather_Data_Blast_24H_2016\Loei 2016-07-01.csv,2016,address,Loei,1
updated data\weather_hourly\Weather_Data_Blast_24H_2016\Loei 2016-07-01.csv,2016,info,,0
updated data\weather_hourly\Weather_Data_Blast_24H_2016\Loei 2016-07-01.csv,2016,latitude,17.41748315,1
updated data\weather_hourly\Weather_Data_Blast_24H_2016\Loei 2016-07-01.csv,2016,longitude,101.6434157,1
updated data\weather_hourly\Weather_Data_Blast_24H_2016\Loei 2016-07-01.csv,2016,name,"17.41748315,101.6434157",1
updated data\weather_hourly\Weather_Data_Blast_24H_2016\Loei 2016-07-01.csv,2016,resolvedAddress,"17.41748315,101.6434157",1
updated data\weather_hourly\Weather_Data_Blast_24H_2016\Mae Hong Son 2016-01-01.csv,2016,address,Mae Hong Son,1
updated data\weather_hourly\Weather_Data_Blast_24H_2016\Mae Hong Son 2016-01-01.csv,2016,info,,0
updated data\weather_hourly\Weather_Data_Blast_24H_2016\Mae Hong Son 2016-01-01.csv,2016,latitude,18.766,1
updated data\weather_hourly\Weather_Data_Blast_24H_2016\Mae Hong Son 2016-01-01.csv,2016,longitude,98.06297674,1
updated data\weather_hourly\Weather_Data_Blast_24H_2016\Mae Hong Son 2016-01-01.csv,2016,name,"18.766,98.06297674",1
updated data\weather_hourly\Weather_Data_Blast_24H_2016\Mae Hong Son 2016-01-01.csv,2016,resolvedAddress,"18.766,98.06297674",1
updated data\weather_hourly\Weather_Data_Blast_24H_2016\Maha Sarakham 2016-07-01.csv,2016,address,Maha Sarakham,1
updated data\weather_hourly\Weather_Data_Blast_24H_2016\Maha Sarakham 2016-07-01.csv,2016,info,,0
updated data\weather_hourly\Weather_Data_Blast_24H_2016\Maha Sarakham 2016-07-01.csv,2016,latitude,15.98990226,1
updated data\weather_hourly\Weather_Data_Blast_24H_2016\Maha Sarakham 2016-07-01.csv,2016,longitude,103.1893308,1
updated data\weather_hourly\Weather_Data_Blast_24H_2016\Maha Sarakham 2016-07-01.csv,2016,name,"15.98990226,103.1893308",1
updated data\weather_hourly\Weather_Data_Blast_24H_2016\Maha Sarakham 2016-07-01.csv,2016,resolvedAddress,"15.98990226,103.1893308",1
updated data\weather_hourly\Weather_Data_Blast_24H_2016\Nakhon Nayok 2016-01-01.csv,2016,address,Nakhon Nayok,1
updated data\weather_hourly\Weather_Data_Blast_24H_2016\Nakhon Nayok 2016-01-01.csv,2016,info,,0
updated data\weather_hourly\Weather_Data_Blast_24H_2016\Nakhon Nayok 2016-01-01.csv,2016,latitude,14.18082927,1
updated data\weather_hourly\Weather_Data_Blast_24H_2016\Nakhon Nayok 2016-01-01.csv,2016,longitude,101.1229756,1
updated data\weather_hourly\Weather_Data_Blast_24H_2016\Nakhon Nayok 2016-01-01.csv,2016,name,"14.18082927,101.1229756",1
updated data\weather_hourly\Weather_Data_Blast_24H_2016\Nakhon Nayok 2016-01-01.csv,2016,resolvedAddress,"14.18082927,101.1229756",1
updated data\weather_hourly\Weather_Data_Blast_24H_2016\Nakhon Pathom 2016-07-01.csv,2016,address,Nakhon Pathom,1
updated data\weather_hourly\Weather_Data_Blast_24H_2016\Nakhon Pathom 2016-07-01.csv,2016,info,,0
updated data\weather_hourly\Weather_Data_Blast_24H_2016\Nakhon Pathom 2016-07-01.csv,2016,latitude,13.87357143,1
updated data\weather_hourly\Weather_Data_Blast_24H_2016\Nakhon Pathom 2016-07-01.csv,2016,longitude,100.1243048,1
updated data\weather_hourly\Weather_Data_Blast_24H_2016\Nakhon Pathom 2016-07-01.csv,2016,name,"13.87357143,100.1243048",1
updated data\weather_hourly\Weather_Data_Blast_24H_2016\Nakhon Pathom 2016-07-01.csv,2016,resolvedAddress,"13.87357143,100.1243048",1
updated data\weather_hourly\Weather_Data_Blast_24H_2016\Nakhon Ratchasima 2016-01-01.csv,2016,address,Nakhon Ratchasima,1
updated data\weather_hourly\Weather_Data_Blast_24H_2016\Nakhon Ratchasima 2016-01-01.csv,2016,info,,0
updated data\weather_hourly\Weather_Data_Blast_24H_2016\Nakhon Ratchasima 2016-01-01.csv,2016,latitude,15.08644014,1
updated data\weather_hourly\Weather_Data_Blast_24H_2016\Nakhon Ratchasima 2016-01-01.csv,2016,longitude,102.1976901,1
updated data\weather_hourly\Weather_Data_Blast_24H_2016\Nakhon Ratchasima 2016-01-01.csv,2016,name,"15.08644014,102.1976901",1
updated data\weather_hourly\Weather_Data_Blast_24H_2016\Nakhon Ratchasima 2016-01-01.csv,2016,resolvedAddress,"15.08644014,102.1976901",1
updated data\weather_hourly\Weather_Data_Blast_24H_2016\Nakhon Sawan 2016-07-01.csv,2016,address,Nakhon Sawan,1
updated data\weather_hourly\Weather_Data_Blast_24H_2016\Nakhon Sawan 2016-07-01.csv,2016,info,,0
updated data\weather_hourly\Weather_Data_Blast_24H_2016\Nakhon Sawan 2016-07-01.csv,2016,latitude,15.67782946,1
updated data\weather_hourly\Weather_Data_Blast_24H_2016\Nakhon Sawan 2016-07-01.csv,2016,longitude,100.1931783,1
updated data\weather_hourly\Weather_Data_Blast_24H_2016\Nakhon Sawan 2016-07-01.csv,2016,name,"15.67782946,100.1931783",1
updated data\weather_hourly\Weather_Data_Blast_24H_2016\Nakhon Sawan 2016-07-01.csv,2016,resolvedAddress,"15.67782946,100.1931783",1
updated data\weather_hourly\Weather_Data_Blast_24H_2016\Nan 2016-01-01.csv,2016,address,Nan,1
updated data\weather_hourly\Weather_Data_Blast_24H_2016\Nan 2016-01-01.csv,2016,info,,0
updated data\weather_hourly\Weather_Data_Blast_24H_2016\Nan 2016-01-01.csv,2016,latitude,18.8794898,1
updated data\weather_hourly\Weather_Data_Blast_24H_2016\Nan 2016-01-01.csv,2016,longitude,100.8094286,1
updated data\weather_hourly\Weather_Data_Blast_24H_2016\Nan 2016-01-01.csv,2016,name,"18.8794898,100.8094286",1
updated data\weather_hourly\Weather_Data_Blast_24H_2016\Nan 2016-01-01.csv,2016,resolvedAddress,"18.8794898,100.8094286",1
updated data\weather_hourly\Weather_Data_Blast_24H_2016\Narathiwat 2016-07-01.csv,2016,address,Narathiwat,1
updated data\weather_hourly\Weather_Data_Blast_24H_2016\Narathiwat 2016-07-01.csv,2016,info,,0
updated data\weather_hourly\Weather_Data_Blast_24H_2016\Narathiwat 2016-07-01.csv,2016,latitude,6.234092105,1
updated data\weather_hourly\Weather_Data_Blast_24H_2016\Narathiwat 2016-07-01.csv,2016,longitude,101.7531711,1
updated data\weather_hourly\Weather_Data_Blast_24H_2016\Narathiwat 2016-07-01.csv,2016,name,"6.234092105,101.7531711",1
updated data\weather_hourly\Weather_Data_Blast_24H_2016\Narathiwat 2016-07-01.csv,2016,resolvedAddress,"6.234092105,101.7531711",1
updated data\weather_hourly\Weather_Data_Blast_24H_2016\Nong Khai 2016-01-01.csv,2016,address,Nong Khai,1
updated data\weather_hourly\Weather_Data_Blast_24H_2016\Nong Khai 2016-01-01.csv,2016,info,,0
updated data\weather_hourly\Weather_Data_Blast_24H_2016\Nong Khai 2016-01-01.csv,2016,latitude,17.91401639,1
updated data\weather_hourly\Weather_Data_Blast_24H_2016\Nong Khai 2016-01-01.csv,2016,longitude,102.8044262,1
updated data\weather_hourly\Weather_Data_Blast_24H_2016\Nong Khai 2016-01-01.csv,2016,name,"17.91401639,102.8044262",1
updated data\weather_hourly\Weather_Data_Blast_24H_2016\Nong Khai 2016-01-01.csv,2016,resolvedAddress,"17.91401639,102.8044262",1
updated data\weather_hourly\Weather_Data_Blast_24H_2016\Nonthaburi 2016-07-01.csv,2016,address,Nonthaburi,1
updated data\weather_hourly\Weather_Data_Blast_24H_2016\Nonthaburi 2016-07-01.csv,2016,info,,0
updated data\weather_hourly\Weather_Data_Blast_24H_2016\Nonthaburi 2016-07-01.csv,2016,latitude,13.88841176,1
updated data\weather_hourly\Weather_Data_Blast_24H_2016\Nonthaburi 2016-07-01.csv,2016,longitude,100.4345882,1
updated data\weather_hourly\Weather_Data_Blast_24H_2016\Nonthaburi 2016-07-01.csv,2016,name,"13.88841176,100.4345882",1
updated data\weather_hourly\Weather_Data_Blast_24H_2016\Nonthaburi 2016-07-01.csv,2016,resolvedAddress,"13.88841176,100.4345882",1
updated data\weather_hourly\Weather_Data_Blast_24H_2016\Pattani 2016-01-01.csv,2016,address,Pattani,1
updated data\weather_hourly\Weather_Data_Blast_24H_2016\Pattani 2016-01-01.csv,2016,info,,0
updated data\weather_hourly\Weather_Data_Blast_24H_2016\Pattani 2016-01-01.csv,2016,latitude,6.756087719,1
updated data\weather_hourly\Weather_Data_Blast_24H_2016\Pattani 2016-01-01.csv,2016,longitude,101.3607456,1
updated data\weather_hourly\Weather_Data_Blast_24H_2016\Pattani 2016-01-01.csv,2016,name,"6.756087719,101.3607456",1
updated data\weather_hourly\Weather_Data_Blast_24H_2016\Pattani 2016-01-01.csv,2016,resolvedAddress,"6.756087719,101.3607456",1
updated data\weather_hourly\Weather_Data_Blast_24H_2016\Phang-nga 2016-07-01.csv,2016,address,Phang-nga,1
updated data\weather_hourly\Weather_Data_Blast_24H_2016\Phang-nga 2016-07-01.csv,2016,info,,0
updated data\weather_hourly\Weather_Data_Blast_24H_2016\Phang-nga 2016-07-01.csv,2016,latitude,8.655536232,1
updated data\weather_hourly\Weather_Data_Blast_24H_2016\Phang-nga 2016-07-01.csv,2016,longitude,98.27214493,1
updated data\weather_hourly\Weather_Data_Blast_24H_2016\Phang-nga 2016-07-01.csv,2016,name,"8.655536232,98.27214493",1
updated data\weather_hourly\Weather_Data_Blast_24H_2016\Phang-nga 2016-07-01.csv,2016,resolvedAddress,"8.655536232,98.27214493",1
updated data\weather_hourly\Weather_Data_Blast_24H_2016\Phayao 2016-01-01.csv,2016,address,Phayao,1
updated data\weather_hourly\Weather_Data_Blast_24H_2016\Phayao 2016-01-01.csv,2016,info,,0
updated data\weather_hourly\Weather_Data_Blast_24H_2016\Phayao 2016-01-01.csv,2016,latitude,19.28419403,1
updated data\weather_hourly\Weather_Data_Blast_24H_2016\Phayao 2016-01-01.csv,2016,longitude,100.0843134,1
updated data\weather_hourly\Weather_Data_Blast_24H_2016\Phayao 2016-01-01.csv,2016,name,"19.28419403,100.0843134",1
updated data\weather_hourly\Weather_Data_Blast_24H_2016\Phayao 2016-01-01.csv,2016,resolvedAddress,"19.28419403,100.0843134",1
updated data\weather_hourly\Weather_Data_Blast_24H_2016\Phetchabun 2016-07-01.csv,2016,address,Phetchabun,1
updated data\weather_hourly\Weather_Data_Blast_24H_2016\Phetchabun 2016-07-01.csv,2016,info,,0
updated data\weather_hourly\Weather_Data_Blast_24H_2016\Phetchabun 2016-07-01.csv,2016,latitude,16.27352174,1
updated data\weather_hourly\Weather_Data_Blast_24H_2016\Phetchabun 2016-07-01.csv,2016,longitude,101.110113,1
updated data\weather_hourly\Weather_Data_Blast_24H_2016\Phetchabun 2016-07-01.csv,2016,name,"16.27352174,101.110113",1
updated data\weather_hourly\Weather_Data_Blast_24H_2016\Phetchabun 2016-07-01.csv,2016,resolvedAddress,"16.27352174,101.110113",1
updated data\weather_hourly\Weather_Data_Blast_24H_2016\Phichit 2016-01-01.csv,2016,address,Phichit,1
updated data\weather_hourly\Weather_Data_Blast_24H_2016\Phichit 2016-01-01.csv,2016,info,,0
updated data\weather_hourly\Weather_Data_Blast_24H_2016\Phichit 2016-01-01.csv,2016,latitude,16.25902273,1
updated data\weather_hourly\Weather_Data_Blast_24H_2016\Phichit 2016-01-01.csv,2016,longitude,100.3543182,1
updated data\weather_hourly\Weather_Data_Blast_24H_2016\Phichit 2016-01-01.csv,2016,name,"16.25902273,100.3543182",1
updated data\weather_hourly\Weather_Data_Blast_24H_2016\Phichit 2016-01-01.csv,2016,resolvedAddress,"16.25902273,100.3543182",1
updated data\weather_hourly\Weather_Data_Blast_24H_2016\Phitsanulok 2016-07-01.csv,2016,address,Phitsanulok,1
updated data\weather_hourly\Weather_Data_Blast_24H_2016\Phitsanulok 2016-07-01.csv,2016,info,,0
updated data\weather_hourly\Weather_Data_Blast_24H_2016\Phitsanulok 2016-07-01.csv,2016,latitude,16.87664516,1
updated data\weather_hourly\Weather_Data_Blast_24H_2016\Phitsanulok 2016-07-01.csv,2016,longitude,100.3781935,1
updated data\weather_hourly\Weather_Data_Blast_24H_2016\Phitsanulok 2016-07-01.csv,2016,name,"16.87664516,100.3781935",1
updated data\weather_hourly\Weather_Data_Blast_24H_2016\Phitsanulok 2016-07-01.csv,2016,resolvedAddress,"16.87664516,100.3781935",1
updated data\weather_hourly\Weather_Data_Blast_24H_2016\Phrae 2016-01-01.csv,2016,address,Phrae,1
updated data\weather_hourly\Weather_Data_Blast_24H_2016\Phrae 2016-01-01.csv,2016,info,,0
updated data\weather_hourly\Weather_Data_Blast_24H_2016\Phrae 2016-01-01.csv,2016,latitude,18.15474026,1
updated data\weather_hourly\Weather_Data_Blast_24H_2016\Phrae 2016-01-01.csv,2016,longitude,100.0967013,1
updated data\weather_hourly\Weather_Data_Blast_24H_2016\Phrae 2016-01-01.csv,2016,name,"18.15474026,100.0967013",1
updated data\weather_hourly\Weather_Data_Blast_24H_2016\Phrae 2016-01-01.csv,2016,resolvedAddress,"18.15474026,100.0967013",1
updated data\weather_hourly\Weather_Data_Blast_24H_2016\Phuket 2016-07-01.csv,2016,address,Phuket,1
updated data\weather_hourly\Weather_Data_Blast_24H_2016\Phuket 2016-07-01.csv,2016,info,,0
updated data\weather_hourly\Weather_Data_Blast_24H_2016\Phuket 2016-07-01.csv,2016,latitude,7.887342105,1
updated data\weather_hourly\Weather_Data_Blast_24H_2016\Phuket 2016-07-01.csv,2016,longitude,98.36747368,1
updated data\weather_hourly\Weather_Data_Blast_24H_2016\Phuket 2016-07-01.csv,2016,name,"7.887342105,98.36747368",1
updated data\weather_hourly\Weather_Data_Blast_24H_2016\Phuket 2016-07-01.csv,2016,resolvedAddress,"7.887342105,98.36747368",1
updated data\weather_hourly\Weather_Data_Blast_24H_2016\Prachuap Khiri Khan 2016-01-01.csv,2016,address,Prachuap Khiri Khan,1
updated data\weather_hourly\Weather_Data_Blast_24H_2016\Prachuap Khiri Khan 2016-01-01.csv,2016,info,,0
updated data\weather_hourly\Weather_Data_Blast_24H_2016\Prachuap Khiri Khan 2016-01-01.csv,2016,latitude,11.87997872,1
updated data\weather_hourly\Weather_Data_Blast_24H_2016\Prachuap Khiri Khan 2016-01-01.csv,2016,longitude,99.66968085,1
updated data\weather_hourly\Weather_Data_Blast_24H_2016\Prachuap Khiri Khan 2016-01-01.csv,2016,name,"11.87997872,99.66968085",1
updated data\weather_hourly\Weather_Data_Blast_24H_2016\Prachuap Khiri Khan 2016-01-01.csv,2016,resolvedAddress,"11.87997872,99.66968085",1
updated data\weather_hourly\Weather_Data_Blast_24H_2016\Ranong 2016-07-01.csv,2016,address,Ranong,1
updated data\weather_hourly\Weather_Data_Blast_24H_2016\Ranong 2016-07-01.csv,2016,info,,0
updated data\weather_hourly\Weather_Data_Blast_24H_2016\Ranong 2016-07-01.csv,2016,latitude,9.84295,1
updated data\weather_hourly\Weather_Data_Blast_24H_2016\Ranong 2016-07-01.csv,2016,longitude,98.57283333,1
updated data\weather_hourly\Weather_Data_Blast_24H_2016\Ranong 2016-07-01.csv,2016,name,"9.84295,98.57283333",1
updated data\weather_hourly\Weather_Data_Blast_24H_2016\Ranong 2016-07-01.csv,2016,resolvedAddress,"9.84295,98.57283333",1
updated data\weather_hourly\Weather_Data_Blast_24H_2016\Rayong 2016-01-01.csv,2016,address,Rayong,1
updated data\weather_hourly\Weather_Data_Blast_24H_2016\Rayong 2016-01-01.csv,2016,info,,0
updated data\weather_hourly\Weather_Data_Blast_24H_2016\Rayong 2016-01-01.csv,2016,latitude,12.77290909,1
updated data\weather_hourly\Weather_Data_Blast_24H_2016\Rayong 2016-01-01.csv,2016,longitude,101.4139394,1
updated data\weather_hourly\Weather_Data_Blast_24H_2016\Rayong 2016-01-01.csv,2016,name,"12.77290909,101.4139394",1
updated data\weather_hourly\Weather_Data_Blast_24H_2016\Rayong 2016-01-01.csv,2016,resolvedAddress,"12.77290909,101.4139394",1
updated data\weather_hourly\Weather_Data_Blast_24H_2016\Roi Et 2016-07-01.csv,2016,address,Roi Et,1
updated data\weather_hourly\Weather_Data_Blast_24H_2016\Roi Et 2016-07-01.csv,2016,info,,0
updated data\weather_hourly\Weather_Data_Blast_24H_2016\Roi Et 2016-07-01.csv,2016,latitude,15.94159686,1
updated data\weather_hourly\Weather_Data_Blast_24H_2016\Roi Et 2016-07-01.csv,2016,longitude,103.8014241,1
updated data\weather_hourly\Weather_Data_Blast_24H_2016\Roi Et 2016-07-01.csv,2016,name,"15.94159686,103.8014241",1
updated data\weather_hourly\Weather_Data_Blast_24H_2016\Roi Et 2016-07-01.csv,2016,resolvedAddress,"15.94159686,103.8014241",1
updated data\weather_hourly\Weather_Data_Blast_24H_2016\Sakon Nakhon 2016-01-01.csv,2016,address,Sakon Nakhon,1
updated data\weather_hourly\Weather_Data_Blast_24H_2016\Sakon Nakhon 2016-01-01.csv,2016,info,,0
updated data\weather_hourly\Weather_Data_Blast_24H_2016\Sakon Nakhon 2016-01-01.csv,2016,latitude,17.40146774,1
updated data\weather_hourly\Weather_Data_Blast_24H_2016\Sakon Nakhon 2016-01-01.csv,2016,longitude,103.8297419,1
updated data\weather_hourly\Weather_Data_Blast_24H_2016\Sakon Nakhon 2016-01-01.csv,2016,name,"17.40146774,103.8297419",1
updated data\weather_hourly\Weather_Data_Blast_24H_2016\Sakon Nakhon 2016-01-01.csv,2016,resolvedAddress,"17.40146774,103.8297419",1
updated data\weather_hourly\Weather_Data_Blast_24H_2016\Samut Prakarn 2016-07-01.csv,2016,address,Samut Prakarn,1
updated data\weather_hourly\Weather_Data_Blast_24H_2016\Samut Prakarn 2016-07-01.csv,2016,info,,0
updated data\weather_hourly\Weather_Data_Blast_24H_2016\Samut Prakarn 2016-07-01.csv,2016,latitude,13.61855102,1
updated data\weather_hourly\Weather_Data_Blast_24H_2016\Samut Prakarn 2016-07-01.csv,2016,longitude,100.655449,1
updated data\weather_hourly\Weather_Data_Blast_24H_2016\Samut Prakarn 2016-07-01.csv,2016,name,"13.61855102,100.655449",1
updated data\weather_hourly\Weather_Data_Blast_24H_2016\Samut Prakarn 2016-07-01.csv,2016,resolvedAddress,"13.61855102,100.655449",1
updated data\weather_hourly\Weather_Data_Blast_24H_2016\Samut Songkhram 2016-01-01.csv,2016,address,Samut Songkhram,1
updated data\weather_hourly\Weather_Data_Blast_24H_2016\Samut Songkhram 2016-01-01.csv,2016,info,,0
updated data\weather_hourly\Weather_Data_Blast_24H_2016\Samut Songkhram 2016-01-01.csv,2016,latitude,13.43411429,1
updated data\weather_hourly\Weather_Data_Blast_24H_2016\Samut Songkhram 2016-01-01.csv,2016,longitude,99.95694286,1
updated data\weather_hourly\Weather_Data_Blast_24H_2016\Samut Songkhram 2016-01-01.csv,2016,name,"13.43411429,99.95694286",1
updated data\weather_hourly\Weather_Data_Blast_24H_2016\Samut Songkhram 2016-01-01.csv,2016,resolvedAddress,"13.43411429,99.95694286",1
updated data\weather_hourly\Weather_Data_Blast_24H_2016\Saraburi 2016-07-01.csv,2016,address,Saraburi,1
updated data\weather_hourly\Weather_Data_Blast_24H_2016\Saraburi 2016-07-01.csv,2016,info,,0
updated data\weather_hourly\Weather_Data_Blast_24H_2016\Saraburi 2016-07-01.csv,2016,latitude,14.55531481,1
updated data\weather_hourly\Weather_Data_Blast_24H_2016\Saraburi 2016-07-01.csv,2016,longitude,100.8865463,1
updated data\weather_hourly\Weather_Data_Blast_24H_2016\Saraburi 2016-07-01.csv,2016,name,"14.55531481,100.8865463",1
updated data\weather_hourly\Weather_Data_Blast_24H_2016\Saraburi 2016-07-01.csv,2016,resolvedAddress,"14.55531481,100.8865463",1
updated data\weather_hourly\Weather_Data_Blast_24H_2016\Si Sa Ket 2016-01-01.csv,2016,address,Si Sa Ket,1
updated data\weather_hourly\Weather_Data_Blast_24H_2016\Si Sa Ket 2016-01-01.csv,2016,info,,0
updated data\weather_hourly\Weather_Data_Blast_24H_2016\Si Sa Ket 2016-01-01.csv,2016,latitude,14.94141872,1
updated data\weather_hourly\Weather_Data_Blast_24H_2016\Si Sa Ket 2016-01-01.csv,2016,longitude,104.3277783,1
updated data\weather_hourly\Weather_Data_Blast_24H_2016\Si Sa Ket 2016-01-01.csv,2016,name,"14.94141872,104.3277783",1
updated data\weather_hourly\Weather_Data_Blast_24H_2016\Si Sa Ket 2016-01-01.csv,2016,resolvedAddress,"14.94141872,104.3277783",1
updated data\weather_hourly\Weather_Data_Blast_24H_2016\Sing Buri 2016-07-01.csv,2016,address,Sing Buri,1
updated data\weather_hourly\Weather_Data_Blast_24H_2016\Sing Buri 2016-07-01.csv,2016,info,,0
updated data\weather_hourly\Weather_Data_Blast_24H_2016\Sing Buri 2016-07-01.csv,2016,latitude,14.88357143,1
updated data\weather_hourly\Weather_Data_Blast_24H_2016\Sing Buri 2016-07-01.csv,2016,longitude,100.3582143,1
updated data\weather_hourly\Weather_Data_Blast_24H_2016\Sing Buri 2016-07-01.csv,2016,name,"14.88357143,100.3582143",1
updated data\weather_hourly\Weather_Data_Blast_24H_2016\Sing Buri 2016-07-01.csv,2016,resolvedAddress,"14.88357143,100.3582143",1
updated data\weather_hourly\Weather_Data_Blast_24H_2016\Sukhothai 2016-01-01.csv,2016,address,Sukhothai,1
updated data\weather_hourly\Weather_Data_Blast_24H_2016\Sukhothai 2016-01-01.csv,2016,info,,0
updated data\weather_hourly\Weather_Data_Blast_24H_2016\Sukhothai 2016-01-01.csv,2016,latitude,17.1496,1
updated data\weather_hourly\Weather_Data_Blast_24H_2016\Sukhothai 2016-01-01.csv,2016,longitude,99.79715294,1
updated data\weather_hourly\Weather_Data_Blast_24H_2016\Sukhothai 2016-01-01.csv,2016,name,"17.1496,99.79715294",1
updated data\weather_hourly\Weather_Data_Blast_24H_2016\Sukhothai 2016-01-01.csv,2016,resolvedAddress,"17.1496,99.79715294",1
updated data\weather_hourly\Weather_Data_Blast_24H_2016\Suphan Buri 2016-07-01.csv,2016,address,Suphan Buri,1
updated data\weather_hourly\Weather_Data_Blast_24H_2016\Suphan Buri 2016-07-01.csv,2016,info,,0
updated data\weather_hourly\Weather_Data_Blast_24H_2016\Suphan Buri 2016-07-01.csv,2016,latitude,14.53585185,1
updated data\weather_hourly\Weather_Data_Blast_24H_2016\Suphan Buri 2016-07-01.csv,2016,longitude,100.015287,1
updated data\weather_hourly\Weather_Data_Blast_24H_2016\Suphan Buri 2016-07-01.csv,2016,name,"14.53585185,100.015287",1
updated data\weather_hourly\Weather_Data_Blast_24H_2016\Suphan Buri 2016-07-01.csv,2016,resolvedAddress,"14.53585185,100.015287",1
updated data\weather_hourly\Weather_Data_Blast_24H_2016\Surin 2016-01-01.csv,2016,address,Surin,1
updated data\weather_hourly\Weather_Data_Blast_24H_2016\Surin 2016-01-01.csv,2016,info,,0
updated data\weather_hourly\Weather_Data_Blast_24H_2016\Surin 2016-01-01.csv,2016,latitude,14.93708228,1
updated data\weather_hourly\Weather_Data_Blast_24H_2016\Surin 2016-01-01.csv,2016,longitude,103.669962,1
updated data\weather_hourly\Weather_Data_Blast_24H_2016\Surin 2016-01-01.csv,2016,name,"14.93708228,103.669962",1
updated data\weather_hourly\Weather_Data_Blast_24H_2016\Surin 2016-01-01.csv,2016,resolvedAddress,"14.93708228,103.669962",1
updated data\weather_hourly\Weather_Data_Blast_24H_2016\Tak 2016-07-01.csv,2016,address,Tak,1
updated data\weather_hourly\Weather_Data_Blast_24H_2016\Tak 2016-07-01.csv,2016,info,,0
updated data\weather_hourly\Weather_Data_Blast_24H_2016\Tak 2016-07-01.csv,2016,latitude,16.84066102,1
updated data\weather_hourly\Weather_Data_Blast_24H_2016\Tak 2016-07-01.csv,2016,longitude,98.83098305,1
updated data\weather_hourly\Weather_Data_Blast_24H_2016\Tak 2016-07-01.csv,2016,name,"16.84066102,98.83098305",1
updated data\weather_hourly\Weather_Data_Blast_24H_2016\Tak 2016-07-01.csv,2016,resolvedAddress,"16.84066102,98.83098305",1
updated data\weather_hourly\Weather_Data_Blast_24H_2016\Trat 2016-01-01.csv,2016,address,Trat,1
updated data\weather_hourly\Weather_Data_Blast_24H_2016\Trat 2016-01-01.csv,2016,info,,0
updated data\weather_hourly\Weather_Data_Blast_24H_2016\Trat 2016-01-01.csv,2016,latitude,12.10803774,1
updated data\weather_hourly\Weather_Data_Blast_24H_2016\Trat 2016-01-01.csv,2016,longitude,102.4909057,1
updated data\weather_hourly\Weather_Data_Blast_24H_2016\Trat 2016-01-01.csv,2016,name,"12.10803774,102.4909057",1
updated data\weather_hourly\Weather_Data_Blast_24H_2016\Trat 2016-01-01.csv,2016,resolvedAddress,"12.10803774,102.4909057",1
updated data\weather_hourly\Weather_Data_Blast_24H_2016\Ubon Ratchathani 2016-07-01.csv,2016,address,Ubon Ratchathani,1
updated data\weather_hourly\Weather_Data_Blast_24H_2016\Ubon Ratchathani 2016-07-01.csv,2016,info,,0
updated data\weather_hourly\Weather_Data_Blast_24H_2016\Ubon Ratchathani 2016-07-01.csv,2016,latitude,15.27789498,1
updated data\weather_hourly\Weather_Data_Blast_24H_2016\Ubon Ratchathani 2016-07-01.csv,2016,longitude,105.0215845,1
updated data\weather_hourly\Weather_Data_Blast_24H_2016\Ubon Ratchathani 2016-07-01.csv,2016,name,"15.27789498,105.0215845",1
updated data\weather_hourly\Weather_Data_Blast_24H_2016\Ubon Ratchathani 2016-07-01.csv,2016,resolvedAddress,"15.27789498,105.0215845",1
updated data\weather_hourly\Weather_Data_Blast_24H_2016\Uthai Thani 2016-01-01.csv,2016,address,Uthai Thani,1
updated data\weather_hourly\Weather_Data_Blast_24H_2016\Uthai Thani 2016-01-01.csv,2016,info,,0
updated data\weather_hourly\Weather_Data_Blast_24H_2016\Uthai Thani 2016-01-01.csv,2016,latitude,15.37220588,1
updated data\weather_hourly\Weather_Data_Blast_24H_2016\Uthai Thani 2016-01-01.csv,2016,longitude,99.80179412,1
updated data\weather_hourly\Weather_Data_Blast_24H_2016\Uthai Thani 2016-01-01.csv,2016,name,"15.37220588,99.80179412",1
updated data\weather_hourly\Weather_Data_Blast_24H_2016\Uthai Thani 2016-01-01.csv,2016,resolvedAddress,"15.37220588,99.80179412",1
updated data\weather_hourly\Weather_Data_Blast_24H_2016\Uttaradit 2016-07-01.csv,2016,address,Uttaradit,1
updated data\weather_hourly\Weather_Data_Blast_24H_2016\Uttaradit 2016-07-01.csv,2016,info,,0
updated data\weather_hourly\Weather_Data_Blast_24H_2016\Uttaradit 2016-07-01.csv,2016,latitude,17.63522727,1
updated data\weather_hourly\Weather_Data_Blast_24H_2016\Uttaradit 2016-07-01.csv,2016,longitude,100.3226667,1
updated data\weather_hourly\Weather_Data_Blast_24H_2016\Uttaradit 2016-07-01.csv,2016,name,"17.63522727,100.3226667",1
updated data\weather_hourly\Weather_Data_Blast_24H_2016\Uttaradit 2016-07-01.csv,2016,resolvedAddress,"17.63522727,100.3226667",1
updated data\weather_hourly\Weather_Data_Blast_24H_2016\Yasothon 2016-01-01.csv,2016,address,Yasothon,1
updated data\weather_hourly\Weather_Data_Blast_24H_2016\Yasothon 2016-01-01.csv,2016,info,,0
updated data\weather_hourly\Weather_Data_Blast_24H_2016\Yasothon 2016-01-01.csv,2016,latitude,15.83362821,1
updated data\weather_hourly\Weather_Data_Blast_24H_2016\Yasothon 2016-01-01.csv,2016,longitude,104.3002051,1
updated data\weather_hourly\Weather_Data_Blast_24H_2016\Yasothon 2016-01-01.csv,2016,name,"15.83362821,104.3002051",1
updated data\weather_hourly\Weather_Data_Blast_24H_2016\Yasothon 2016-01-01.csv,2016,resolvedAddress,"15.83362821,104.3002051",1
updated data\weather_hourly\Weather_Data_Blast_24H_2017\Amnat Charoen 2017-07-01.csv,2017,address,Amnat Charoen,1
updated data\weather_hourly\Weather_Data_Blast_24H_2017\Amnat Charoen 2017-07-01.csv,2017,info,,0
updated data\weather_hourly\Weather_Data_Blast_24H_2017\Amnat Charoen 2017-07-01.csv,2017,latitude,15.85274545,1
updated data\weather_hourly\Weather_Data_Blast_24H_2017\Amnat Charoen 2017-07-01.csv,2017,longitude,104.7030364,1
updated data\weather_hourly\Weather_Data_Blast_24H_2017\Amnat Charoen 2017-07-01.csv,2017,name,"15.85274545,104.7030364",1
updated data\weather_hourly\Weather_Data_Blast_24H_2017\Amnat Charoen 2017-07-01.csv,2017,resolvedAddress,"15.85274545,104.7030364",1
updated data\weather_hourly\Weather_Data_Blast_24H_2017\Bangkok 2017-01-01.csv,2017,address,Bangkok,1
updated data\weather_hourly\Weather_Data_Blast_24H_2017\Bangkok 2017-01-01.csv,2017,info,,0
updated data\weather_hourly\Weather_Data_Blast_24H_2017\Bangkok 2017-01-01.csv,2017,latitude,13.75785621,1
updated data\weather_hourly\Weather_Data_Blast_24H_2017\Bangkok 2017-01-01.csv,2017,longitude,100.5558824,1
updated data\weather_hourly\Weather_Data_Blast_24H_2017\Bangkok 2017-01-01.csv,2017,name,"13.75785621,100.5558824",1
updated data\weather_hourly\Weather_Data_Blast_24H_2017\Bangkok 2017-01-01.csv,2017,resolvedAddress,"13.75785621,100.5558824",1
updated data\weather_hourly\Weather_Data_Blast_24H_2017\Bueng Kan 2017-07-01.csv,2017,address,Bueng Kan,1
updated data\weather_hourly\Weather_Data_Blast_24H_2017\Bueng Kan 2017-07-01.csv,2017,info,,0
updated data\weather_hourly\Weather_Data_Blast_24H_2017\Bueng Kan 2017-07-01.csv,2017,latitude,18.15978846,1
updated data\weather_hourly\Weather_Data_Blast_24H_2017\Bueng Kan 2017-07-01.csv,2017,longitude,103.6703269,1
updated data\weather_hourly\Weather_Data_Blast_24H_2017\Bueng Kan 2017-07-01.csv,2017,name,"18.15978846,103.6703269",1
updated data\weather_hourly\Weather_Data_Blast_24H_2017\Bueng Kan 2017-07-01.csv,2017,resolvedAddress,"18.15978846,103.6703269",1
updated data\weather_hourly\Weather_Data_Blast_24H_2017\Chachoengsao 2017-01-01.csv,2017,address,Chachoengsao,1
updated data\weather_hourly\Weather_Data_Blast_24H_2017\Chachoengsao 2017-01-01.csv,2017,info,,0
updated data\weather_hourly\Weather_Data_Blast_24H_2017\Chachoengsao 2017-01-01.csv,2017,latitude,13.68568478,1
updated data\weather_hourly\Weather_Data_Blast_24H_2017\Chachoengsao 2017-01-01.csv,2017,longitude,101.1367174,1
updated data\weather_hourly\Weather_Data_Blast_24H_2017\Chachoengsao 2017-01-01.csv,2017,name,"13.68568478,101.1367174",1
updated data\weather_hourly\Weather_Data_Blast_24H_2017\Chachoengsao 2017-01-01.csv,2017,resolvedAddress,"13.68568478,101.1367174",1
updated data\weather_hourly\Weather_Data_Blast_24H_2017\Chai Nat 2017-07-01.csv,2017,address,Chai Nat,1
updated data\weather_hourly\Weather_Data_Blast_24H_2017\Chai Nat 2017-07-01.csv,2017,info,,0
updated data\weather_hourly\Weather_Data_Blast_24H_2017\Chai Nat 2017-07-01.csv,2017,latitude,15.15194231,1
updated data\weather_hourly\Weather_Data_Blast_24H_2017\Chai Nat 2017-07-01.csv,2017,longitude,100.0815577,1
updated data\weather_hourly\Weather_Data_Blast_24H_2017\Chai Nat 2017-07-01.csv,2017,name,"15.15194231,100.0815577",1
updated data\weather_hourly\Weather_Data_Blast_24H_2017\Chai Nat 2017-07-01.csv,2017,resolvedAddress,"15.15194231,100.0815577",1
updated data\weather_hourly\Weather_Data_Blast_24H_2017\Chanthaburi 2017-01-01.csv,2017,address,Chanthaburi,1
updated data\weather_hourly\Weather_Data_Blast_24H_2017\Chanthaburi 2017-01-01.csv,2017,info,,0
updated data\weather_hourly\Weather_Data_Blast_24H_2017\Chanthaburi 2017-01-01.csv,2017,latitude,12.67759036,1
updated data\weather_hourly\Weather_Data_Blast_24H_2017\Chanthaburi 2017-01-01.csv,2017,longitude,102.1161687,1
updated data\weather_hourly\Weather_Data_Blast_24H_2017\Chanthaburi 2017-01-01.csv,2017,name,"12.67759036,102.1161687",1
updated data\weather_hourly\Weather_Data_Blast_24H_2017\Chanthaburi 2017-01-01.csv,2017,resolvedAddress,"12.67759036,102.1161687",1
updated data\weather_hourly\Weather_Data_Blast_24H_2017\Chiang Mai 2017-07-01.csv,2017,address,Chiang Mai,1
updated data\weather_hourly\Weather_Data_Blast_24H_2017\Chiang Mai 2017-07-01.csv,2017,info,,0
updated data\weather_hourly\Weather_Data_Blast_24H_2017\Chiang Mai 2017-07-01.csv,2017,latitude,18.8569697,1
updated data\weather_hourly\Weather_Data_Blast_24H_2017\Chiang Mai 2017-07-01.csv,2017,longitude,98.9199899,1
updated data\weather_hourly\Weather_Data_Blast_24H_2017\Chiang Mai 2017-07-01.csv,2017,name,"18.8569697,98.9199899",1
updated data\weather_hourly\Weather_Data_Blast_24H_2017\Chiang Mai 2017-07-01.csv,2017,resolvedAddress,"18.8569697,98.9199899",1
updated data\weather_hourly\Weather_Data_Blast_24H_2017\Chon Buri 2017-01-01.csv,2017,address,Chon Buri,1
updated data\weather_hourly\Weather_Data_Blast_24H_2017\Chon Buri 2017-01-01.csv,2017,info,,0
updated data\weather_hourly\Weather_Data_Blast_24H_2017\Chon Buri 2017-01-01.csv,2017,latitude,13.15463158,1
updated data\weather_hourly\Weather_Data_Blast_24H_2017\Chon Buri 2017-01-01.csv,2017,longitude,101.0628947,1
updated data\weather_hourly\Weather_Data_Blast_24H_2017\Chon Buri 2017-01-01.csv,2017,name,"13.15463158,101.0628947",1
updated data\weather_hourly\Weather_Data_Blast_24H_2017\Chon Buri 2017-01-01.csv,2017,resolvedAddress,"13.15463158,101.0628947",1
updated data\weather_hourly\Weather_Data_Blast_24H_2017\Chumphon 2017-07-01.csv,2017,address,Chumphon,1
updated data\weather_hourly\Weather_Data_Blast_24H_2017\Chumphon 2017-07-01.csv,2017,info,,0
updated data\weather_hourly\Weather_Data_Blast_24H_2017\Chumphon 2017-07-01.csv,2017,latitude,10.3336087,1
updated data\weather_hourly\Weather_Data_Blast_24H_2017\Chumphon 2017-07-01.csv,2017,longitude,99.18683478,1
updated data\weather_hourly\Weather_Data_Blast_24H_2017\Chumphon 2017-07-01.csv,2017,name,"10.3336087,99.18683478",1
updated data\weather_hourly\Weather_Data_Blast_24H_2017\Chumphon 2017-07-01.csv,2017,resolvedAddress,"10.3336087,99.18683478",1
updated data\weather_hourly\Weather_Data_Blast_24H_2017\Kamphaeng Phet 2017-01-01.csv,2017,address,Kamphaeng Phet,1
updated data\weather_hourly\Weather_Data_Blast_24H_2017\Kamphaeng Phet 2017-01-01.csv,2017,info,,0
updated data\weather_hourly\Weather_Data_Blast_24H_2017\Kamphaeng Phet 2017-01-01.csv,2017,latitude,16.37223377,1
updated data\weather_hourly\Weather_Data_Blast_24H_2017\Kamphaeng Phet 2017-01-01.csv,2017,longitude,99.65637662,1
updated data\weather_hourly\Weather_Data_Blast_24H_2017\Kamphaeng Phet 2017-01-01.csv,2017,name,"16.37223377,99.65637662",1
updated data\weather_hourly\Weather_Data_Blast_24H_2017\Kamphaeng Phet 2017-01-01.csv,2017,resolvedAddress,"16.37223377,99.65637662",1
updated data\weather_hourly\Weather_Data_Blast_24H_2017\Kanchanaburi 2017-07-01.csv,2017,address,Kanchanaburi,1
updated data\weather_hourly\Weather_Data_Blast_24H_2017\Kanchanaburi 2017-07-01.csv,2017,info,,0
updated data\weather_hourly\Weather_Data_Blast_24H_2017\Kanchanaburi 2017-07-01.csv,2017,latitude,14.22504255,1
updated data\weather_hourly\Weather_Data_Blast_24H_2017\Kanchanaburi 2017-07-01.csv,2017,longitude,99.4401383,1
updated data\weather_hourly\Weather_Data_Blast_24H_2017\Kanchanaburi 2017-07-01.csv,2017,name,"14.22504255,99.4401383",1
updated data\weather_hourly\Weather_Data_Blast_24H_2017\Kanchanaburi 2017-07-01.csv,2017,resolvedAddress,"14.22504255,99.4401383",1
updated data\weather_hourly\Weather_Data_Blast_24H_2017\Krabi 2017-01-01.csv,2017,address,Krabi,1
updated data\weather_hourly\Weather_Data_Blast_24H_2017\Krabi 2017-01-01.csv,2017,info,,0
updated data\weather_hourly\Weather_Data_Blast_24H_2017\Krabi 2017-01-01.csv,2017,latitude,8.009243243,1
updated data\weather_hourly\Weather_Data_Blast_24H_2017\Krabi 2017-01-01.csv,2017,longitude,98.93368468,1
updated data\weather_hourly\Weather_Data_Blast_24H_2017\Krabi 2017-01-01.csv,2017,name,"8.009243243,98.93368468",1
updated data\weather_hourly\Weather_Data_Blast_24H_2017\Krabi 2017-01-01.csv,2017,resolvedAddress,"8.009243243,98.93368468",1
updated data\weather_hourly\Weather_Data_Blast_24H_2017\Lampang 2017-07-01.csv,2017,address,Lampang,1
updated data\weather_hourly\Weather_Data_Blast_24H_2017\Lampang 2017-07-01.csv,2017,info,,0
updated data\weather_hourly\Weather_Data_Blast_24H_2017\Lampang 2017-07-01.csv,2017,latitude,18.34986458,1
updated data\weather_hourly\Weather_Data_Blast_24H_2017\Lampang 2017-07-01.csv,2017,longitude,99.50325,1
updated data\weather_hourly\Weather_Data_Blast_24H_2017\Lampang 2017-07-01.csv,2017,name,"18.34986458,99.50325",1
updated data\weather_hourly\Weather_Data_Blast_24H_2017\Lampang 2017-07-01.csv,2017,resolvedAddress,"18.34986458,99.50325",1
updated data\weather_hourly\Weather_Data_Blast_24H_2017\Loei 2017-01-01.csv,2017,address,Loei,1
updated data\weather_hourly\Weather_Data_Blast_24H_2017\Loei 2017-01-01.csv,2017,info,,0
updated data\weather_hourly\Weather_Data_Blast_24H_2017\Loei 2017-01-01.csv,2017,latitude,17.41748315,1
updated data\weather_hourly\Weather_Data_Blast_24H_2017\Loei 2017-01-01.csv,2017,longitude,101.6434157,1
updated data\weather_hourly\Weather_Data_Blast_24H_2017\Loei 2017-01-01.csv,2017,name,"17.41748315,101.6434157",1
updated data\weather_hourly\Weather_Data_Blast_24H_2017\Loei 2017-01-01.csv,2017,resolvedAddress,"17.41748315,101.6434157",1
updated data\weather_hourly\Weather_Data_Blast_24H_2017\Lop Buri 2017-07-01.csv,2017,address,Lop Buri,1
updated data\weather_hourly\Weather_Data_Blast_24H_2017\Lop Buri 2017-07-01.csv,2017,info,,0
updated data\weather_hourly\Weather_Data_Blast_24H_2017\Lop Buri 2017-07-01.csv,2017,latitude,15.02860833,1
updated data\weather_hourly\Weather_Data_Blast_24H_2017\Lop Buri 2017-07-01.csv,2017,longitude,100.7969417,1
updated data\weather_hourly\Weather_Data_Blast_24H_2017\Lop Buri 2017-07-01.csv,2017,name,"15.02860833,100.7969417",1
updated data\weather_hourly\Weather_Data_Blast_24H_2017\Lop Buri 2017-07-01.csv,2017,resolvedAddress,"15.02860833,100.7969417",1
updated data\weather_hourly\Weather_Data_Blast_24H_2017\Maha Sarakham 2017-01-01.csv,2017,address,Maha Sarakham,1
updated data\weather_hourly\Weather_Data_Blast_24H_2017\Maha Sarakham 2017-01-01.csv,2017,info,,0
updated data\weather_hourly\Weather_Data_Blast_24H_2017\Maha Sarakham 2017-01-01.csv,2017,latitude,15.98990226,1
updated data\weather_hourly\Weather_Data_Blast_24H_2017\Maha Sarakham 2017-01-01.csv,2017,longitude,103.1893308,1
updated data\weather_hourly\Weather_Data_Blast_24H_2017\Maha Sarakham 2017-01-01.csv,2017,name,"15.98990226,103.1893308",1
updated data\weather_hourly\Weather_Data_Blast_24H_2017\Maha Sarakham 2017-01-01.csv,2017,resolvedAddress,"15.98990226,103.1893308",1
updated data\weather_hourly\Weather_Data_Blast_24H_2017\Mukdahan 2017-07-01.csv,2017,address,Mukdahan,1
updated data\weather_hourly\Weather_Data_Blast_24H_2017\Mukdahan 2017-07-01.csv,2017,info,,0
updated data\weather_hourly\Weather_Data_Blast_24H_2017\Mukdahan 2017-07-01.csv,2017,latitude,16.53405769,1
updated data\weather_hourly\Weather_Data_Blast_24H_2017\Mukdahan 2017-07-01.csv,2017,longitude,104.5682885,1
updated data\weather_hourly\Weather_Data_Blast_24H_2017\Mukdahan 2017-07-01.csv,2017,name,"16.53405769,104.5682885",1
updated data\weather_hourly\Weather_Data_Blast_24H_2017\Mukdahan 2017-07-01.csv,2017,resolvedAddress,"16.53405769,104.5682885",1
updated data\weather_hourly\Weather_Data_Blast_24H_2017\Nakhon Pathom 2017-01-01.csv,2017,address,Nakhon Pathom,1
updated data\weather_hourly\Weather_Data_Blast_24H_2017\Nakhon Pathom 2017-01-01.csv,2017,info,,0
updated data\weather_hourly\Weather_Data_Blast_24H_2017\Nakhon Pathom 2017-01-01.csv,2017,latitude,13.87357143,1
updated data\weather_hourly\Weather_Data_Blast_24H_2017\Nakhon Pathom 2017-01-01.csv,2017,longitude,100.1243048,1
updated data\weather_hourly\Weather_Data_Blast_24H_2017\Nakhon Pathom 2017-01-01.csv,2017,name,"13.87357143,100.1243048",1
updated data\weather_hourly\Weather_Data_Blast_24H_2017\Nakhon Pathom 2017-01-01.csv,2017,resolvedAddress,"13.87357143,100.1243048",1
updated data\weather_hourly\Weather_Data_Blast_24H_2017\Nakhon Phanom 2017-07-01.csv,2017,address,Nakhon Phanom,1
updated data\weather_hourly\Weather_Data_Blast_24H_2017\Nakhon Phanom 2017-07-01.csv,2017,info,,0
updated data\weather_hourly\Weather_Data_Blast_24H_2017\Nakhon Phanom 2017-07-01.csv,2017,latitude,17.31057447,1
updated data\weather_hourly\Weather_Data_Blast_24H_2017\Nakhon Phanom 2017-07-01.csv,2017,longitude,104.4821915,1
updated data\weather_hourly\Weather_Data_Blast_24H_2017\Nakhon Phanom 2017-07-01.csv,2017,name,"17.31057447,104.4821915",1
updated data\weather_hourly\Weather_Data_Blast_24H_2017\Nakhon Phanom 2017-07-01.csv,2017,resolvedAddress,"17.31057447,104.4821915",1
updated data\weather_hourly\Weather_Data_Blast_24H_2017\Nakhon Sawan 2017-01-01.csv,2017,address,Nakhon Sawan,1
updated data\weather_hourly\Weather_Data_Blast_24H_2017\Nakhon Sawan 2017-01-01.csv,2017,info,,0
updated data\weather_hourly\Weather_Data_Blast_24H_2017\Nakhon Sawan 2017-01-01.csv,2017,latitude,15.67782946,1
updated data\weather_hourly\Weather_Data_Blast_24H_2017\Nakhon Sawan 2017-01-01.csv,2017,longitude,100.1931783,1
updated data\weather_hourly\Weather_Data_Blast_24H_2017\Nakhon Sawan 2017-01-01.csv,2017,name,"15.67782946,100.1931783",1
updated data\weather_hourly\Weather_Data_Blast_24H_2017\Nakhon Sawan 2017-01-01.csv,2017,resolvedAddress,"15.67782946,100.1931783",1
updated data\weather_hourly\Weather_Data_Blast_24H_2017\Nakhon Si Thammarat 2017-07-01.csv,2017,address,Nakhon Si Thammarat,1
updated data\weather_hourly\Weather_Data_Blast_24H_2017\Nakhon Si Thammarat 2017-07-01.csv,2017,info,,0
updated data\weather_hourly\Weather_Data_Blast_24H_2017\Nakhon Si Thammarat 2017-07-01.csv,2017,latitude,8.34487574,1
updated data\weather_hourly\Weather_Data_Blast_24H_2017\Nakhon Si Thammarat 2017-07-01.csv,2017,longitude,99.86193491,1
updated data\weather_hourly\Weather_Data_Blast_24H_2017\Nakhon Si Thammarat 2017-07-01.csv,2017,name,"8.34487574,99.86193491",1
updated data\weather_hourly\Weather_Data_Blast_24H_2017\Nakhon Si Thammarat 2017-07-01.csv,2017,resolvedAddress,"8.34487574,99.86193491",1
updated data\weather_hourly\Weather_Data_Blast_24H_2017\Narathiwat 2017-01-01.csv,2017,address,Narathiwat,1
updated data\weather_hourly\Weather_Data_Blast_24H_2017\Narathiwat 2017-01-01.csv,2017,info,,0
updated data\weather_hourly\Weather_Data_Blast_24H_2017\Narathiwat 2017-01-01.csv,2017,latitude,6.234092105,1
updated data\weather_hourly\Weather_Data_Blast_24H_2017\Narathiwat 2017-01-01.csv,2017,longitude,101.7531711,1
updated data\weather_hourly\Weather_Data_Blast_24H_2017\Narathiwat 2017-01-01.csv,2017,name,"6.234092105,101.7531711",1
updated data\weather_hourly\Weather_Data_Blast_24H_2017\Narathiwat 2017-01-01.csv,2017,resolvedAddress,"6.234092105,101.7531711",1
updated data\weather_hourly\Weather_Data_Blast_24H_2017\Nong Bua Lam Phu 2017-07-01.csv,2017,address,Nong Bua Lam Phu,1
updated data\weather_hourly\Weather_Data_Blast_24H_2017\Nong Bua Lam Phu 2017-07-01.csv,2017,info,,0
updated data\weather_hourly\Weather_Data_Blast_24H_2017\Nong Bua Lam Phu 2017-07-01.csv,2017,latitude,17.18251724,1
updated data\weather_hourly\Weather_Data_Blast_24H_2017\Nong Bua Lam Phu 2017-07-01.csv,2017,longitude,102.3142586,1
updated data\weather_hourly\Weather_Data_Blast_24H_2017\Nong Bua Lam Phu 2017-07-01.csv,2017,name,"17.18251724,102.3142586",1
updated data\weather_hourly\Weather_Data_Blast_24H_2017\Nong Bua Lam Phu 2017-07-01.csv,2017,resolvedAddress,"17.18251724,102.3142586",1
updated data\weather_hourly\Weather_Data_Blast_24H_2017\Nonthaburi 2017-01-01.csv,2017,address,Nonthaburi,1
updated data\weather_hourly\Weather_Data_Blast_24H_2017\Nonthaburi 2017-01-01.csv,2017,info,,0
updated data\weather_hourly\Weather_Data_Blast_24H_2017\Nonthaburi 2017-01-01.csv,2017,latitude,13.88841176,1
updated data\weather_hourly\Weather_Data_Blast_24H_2017\Nonthaburi 2017-01-01.csv,2017,longitude,100.4345882,1
updated data\weather_hourly\Weather_Data_Blast_24H_2017\Nonthaburi 2017-01-01.csv,2017,name,"13.88841176,100.4345882",1
updated data\weather_hourly\Weather_Data_Blast_24H_2017\Nonthaburi 2017-01-01.csv,2017,resolvedAddress,"13.88841176,100.4345882",1
updated data\weather_hourly\Weather_Data_Blast_24H_2017\Pathum Thani 2017-07-01.csv,2017,address,Pathum Thani,1
updated data\weather_hourly\Weather_Data_Blast_24H_2017\Pathum Thani 2017-07-01.csv,2017,info,,0
updated data\weather_hourly\Weather_Data_Blast_24H_2017\Pathum Thani 2017-07-01.csv,2017,latitude,14.04674576,1
updated data\weather_hourly\Weather_Data_Blast_24H_2017\Pathum Thani 2017-07-01.csv,2017,longitude,100.6253898,1
updated data\weather_hourly\Weather_Data_Blast_24H_2017\Pathum Thani 2017-07-01.csv,2017,name,"14.04674576,100.6253898",1
updated data\weather_hourly\Weather_Data_Blast_24H_2017\Pathum Thani 2017-07-01.csv,2017,resolvedAddress,"14.04674576,100.6253898",1
updated data\weather_hourly\Weather_Data_Blast_24H_2017\Phang-nga 2017-01-01.csv,2017,address,Phang-nga,1
updated data\weather_hourly\Weather_Data_Blast_24H_2017\Phang-nga 2017-01-01.csv,2017,info,,0
updated data\weather_hourly\Weather_Data_Blast_24H_2017\Phang-nga 2017-01-01.csv,2017,latitude,8.655536232,1
updated data\weather_hourly\Weather_Data_Blast_24H_2017\Phang-nga 2017-01-01.csv,2017,longitude,98.27214493,1
updated data\weather_hourly\Weather_Data_Blast_24H_2017\Phang-nga 2017-01-01.csv,2017,name,"8.655536232,98.27214493",1
updated data\weather_hourly\Weather_Data_Blast_24H_2017\Phang-nga 2017-01-01.csv,2017,resolvedAddress,"8.655536232,98.27214493",1
updated data\weather_hourly\Weather_Data_Blast_24H_2017\Phatthalung 2017-07-01.csv,2017,address,Phatthalung,1
updated data\weather_hourly\Weather_Data_Blast_24H_2017\Phatthalung 2017-07-01.csv,2017,info,,0
updated data\weather_hourly\Weather_Data_Blast_24H_2017\Phatthalung 2017-07-01.csv,2017,latitude,7.54880303,1
updated data\weather_hourly\Weather_Data_Blast_24H_2017\Phatthalung 2017-07-01.csv,2017,longitude,100.0667121,1
updated data\weather_hourly\Weather_Data_Blast_24H_2017\Phatthalung 2017-07-01.csv,2017,name,"7.54880303,100.0667121",1
updated data\weather_hourly\Weather_Data_Blast_24H_2017\Phatthalung 2017-07-01.csv,2017,resolvedAddress,"7.54880303,100.0667121",1
updated data\weather_hourly\Weather_Data_Blast_24H_2017\Phetchabun 2017-01-01.csv,2017,address,Phetchabun,1
updated data\weather_hourly\Weather_Data_Blast_24H_2017\Phetchabun 2017-01-01.csv,2017,info,,0
updated data\weather_hourly\Weather_Data_Blast_24H_2017\Phetchabun 2017-01-01.csv,2017,latitude,16.27352174,1
updated data\weather_hourly\Weather_Data_Blast_24H_2017\Phetchabun 2017-01-01.csv,2017,longitude,101.110113,1
updated data\weather_hourly\Weather_Data_Blast_24H_2017\Phetchabun 2017-01-01.csv,2017,name,"16.27352174,101.110113",1
updated data\weather_hourly\Weather_Data_Blast_24H_2017\Phetchabun 2017-01-01.csv,2017,resolvedAddress,"16.27352174,101.110113",1
updated data\weather_hourly\Weather_Data_Blast_24H_2017\Phetchaburi 2017-07-01.csv,2017,address,Phetchaburi,1
updated data\weather_hourly\Weather_Data_Blast_24H_2017\Phetchaburi 2017-07-01.csv,2017,info,,0
updated data\weather_hourly\Weather_Data_Blast_24H_2017\Phetchaburi 2017-07-01.csv,2017,latitude,13.04547253,1
updated data\weather_hourly\Weather_Data_Blast_24H_2017\Phetchaburi 2017-07-01.csv,2017,longitude,99.88163736,1
updated data\weather_hourly\Weather_Data_Blast_24H_2017\Phetchaburi 2017-07-01.csv,2017,name,"13.04547253,99.88163736",1
updated data\weather_hourly\Weather_Data_Blast_24H_2017\Phetchaburi 2017-07-01.csv,2017,resolvedAddress,"13.04547253,99.88163736",1
updated data\weather_hourly\Weather_Data_Blast_24H_2017\Phitsanulok 2017-01-01.csv,2017,address,Phitsanulok,1
updated data\weather_hourly\Weather_Data_Blast_24H_2017\Phitsanulok 2017-01-01.csv,2017,info,,0
updated data\weather_hourly\Weather_Data_Blast_24H_2017\Phitsanulok 2017-01-01.csv,2017,latitude,16.87664516,1
updated data\weather_hourly\Weather_Data_Blast_24H_2017\Phitsanulok 2017-01-01.csv,2017,longitude,100.3781935,1
updated data\weather_hourly\Weather_Data_Blast_24H_2017\Phitsanulok 2017-01-01.csv,2017,name,"16.87664516,100.3781935",1
updated data\weather_hourly\Weather_Data_Blast_24H_2017\Phitsanulok 2017-01-01.csv,2017,resolvedAddress,"16.87664516,100.3781935",1
updated data\weather_hourly\Weather_Data_Blast_24H_2017\Phra Nakhon Si Ayutthaya 2017-07-01.csv,2017,address,Phra Nakhon Si Ayutthaya,1
updated data\weather_hourly\Weather_Data_Blast_24H_2017\Phra Nakhon Si Ayutthaya 2017-07-01.csv,2017,info,,0
updated data\weather_hourly\Weather_Data_Blast_24H_2017\Phra Nakhon Si Ayutthaya 2017-07-01.csv,2017,latitude,14.37482039,1
updated data\weather_hourly\Weather_Data_Blast_24H_2017\Phra Nakhon Si Ayutthaya 2017-07-01.csv,2017,longitude,100.5316117,1
updated data\weather_hourly\Weather_Data_Blast_24H_2017\Phra Nakhon Si Ayutthaya 2017-07-01.csv,2017,name,"14.37482039,100.5316117",1
updated data\weather_hourly\Weather_Data_Blast_24H_2017\Phra Nakhon Si Ayutthaya 2017-07-01.csv,2017,resolvedAddress,"14.37482039,100.5316117",1
updated data\weather_hourly\Weather_Data_Blast_24H_2017\Phuket 2017-01-01.csv,2017,address,Phuket,1
updated data\weather_hourly\Weather_Data_Blast_24H_2017\Phuket 2017-01-01.csv,2017,info,,0
updated data\weather_hourly\Weather_Data_Blast_24H_2017\Phuket 2017-01-01.csv,2017,latitude,7.887342105,1
updated data\weather_hourly\Weather_Data_Blast_24H_2017\Phuket 2017-01-01.csv,2017,longitude,98.36747368,1
updated data\weather_hourly\Weather_Data_Blast_24H_2017\Phuket 2017-01-01.csv,2017,name,"7.887342105,98.36747368",1
updated data\weather_hourly\Weather_Data_Blast_24H_2017\Phuket 2017-01-01.csv,2017,resolvedAddress,"7.887342105,98.36747368",1
updated data\weather_hourly\Weather_Data_Blast_24H_2017\Prachin Buri 2017-07-01.csv,2017,address,Prachin Buri,1
updated data\weather_hourly\Weather_Data_Blast_24H_2017\Prachin Buri 2017-07-01.csv,2017,info,,0
updated data\weather_hourly\Weather_Data_Blast_24H_2017\Prachin Buri 2017-07-01.csv,2017,latitude,13.99596825,1
updated data\weather_hourly\Weather_Data_Blast_24H_2017\Prachin Buri 2017-07-01.csv,2017,longitude,101.5334444,1
updated data\weather_hourly\Weather_Data_Blast_24H_2017\Prachin Buri 2017-07-01.csv,2017,name,"13.99596825,101.5334444",1
updated data\weather_hourly\Weather_Data_Blast_24H_2017\Prachin Buri 2017-07-01.csv,2017,resolvedAddress,"13.99596825,101.5334444",1
updated data\weather_hourly\Weather_Data_Blast_24H_2017\Ranong 2017-01-01.csv,2017,address,Ranong,1
updated data\weather_hourly\Weather_Data_Blast_24H_2017\Ranong 2017-01-01.csv,2017,info,,0
updated data\weather_hourly\Weather_Data_Blast_24H_2017\Ranong 2017-01-01.csv,2017,latitude,9.84295,1
updated data\weather_hourly\Weather_Data_Blast_24H_2017\Ranong 2017-01-01.csv,2017,longitude,98.57283333,1
updated data\weather_hourly\Weather_Data_Blast_24H_2017\Ranong 2017-01-01.csv,2017,name,"9.84295,98.57283333",1
updated data\weather_hourly\Weather_Data_Blast_24H_2017\Ranong 2017-01-01.csv,2017,resolvedAddress,"9.84295,98.57283333",1
updated data\weather_hourly\Weather_Data_Blast_24H_2017\Ratchaburi 2017-07-01.csv,2017,address,Ratchaburi,1
updated data\weather_hourly\Weather_Data_Blast_24H_2017\Ratchaburi 2017-07-01.csv,2017,info,,0
updated data\weather_hourly\Weather_Data_Blast_24H_2017\Ratchaburi 2017-07-01.csv,2017,latitude,13.60378641,1
updated data\weather_hourly\Weather_Data_Blast_24H_2017\Ratchaburi 2017-07-01.csv,2017,longitude,99.80105825,1
updated data\weather_hourly\Weather_Data_Blast_24H_2017\Ratchaburi 2017-07-01.csv,2017,name,"13.60378641,99.80105825",1
updated data\weather_hourly\Weather_Data_Blast_24H_2017\Ratchaburi 2017-07-01.csv,2017,resolvedAddress,"13.60378641,99.80105825",1
updated data\weather_hourly\Weather_Data_Blast_24H_2017\Roi Et 2017-01-01.csv,2017,address,Roi Et,1
updated data\weather_hourly\Weather_Data_Blast_24H_2017\Roi Et 2017-01-01.csv,2017,info,,0
updated data\weather_hourly\Weather_Data_Blast_24H_2017\Roi Et 2017-01-01.csv,2017,latitude,15.94159686,1
updated data\weather_hourly\Weather_Data_Blast_24H_2017\Roi Et 2017-01-01.csv,2017,longitude,103.8014241,1
updated data\weather_hourly\Weather_Data_Blast_24H_2017\Roi Et 2017-01-01.csv,2017,name,"15.94159686,103.8014241",1
updated data\weather_hourly\Weather_Data_Blast_24H_2017\Roi Et 2017-01-01.csv,2017,resolvedAddress,"15.94159686,103.8014241",1
updated data\weather_hourly\Weather_Data_Blast_24H_2017\Sa kaeo 2017-07-01.csv,2017,address,Sa kaeo,1
updated data\weather_hourly\Weather_Data_Blast_24H_2017\Sa kaeo 2017-07-01.csv,2017,info,,0
updated data\weather_hourly\Weather_Data_Blast_24H_2017\Sa kaeo 2017-07-01.csv,2017,latitude,13.72012069,1
updated data\weather_hourly\Weather_Data_Blast_24H_2017\Sa kaeo 2017-07-01.csv,2017,longitude,102.3403103,1
updated data\weather_hourly\Weather_Data_Blast_24H_2017\Sa kaeo 2017-07-01.csv,2017,name,"13.72012069,102.3403103",1
updated data\weather_hourly\Weather_Data_Blast_24H_2017\Sa kaeo 2017-07-01.csv,2017,resolvedAddress,"13.72012069,102.3403103",1
updated data\weather_hourly\Weather_Data_Blast_24H_2017\Samut Prakarn 2017-01-01.csv,2017,address,Samut Prakarn,1
updated data\weather_hourly\Weather_Data_Blast_24H_2017\Samut Prakarn 2017-01-01.csv,2017,info,,0
updated data\weather_hourly\Weather_Data_Blast_24H_2017\Samut Prakarn 2017-01-01.csv,2017,latitude,13.61855102,1
updated data\weather_hourly\Weather_Data_Blast_24H_2017\Samut Prakarn 2017-01-01.csv,2017,longitude,100.655449,1
updated data\weather_hourly\Weather_Data_Blast_24H_2017\Samut Prakarn 2017-01-01.csv,2017,name,"13.61855102,100.655449",1
updated data\weather_hourly\Weather_Data_Blast_24H_2017\Samut Prakarn 2017-01-01.csv,2017,resolvedAddress,"13.61855102,100.655449",1
updated data\weather_hourly\Weather_Data_Blast_24H_2017\Samut Sakhon 2017-07-01.csv,2017,address,Samut Sakhon,1
updated data\weather_hourly\Weather_Data_Blast_24H_2017\Samut Sakhon 2017-07-01.csv,2017,info,,0
updated data\weather_hourly\Weather_Data_Blast_24H_2017\Samut Sakhon 2017-07-01.csv,2017,latitude,13.58789744,1
updated data\weather_hourly\Weather_Data_Blast_24H_2017\Samut Sakhon 2017-07-01.csv,2017,longitude,100.2134103,1
updated data\weather_hourly\Weather_Data_Blast_24H_2017\Samut Sakhon 2017-07-01.csv,2017,name,"13.58789744,100.2134103",1
updated data\weather_hourly\Weather_Data_Blast_24H_2017\Samut Sakhon 2017-07-01.csv,2017,resolvedAddress,"13.58789744,100.2134103",1
updated data\weather_hourly\Weather_Data_Blast_24H_2017\Saraburi 2017-01-01.csv,2017,address,Saraburi,1
updated data\weather_hourly\Weather_Data_Blast_24H_2017\Saraburi 2017-01-01.csv,2017,info,,0
updated data\weather_hourly\Weather_Data_Blast_24H_2017\Saraburi 2017-01-01.csv,2017,latitude,14.55531481,1
updated data\weather_hourly\Weather_Data_Blast_24H_2017\Saraburi 2017-01-01.csv,2017,longitude,100.8865463,1
updated data\weather_hourly\Weather_Data_Blast_24H_2017\Saraburi 2017-01-01.csv,2017,name,"14.55531481,100.8865463",1
updated data\weather_hourly\Weather_Data_Blast_24H_2017\Saraburi 2017-01-01.csv,2017,resolvedAddress,"14.55531481,100.8865463",1
updated data\weather_hourly\Weather_Data_Blast_24H_2017\Satun 2017-07-01.csv,2017,address,Satun,1
updated data\weather_hourly\Weather_Data_Blast_24H_2017\Satun 2017-07-01.csv,2017,info,,0
updated data\weather_hourly\Weather_Data_Blast_24H_2017\Satun 2017-07-01.csv,2017,latitude,6.695068182,1
updated data\weather_hourly\Weather_Data_Blast_24H_2017\Satun 2017-07-01.csv,2017,longitude,99.72796591,1
updated data\weather_hourly\Weather_Data_Blast_24H_2017\Satun 2017-07-01.csv,2017,name,"6.695068182,99.72796591",1
updated data\weather_hourly\Weather_Data_Blast_24H_2017\Satun 2017-07-01.csv,2017,resolvedAddress,"6.695068182,99.72796591",1
updated data\weather_hourly\Weather_Data_Blast_24H_2017\Sing Buri 2017-01-01.csv,2017,address,Sing Buri,1
updated data\weather_hourly\Weather_Data_Blast_24H_2017\Sing Buri 2017-01-01.csv,2017,info,,0
updated data\weather_hourly\Weather_Data_Blast_24H_2017\Sing Buri 2017-01-01.csv,2017,latitude,14.88357143,1
updated data\weather_hourly\Weather_Data_Blast_24H_2017\Sing Buri 2017-01-01.csv,2017,longitude,100.3582143,1
updated data\weather_hourly\Weather_Data_Blast_24H_2017\Sing Buri 2017-01-01.csv,2017,name,"14.88357143,100.3582143",1
updated data\weather_hourly\Weather_Data_Blast_24H_2017\Sing Buri 2017-01-01.csv,2017,resolvedAddress,"14.88357143,100.3582143",1
updated data\weather_hourly\Weather_Data_Blast_24H_2017\Songkhla 2017-07-01.csv,2017,address,Songkhla,1
updated data\weather_hourly\Weather_Data_Blast_24H_2017\Songkhla 2017-07-01.csv,2017,info,,0
updated data\weather_hourly\Weather_Data_Blast_24H_2017\Songkhla 2017-07-01.csv,2017,latitude,7.117804348,1
updated data\weather_hourly\Weather_Data_Blast_24H_2017\Songkhla 2017-07-01.csv,2017,longitude,100.5218768,1
updated data\weather_hourly\Weather_Data_Blast_24H_2017\Songkhla 2017-07-01.csv,2017,name,"7.117804348,100.5218768",1
updated data\weather_hourly\Weather_Data_Blast_24H_2017\Songkhla 2017-07-01.csv,2017,resolvedAddress,"7.117804348,100.5218768",1
updated data\weather_hourly\Weather_Data_Blast_24H_2017\Suphan Buri 2017-01-01.csv,2017,address,Suphan Buri,1
updated data\weather_hourly\Weather_Data_Blast_24H_2017\Suphan Buri 2017-01-01.csv,2017,info,,0
updated data\weather_hourly\Weather_Data_Blast_24H_2017\Suphan Buri 2017-01-01.csv,2017,latitude,14.53585185,1
updated data\weather_hourly\Weather_Data_Blast_24H_2017\Suphan Buri 2017-01-01.csv,2017,longitude,100.015287,1
updated data\weather_hourly\Weather_Data_Blast_24H_2017\Suphan Buri 2017-01-01.csv,2017,name,"14.53585185,100.015287",1
updated data\weather_hourly\Weather_Data_Blast_24H_2017\Suphan Buri 2017-01-01.csv,2017,resolvedAddress,"14.53585185,100.015287",1
updated data\weather_hourly\Weather_Data_Blast_24H_2017\Surat Thani 2017-07-01.csv,2017,address,Surat Thani,1
updated data\weather_hourly\Weather_Data_Blast_24H_2017\Surat Thani 2017-07-01.csv,2017,info,,0
updated data\weather_hourly\Weather_Data_Blast_24H_2017\Surat Thani 2017-07-01.csv,2017,latitude,9.228121053,1
updated data\weather_hourly\Weather_Data_Blast_24H_2017\Surat Thani 2017-07-01.csv,2017,longitude,99.40556316,1
updated data\weather_hourly\Weather_Data_Blast_24H_2017\Surat Thani 2017-07-01.csv,2017,name,"9.228121053,99.40556316",1
updated data\weather_hourly\Weather_Data_Blast_24H_2017\Surat Thani 2017-07-01.csv,2017,resolvedAddress,"9.228121053,99.40556316",1
updated data\weather_hourly\Weather_Data_Blast_24H_2017\Tak 2017-01-01.csv,2017,address,Tak,1
updated data\weather_hourly\Weather_Data_Blast_24H_2017\Tak 2017-01-01.csv,2017,info,,0
updated data\weather_hourly\Weather_Data_Blast_24H_2017\Tak 2017-01-01.csv,2017,latitude,16.84066102,1
updated data\weather_hourly\Weather_Data_Blast_24H_2017\Tak 2017-01-01.csv,2017,longitude,98.83098305,1
updated data\weather_hourly\Weather_Data_Blast_24H_2017\Tak 2017-01-01.csv,2017,name,"16.84066102,98.83098305",1
updated data\weather_hourly\Weather_Data_Blast_24H_2017\Tak 2017-01-01.csv,2017,resolvedAddress,"16.84066102,98.83098305",1
updated data\weather_hourly\Weather_Data_Blast_24H_2017\Trang 2017-07-01.csv,2017,address,Trang,1
updated data\weather_hourly\Weather_Data_Blast_24H_2017\Trang 2017-07-01.csv,2017,info,,0
updated data\weather_hourly\Weather_Data_Blast_24H_2017\Trang 2017-07-01.csv,2017,latitude,7.479578947,1
updated data\weather_hourly\Weather_Data_Blast_24H_2017\Trang 2017-07-01.csv,2017,longitude,99.55433333,1
updated data\weather_hourly\Weather_Data_Blast_24H_2017\Trang 2017-07-01.csv,2017,name,"7.479578947,99.55433333",1
updated data\weather_hourly\Weather_Data_Blast_24H_2017\Trang 2017-07-01.csv,2017,resolvedAddress,"7.479578947,99.55433333",1
updated data\weather_hourly\Weather_Data_Blast_24H_2017\Ubon Ratchathani 2017-01-01.csv,2017,address,Ubon Ratchathani,1
updated data\weather_hourly\Weather_Data_Blast_24H_2017\Ubon Ratchathani 2017-01-01.csv,2017,info,,0
updated data\weather_hourly\Weather_Data_Blast_24H_2017\Ubon Ratchathani 2017-01-01.csv,2017,latitude,15.27789498,1
updated data\weather_hourly\Weather_Data_Blast_24H_2017\Ubon Ratchathani 2017-01-01.csv,2017,longitude,105.0215845,1
updated data\weather_hourly\Weather_Data_Blast_24H_2017\Ubon Ratchathani 2017-01-01.csv,2017,name,"15.27789498,105.0215845",1
updated data\weather_hourly\Weather_Data_Blast_24H_2017\Ubon Ratchathani 2017-01-01.csv,2017,resolvedAddress,"15.27789498,105.0215845",1
updated data\weather_hourly\Weather_Data_Blast_24H_2017\Udon Thani 2017-07-01.csv,2017,address,Udon Thani,1
updated data\weather_hourly\Weather_Data_Blast_24H_2017\Udon Thani 2017-07-01.csv,2017,info,,0
updated data\weather_hourly\Weather_Data_Blast_24H_2017\Udon Thani 2017-07-01.csv,2017,latitude,17.40975974,1
updated data\weather_hourly\Weather_Data_Blast_24H_2017\Udon Thani 2017-07-01.csv,2017,longitude,102.883539,1
updated data\weather_hourly\Weather_Data_Blast_24H_2017\Udon Thani 2017-07-01.csv,2017,name,"17.40975974,102.883539",1
updated data\weather_hourly\Weather_Data_Blast_24H_2017\Udon Thani 2017-07-01.csv,2017,resolvedAddress,"17.40975974,102.883539",1
updated data\weather_hourly\Weather_Data_Blast_24H_2017\Uttaradit 2017-01-01.csv,2017,address,Uttaradit,1
updated data\weather_hourly\Weather_Data_Blast_24H_2017\Uttaradit 2017-01-01.csv,2017,info,,0
updated data\weather_hourly\Weather_Data_Blast_24H_2017\Uttaradit 2017-01-01.csv,2017,latitude,17.63522727,1
updated data\weather_hourly\Weather_Data_Blast_24H_2017\Uttaradit 2017-01-01.csv,2017,longitude,100.3226667,1
updated data\weather_hourly\Weather_Data_Blast_24H_2017\Uttaradit 2017-01-01.csv,2017,name,"17.63522727,100.3226667",1
updated data\weather_hourly\Weather_Data_Blast_24H_2017\Uttaradit 2017-01-01.csv,2017,resolvedAddress,"17.63522727,100.3226667",1
updated data\weather_hourly\Weather_Data_Blast_24H_2017\Yala 2017-07-01.csv,2017,address,Yala,1
updated data\weather_hourly\Weather_Data_Blast_24H_2017\Yala 2017-07-01.csv,2017,info,,0
updated data\weather_hourly\Weather_Data_Blast_24H_2017\Yala 2017-07-01.csv,2017,latitude,6.389631579,1
updated data\weather_hourly\Weather_Data_Blast_24H_2017\Yala 2017-07-01.csv,2017,longitude,101.2610877,1
updated data\weather_hourly\Weather_Data_Blast_24H_2017\Yala 2017-07-01.csv,2017,name,"6.389631579,101.2610877",1
updated data\weather_hourly\Weather_Data_Blast_24H_2017\Yala 2017-07-01.csv,2017,resolvedAddress,"6.389631579,101.2610877",1
updated data\weather_hourly\Weather_Data_Blast_24H_2018\Amnat Charoen 2018-01-01.csv,2018,address,Amnat Charoen,1
updated data\weather_hourly\Weather_Data_Blast_24H_2018\Amnat Charoen 2018-01-01.csv,2018,info,,0
updated data\weather_hourly\Weather_Data_Blast_24H_2018\Amnat Charoen 2018-01-01.csv,2018,latitude,15.85274545,1
updated data\weather_hourly\Weather_Data_Blast_24H_2018\Amnat Charoen 2018-01-01.csv,2018,longitude,104.7030364,1
updated data\weather_hourly\Weather_Data_Blast_24H_2018\Amnat Charoen 2018-01-01.csv,2018,name,"15.85274545,104.7030364",1
updated data\weather_hourly\Weather_Data_Blast_24H_2018\Amnat Charoen 2018-01-01.csv,2018,resolvedAddress,"15.85274545,104.7030364",1
updated data\weather_hourly\Weather_Data_Blast_24H_2018\Ang Thong 2018-07-01.csv,2018,address,Ang Thong,1
updated data\weather_hourly\Weather_Data_Blast_24H_2018\Ang Thong 2018-07-01.csv,2018,info,,0
updated data\weather_hourly\Weather_Data_Blast_24H_2018\Ang Thong 2018-07-01.csv,2018,latitude,14.61094444,1
updated data\weather_hourly\Weather_Data_Blast_24H_2018\Ang Thong 2018-07-01.csv,2018,longitude,100.3843056,1
updated data\weather_hourly\Weather_Data_Blast_24H_2018\Ang Thong 2018-07-01.csv,2018,name,"14.61094444,100.3843056",1
updated data\weather_hourly\Weather_Data_Blast_24H_2018\Ang Thong 2018-07-01.csv,2018,resolvedAddress,"14.61094444,100.3843056",1
updated data\weather_hourly\Weather_Data_Blast_24H_2018\Bueng Kan 2018-01-01.csv,2018,address,Bueng Kan,1
updated data\weather_hourly\Weather_Data_Blast_24H_2018\Bueng Kan 2018-01-01.csv,2018,info,,0
updated data\weather_hourly\Weather_Data_Blast_24H_2018\Bueng Kan 2018-01-01.csv,2018,latitude,18.15978846,1
updated data\weather_hourly\Weather_Data_Blast_24H_2018\Bueng Kan 2018-01-01.csv,2018,longitude,103.6703269,1
updated data\weather_hourly\Weather_Data_Blast_24H_2018\Bueng Kan 2018-01-01.csv,2018,name,"18.15978846,103.6703269",1
updated data\weather_hourly\Weather_Data_Blast_24H_2018\Bueng Kan 2018-01-01.csv,2018,resolvedAddress,"18.15978846,103.6703269",1
updated data\weather_hourly\Weather_Data_Blast_24H_2018\Buri Ram 2018-07-01.csv,2018,address,Buri Ram,1
updated data\weather_hourly\Weather_Data_Blast_24H_2018\Buri Ram 2018-07-01.csv,2018,info,,0
updated data\weather_hourly\Weather_Data_Blast_24H_2018\Buri Ram 2018-07-01.csv,2018,latitude,14.89489362,1
updated data\weather_hourly\Weather_Data_Blast_24H_2018\Buri Ram 2018-07-01.csv,2018,longitude,102.9742287,1
updated data\weather_hourly\Weather_Data_Blast_24H_2018\Buri Ram 2018-07-01.csv,2018,name,"14.89489362,102.9742287",1
updated data\weather_hourly\Weather_Data_Blast_24H_2018\Buri Ram 2018-07-01.csv,2018,resolvedAddress,"14.89489362,102.9742287",1
updated data\weather_hourly\Weather_Data_Blast_24H_2018\Chai Nat 2018-01-01.csv,2018,address,Chai Nat,1
updated data\weather_hourly\Weather_Data_Blast_24H_2018\Chai Nat 2018-01-01.csv,2018,info,,0
updated data\weather_hourly\Weather_Data_Blast_24H_2018\Chai Nat 2018-01-01.csv,2018,latitude,15.15194231,1
updated data\weather_hourly\Weather_Data_Blast_24H_2018\Chai Nat 2018-01-01.csv,2018,longitude,100.0815577,1
updated data\weather_hourly\Weather_Data_Blast_24H_2018\Chai Nat 2018-01-01.csv,2018,name,"15.15194231,100.0815577",1
updated data\weather_hourly\Weather_Data_Blast_24H_2018\Chai Nat 2018-01-01.csv,2018,resolvedAddress,"15.15194231,100.0815577",1
updated data\weather_hourly\Weather_Data_Blast_24H_2018\Chaiyaphum 2018-07-01.csv,2018,address,Chaiyaphum,1
updated data\weather_hourly\Weather_Data_Blast_24H_2018\Chaiyaphum 2018-07-01.csv,2018,info,,0
updated data\weather_hourly\Weather_Data_Blast_24H_2018\Chaiyaphum 2018-07-01.csv,2018,latitude,15.97104065,1
updated data\weather_hourly\Weather_Data_Blast_24H_2018\Chaiyaphum 2018-07-01.csv,2018,longitude,101.9395366,1
updated data\weather_hourly\Weather_Data_Blast_24H_2018\Chaiyaphum 2018-07-01.csv,2018,name,"15.97104065,101.9395366",1
updated data\weather_hourly\Weather_Data_Blast_24H_2018\Chaiyaphum 2018-07-01.csv,2018,resolvedAddress,"15.97104065,101.9395366",1
updated data\weather_hourly\Weather_Data_Blast_24H_2018\Chiang Mai 2018-01-01.csv,2018,address,Chiang Mai,1
updated data\weather_hourly\Weather_Data_Blast_24H_2018\Chiang Mai 2018-01-01.csv,2018,info,,0
updated data\weather_hourly\Weather_Data_Blast_24H_2018\Chiang Mai 2018-01-01.csv,2018,latitude,18.8569697,1
updated data\weather_hourly\Weather_Data_Blast_24H_2018\Chiang Mai 2018-01-01.csv,2018,longitude,98.9199899,1
updated data\weather_hourly\Weather_Data_Blast_24H_2018\Chiang Mai 2018-01-01.csv,2018,name,"18.8569697,98.9199899",1
updated data\weather_hourly\Weather_Data_Blast_24H_2018\Chiang Mai 2018-01-01.csv,2018,resolvedAddress,"18.8569697,98.9199899",1
updated data\weather_hourly\Weather_Data_Blast_24H_2018\Chiang Rai 2018-07-01.csv,2018,address,Chiang Rai,1
updated data\weather_hourly\Weather_Data_Blast_24H_2018\Chiang Rai 2018-07-01.csv,2018,info,,0
updated data\weather_hourly\Weather_Data_Blast_24H_2018\Chiang Rai 2018-07-01.csv,2018,latitude,19.88303252,1
updated data\weather_hourly\Weather_Data_Blast_24H_2018\Chiang Rai 2018-07-01.csv,2018,longitude,99.92217886,1
updated data\weather_hourly\Weather_Data_Blast_24H_2018\Chiang Rai 2018-07-01.csv,2018,name,"19.88303252,99.92217886",1
updated data\weather_hourly\Weather_Data_Blast_24H_2018\Chiang Rai 2018-07-01.csv,2018,resolvedAddress,"19.88303252,99.92217886",1
updated data\weather_hourly\Weather_Data_Blast_24H_2018\Chumphon 2018-01-01.csv,2018,address,Chumphon,1
updated data\weather_hourly\Weather_Data_Blast_24H_2018\Chumphon 2018-01-01.csv,2018,info,,0
updated data\weather_hourly\Weather_Data_Blast_24H_2018\Chumphon 2018-01-01.csv,2018,latitude,10.3336087,1
updated data\weather_hourly\Weather_Data_Blast_24H_2018\Chumphon 2018-01-01.csv,2018,longitude,99.18683478,1
updated data\weather_hourly\Weather_Data_Blast_24H_2018\Chumphon 2018-01-01.csv,2018,name,"10.3336087,99.18683478",1
updated data\weather_hourly\Weather_Data_Blast_24H_2018\Chumphon 2018-01-01.csv,2018,resolvedAddress,"10.3336087,99.18683478",1
updated data\weather_hourly\Weather_Data_Blast_24H_2018\Kalasin 2018-07-01.csv,2018,address,Kalasin,1
updated data\weather_hourly\Weather_Data_Blast_24H_2018\Kalasin 2018-07-01.csv,2018,info,,0
updated data\weather_hourly\Weather_Data_Blast_24H_2018\Kalasin 2018-07-01.csv,2018,latitude,16.58667669,1
updated data\weather_hourly\Weather_Data_Blast_24H_2018\Kalasin 2018-07-01.csv,2018,longitude,103.6133985,1
updated data\weather_hourly\Weather_Data_Blast_24H_2018\Kalasin 2018-07-01.csv,2018,name,"16.58667669,103.6133985",1
updated data\weather_hourly\Weather_Data_Blast_24H_2018\Kalasin 2018-07-01.csv,2018,resolvedAddress,"16.58667669,103.6133985",1
updated data\weather_hourly\Weather_Data_Blast_24H_2018\Kanchanaburi 2018-01-01.csv,2018,address,Kanchanaburi,1
updated data\weather_hourly\Weather_Data_Blast_24H_2018\Kanchanaburi 2018-01-01.csv,2018,info,,0
updated data\weather_hourly\Weather_Data_Blast_24H_2018\Kanchanaburi 2018-01-01.csv,2018,latitude,14.22504255,1
updated data\weather_hourly\Weather_Data_Blast_24H_2018\Kanchanaburi 2018-01-01.csv,2018,longitude,99.4401383,1
updated data\weather_hourly\Weather_Data_Blast_24H_2018\Kanchanaburi 2018-01-01.csv,2018,name,"14.22504255,99.4401383",1
updated data\weather_hourly\Weather_Data_Blast_24H_2018\Kanchanaburi 2018-01-01.csv,2018,resolvedAddress,"14.22504255,99.4401383",1
updated data\weather_hourly\Weather_Data_Blast_24H_2018\Khon Kaen 2018-07-01.csv,2018,address,Khon Kaen,1
updated data\weather_hourly\Weather_Data_Blast_24H_2018\Khon Kaen 2018-07-01.csv,2018,info,,0
updated data\weather_hourly\Weather_Data_Blast_24H_2018\Khon Kaen 2018-07-01.csv,2018,latitude,16.35285,1
updated data\weather_hourly\Weather_Data_Blast_24H_2018\Khon Kaen 2018-07-01.csv,2018,longitude,102.598805,1
updated data\weather_hourly\Weather_Data_Blast_24H_2018\Khon Kaen 2018-07-01.csv,2018,name,"16.35285,102.598805",1
updated data\weather_hourly\Weather_Data_Blast_24H_2018\Khon Kaen 2018-07-01.csv,2018,resolvedAddress,"16.35285,102.598805",1
updated data\weather_hourly\Weather_Data_Blast_24H_2018\Lampang 2018-01-01.csv,2018,address,Lampang,1
updated data\weather_hourly\Weather_Data_Blast_24H_2018\Lampang 2018-01-01.csv,2018,info,,0
updated data\weather_hourly\Weather_Data_Blast_24H_2018\Lampang 2018-01-01.csv,2018,latitude,18.34986458,1
updated data\weather_hourly\Weather_Data_Blast_24H_2018\Lampang 2018-01-01.csv,2018,longitude,99.50325,1
updated data\weather_hourly\Weather_Data_Blast_24H_2018\Lampang 2018-01-01.csv,2018,name,"18.34986458,99.50325",1
updated data\weather_hourly\Weather_Data_Blast_24H_2018\Lampang 2018-01-01.csv,2018,resolvedAddress,"18.34986458,99.50325",1
updated data\weather_hourly\Weather_Data_Blast_24H_2018\Lamphun 2018-07-01.csv,2018,address,Lamphun,1
updated data\weather_hourly\Weather_Data_Blast_24H_2018\Lamphun 2018-07-01.csv,2018,info,,0
updated data\weather_hourly\Weather_Data_Blast_24H_2018\Lamphun 2018-07-01.csv,2018,latitude,18.36132,1
updated data\weather_hourly\Weather_Data_Blast_24H_2018\Lamphun 2018-07-01.csv,2018,longitude,98.96236,1
updated data\weather_hourly\Weather_Data_Blast_24H_2018\Lamphun 2018-07-01.csv,2018,name,"18.36132,98.96236",1
updated data\weather_hourly\Weather_Data_Blast_24H_2018\Lamphun 2018-07-01.csv,2018,resolvedAddress,"18.36132,98.96236",1
updated data\weather_hourly\Weather_Data_Blast_24H_2018\Lop Buri 2018-01-01.csv,2018,address,Lop Buri,1
updated data\weather_hourly\Weather_Data_Blast_24H_2018\Lop Buri 2018-01-01.csv,2018,info,,0
updated data\weather_hourly\Weather_Data_Blast_24H_2018\Lop Buri 2018-01-01.csv,2018,latitude,15.02860833,1
updated data\weather_hourly\Weather_Data_Blast_24H_2018\Lop Buri 2018-01-01.csv,2018,longitude,100.7969417,1
updated data\weather_hourly\Weather_Data_Blast_24H_2018\Lop Buri 2018-01-01.csv,2018,name,"15.02860833,100.7969417",1
updated data\weather_hourly\Weather_Data_Blast_24H_2018\Lop Buri 2018-01-01.csv,2018,resolvedAddress,"15.02860833,100.7969417",1
updated data\weather_hourly\Weather_Data_Blast_24H_2018\Mae Hong Son 2018-07-01.csv,2018,address,Mae Hong Son,1
updated data\weather_hourly\Weather_Data_Blast_24H_2018\Mae Hong Son 2018-07-01.csv,2018,info,,0
updated data\weather_hourly\Weather_Data_Blast_24H_2018\Mae Hong Son 2018-07-01.csv,2018,latitude,18.766,1
updated data\weather_hourly\Weather_Data_Blast_24H_2018\Mae Hong Son 2018-07-01.csv,2018,longitude,98.06297674,1
updated data\weather_hourly\Weather_Data_Blast_24H_2018\Mae Hong Son 2018-07-01.csv,2018,name,"18.766,98.06297674",1
updated data\weather_hourly\Weather_Data_Blast_24H_2018\Mae Hong Son 2018-07-01.csv,2018,resolvedAddress,"18.766,98.06297674",1
updated data\weather_hourly\Weather_Data_Blast_24H_2018\Mukdahan 2018-01-01.csv,2018,address,Mukdahan,1
updated data\weather_hourly\Weather_Data_Blast_24H_2018\Mukdahan 2018-01-01.csv,2018,info,,0
updated data\weather_hourly\Weather_Data_Blast_24H_2018\Mukdahan 2018-01-01.csv,2018,latitude,16.53405769,1
updated data\weather_hourly\Weather_Data_Blast_24H_2018\Mukdahan 2018-01-01.csv,2018,longitude,104.5682885,1
updated data\weather_hourly\Weather_Data_Blast_24H_2018\Mukdahan 2018-01-01.csv,2018,name,"16.53405769,104.5682885",1
updated data\weather_hourly\Weather_Data_Blast_24H_2018\Mukdahan 2018-01-01.csv,2018,resolvedAddress,"16.53405769,104.5682885",1
updated data\weather_hourly\Weather_Data_Blast_24H_2018\Nakhon Nayok 2018-07-01.csv,2018,address,Nakhon Nayok,1
updated data\weather_hourly\Weather_Data_Blast_24H_2018\Nakhon Nayok 2018-07-01.csv,2018,info,,0
updated data\weather_hourly\Weather_Data_Blast_24H_2018\Nakhon Nayok 2018-07-01.csv,2018,latitude,14.18082927,1
updated data\weather_hourly\Weather_Data_Blast_24H_2018\Nakhon Nayok 2018-07-01.csv,2018,longitude,101.1229756,1
updated data\weather_hourly\Weather_Data_Blast_24H_2018\Nakhon Nayok 2018-07-01.csv,2018,name,"14.18082927,101.1229756",1
updated data\weather_hourly\Weather_Data_Blast_24H_2018\Nakhon Nayok 2018-07-01.csv,2018,resolvedAddress,"14.18082927,101.1229756",1
updated data\weather_hourly\Weather_Data_Blast_24H_2018\Nakhon Phanom 2018-01-01.csv,2018,address,Nakhon Phanom,1
updated data\weather_hourly\Weather_Data_Blast_24H_2018\Nakhon Phanom 2018-01-01.csv,2018,info,,0
updated data\weather_hourly\Weather_Data_Blast_24H_2018\Nakhon Phanom 2018-01-01.csv,2018,latitude,17.31057447,1
updated data\weather_hourly\Weather_Data_Blast_24H_2018\Nakhon Phanom 2018-01-01.csv,2018,longitude,104.4821915,1
updated data\weather_hourly\Weather_Data_Blast_24H_2018\Nakhon Phanom 2018-01-01.csv,2018,name,"17.31057447,104.4821915",1
updated data\weather_hourly\Weather_Data_Blast_24H_2018\Nakhon Phanom 2018-01-01.csv,2018,resolvedAddress,"17.31057447,104.4821915",1
updated data\weather_hourly\Weather_Data_Blast_24H_2018\Nakhon Ratchasima 2018-07-01.csv,2018,address,Nakhon Ratchasima,1
updated data\weather_hourly\Weather_Data_Blast_24H_2018\Nakhon Ratchasima 2018-07-01.csv,2018,info,,0
updated data\weather_hourly\Weather_Data_Blast_24H_2018\Nakhon Ratchasima 2018-07-01.csv,2018,latitude,15.08644014,1
updated data\weather_hourly\Weather_Data_Blast_24H_2018\Nakhon Ratchasima 2018-07-01.csv,2018,longitude,102.1976901,1
updated data\weather_hourly\Weather_Data_Blast_24H_2018\Nakhon Ratchasima 2018-07-01.csv,2018,name,"15.08644014,102.1976901",1
updated data\weather_hourly\Weather_Data_Blast_24H_2018\Nakhon Ratchasima 2018-07-01.csv,2018,resolvedAddress,"15.08644014,102.1976901",1
updated data\weather_hourly\Weather_Data_Blast_24H_2018\Nakhon Si Thammarat 2018-01-01.csv,2018,address,Nakhon Si Thammarat,1
updated data\weather_hourly\Weather_Data_Blast_24H_2018\Nakhon Si Thammarat 2018-01-01.csv,2018,info,,0
updated data\weather_hourly\Weather_Data_Blast_24H_2018\Nakhon Si Thammarat 2018-01-01.csv,2018,latitude,8.34487574,1
updated data\weather_hourly\Weather_Data_Blast_24H_2018\Nakhon Si Thammarat 2018-01-01.csv,2018,longitude,99.86193491,1
updated data\weather_hourly\Weather_Data_Blast_24H_2018\Nakhon Si Thammarat 2018-01-01.csv,2018,name,"8.34487574,99.86193491",1
updated data\weather_hourly\Weather_Data_Blast_24H_2018\Nakhon Si Thammarat 2018-01-01.csv,2018,resolvedAddress,"8.34487574,99.86193491",1
updated data\weather_hourly\Weather_Data_Blast_24H_2018\Nan 2018-07-01.csv,2018,address,Nan,1
updated data\weather_hourly\Weather_Data_Blast_24H_2018\Nan 2018-07-01.csv,2018,info,,0
updated data\weather_hourly\Weather_Data_Blast_24H_2018\Nan 2018-07-01.csv,2018,latitude,18.8794898,1
updated data\weather_hourly\Weather_Data_Blast_24H_2018\Nan 2018-07-01.csv,2018,longitude,100.8094286,1
updated data\weather_hourly\Weather_Data_Blast_24H_2018\Nan 2018-07-01.csv,2018,name,"18.8794898,100.8094286",1
updated data\weather_hourly\Weather_Data_Blast_24H_2018\Nan 2018-07-01.csv,2018,resolvedAddress,"18.8794898,100.8094286",1
updated data\weather_hourly\Weather_Data_Blast_24H_2018\Nong Bua Lam Phu 2018-01-01.csv,2018,address,Nong Bua Lam Phu,1
updated data\weather_hourly\Weather_Data_Blast_24H_2018\Nong Bua Lam Phu 2018-01-01.csv,2018,info,,0
updated data\weather_hourly\Weather_Data_Blast_24H_2018\Nong Bua Lam Phu 2018-01-01.csv,2018,latitude,17.18251724,1
updated data\weather_hourly\Weather_Data_Blast_24H_2018\Nong Bua Lam Phu 2018-01-01.csv,2018,longitude,102.3142586,1
updated data\weather_hourly\Weather_Data_Blast_24H_2018\Nong Bua Lam Phu 2018-01-01.csv,2018,name,"17.18251724,102.3142586",1
updated data\weather_hourly\Weather_Data_Blast_24H_2018\Nong Bua Lam Phu 2018-01-01.csv,2018,resolvedAddress,"17.18251724,102.3142586",1
updated data\weather_hourly\Weather_Data_Blast_24H_2018\Nong Khai 2018-07-01.csv,2018,address,Nong Khai,1
updated data\weather_hourly\Weather_Data_Blast_24H_2018\Nong Khai 2018-07-01.csv,2018,info,,0
updated data\weather_hourly\Weather_Data_Blast_24H_2018\Nong Khai 2018-07-01.csv,2018,latitude,17.91401639,1
updated data\weather_hourly\Weather_Data_Blast_24H_2018\Nong Khai 2018-07-01.csv,2018,longitude,102.8044262,1
updated data\weather_hourly\Weather_Data_Blast_24H_2018\Nong Khai 2018-07-01.csv,2018,name,"17.91401639,102.8044262",1
updated data\weather_hourly\Weather_Data_Blast_24H_2018\Nong Khai 2018-07-01.csv,2018,resolvedAddress,"17.91401639,102.8044262",1
updated data\weather_hourly\Weather_Data_Blast_24H_2018\Pathum Thani 2018-01-01.csv,2018,address,Pathum Thani,1
updated data\weather_hourly\Weather_Data_Blast_24H_2018\Pathum Thani 2018-01-01.csv,2018,info,,0
updated data\weather_hourly\Weather_Data_Blast_24H_2018\Pathum Thani 2018-01-01.csv,2018,latitude,14.04674576,1
updated data\weather_hourly\Weather_Data_Blast_24H_2018\Pathum Thani 2018-01-01.csv,2018,longitude,100.6253898,1
updated data\weather_hourly\Weather_Data_Blast_24H_2018\Pathum Thani 2018-01-01.csv,2018,name,"14.04674576,100.6253898",1
updated data\weather_hourly\Weather_Data_Blast_24H_2018\Pathum Thani 2018-01-01.csv,2018,resolvedAddress,"14.04674576,100.6253898",1
updated data\weather_hourly\Weather_Data_Blast_24H_2018\Pattani 2018-07-01.csv,2018,address,Pattani,1
updated data\weather_hourly\Weather_Data_Blast_24H_2018\Pattani 2018-07-01.csv,2018,info,,0
updated data\weather_hourly\Weather_Data_Blast_24H_2018\Pattani 2018-07-01.csv,2018,latitude,6.756087719,1
updated data\weather_hourly\Weather_Data_Blast_24H_2018\Pattani 2018-07-01.csv,2018,longitude,101.3607456,1
updated data\weather_hourly\Weather_Data_Blast_24H_2018\Pattani 2018-07-01.csv,2018,name,"6.756087719,101.3607456",1
updated data\weather_hourly\Weather_Data_Blast_24H_2018\Pattani 2018-07-01.csv,2018,resolvedAddress,"6.756087719,101.3607456",1
updated data\weather_hourly\Weather_Data_Blast_24H_2018\Phatthalung 2018-01-01.csv,2018,address,Phatthalung,1
updated data\weather_hourly\Weather_Data_Blast_24H_2018\Phatthalung 2018-01-01.csv,2018,info,,0
updated data\weather_hourly\Weather_Data_Blast_24H_2018\Phatthalung 2018-01-01.csv,2018,latitude,7.54880303,1
updated data\weather_hourly\Weather_Data_Blast_24H_2018\Phatthalung 2018-01-01.csv,2018,longitude,100.0667121,1
updated data\weather_hourly\Weather_Data_Blast_24H_2018\Phatthalung 2018-01-01.csv,2018,name,"7.54880303,100.0667121",1
updated data\weather_hourly\Weather_Data_Blast_24H_2018\Phatthalung 2018-01-01.csv,2018,resolvedAddress,"7.54880303,100.0667121",1
updated data\weather_hourly\Weather_Data_Blast_24H_2018\Phayao 2018-07-01.csv,2018,address,Phayao,1
updated data\weather_hourly\Weather_Data_Blast_24H_2018\Phayao 2018-07-01.csv,2018,info,,0
updated data\weather_hourly\Weather_Data_Blast_24H_2018\Phayao 2018-07-01.csv,2018,latitude,19.28419403,1
updated data\weather_hourly\Weather_Data_Blast_24H_2018\Phayao 2018-07-01.csv,2018,longitude,100.0843134,1
updated data\weather_hourly\Weather_Data_Blast_24H_2018\Phayao 2018-07-01.csv,2018,name,"19.28419403,100.0843134",1
updated data\weather_hourly\Weather_Data_Blast_24H_2018\Phayao 2018-07-01.csv,2018,resolvedAddress,"19.28419403,100.0843134",1
updated data\weather_hourly\Weather_Data_Blast_24H_2018\Phetchaburi 2018-01-01.csv,2018,address,Phetchaburi,1
updated data\weather_hourly\Weather_Data_Blast_24H_2018\Phetchaburi 2018-01-01.csv,2018,info,,0
updated data\weather_hourly\Weather_Data_Blast_24H_2018\Phetchaburi 2018-01-01.csv,2018,latitude,13.04547253,1
updated data\weather_hourly\Weather_Data_Blast_24H_2018\Phetchaburi 2018-01-01.csv,2018,longitude,99.88163736,1
updated data\weather_hourly\Weather_Data_Blast_24H_2018\Phetchaburi 2018-01-01.csv,2018,name,"13.04547253,99.88163736",1
updated data\weather_hourly\Weather_Data_Blast_24H_2018\Phetchaburi 2018-01-01.csv,2018,resolvedAddress,"13.04547253,99.88163736",1
updated data\weather_hourly\Weather_Data_Blast_24H_2018\Phichit 2018-07-01.csv,2018,address,Phichit,1
updated data\weather_hourly\Weather_Data_Blast_24H_2018\Phichit 2018-07-01.csv,2018,info,,0
updated data\weather_hourly\Weather_Data_Blast_24H_2018\Phichit 2018-07-01.csv,2018,latitude,16.25902273,1
updated data\weather_hourly\Weather_Data_Blast_24H_2018\Phichit 2018-07-01.csv,2018,longitude,100.3543182,1
updated data\weather_hourly\Weather_Data_Blast_24H_2018\Phichit 2018-07-01.csv,2018,name,"16.25902273,100.3543182",1
updated data\weather_hourly\Weather_Data_Blast_24H_2018\Phichit 2018-07-01.csv,2018,resolvedAddress,"16.25902273,100.3543182",1
updated data\weather_hourly\Weather_Data_Blast_24H_2018\Phra Nakhon Si Ayutthaya 2018-01-01.csv,2018,address,Phra Nakhon Si Ayutthaya,1
updated data\weather_hourly\Weather_Data_Blast_24H_2018\Phra Nakhon Si Ayutthaya 2018-01-01.csv,2018,info,,0
updated data\weather_hourly\Weather_Data_Blast_24H_2018\Phra Nakhon Si Ayutthaya 2018-01-01.csv,2018,latitude,14.37482039,1
updated data\weather_hourly\Weather_Data_Blast_24H_2018\Phra Nakhon Si Ayutthaya 2018-01-01.csv,2018,longitude,100.5316117,1
updated data\weather_hourly\Weather_Data_Blast_24H_2018\Phra Nakhon Si Ayutthaya 2018-01-01.csv,2018,name,"14.37482039,100.5316117",1
updated data\weather_hourly\Weather_Data_Blast_24H_2018\Phra Nakhon Si Ayutthaya 2018-01-01.csv,2018,resolvedAddress,"14.37482039,100.5316117",1
updated data\weather_hourly\Weather_Data_Blast_24H_2018\Phrae 2018-07-01.csv,2018,address,Phrae,1
updated data\weather_hourly\Weather_Data_Blast_24H_2018\Phrae 2018-07-01.csv,2018,info,,0
updated data\weather_hourly\Weather_Data_Blast_24H_2018\Phrae 2018-07-01.csv,2018,latitude,18.15474026,1
updated data\weather_hourly\Weather_Data_Blast_24H_2018\Phrae 2018-07-01.csv,2018,longitude,100.0967013,1
updated data\weather_hourly\Weather_Data_Blast_24H_2018\Phrae 2018-07-01.csv,2018,name,"18.15474026,100.0967013",1
updated data\weather_hourly\Weather_Data_Blast_24H_2018\Phrae 2018-07-01.csv,2018,resolvedAddress,"18.15474026,100.0967013",1
updated data\weather_hourly\Weather_Data_Blast_24H_2018\Prachin Buri 2018-01-01.csv,2018,address,Prachin Buri,1
updated data\weather_hourly\Weather_Data_Blast_24H_2018\Prachin Buri 2018-01-01.csv,2018,info,,0
updated data\weather_hourly\Weather_Data_Blast_24H_2018\Prachin Buri 2018-01-01.csv,2018,latitude,13.99596825,1
updated data\weather_hourly\Weather_Data_Blast_24H_2018\Prachin Buri 2018-01-01.csv,2018,longitude,101.5334444,1
updated data\weather_hourly\Weather_Data_Blast_24H_2018\Prachin Buri 2018-01-01.csv,2018,name,"13.99596825,101.5334444",1
updated data\weather_hourly\Weather_Data_Blast_24H_2018\Prachin Buri 2018-01-01.csv,2018,resolvedAddress,"13.99596825,101.5334444",1
updated data\weather_hourly\Weather_Data_Blast_24H_2018\Prachuap Khiri Khan 2018-07-01.csv,2018,address,Prachuap Khiri Khan,1
updated data\weather_hourly\Weather_Data_Blast_24H_2018\Prachuap Khiri Khan 2018-07-01.csv,2018,info,,0
updated data\weather_hourly\Weather_Data_Blast_24H_2018\Prachuap Khiri Khan 2018-07-01.csv,2018,latitude,11.87997872,1
updated data\weather_hourly\Weather_Data_Blast_24H_2018\Prachuap Khiri Khan 2018-07-01.csv,2018,longitude,99.66968085,1
updated data\weather_hourly\Weather_Data_Blast_24H_2018\Prachuap Khiri Khan 2018-07-01.csv,2018,name,"11.87997872,99.66968085",1
updated data\weather_hourly\Weather_Data_Blast_24H_2018\Prachuap Khiri Khan 2018-07-01.csv,2018,resolvedAddress,"11.87997872,99.66968085",1
updated data\weather_hourly\Weather_Data_Blast_24H_2018\Ratchaburi 2018-01-01.csv,2018,address,Ratchaburi,1
updated data\weather_hourly\Weather_Data_Blast_24H_2018\Ratchaburi 2018-01-01.csv,2018,info,,0
updated data\weather_hourly\Weather_Data_Blast_24H_2018\Ratchaburi 2018-01-01.csv,2018,latitude,13.60378641,1
updated data\weather_hourly\Weather_Data_Blast_24H_2018\Ratchaburi 2018-01-01.csv,2018,longitude,99.80105825,1
updated data\weather_hourly\Weather_Data_Blast_24H_2018\Ratchaburi 2018-01-01.csv,2018,name,"13.60378641,99.80105825",1
updated data\weather_hourly\Weather_Data_Blast_24H_2018\Ratchaburi 2018-01-01.csv,2018,resolvedAddress,"13.60378641,99.80105825",1
updated data\weather_hourly\Weather_Data_Blast_24H_2018\Rayong 2018-07-01.csv,2018,address,Rayong,1
updated data\weather_hourly\Weather_Data_Blast_24H_2018\Rayong 2018-07-01.csv,2018,info,,0
updated data\weather_hourly\Weather_Data_Blast_24H_2018\Rayong 2018-07-01.csv,2018,latitude,12.77290909,1
updated data\weather_hourly\Weather_Data_Blast_24H_2018\Rayong 2018-07-01.csv,2018,longitude,101.4139394,1
updated data\weather_hourly\Weather_Data_Blast_24H_2018\Rayong 2018-07-01.csv,2018,name,"12.77290909,101.4139394",1
updated data\weather_hourly\Weather_Data_Blast_24H_2018\Rayong 2018-07-01.csv,2018,resolvedAddress,"12.77290909,101.4139394",1
updated data\weather_hourly\Weather_Data_Blast_24H_2018\Sa kaeo 2018-01-01.csv,2018,address,Sa kaeo,1
updated data\weather_hourly\Weather_Data_Blast_24H_2018\Sa kaeo 2018-01-01.csv,2018,info,,0
updated data\weather_hourly\Weather_Data_Blast_24H_2018\Sa kaeo 2018-01-01.csv,2018,latitude,13.72012069,1
updated data\weather_hourly\Weather_Data_Blast_24H_2018\Sa kaeo 2018-01-01.csv,2018,longitude,102.3403103,1
updated data\weather_hourly\Weather_Data_Blast_24H_2018\Sa kaeo 2018-01-01.csv,2018,name,"13.72012069,102.3403103",1
updated data\weather_hourly\Weather_Data_Blast_24H_2018\Sa kaeo 2018-01-01.csv,2018,resolvedAddress,"13.72012069,102.3403103",1
updated data\weather_hourly\Weather_Data_Blast_24H_2018\Sakon Nakhon 2018-07-01.csv,2018,address,Sakon Nakhon,1
updated data\weather_hourly\Weather_Data_Blast_24H_2018\Sakon Nakhon 2018-07-01.csv,2018,info,,0
updated data\weather_hourly\Weather_Data_Blast_24H_2018\Sakon Nakhon 2018-07-01.csv,2018,latitude,17.40146774,1
updated data\weather_hourly\Weather_Data_Blast_24H_2018\Sakon Nakhon 2018-07-01.csv,2018,longitude,103.8297419,1
updated data\weather_hourly\Weather_Data_Blast_24H_2018\Sakon Nakhon 2018-07-01.csv,2018,name,"17.40146774,103.8297419",1
updated data\weather_hourly\Weather_Data_Blast_24H_2018\Sakon Nakhon 2018-07-01.csv,2018,resolvedAddress,"17.40146774,103.8297419",1
updated data\weather_hourly\Weather_Data_Blast_24H_2018\Samut Sakhon 2018-01-01.csv,2018,address,Samut Sakhon,1
updated data\weather_hourly\Weather_Data_Blast_24H_2018\Samut Sakhon 2018-01-01.csv,2018,info,,0
updated data\weather_hourly\Weather_Data_Blast_24H_2018\Samut Sakhon 2018-01-01.csv,2018,latitude,13.58789744,1
updated data\weather_hourly\Weather_Data_Blast_24H_2018\Samut Sakhon 2018-01-01.csv,2018,longitude,100.2134103,1
updated data\weather_hourly\Weather_Data_Blast_24H_2018\Samut Sakhon 2018-01-01.csv,2018,name,"13.58789744,100.2134103",1
updated data\weather_hourly\Weather_Data_Blast_24H_2018\Samut Sakhon 2018-01-01.csv,2018,resolvedAddress,"13.58789744,100.2134103",1
updated data\weather_hourly\Weather_Data_Blast_24H_2018\Samut Songkhram 2018-07-01.csv,2018,address,Samut Songkhram,1
updated data\weather_hourly\Weather_Data_Blast_24H_2018\Samut Songkhram 2018-07-01.csv,2018,info,,0
updated data\weather_hourly\Weather_Data_Blast_24H_2018\Samut Songkhram 2018-07-01.csv,2018,latitude,13.43411429,1
updated data\weather_hourly\Weather_Data_Blast_24H_2018\Samut Songkhram 2018-07-01.csv,2018,longitude,99.95694286,1
updated data\weather_hourly\Weather_Data_Blast_24H_2018\Samut Songkhram 2018-07-01.csv,2018,name,"13.43411429,99.95694286",1
updated data\weather_hourly\Weather_Data_Blast_24H_2018\Samut Songkhram 2018-07-01.csv,2018,resolvedAddress,"13.43411429,99.95694286",1
updated data\weather_hourly\Weather_Data_Blast_24H_2018\Satun 2018-01-01.csv,2018,address,Satun,1
updated data\weather_hourly\Weather_Data_Blast_24H_2018\Satun 2018-01-01.csv,2018,info,,0
updated data\weather_hourly\Weather_Data_Blast_24H_2018\Satun 2018-01-01.csv,2018,latitude,6.695068182,1
updated data\weather_hourly\Weather_Data_Blast_24H_2018\Satun 2018-01-01.csv,2018,longitude,99.72796591,1
updated data\weather_hourly\Weather_Data_Blast_24H_2018\Satun 2018-01-01.csv,2018,name,"6.695068182,99.72796591",1
updated data\weather_hourly\Weather_Data_Blast_24H_2018\Satun 2018-01-01.csv,2018,resolvedAddress,"6.695068182,99.72796591",1
updated data\weather_hourly\Weather_Data_Blast_24H_2018\Si Sa Ket 2018-07-01.csv,2018,address,Si Sa Ket,1
updated data\weather_hourly\Weather_Data_Blast_24H_2018\Si Sa Ket 2018-07-01.csv,2018,info,,0
updated data\weather_hourly\Weather_Data_Blast_24H_2018\Si Sa Ket 2018-07-01.csv,2018,latitude,14.94141872,1
updated data\weather_hourly\Weather_Data_Blast_24H_2018\Si Sa Ket 2018-07-01.csv,2018,longitude,104.3277783,1
updated data\weather_hourly\Weather_Data_Blast_24H_2018\Si Sa Ket 2018-07-01.csv,2018,name,"14.94141872,104.3277783",1
updated data\weather_hourly\Weather_Data_Blast_24H_2018\Si Sa Ket 2018-07-01.csv,2018,resolvedAddress,"14.94141872,104.3277783",1
updated data\weather_hourly\Weather_Data_Blast_24H_2018\Songkhla 2018-01-01.csv,2018,address,Songkhla,1
updated data\weather_hourly\Weather_Data_Blast_24H_2018\Songkhla 2018-01-01.csv,2018,info,,0
updated data\weather_hourly\Weather_Data_Blast_24H_2018\Songkhla 2018-01-01.csv,2018,latitude,7.117804348,1
updated data\weather_hourly\Weather_Data_Blast_24H_2018\Songkhla 2018-01-01.csv,2018,longitude,100.5218768,1
updated data\weather_hourly\Weather_Data_Blast_24H_2018\Songkhla 2018-01-01.csv,2018,name,"7.117804348,100.5218768",1
updated data\weather_hourly\Weather_Data_Blast_24H_2018\Songkhla 2018-01-01.csv,2018,resolvedAddress,"7.117804348,100.5218768",1
updated data\weather_hourly\Weather_Data_Blast_24H_2018\Sukhothai 2018-07-01.csv,2018,address,Sukhothai,1
updated data\weather_hourly\Weather_Data_Blast_24H_2018\Sukhothai 2018-07-01.csv,2018,info,,0
updated data\weather_hourly\Weather_Data_Blast_24H_2018\Sukhothai 2018-07-01.csv,2018,latitude,17.1496,1
updated data\weather_hourly\Weather_Data_Blast_24H_2018\Sukhothai 2018-07-01.csv,2018,longitude,99.79715294,1
updated data\weather_hourly\Weather_Data_Blast_24H_2018\Sukhothai 2018-07-01.csv,2018,name,"17.1496,99.79715294",1
updated data\weather_hourly\Weather_Data_Blast_24H_2018\Sukhothai 2018-07-01.csv,2018,resolvedAddress,"17.1496,99.79715294",1
updated data\weather_hourly\Weather_Data_Blast_24H_2018\Surat Thani 2018-01-01.csv,2018,address,Surat Thani,1
updated data\weather_hourly\Weather_Data_Blast_24H_2018\Surat Thani 2018-01-01.csv,2018,info,,0
updated data\weather_hourly\Weather_Data_Blast_24H_2018\Surat Thani 2018-01-01.csv,2018,latitude,9.228121053,1
updated data\weather_hourly\Weather_Data_Blast_24H_2018\Surat Thani 2018-01-01.csv,2018,longitude,99.40556316,1
updated data\weather_hourly\Weather_Data_Blast_24H_2018\Surat Thani 2018-01-01.csv,2018,name,"9.228121053,99.40556316",1
updated data\weather_hourly\Weather_Data_Blast_24H_2018\Surat Thani 2018-01-01.csv,2018,resolvedAddress,"9.228121053,99.40556316",1
updated data\weather_hourly\Weather_Data_Blast_24H_2018\Surin 2018-07-01.csv,2018,address,Surin,1
updated data\weather_hourly\Weather_Data_Blast_24H_2018\Surin 2018-07-01.csv,2018,info,,0
updated data\weather_hourly\Weather_Data_Blast_24H_2018\Surin 2018-07-01.csv,2018,latitude,14.93708228,1
updated data\weather_hourly\Weather_Data_Blast_24H_2018\Surin 2018-07-01.csv,2018,longitude,103.669962,1
updated data\weather_hourly\Weather_Data_Blast_24H_2018\Surin 2018-07-01.csv,2018,name,"14.93708228,103.669962",1
updated data\weather_hourly\Weather_Data_Blast_24H_2018\Surin 2018-07-01.csv,2018,resolvedAddress,"14.93708228,103.669962",1
updated data\weather_hourly\Weather_Data_Blast_24H_2018\Trang 2018-01-01.csv,2018,address,Trang,1
updated data\weather_hourly\Weather_Data_Blast_24H_2018\Trang 2018-01-01.csv,2018,info,,0
updated data\weather_hourly\Weather_Data_Blast_24H_2018\Trang 2018-01-01.csv,2018,latitude,7.479578947,1
updated data\weather_hourly\Weather_Data_Blast_24H_2018\Trang 2018-01-01.csv,2018,longitude,99.55433333,1
updated data\weather_hourly\Weather_Data_Blast_24H_2018\Trang 2018-01-01.csv,2018,name,"7.479578947,99.55433333",1
updated data\weather_hourly\Weather_Data_Blast_24H_2018\Trang 2018-01-01.csv,2018,resolvedAddress,"7.479578947,99.55433333",1
updated data\weather_hourly\Weather_Data_Blast_24H_2018\Trat 2018-07-01.csv,2018,address,Trat,1
updated data\weather_hourly\Weather_Data_Blast_24H_2018\Trat 2018-07-01.csv,2018,info,,0
updated data\weather_hourly\Weather_Data_Blast_24H_2018\Trat 2018-07-01.csv,2018,latitude,12.10803774,1
updated data\weather_hourly\Weather_Data_Blast_24H_2018\Trat 2018-07-01.csv,2018,longitude,102.4909057,1
updated data\weather_hourly\Weather_Data_Blast_24H_2018\Trat 2018-07-01.csv,2018,name,"12.10803774,102.4909057",1
updated data\weather_hourly\Weather_Data_Blast_24H_2018\Trat 2018-07-01.csv,2018,resolvedAddress,"12.10803774,102.4909057",1
updated data\weather_hourly\Weather_Data_Blast_24H_2018\Udon Thani 2018-01-01.csv,2018,address,Udon Thani,1
updated data\weather_hourly\Weather_Data_Blast_24H_2018\Udon Thani 2018-01-01.csv,2018,info,,0
updated data\weather_hourly\Weather_Data_Blast_24H_2018\Udon Thani 2018-01-01.csv,2018,latitude,17.40975974,1
updated data\weather_hourly\Weather_Data_Blast_24H_2018\Udon Thani 2018-01-01.csv,2018,longitude,102.883539,1
updated data\weather_hourly\Weather_Data_Blast_24H_2018\Udon Thani 2018-01-01.csv,2018,name,"17.40975974,102.883539",1
updated data\weather_hourly\Weather_Data_Blast_24H_2018\Udon Thani 2018-01-01.csv,2018,resolvedAddress,"17.40975974,102.883539",1
updated data\weather_hourly\Weather_Data_Blast_24H_2018\Uthai Thani 2018-07-01.csv,2018,address,Uthai Thani,1
updated data\weather_hourly\Weather_Data_Blast_24H_2018\Uthai Thani 2018-07-01.csv,2018,info,,0
updated data\weather_hourly\Weather_Data_Blast_24H_2018\Uthai Thani 2018-07-01.csv,2018,latitude,15.37220588,1
updated data\weather_hourly\Weather_Data_Blast_24H_2018\Uthai Thani 2018-07-01.csv,2018,longitude,99.80179412,1
updated data\weather_hourly\Weather_Data_Blast_24H_2018\Uthai Thani 2018-07-01.csv,2018,name,"15.37220588,99.80179412",1
updated data\weather_hourly\Weather_Data_Blast_24H_2018\Uthai Thani 2018-07-01.csv,2018,resolvedAddress,"15.37220588,99.80179412",1
updated data\weather_hourly\Weather_Data_Blast_24H_2018\Yala 2018-01-01.csv,2018,address,Yala,1
updated data\weather_hourly\Weather_Data_Blast_24H_2018\Yala 2018-01-01.csv,2018,info,,0
updated data\weather_hourly\Weather_Data_Blast_24H_2018\Yala 2018-01-01.csv,2018,latitude,6.389631579,1
updated data\weather_hourly\Weather_Data_Blast_24H_2018\Yala 2018-01-01.csv,2018,longitude,101.2610877,1
updated data\weather_hourly\Weather_Data_Blast_24H_2018\Yala 2018-01-01.csv,2018,name,"6.389631579,101.2610877",1
updated data\weather_hourly\Weather_Data_Blast_24H_2018\Yala 2018-01-01.csv,2018,resolvedAddress,"6.389631579,101.2610877",1
updated data\weather_hourly\Weather_Data_Blast_24H_2018\Yasothon 2018-07-01.csv,2018,address,Yasothon,1
updated data\weather_hourly\Weather_Data_Blast_24H_2018\Yasothon 2018-07-01.csv,2018,info,,0
updated data\weather_hourly\Weather_Data_Blast_24H_2018\Yasothon 2018-07-01.csv,2018,latitude,15.83362821,1
updated data\weather_hourly\Weather_Data_Blast_24H_2018\Yasothon 2018-07-01.csv,2018,longitude,104.3002051,1
updated data\weather_hourly\Weather_Data_Blast_24H_2018\Yasothon 2018-07-01.csv,2018,name,"15.83362821,104.3002051",1
updated data\weather_hourly\Weather_Data_Blast_24H_2018\Yasothon 2018-07-01.csv,2018,resolvedAddress,"15.83362821,104.3002051",1
updated data\weather_hourly\Weather_Data_Blast_24H_2019\Ang Thong 2019-01-01.csv,2019,address,Ang Thong,1
updated data\weather_hourly\Weather_Data_Blast_24H_2019\Ang Thong 2019-01-01.csv,2019,info,,0
updated data\weather_hourly\Weather_Data_Blast_24H_2019\Ang Thong 2019-01-01.csv,2019,latitude,14.61094444,1
updated data\weather_hourly\Weather_Data_Blast_24H_2019\Ang Thong 2019-01-01.csv,2019,longitude,100.3843056,1
updated data\weather_hourly\Weather_Data_Blast_24H_2019\Ang Thong 2019-01-01.csv,2019,name,"14.61094444,100.3843056",1
updated data\weather_hourly\Weather_Data_Blast_24H_2019\Ang Thong 2019-01-01.csv,2019,resolvedAddress,"14.61094444,100.3843056",1
updated data\weather_hourly\Weather_Data_Blast_24H_2019\Bangkok 2019-07-01.csv,2019,address,Bangkok,1
updated data\weather_hourly\Weather_Data_Blast_24H_2019\Bangkok 2019-07-01.csv,2019,info,,0
updated data\weather_hourly\Weather_Data_Blast_24H_2019\Bangkok 2019-07-01.csv,2019,latitude,13.75785621,1
updated data\weather_hourly\Weather_Data_Blast_24H_2019\Bangkok 2019-07-01.csv,2019,longitude,100.5558824,1
updated data\weather_hourly\Weather_Data_Blast_24H_2019\Bangkok 2019-07-01.csv,2019,name,"13.75785621,100.5558824",1
updated data\weather_hourly\Weather_Data_Blast_24H_2019\Bangkok 2019-07-01.csv,2019,resolvedAddress,"13.75785621,100.5558824",1
updated data\weather_hourly\Weather_Data_Blast_24H_2019\Buri Ram 2019-01-01.csv,2019,address,Buri Ram,1
updated data\weather_hourly\Weather_Data_Blast_24H_2019\Buri Ram 2019-01-01.csv,2019,info,,0
updated data\weather_hourly\Weather_Data_Blast_24H_2019\Buri Ram 2019-01-01.csv,2019,latitude,14.89489362,1
updated data\weather_hourly\Weather_Data_Blast_24H_2019\Buri Ram 2019-01-01.csv,2019,longitude,102.9742287,1
updated data\weather_hourly\Weather_Data_Blast_24H_2019\Buri Ram 2019-01-01.csv,2019,name,"14.89489362,102.9742287",1
updated data\weather_hourly\Weather_Data_Blast_24H_2019\Buri Ram 2019-01-01.csv,2019,resolvedAddress,"14.89489362,102.9742287",1
updated data\weather_hourly\Weather_Data_Blast_24H_2019\Chachoengsao 2019-07-01.csv,2019,address,Chachoengsao,1
updated data\weather_hourly\Weather_Data_Blast_24H_2019\Chachoengsao 2019-07-01.csv,2019,info,,0
updated data\weather_hourly\Weather_Data_Blast_24H_2019\Chachoengsao 2019-07-01.csv,2019,latitude,13.68568478,1
updated data\weather_hourly\Weather_Data_Blast_24H_2019\Chachoengsao 2019-07-01.csv,2019,longitude,101.1367174,1
updated data\weather_hourly\Weather_Data_Blast_24H_2019\Chachoengsao 2019-07-01.csv,2019,name,"13.68568478,101.1367174",1
updated data\weather_hourly\Weather_Data_Blast_24H_2019\Chachoengsao 2019-07-01.csv,2019,resolvedAddress,"13.68568478,101.1367174",1
updated data\weather_hourly\Weather_Data_Blast_24H_2019\Chaiyaphum 2019-01-01.csv,2019,address,Chaiyaphum,1
updated data\weather_hourly\Weather_Data_Blast_24H_2019\Chaiyaphum 2019-01-01.csv,2019,info,,0
updated data\weather_hourly\Weather_Data_Blast_24H_2019\Chaiyaphum 2019-01-01.csv,2019,latitude,15.97104065,1
updated data\weather_hourly\Weather_Data_Blast_24H_2019\Chaiyaphum 2019-01-01.csv,2019,longitude,101.9395366,1
updated data\weather_hourly\Weather_Data_Blast_24H_2019\Chaiyaphum 2019-01-01.csv,2019,name,"15.97104065,101.9395366",1
updated data\weather_hourly\Weather_Data_Blast_24H_2019\Chaiyaphum 2019-01-01.csv,2019,resolvedAddress,"15.97104065,101.9395366",1
updated data\weather_hourly\Weather_Data_Blast_24H_2019\Chanthaburi 2019-07-01.csv,2019,address,Chanthaburi,1
updated data\weather_hourly\Weather_Data_Blast_24H_2019\Chanthaburi 2019-07-01.csv,2019,info,,0
updated data\weather_hourly\Weather_Data_Blast_24H_2019\Chanthaburi 2019-07-01.csv,2019,latitude,12.67759036,1
updated data\weather_hourly\Weather_Data_Blast_24H_2019\Chanthaburi 2019-07-01.csv,2019,longitude,102.1161687,1
updated data\weather_hourly\Weather_Data_Blast_24H_2019\Chanthaburi 2019-07-01.csv,2019,name,"12.67759036,102.1161687",1
updated data\weather_hourly\Weather_Data_Blast_24H_2019\Chanthaburi 2019-07-01.csv,2019,resolvedAddress,"12.67759036,102.1161687",1
updated data\weather_hourly\Weather_Data_Blast_24H_2019\Chiang Rai 2019-01-01.csv,2019,address,Chiang Rai,1
updated data\weather_hourly\Weather_Data_Blast_24H_2019\Chiang Rai 2019-01-01.csv,2019,info,,0
updated data\weather_hourly\Weather_Data_Blast_24H_2019\Chiang Rai 2019-01-01.csv,2019,latitude,19.88303252,1
updated data\weather_hourly\Weather_Data_Blast_24H_2019\Chiang Rai 2019-01-01.csv,2019,longitude,99.92217886,1
updated data\weather_hourly\Weather_Data_Blast_24H_2019\Chiang Rai 2019-01-01.csv,2019,name,"19.88303252,99.92217886",1
updated data\weather_hourly\Weather_Data_Blast_24H_2019\Chiang Rai 2019-01-01.csv,2019,resolvedAddress,"19.88303252,99.92217886",1
updated data\weather_hourly\Weather_Data_Blast_24H_2019\Chon Buri 2019-07-01.csv,2019,address,Chon Buri,1
updated data\weather_hourly\Weather_Data_Blast_24H_2019\Chon Buri 2019-07-01.csv,2019,info,,0
updated data\weather_hourly\Weather_Data_Blast_24H_2019\Chon Buri 2019-07-01.csv,2019,latitude,13.15463158,1
updated data\weather_hourly\Weather_Data_Blast_24H_2019\Chon Buri 2019-07-01.csv,2019,longitude,101.0628947,1
updated data\weather_hourly\Weather_Data_Blast_24H_2019\Chon Buri 2019-07-01.csv,2019,name,"13.15463158,101.0628947",1
updated data\weather_hourly\Weather_Data_Blast_24H_2019\Chon Buri 2019-07-01.csv,2019,resolvedAddress,"13.15463158,101.0628947",1
updated data\weather_hourly\Weather_Data_Blast_24H_2019\Kalasin 2019-01-01.csv,2019,address,Kalasin,1
updated data\weather_hourly\Weather_Data_Blast_24H_2019\Kalasin 2019-01-01.csv,2019,info,,0
updated data\weather_hourly\Weather_Data_Blast_24H_2019\Kalasin 2019-01-01.csv,2019,latitude,16.58667669,1
updated data\weather_hourly\Weather_Data_Blast_24H_2019\Kalasin 2019-01-01.csv,2019,longitude,103.6133985,1
updated data\weather_hourly\Weather_Data_Blast_24H_2019\Kalasin 2019-01-01.csv,2019,name,"16.58667669,103.6133985",1
updated data\weather_hourly\Weather_Data_Blast_24H_2019\Kalasin 2019-01-01.csv,2019,resolvedAddress,"16.58667669,103.6133985",1
updated data\weather_hourly\Weather_Data_Blast_24H_2019\Kamphaeng Phet 2019-07-01.csv,2019,address,Kamphaeng Phet,1
updated data\weather_hourly\Weather_Data_Blast_24H_2019\Kamphaeng Phet 2019-07-01.csv,2019,info,,0
updated data\weather_hourly\Weather_Data_Blast_24H_2019\Kamphaeng Phet 2019-07-01.csv,2019,latitude,16.37223377,1
updated data\weather_hourly\Weather_Data_Blast_24H_2019\Kamphaeng Phet 2019-07-01.csv,2019,longitude,99.65637662,1
updated data\weather_hourly\Weather_Data_Blast_24H_2019\Kamphaeng Phet 2019-07-01.csv,2019,name,"16.37223377,99.65637662",1
updated data\weather_hourly\Weather_Data_Blast_24H_2019\Kamphaeng Phet 2019-07-01.csv,2019,resolvedAddress,"16.37223377,99.65637662",1
updated data\weather_hourly\Weather_Data_Blast_24H_2019\Khon Kaen 2019-01-01.csv,2019,address,Khon Kaen,1
updated data\weather_hourly\Weather_Data_Blast_24H_2019\Khon Kaen 2019-01-01.csv,2019,info,,0
updated data\weather_hourly\Weather_Data_Blast_24H_2019\Khon Kaen 2019-01-01.csv,2019,latitude,16.35285,1
updated data\weather_hourly\Weather_Data_Blast_24H_2019\Khon Kaen 2019-01-01.csv,2019,longitude,102.598805,1
updated data\weather_hourly\Weather_Data_Blast_24H_2019\Khon Kaen 2019-01-01.csv,2019,name,"16.35285,102.598805",1
updated data\weather_hourly\Weather_Data_Blast_24H_2019\Khon Kaen 2019-01-01.csv,2019,resolvedAddress,"16.35285,102.598805",1
updated data\weather_hourly\Weather_Data_Blast_24H_2019\Krabi 2019-07-01.csv,2019,address,Krabi,1
updated data\weather_hourly\Weather_Data_Blast_24H_2019\Krabi 2019-07-01.csv,2019,info,,0
updated data\weather_hourly\Weather_Data_Blast_24H_2019\Krabi 2019-07-01.csv,2019,latitude,8.009243243,1
updated data\weather_hourly\Weather_Data_Blast_24H_2019\Krabi 2019-07-01.csv,2019,longitude,98.93368468,1
updated data\weather_hourly\Weather_Data_Blast_24H_2019\Krabi 2019-07-01.csv,2019,name,"8.009243243,98.93368468",1
updated data\weather_hourly\Weather_Data_Blast_24H_2019\Krabi 2019-07-01.csv,2019,resolvedAddress,"8.009243243,98.93368468",1
updated data\weather_hourly\Weather_Data_Blast_24H_2019\Lamphun 2019-01-01.csv,2019,address,Lamphun,1
updated data\weather_hourly\Weather_Data_Blast_24H_2019\Lamphun 2019-01-01.csv,2019,info,,0
updated data\weather_hourly\Weather_Data_Blast_24H_2019\Lamphun 2019-01-01.csv,2019,latitude,18.36132,1
updated data\weather_hourly\Weather_Data_Blast_24H_2019\Lamphun 2019-01-01.csv,2019,longitude,98.96236,1
updated data\weather_hourly\Weather_Data_Blast_24H_2019\Lamphun 2019-01-01.csv,2019,name,"18.36132,98.96236",1
updated data\weather_hourly\Weather_Data_Blast_24H_2019\Lamphun 2019-01-01.csv,2019,resolvedAddress,"18.36132,98.96236",1
updated data\weather_hourly\Weather_Data_Blast_24H_2019\Loei 2019-07-01.csv,2019,address,Loei,1
updated data\weather_hourly\Weather_Data_Blast_24H_2019\Loei 2019-07-01.csv,2019,info,,0
updated data\weather_hourly\Weather_Data_Blast_24H_2019\Loei 2019-07-01.csv,2019,latitude,17.41748315,1
updated data\weather_hourly\Weather_Data_Blast_24H_2019\Loei 2019-07-01.csv,2019,longitude,101.6434157,1
updated data\weather_hourly\Weather_Data_Blast_24H_2019\Loei 2019-07-01.csv,2019,name,"17.41748315,101.6434157",1
updated data\weather_hourly\Weather_Data_Blast_24H_2019\Loei 2019-07-01.csv,2019,resolvedAddress,"17.41748315,101.6434157",1
updated data\weather_hourly\Weather_Data_Blast_24H_2019\Mae Hong Son 2019-01-01.csv,2019,address,Mae Hong Son,1
updated data\weather_hourly\Weather_Data_Blast_24H_2019\Mae Hong Son 2019-01-01.csv,2019,info,,0
updated data\weather_hourly\Weather_Data_Blast_24H_2019\Mae Hong Son 2019-01-01.csv,2019,latitude,18.766,1
updated data\weather_hourly\Weather_Data_Blast_24H_2019\Mae Hong Son 2019-01-01.csv,2019,longitude,98.06297674,1
updated data\weather_hourly\Weather_Data_Blast_24H_2019\Mae Hong Son 2019-01-01.csv,2019,name,"18.766,98.06297674",1
updated data\weather_hourly\Weather_Data_Blast_24H_2019\Mae Hong Son 2019-01-01.csv,2019,resolvedAddress,"18.766,98.06297674",1
updated data\weather_hourly\Weather_Data_Blast_24H_2019\Maha Sarakham 2019-07-01.csv,2019,address,Maha Sarakham,1
updated data\weather_hourly\Weather_Data_Blast_24H_2019\Maha Sarakham 2019-07-01.csv,2019,info,,0
updated data\weather_hourly\Weather_Data_Blast_24H_2019\Maha Sarakham 2019-07-01.csv,2019,latitude,15.98990226,1
updated data\weather_hourly\Weather_Data_Blast_24H_2019\Maha Sarakham 2019-07-01.csv,2019,longitude,103.1893308,1
updated data\weather_hourly\Weather_Data_Blast_24H_2019\Maha Sarakham 2019-07-01.csv,2019,name,"15.98990226,103.1893308",1
updated data\weather_hourly\Weather_Data_Blast_24H_2019\Maha Sarakham 2019-07-01.csv,2019,resolvedAddress,"15.98990226,103.1893308",1
updated data\weather_hourly\Weather_Data_Blast_24H_2019\Nakhon Nayok 2019-01-01.csv,2019,address,Nakhon Nayok,1
updated data\weather_hourly\Weather_Data_Blast_24H_2019\Nakhon Nayok 2019-01-01.csv,2019,info,,0
updated data\weather_hourly\Weather_Data_Blast_24H_2019\Nakhon Nayok 2019-01-01.csv,2019,latitude,14.18082927,1
updated data\weather_hourly\Weather_Data_Blast_24H_2019\Nakhon Nayok 2019-01-01.csv,2019,longitude,101.1229756,1
updated data\weather_hourly\Weather_Data_Blast_24H_2019\Nakhon Nayok 2019-01-01.csv,2019,name,"14.18082927,101.1229756",1
updated data\weather_hourly\Weather_Data_Blast_24H_2019\Nakhon Nayok 2019-01-01.csv,2019,resolvedAddress,"14.18082927,101.1229756",1
updated data\weather_hourly\Weather_Data_Blast_24H_2019\Nakhon Pathom 2019-07-01.csv,2019,address,Nakhon Pathom,1
updated data\weather_hourly\Weather_Data_Blast_24H_2019\Nakhon Pathom 2019-07-01.csv,2019,info,,0
updated data\weather_hourly\Weather_Data_Blast_24H_2019\Nakhon Pathom 2019-07-01.csv,2019,latitude,13.87357143,1
updated data\weather_hourly\Weather_Data_Blast_24H_2019\Nakhon Pathom 2019-07-01.csv,2019,longitude,100.1243048,1
updated data\weather_hourly\Weather_Data_Blast_24H_2019\Nakhon Pathom 2019-07-01.csv,2019,name,"13.87357143,100.1243048",1
updated data\weather_hourly\Weather_Data_Blast_24H_2019\Nakhon Pathom 2019-07-01.csv,2019,resolvedAddress,"13.87357143,100.1243048",1
updated data\weather_hourly\Weather_Data_Blast_24H_2019\Nakhon Ratchasima 2019-01-01.csv,2019,address,Nakhon Ratchasima,1
updated data\weather_hourly\Weather_Data_Blast_24H_2019\Nakhon Ratchasima 2019-01-01.csv,2019,info,,0
updated data\weather_hourly\Weather_Data_Blast_24H_2019\Nakhon Ratchasima 2019-01-01.csv,2019,latitude,15.08644014,1
updated data\weather_hourly\Weather_Data_Blast_24H_2019\Nakhon Ratchasima 2019-01-01.csv,2019,longitude,102.1976901,1
updated data\weather_hourly\Weather_Data_Blast_24H_2019\Nakhon Ratchasima 2019-01-01.csv,2019,name,"15.08644014,102.1976901",1
updated data\weather_hourly\Weather_Data_Blast_24H_2019\Nakhon Ratchasima 2019-01-01.csv,2019,resolvedAddress,"15.08644014,102.1976901",1
updated data\weather_hourly\Weather_Data_Blast_24H_2019\Nakhon Sawan 2019-07-01.csv,2019,address,Nakhon Sawan,1
updated data\weather_hourly\Weather_Data_Blast_24H_2019\Nakhon Sawan 2019-07-01.csv,2019,info,,0
updated data\weather_hourly\Weather_Data_Blast_24H_2019\Nakhon Sawan 2019-07-01.csv,2019,latitude,15.67782946,1
updated data\weather_hourly\Weather_Data_Blast_24H_2019\Nakhon Sawan 2019-07-01.csv,2019,longitude,100.1931783,1
updated data\weather_hourly\Weather_Data_Blast_24H_2019\Nakhon Sawan 2019-07-01.csv,2019,name,"15.67782946,100.1931783",1
updated data\weather_hourly\Weather_Data_Blast_24H_2019\Nakhon Sawan 2019-07-01.csv,2019,resolvedAddress,"15.67782946,100.1931783",1
updated data\weather_hourly\Weather_Data_Blast_24H_2019\Nan 2019-01-01.csv,2019,address,Nan,1
updated data\weather_hourly\Weather_Data_Blast_24H_2019\Nan 2019-01-01.csv,2019,info,,0
updated data\weather_hourly\Weather_Data_Blast_24H_2019\Nan 2019-01-01.csv,2019,latitude,18.8794898,1
updated data\weather_hourly\Weather_Data_Blast_24H_2019\Nan 2019-01-01.csv,2019,longitude,100.8094286,1
updated data\weather_hourly\Weather_Data_Blast_24H_2019\Nan 2019-01-01.csv,2019,name,"18.8794898,100.8094286",1
updated data\weather_hourly\Weather_Data_Blast_24H_2019\Nan 2019-01-01.csv,2019,resolvedAddress,"18.8794898,100.8094286",1
updated data\weather_hourly\Weather_Data_Blast_24H_2019\Narathiwat 2019-07-01.csv,2019,address,Narathiwat,1
updated data\weather_hourly\Weather_Data_Blast_24H_2019\Narathiwat 2019-07-01.csv,2019,info,,0
updated data\weather_hourly\Weather_Data_Blast_24H_2019\Narathiwat 2019-07-01.csv,2019,latitude,6.234092105,1
updated data\weather_hourly\Weather_Data_Blast_24H_2019\Narathiwat 2019-07-01.csv,2019,longitude,101.7531711,1
updated data\weather_hourly\Weather_Data_Blast_24H_2019\Narathiwat 2019-07-01.csv,2019,name,"6.234092105,101.7531711",1
updated data\weather_hourly\Weather_Data_Blast_24H_2019\Narathiwat 2019-07-01.csv,2019,resolvedAddress,"6.234092105,101.7531711",1
updated data\weather_hourly\Weather_Data_Blast_24H_2019\Nong Khai 2019-01-01.csv,2019,address,Nong Khai,1
updated data\weather_hourly\Weather_Data_Blast_24H_2019\Nong Khai 2019-01-01.csv,2019,info,,0
updated data\weather_hourly\Weather_Data_Blast_24H_2019\Nong Khai 2019-01-01.csv,2019,latitude,17.91401639,1
updated data\weather_hourly\Weather_Data_Blast_24H_2019\Nong Khai 2019-01-01.csv,2019,longitude,102.8044262,1
updated data\weather_hourly\Weather_Data_Blast_24H_2019\Nong Khai 2019-01-01.csv,2019,name,"17.91401639,102.8044262",1
updated data\weather_hourly\Weather_Data_Blast_24H_2019\Nong Khai 2019-01-01.csv,2019,resolvedAddress,"17.91401639,102.8044262",1
updated data\weather_hourly\Weather_Data_Blast_24H_2019\Nonthaburi 2019-07-01.csv,2019,address,Nonthaburi,1
updated data\weather_hourly\Weather_Data_Blast_24H_2019\Nonthaburi 2019-07-01.csv,2019,info,,0
updated data\weather_hourly\Weather_Data_Blast_24H_2019\Nonthaburi 2019-07-01.csv,2019,latitude,13.88841176,1
updated data\weather_hourly\Weather_Data_Blast_24H_2019\Nonthaburi 2019-07-01.csv,2019,longitude,100.4345882,1
updated data\weather_hourly\Weather_Data_Blast_24H_2019\Nonthaburi 2019-07-01.csv,2019,name,"13.88841176,100.4345882",1
updated data\weather_hourly\Weather_Data_Blast_24H_2019\Nonthaburi 2019-07-01.csv,2019,resolvedAddress,"13.88841176,100.4345882",1
updated data\weather_hourly\Weather_Data_Blast_24H_2019\Pattani 2019-01-01.csv,2019,address,Pattani,1
updated data\weather_hourly\Weather_Data_Blast_24H_2019\Pattani 2019-01-01.csv,2019,info,,0
updated data\weather_hourly\Weather_Data_Blast_24H_2019\Pattani 2019-01-01.csv,2019,latitude,6.756087719,1
updated data\weather_hourly\Weather_Data_Blast_24H_2019\Pattani 2019-01-01.csv,2019,longitude,101.3607456,1
updated data\weather_hourly\Weather_Data_Blast_24H_2019\Pattani 2019-01-01.csv,2019,name,"6.756087719,101.3607456",1
updated data\weather_hourly\Weather_Data_Blast_24H_2019\Pattani 2019-01-01.csv,2019,resolvedAddress,"6.756087719,101.3607456",1
updated data\weather_hourly\Weather_Data_Blast_24H_2019\Phang-nga 2019-07-01.csv,2019,address,Phang-nga,1
updated data\weather_hourly\Weather_Data_Blast_24H_2019\Phang-nga 2019-07-01.csv,2019,info,,0
updated data\weather_hourly\Weather_Data_Blast_24H_2019\Phang-nga 2019-07-01.csv,2019,latitude,8.655536232,1
updated data\weather_hourly\Weather_Data_Blast_24H_2019\Phang-nga 2019-07-01.csv,2019,longitude,98.27214493,1
updated data\weather_hourly\Weather_Data_Blast_24H_2019\Phang-nga 2019-07-01.csv,2019,name,"8.655536232,98.27214493",1
updated data\weather_hourly\Weather_Data_Blast_24H_2019\Phang-nga 2019-07-01.csv,2019,resolvedAddress,"8.655536232,98.27214493",1
updated data\weather_hourly\Weather_Data_Blast_24H_2019\Phayao 2019-01-01.csv,2019,address,Phayao,1
updated data\weather_hourly\Weather_Data_Blast_24H_2019\Phayao 2019-01-01.csv,2019,info,,0
updated data\weather_hourly\Weather_Data_Blast_24H_2019\Phayao 2019-01-01.csv,2019,latitude,19.28419403,1
updated data\weather_hourly\Weather_Data_Blast_24H_2019\Phayao 2019-01-01.csv,2019,longitude,100.0843134,1
updated data\weather_hourly\Weather_Data_Blast_24H_2019\Phayao 2019-01-01.csv,2019,name,"19.28419403,100.0843134",1
updated data\weather_hourly\Weather_Data_Blast_24H_2019\Phayao 2019-01-01.csv,2019,resolvedAddress,"19.28419403,100.0843134",1
updated data\weather_hourly\Weather_Data_Blast_24H_2019\Phetchabun 2019-07-01.csv,2019,address,Phetchabun,1
updated data\weather_hourly\Weather_Data_Blast_24H_2019\Phetchabun 2019-07-01.csv,2019,info,,0
updated data\weather_hourly\Weather_Data_Blast_24H_2019\Phetchabun 2019-07-01.csv,2019,latitude,16.27352174,1
updated data\weather_hourly\Weather_Data_Blast_24H_2019\Phetchabun 2019-07-01.csv,2019,longitude,101.110113,1
updated data\weather_hourly\Weather_Data_Blast_24H_2019\Phetchabun 2019-07-01.csv,2019,name,"16.27352174,101.110113",1
updated data\weather_hourly\Weather_Data_Blast_24H_2019\Phetchabun 2019-07-01.csv,2019,resolvedAddress,"16.27352174,101.110113",1
updated data\weather_hourly\Weather_Data_Blast_24H_2019\Phichit 2019-01-01.csv,2019,address,Phichit,1
updated data\weather_hourly\Weather_Data_Blast_24H_2019\Phichit 2019-01-01.csv,2019,info,,0
updated data\weather_hourly\Weather_Data_Blast_24H_2019\Phichit 2019-01-01.csv,2019,latitude,16.25902273,1
updated data\weather_hourly\Weather_Data_Blast_24H_2019\Phichit 2019-01-01.csv,2019,longitude,100.3543182,1
updated data\weather_hourly\Weather_Data_Blast_24H_2019\Phichit 2019-01-01.csv,2019,name,"16.25902273,100.3543182",1
updated data\weather_hourly\Weather_Data_Blast_24H_2019\Phichit 2019-01-01.csv,2019,resolvedAddress,"16.25902273,100.3543182",1
updated data\weather_hourly\Weather_Data_Blast_24H_2019\Phitsanulok 2019-07-01.csv,2019,address,Phitsanulok,1
updated data\weather_hourly\Weather_Data_Blast_24H_2019\Phitsanulok 2019-07-01.csv,2019,info,,0
updated data\weather_hourly\Weather_Data_Blast_24H_2019\Phitsanulok 2019-07-01.csv,2019,latitude,16.87664516,1
updated data\weather_hourly\Weather_Data_Blast_24H_2019\Phitsanulok 2019-07-01.csv,2019,longitude,100.3781935,1
updated data\weather_hourly\Weather_Data_Blast_24H_2019\Phitsanulok 2019-07-01.csv,2019,name,"16.87664516,100.3781935",1
updated data\weather_hourly\Weather_Data_Blast_24H_2019\Phitsanulok 2019-07-01.csv,2019,resolvedAddress,"16.87664516,100.3781935",1
updated data\weather_hourly\Weather_Data_Blast_24H_2019\Phrae 2019-01-01.csv,2019,address,Phrae,1
updated data\weather_hourly\Weather_Data_Blast_24H_2019\Phrae 2019-01-01.csv,2019,info,,0
updated data\weather_hourly\Weather_Data_Blast_24H_2019\Phrae 2019-01-01.csv,2019,latitude,18.15474026,1
updated data\weather_hourly\Weather_Data_Blast_24H_2019\Phrae 2019-01-01.csv,2019,longitude,100.0967013,1
updated data\weather_hourly\Weather_Data_Blast_24H_2019\Phrae 2019-01-01.csv,2019,name,"18.15474026,100.0967013",1
updated data\weather_hourly\Weather_Data_Blast_24H_2019\Phrae 2019-01-01.csv,2019,resolvedAddress,"18.15474026,100.0967013",1
updated data\weather_hourly\Weather_Data_Blast_24H_2019\Phuket 2019-07-01.csv,2019,address,Phuket,1
updated data\weather_hourly\Weather_Data_Blast_24H_2019\Phuket 2019-07-01.csv,2019,info,,0
updated data\weather_hourly\Weather_Data_Blast_24H_2019\Phuket 2019-07-01.csv,2019,latitude,7.887342105,1
updated data\weather_hourly\Weather_Data_Blast_24H_2019\Phuket 2019-07-01.csv,2019,longitude,98.36747368,1
updated data\weather_hourly\Weather_Data_Blast_24H_2019\Phuket 2019-07-01.csv,2019,name,"7.887342105,98.36747368",1
updated data\weather_hourly\Weather_Data_Blast_24H_2019\Phuket 2019-07-01.csv,2019,resolvedAddress,"7.887342105,98.36747368",1
updated data\weather_hourly\Weather_Data_Blast_24H_2019\Prachuap Khiri Khan 2019-01-01.csv,2019,address,Prachuap Khiri Khan,1
updated data\weather_hourly\Weather_Data_Blast_24H_2019\Prachuap Khiri Khan 2019-01-01.csv,2019,info,,0
updated data\weather_hourly\Weather_Data_Blast_24H_2019\Prachuap Khiri Khan 2019-01-01.csv,2019,latitude,11.87997872,1
updated data\weather_hourly\Weather_Data_Blast_24H_2019\Prachuap Khiri Khan 2019-01-01.csv,2019,longitude,99.66968085,1
updated data\weather_hourly\Weather_Data_Blast_24H_2019\Prachuap Khiri Khan 2019-01-01.csv,2019,name,"11.87997872,99.66968085",1
updated data\weather_hourly\Weather_Data_Blast_24H_2019\Prachuap Khiri Khan 2019-01-01.csv,2019,resolvedAddress,"11.87997872,99.66968085",1
updated data\weather_hourly\Weather_Data_Blast_24H_2019\Ranong 2019-07-01.csv,2019,address,Ranong,1
updated data\weather_hourly\Weather_Data_Blast_24H_2019\Ranong 2019-07-01.csv,2019,info,,0
updated data\weather_hourly\Weather_Data_Blast_24H_2019\Ranong 2019-07-01.csv,2019,latitude,9.84295,1
updated data\weather_hourly\Weather_Data_Blast_24H_2019\Ranong 2019-07-01.csv,2019,longitude,98.57283333,1
updated data\weather_hourly\Weather_Data_Blast_24H_2019\Ranong 2019-07-01.csv,2019,name,"9.84295,98.57283333",1
updated data\weather_hourly\Weather_Data_Blast_24H_2019\Ranong 2019-07-01.csv,2019,resolvedAddress,"9.84295,98.57283333",1
updated data\weather_hourly\Weather_Data_Blast_24H_2019\Rayong 2019-01-01.csv,2019,address,Rayong,1
updated data\weather_hourly\Weather_Data_Blast_24H_2019\Rayong 2019-01-01.csv,2019,info,,0
updated data\weather_hourly\Weather_Data_Blast_24H_2019\Rayong 2019-01-01.csv,2019,latitude,12.77290909,1
updated data\weather_hourly\Weather_Data_Blast_24H_2019\Rayong 2019-01-01.csv,2019,longitude,101.4139394,1
updated data\weather_hourly\Weather_Data_Blast_24H_2019\Rayong 2019-01-01.csv,2019,name,"12.77290909,101.4139394",1
updated data\weather_hourly\Weather_Data_Blast_24H_2019\Rayong 2019-01-01.csv,2019,resolvedAddress,"12.77290909,101.4139394",1
updated data\weather_hourly\Weather_Data_Blast_24H_2019\Roi Et 2019-07-01.csv,2019,address,Roi Et,1
updated data\weather_hourly\Weather_Data_Blast_24H_2019\Roi Et 2019-07-01.csv,2019,info,,0
updated data\weather_hourly\Weather_Data_Blast_24H_2019\Roi Et 2019-07-01.csv,2019,latitude,15.94159686,1
updated data\weather_hourly\Weather_Data_Blast_24H_2019\Roi Et 2019-07-01.csv,2019,longitude,103.8014241,1
updated data\weather_hourly\Weather_Data_Blast_24H_2019\Roi Et 2019-07-01.csv,2019,name,"15.94159686,103.8014241",1
updated data\weather_hourly\Weather_Data_Blast_24H_2019\Roi Et 2019-07-01.csv,2019,resolvedAddress,"15.94159686,103.8014241",1
updated data\weather_hourly\Weather_Data_Blast_24H_2019\Sakon Nakhon 2019-01-01.csv,2019,address,Sakon Nakhon,1
updated data\weather_hourly\Weather_Data_Blast_24H_2019\Sakon Nakhon 2019-01-01.csv,2019,info,,0
updated data\weather_hourly\Weather_Data_Blast_24H_2019\Sakon Nakhon 2019-01-01.csv,2019,latitude,17.40146774,1
updated data\weather_hourly\Weather_Data_Blast_24H_2019\Sakon Nakhon 2019-01-01.csv,2019,longitude,103.8297419,1
updated data\weather_hourly\Weather_Data_Blast_24H_2019\Sakon Nakhon 2019-01-01.csv,2019,name,"17.40146774,103.8297419",1
updated data\weather_hourly\Weather_Data_Blast_24H_2019\Sakon Nakhon 2019-01-01.csv,2019,resolvedAddress,"17.40146774,103.8297419",1
updated data\weather_hourly\Weather_Data_Blast_24H_2019\Samut Prakarn 2019-07-01.csv,2019,address,Samut Prakarn,1
updated data\weather_hourly\Weather_Data_Blast_24H_2019\Samut Prakarn 2019-07-01.csv,2019,info,,0
updated data\weather_hourly\Weather_Data_Blast_24H_2019\Samut Prakarn 2019-07-01.csv,2019,latitude,13.61855102,1
updated data\weather_hourly\Weather_Data_Blast_24H_2019\Samut Prakarn 2019-07-01.csv,2019,longitude,100.655449,1
updated data\weather_hourly\Weather_Data_Blast_24H_2019\Samut Prakarn 2019-07-01.csv,2019,name,"13.61855102,100.655449",1
updated data\weather_hourly\Weather_Data_Blast_24H_2019\Samut Prakarn 2019-07-01.csv,2019,resolvedAddress,"13.61855102,100.655449",1
updated data\weather_hourly\Weather_Data_Blast_24H_2019\Samut Songkhram 2019-01-01.csv,2019,address,Samut Songkhram,1
updated data\weather_hourly\Weather_Data_Blast_24H_2019\Samut Songkhram 2019-01-01.csv,2019,info,,0
updated data\weather_hourly\Weather_Data_Blast_24H_2019\Samut Songkhram 2019-01-01.csv,2019,latitude,13.43411429,1
updated data\weather_hourly\Weather_Data_Blast_24H_2019\Samut Songkhram 2019-01-01.csv,2019,longitude,99.95694286,1
updated data\weather_hourly\Weather_Data_Blast_24H_2019\Samut Songkhram 2019-01-01.csv,2019,name,"13.43411429,99.95694286",1
updated data\weather_hourly\Weather_Data_Blast_24H_2019\Samut Songkhram 2019-01-01.csv,2019,resolvedAddress,"13.43411429,99.95694286",1
updated data\weather_hourly\Weather_Data_Blast_24H_2019\Saraburi 2019-07-01.csv,2019,address,Saraburi,1
updated data\weather_hourly\Weather_Data_Blast_24H_2019\Saraburi 2019-07-01.csv,2019,info,,0
updated data\weather_hourly\Weather_Data_Blast_24H_2019\Saraburi 2019-07-01.csv,2019,latitude,14.55531481,1
updated data\weather_hourly\Weather_Data_Blast_24H_2019\Saraburi 2019-07-01.csv,2019,longitude,100.8865463,1
updated data\weather_hourly\Weather_Data_Blast_24H_2019\Saraburi 2019-07-01.csv,2019,name,"14.55531481,100.8865463",1
updated data\weather_hourly\Weather_Data_Blast_24H_2019\Saraburi 2019-07-01.csv,2019,resolvedAddress,"14.55531481,100.8865463",1
updated data\weather_hourly\Weather_Data_Blast_24H_2019\Si Sa Ket 2019-01-01.csv,2019,address,Si Sa Ket,1
updated data\weather_hourly\Weather_Data_Blast_24H_2019\Si Sa Ket 2019-01-01.csv,2019,info,,0
updated data\weather_hourly\Weather_Data_Blast_24H_2019\Si Sa Ket 2019-01-01.csv,2019,latitude,14.94141872,1
updated data\weather_hourly\Weather_Data_Blast_24H_2019\Si Sa Ket 2019-01-01.csv,2019,longitude,104.3277783,1
updated data\weather_hourly\Weather_Data_Blast_24H_2019\Si Sa Ket 2019-01-01.csv,2019,name,"14.94141872,104.3277783",1
updated data\weather_hourly\Weather_Data_Blast_24H_2019\Si Sa Ket 2019-01-01.csv,2019,resolvedAddress,"14.94141872,104.3277783",1
updated data\weather_hourly\Weather_Data_Blast_24H_2019\Sing Buri 2019-07-01.csv,2019,address,Sing Buri,1
updated data\weather_hourly\Weather_Data_Blast_24H_2019\Sing Buri 2019-07-01.csv,2019,info,,0
updated data\weather_hourly\Weather_Data_Blast_24H_2019\Sing Buri 2019-07-01.csv,2019,latitude,14.88357143,1
updated data\weather_hourly\Weather_Data_Blast_24H_2019\Sing Buri 2019-07-01.csv,2019,longitude,100.3582143,1
updated data\weather_hourly\Weather_Data_Blast_24H_2019\Sing Buri 2019-07-01.csv,2019,name,"14.88357143,100.3582143",1
updated data\weather_hourly\Weather_Data_Blast_24H_2019\Sing Buri 2019-07-01.csv,2019,resolvedAddress,"14.88357143,100.3582143",1
updated data\weather_hourly\Weather_Data_Blast_24H_2019\Sukhothai 2019-01-01.csv,2019,address,Sukhothai,1
updated data\weather_hourly\Weather_Data_Blast_24H_2019\Sukhothai 2019-01-01.csv,2019,info,,0
updated data\weather_hourly\Weather_Data_Blast_24H_2019\Sukhothai 2019-01-01.csv,2019,latitude,17.1496,1
updated data\weather_hourly\Weather_Data_Blast_24H_2019\Sukhothai 2019-01-01.csv,2019,longitude,99.79715294,1
updated data\weather_hourly\Weather_Data_Blast_24H_2019\Sukhothai 2019-01-01.csv,2019,name,"17.1496,99.79715294",1
updated data\weather_hourly\Weather_Data_Blast_24H_2019\Sukhothai 2019-01-01.csv,2019,resolvedAddress,"17.1496,99.79715294",1
updated data\weather_hourly\Weather_Data_Blast_24H_2019\Suphan Buri 2019-07-01.csv,2019,address,Suphan Buri,1
updated data\weather_hourly\Weather_Data_Blast_24H_2019\Suphan Buri 2019-07-01.csv,2019,info,,0
updated data\weather_hourly\Weather_Data_Blast_24H_2019\Suphan Buri 2019-07-01.csv,2019,latitude,14.53585185,1
updated data\weather_hourly\Weather_Data_Blast_24H_2019\Suphan Buri 2019-07-01.csv,2019,longitude,100.015287,1
updated data\weather_hourly\Weather_Data_Blast_24H_2019\Suphan Buri 2019-07-01.csv,2019,name,"14.53585185,100.015287",1
updated data\weather_hourly\Weather_Data_Blast_24H_2019\Suphan Buri 2019-07-01.csv,2019,resolvedAddress,"14.53585185,100.015287",1
updated data\weather_hourly\Weather_Data_Blast_24H_2019\Surin 2019-01-01.csv,2019,address,Surin,1
updated data\weather_hourly\Weather_Data_Blast_24H_2019\Surin 2019-01-01.csv,2019,info,,0
updated data\weather_hourly\Weather_Data_Blast_24H_2019\Surin 2019-01-01.csv,2019,latitude,14.93708228,1
updated data\weather_hourly\Weather_Data_Blast_24H_2019\Surin 2019-01-01.csv,2019,longitude,103.669962,1
updated data\weather_hourly\Weather_Data_Blast_24H_2019\Surin 2019-01-01.csv,2019,name,"14.93708228,103.669962",1
updated data\weather_hourly\Weather_Data_Blast_24H_2019\Surin 2019-01-01.csv,2019,resolvedAddress,"14.93708228,103.669962",1
updated data\weather_hourly\Weather_Data_Blast_24H_2019\Tak 2019-07-01.csv,2019,address,Tak,1
updated data\weather_hourly\Weather_Data_Blast_24H_2019\Tak 2019-07-01.csv,2019,info,,0
updated data\weather_hourly\Weather_Data_Blast_24H_2019\Tak 2019-07-01.csv,2019,latitude,16.84066102,1
updated data\weather_hourly\Weather_Data_Blast_24H_2019\Tak 2019-07-01.csv,2019,longitude,98.83098305,1
updated data\weather_hourly\Weather_Data_Blast_24H_2019\Tak 2019-07-01.csv,2019,name,"16.84066102,98.83098305",1
updated data\weather_hourly\Weather_Data_Blast_24H_2019\Tak 2019-07-01.csv,2019,resolvedAddress,"16.84066102,98.83098305",1
updated data\weather_hourly\Weather_Data_Blast_24H_2019\Trat 2019-01-01.csv,2019,address,Trat,1
updated data\weather_hourly\Weather_Data_Blast_24H_2019\Trat 2019-01-01.csv,2019,info,,0
updated data\weather_hourly\Weather_Data_Blast_24H_2019\Trat 2019-01-01.csv,2019,latitude,12.10803774,1
updated data\weather_hourly\Weather_Data_Blast_24H_2019\Trat 2019-01-01.csv,2019,longitude,102.4909057,1
updated data\weather_hourly\Weather_Data_Blast_24H_2019\Trat 2019-01-01.csv,2019,name,"12.10803774,102.4909057",1
updated data\weather_hourly\Weather_Data_Blast_24H_2019\Trat 2019-01-01.csv,2019,resolvedAddress,"12.10803774,102.4909057",1
updated data\weather_hourly\Weather_Data_Blast_24H_2019\Ubon Ratchathani 2019-07-01.csv,2019,address,Ubon Ratchathani,1
updated data\weather_hourly\Weather_Data_Blast_24H_2019\Ubon Ratchathani 2019-07-01.csv,2019,info,,0
updated data\weather_hourly\Weather_Data_Blast_24H_2019\Ubon Ratchathani 2019-07-01.csv,2019,latitude,15.27789498,1
updated data\weather_hourly\Weather_Data_Blast_24H_2019\Ubon Ratchathani 2019-07-01.csv,2019,longitude,105.0215845,1
updated data\weather_hourly\Weather_Data_Blast_24H_2019\Ubon Ratchathani 2019-07-01.csv,2019,name,"15.27789498,105.0215845",1
updated data\weather_hourly\Weather_Data_Blast_24H_2019\Ubon Ratchathani 2019-07-01.csv,2019,resolvedAddress,"15.27789498,105.0215845",1
updated data\weather_hourly\Weather_Data_Blast_24H_2019\Uthai Thani 2019-01-01.csv,2019,address,Uthai Thani,1
updated data\weather_hourly\Weather_Data_Blast_24H_2019\Uthai Thani 2019-01-01.csv,2019,info,,0
updated data\weather_hourly\Weather_Data_Blast_24H_2019\Uthai Thani 2019-01-01.csv,2019,latitude,15.37220588,1
updated data\weather_hourly\Weather_Data_Blast_24H_2019\Uthai Thani 2019-01-01.csv,2019,longitude,99.80179412,1
updated data\weather_hourly\Weather_Data_Blast_24H_2019\Uthai Thani 2019-01-01.csv,2019,name,"15.37220588,99.80179412",1
updated data\weather_hourly\Weather_Data_Blast_24H_2019\Uthai Thani 2019-01-01.csv,2019,resolvedAddress,"15.37220588,99.80179412",1
updated data\weather_hourly\Weather_Data_Blast_24H_2019\Uttaradit 2019-07-01.csv,2019,address,Uttaradit,1
updated data\weather_hourly\Weather_Data_Blast_24H_2019\Uttaradit 2019-07-01.csv,2019,info,,0
updated data\weather_hourly\Weather_Data_Blast_24H_2019\Uttaradit 2019-07-01.csv,2019,latitude,17.63522727,1
updated data\weather_hourly\Weather_Data_Blast_24H_2019\Uttaradit 2019-07-01.csv,2019,longitude,100.3226667,1
updated data\weather_hourly\Weather_Data_Blast_24H_2019\Uttaradit 2019-07-01.csv,2019,name,"17.63522727,100.3226667",1
updated data\weather_hourly\Weather_Data_Blast_24H_2019\Uttaradit 2019-07-01.csv,2019,resolvedAddress,"17.63522727,100.3226667",1
updated data\weather_hourly\Weather_Data_Blast_24H_2019\Yasothon 2019-01-01.csv,2019,address,Yasothon,1
updated data\weather_hourly\Weather_Data_Blast_24H_2019\Yasothon 2019-01-01.csv,2019,info,,0
updated data\weather_hourly\Weather_Data_Blast_24H_2019\Yasothon 2019-01-01.csv,2019,latitude,15.83362821,1
updated data\weather_hourly\Weather_Data_Blast_24H_2019\Yasothon 2019-01-01.csv,2019,longitude,104.3002051,1
updated data\weather_hourly\Weather_Data_Blast_24H_2019\Yasothon 2019-01-01.csv,2019,name,"15.83362821,104.3002051",1
updated data\weather_hourly\Weather_Data_Blast_24H_2019\Yasothon 2019-01-01.csv,2019,resolvedAddress,"15.83362821,104.3002051",1
updated data\weather_hourly\Weather_Data_Blast_24H_2020\Amnat Charoen 2020-07-01.csv,2020,address,Amnat Charoen,1
updated data\weather_hourly\Weather_Data_Blast_24H_2020\Amnat Charoen 2020-07-01.csv,2020,info,,0
updated data\weather_hourly\Weather_Data_Blast_24H_2020\Amnat Charoen 2020-07-01.csv,2020,latitude,15.85274545,1
updated data\weather_hourly\Weather_Data_Blast_24H_2020\Amnat Charoen 2020-07-01.csv,2020,longitude,104.7030364,1
updated data\weather_hourly\Weather_Data_Blast_24H_2020\Amnat Charoen 2020-07-01.csv,2020,name,"15.85274545,104.7030364",1
updated data\weather_hourly\Weather_Data_Blast_24H_2020\Amnat Charoen 2020-07-01.csv,2020,resolvedAddress,"15.85274545,104.7030364",1
updated data\weather_hourly\Weather_Data_Blast_24H_2020\Bangkok 2020-01-01.csv,2020,address,Bangkok,1
updated data\weather_hourly\Weather_Data_Blast_24H_2020\Bangkok 2020-01-01.csv,2020,info,,0
updated data\weather_hourly\Weather_Data_Blast_24H_2020\Bangkok 2020-01-01.csv,2020,latitude,13.75785621,1
updated data\weather_hourly\Weather_Data_Blast_24H_2020\Bangkok 2020-01-01.csv,2020,longitude,100.5558824,1
updated data\weather_hourly\Weather_Data_Blast_24H_2020\Bangkok 2020-01-01.csv,2020,name,"13.75785621,100.5558824",1
updated data\weather_hourly\Weather_Data_Blast_24H_2020\Bangkok 2020-01-01.csv,2020,resolvedAddress,"13.75785621,100.5558824",1
updated data\weather_hourly\Weather_Data_Blast_24H_2020\Bueng Kan 2020-07-01.csv,2020,address,Bueng Kan,1
updated data\weather_hourly\Weather_Data_Blast_24H_2020\Bueng Kan 2020-07-01.csv,2020,info,,0
updated data\weather_hourly\Weather_Data_Blast_24H_2020\Bueng Kan 2020-07-01.csv,2020,latitude,18.15978846,1
updated data\weather_hourly\Weather_Data_Blast_24H_2020\Bueng Kan 2020-07-01.csv,2020,longitude,103.6703269,1
updated data\weather_hourly\Weather_Data_Blast_24H_2020\Bueng Kan 2020-07-01.csv,2020,name,"18.15978846,103.6703269",1
updated data\weather_hourly\Weather_Data_Blast_24H_2020\Bueng Kan 2020-07-01.csv,2020,resolvedAddress,"18.15978846,103.6703269",1
updated data\weather_hourly\Weather_Data_Blast_24H_2020\Chachoengsao 2020-01-01.csv,2020,address,Chachoengsao,1
updated data\weather_hourly\Weather_Data_Blast_24H_2020\Chachoengsao 2020-01-01.csv,2020,info,,0
updated data\weather_hourly\Weather_Data_Blast_24H_2020\Chachoengsao 2020-01-01.csv,2020,latitude,13.68568478,1
updated data\weather_hourly\Weather_Data_Blast_24H_2020\Chachoengsao 2020-01-01.csv,2020,longitude,101.1367174,1
updated data\weather_hourly\Weather_Data_Blast_24H_2020\Chachoengsao 2020-01-01.csv,2020,name,"13.68568478,101.1367174",1
updated data\weather_hourly\Weather_Data_Blast_24H_2020\Chachoengsao 2020-01-01.csv,2020,resolvedAddress,"13.68568478,101.1367174",1
updated data\weather_hourly\Weather_Data_Blast_24H_2020\Chai Nat 2020-07-01.csv,2020,address,Chai Nat,1
updated data\weather_hourly\Weather_Data_Blast_24H_2020\Chai Nat 2020-07-01.csv,2020,info,,0
updated data\weather_hourly\Weather_Data_Blast_24H_2020\Chai Nat 2020-07-01.csv,2020,latitude,15.15194231,1
updated data\weather_hourly\Weather_Data_Blast_24H_2020\Chai Nat 2020-07-01.csv,2020,longitude,100.0815577,1
updated data\weather_hourly\Weather_Data_Blast_24H_2020\Chai Nat 2020-07-01.csv,2020,name,"15.15194231,100.0815577",1
updated data\weather_hourly\Weather_Data_Blast_24H_2020\Chai Nat 2020-07-01.csv,2020,resolvedAddress,"15.15194231,100.0815577",1
updated data\weather_hourly\Weather_Data_Blast_24H_2020\Chanthaburi 2020-01-01.csv,2020,address,Chanthaburi,1
updated data\weather_hourly\Weather_Data_Blast_24H_2020\Chanthaburi 2020-01-01.csv,2020,info,,0
updated data\weather_hourly\Weather_Data_Blast_24H_2020\Chanthaburi 2020-01-01.csv,2020,latitude,12.67759036,1
updated data\weather_hourly\Weather_Data_Blast_24H_2020\Chanthaburi 2020-01-01.csv,2020,longitude,102.1161687,1
updated data\weather_hourly\Weather_Data_Blast_24H_2020\Chanthaburi 2020-01-01.csv,2020,name,"12.67759036,102.1161687",1
updated data\weather_hourly\Weather_Data_Blast_24H_2020\Chanthaburi 2020-01-01.csv,2020,resolvedAddress,"12.67759036,102.1161687",1
updated data\weather_hourly\Weather_Data_Blast_24H_2020\Chiang Mai 2020-07-01.csv,2020,address,Chiang Mai,1
updated data\weather_hourly\Weather_Data_Blast_24H_2020\Chiang Mai 2020-07-01.csv,2020,info,,0
updated data\weather_hourly\Weather_Data_Blast_24H_2020\Chiang Mai 2020-07-01.csv,2020,latitude,18.8569697,1
updated data\weather_hourly\Weather_Data_Blast_24H_2020\Chiang Mai 2020-07-01.csv,2020,longitude,98.9199899,1
updated data\weather_hourly\Weather_Data_Blast_24H_2020\Chiang Mai 2020-07-01.csv,2020,name,"18.8569697,98.9199899",1
updated data\weather_hourly\Weather_Data_Blast_24H_2020\Chiang Mai 2020-07-01.csv,2020,resolvedAddress,"18.8569697,98.9199899",1
updated data\weather_hourly\Weather_Data_Blast_24H_2020\Chon Buri 2020-01-01.csv,2020,address,Chon Buri,1
updated data\weather_hourly\Weather_Data_Blast_24H_2020\Chon Buri 2020-01-01.csv,2020,info,,0
updated data\weather_hourly\Weather_Data_Blast_24H_2020\Chon Buri 2020-01-01.csv,2020,latitude,13.15463158,1
updated data\weather_hourly\Weather_Data_Blast_24H_2020\Chon Buri 2020-01-01.csv,2020,longitude,101.0628947,1
updated data\weather_hourly\Weather_Data_Blast_24H_2020\Chon Buri 2020-01-01.csv,2020,name,"13.15463158,101.0628947",1
updated data\weather_hourly\Weather_Data_Blast_24H_2020\Chon Buri 2020-01-01.csv,2020,resolvedAddress,"13.15463158,101.0628947",1
updated data\weather_hourly\Weather_Data_Blast_24H_2020\Chumphon 2020-07-01.csv,2020,address,Chumphon,1
updated data\weather_hourly\Weather_Data_Blast_24H_2020\Chumphon 2020-07-01.csv,2020,info,,0
updated data\weather_hourly\Weather_Data_Blast_24H_2020\Chumphon 2020-07-01.csv,2020,latitude,10.3336087,1
updated data\weather_hourly\Weather_Data_Blast_24H_2020\Chumphon 2020-07-01.csv,2020,longitude,99.18683478,1
updated data\weather_hourly\Weather_Data_Blast_24H_2020\Chumphon 2020-07-01.csv,2020,name,"10.3336087,99.18683478",1
updated data\weather_hourly\Weather_Data_Blast_24H_2020\Chumphon 2020-07-01.csv,2020,resolvedAddress,"10.3336087,99.18683478",1
updated data\weather_hourly\Weather_Data_Blast_24H_2020\Kamphaeng Phet 2020-01-01.csv,2020,address,Kamphaeng Phet,1
updated data\weather_hourly\Weather_Data_Blast_24H_2020\Kamphaeng Phet 2020-01-01.csv,2020,info,,0
updated data\weather_hourly\Weather_Data_Blast_24H_2020\Kamphaeng Phet 2020-01-01.csv,2020,latitude,16.37223377,1
updated data\weather_hourly\Weather_Data_Blast_24H_2020\Kamphaeng Phet 2020-01-01.csv,2020,longitude,99.65637662,1
updated data\weather_hourly\Weather_Data_Blast_24H_2020\Kamphaeng Phet 2020-01-01.csv,2020,name,"16.37223377,99.65637662",1
updated data\weather_hourly\Weather_Data_Blast_24H_2020\Kamphaeng Phet 2020-01-01.csv,2020,resolvedAddress,"16.37223377,99.65637662",1
updated data\weather_hourly\Weather_Data_Blast_24H_2020\Kanchanaburi 2020-07-01.csv,2020,address,Kanchanaburi,1
updated data\weather_hourly\Weather_Data_Blast_24H_2020\Kanchanaburi 2020-07-01.csv,2020,info,,0
updated data\weather_hourly\Weather_Data_Blast_24H_2020\Kanchanaburi 2020-07-01.csv,2020,latitude,14.22504255,1
updated data\weather_hourly\Weather_Data_Blast_24H_2020\Kanchanaburi 2020-07-01.csv,2020,longitude,99.4401383,1
updated data\weather_hourly\Weather_Data_Blast_24H_2020\Kanchanaburi 2020-07-01.csv,2020,name,"14.22504255,99.4401383",1
updated data\weather_hourly\Weather_Data_Blast_24H_2020\Kanchanaburi 2020-07-01.csv,2020,resolvedAddress,"14.22504255,99.4401383",1
updated data\weather_hourly\Weather_Data_Blast_24H_2020\Krabi 2020-01-01.csv,2020,address,Krabi,1
updated data\weather_hourly\Weather_Data_Blast_24H_2020\Krabi 2020-01-01.csv,2020,info,,0
updated data\weather_hourly\Weather_Data_Blast_24H_2020\Krabi 2020-01-01.csv,2020,latitude,8.009243243,1
updated data\weather_hourly\Weather_Data_Blast_24H_2020\Krabi 2020-01-01.csv,2020,longitude,98.93368468,1
updated data\weather_hourly\Weather_Data_Blast_24H_2020\Krabi 2020-01-01.csv,2020,name,"8.009243243,98.93368468",1
updated data\weather_hourly\Weather_Data_Blast_24H_2020\Krabi 2020-01-01.csv,2020,resolvedAddress,"8.009243243,98.93368468",1
updated data\weather_hourly\Weather_Data_Blast_24H_2020\Lampang 2020-07-01.csv,2020,address,Lampang,1
updated data\weather_hourly\Weather_Data_Blast_24H_2020\Lampang 2020-07-01.csv,2020,info,,0
updated data\weather_hourly\Weather_Data_Blast_24H_2020\Lampang 2020-07-01.csv,2020,latitude,18.34986458,1
updated data\weather_hourly\Weather_Data_Blast_24H_2020\Lampang 2020-07-01.csv,2020,longitude,99.50325,1
updated data\weather_hourly\Weather_Data_Blast_24H_2020\Lampang 2020-07-01.csv,2020,name,"18.34986458,99.50325",1
updated data\weather_hourly\Weather_Data_Blast_24H_2020\Lampang 2020-07-01.csv,2020,resolvedAddress,"18.34986458,99.50325",1
updated data\weather_hourly\Weather_Data_Blast_24H_2020\Loei 2020-01-01.csv,2020,address,Loei,1
updated data\weather_hourly\Weather_Data_Blast_24H_2020\Loei 2020-01-01.csv,2020,info,,0
updated data\weather_hourly\Weather_Data_Blast_24H_2020\Loei 2020-01-01.csv,2020,latitude,17.41748315,1
updated data\weather_hourly\Weather_Data_Blast_24H_2020\Loei 2020-01-01.csv,2020,longitude,101.6434157,1
updated data\weather_hourly\Weather_Data_Blast_24H_2020\Loei 2020-01-01.csv,2020,name,"17.41748315,101.6434157",1
updated data\weather_hourly\Weather_Data_Blast_24H_2020\Loei 2020-01-01.csv,2020,resolvedAddress,"17.41748315,101.6434157",1
updated data\weather_hourly\Weather_Data_Blast_24H_2020\Lop Buri 2020-07-01.csv,2020,address,Lop Buri,1
updated data\weather_hourly\Weather_Data_Blast_24H_2020\Lop Buri 2020-07-01.csv,2020,info,,0
updated data\weather_hourly\Weather_Data_Blast_24H_2020\Lop Buri 2020-07-01.csv,2020,latitude,15.02860833,1
updated data\weather_hourly\Weather_Data_Blast_24H_2020\Lop Buri 2020-07-01.csv,2020,longitude,100.7969417,1
updated data\weather_hourly\Weather_Data_Blast_24H_2020\Lop Buri 2020-07-01.csv,2020,name,"15.02860833,100.7969417",1
updated data\weather_hourly\Weather_Data_Blast_24H_2020\Lop Buri 2020-07-01.csv,2020,resolvedAddress,"15.02860833,100.7969417",1
updated data\weather_hourly\Weather_Data_Blast_24H_2020\Maha Sarakham 2020-01-01.csv,2020,address,Maha Sarakham,1
updated data\weather_hourly\Weather_Data_Blast_24H_2020\Maha Sarakham 2020-01-01.csv,2020,info,,0
updated data\weather_hourly\Weather_Data_Blast_24H_2020\Maha Sarakham 2020-01-01.csv,2020,latitude,15.98990226,1
updated data\weather_hourly\Weather_Data_Blast_24H_2020\Maha Sarakham 2020-01-01.csv,2020,longitude,103.1893308,1
updated data\weather_hourly\Weather_Data_Blast_24H_2020\Maha Sarakham 2020-01-01.csv,2020,name,"15.98990226,103.1893308",1
updated data\weather_hourly\Weather_Data_Blast_24H_2020\Maha Sarakham 2020-01-01.csv,2020,resolvedAddress,"15.98990226,103.1893308",1
updated data\weather_hourly\Weather_Data_Blast_24H_2020\Mukdahan 2020-07-01.csv,2020,address,Mukdahan,1
updated data\weather_hourly\Weather_Data_Blast_24H_2020\Mukdahan 2020-07-01.csv,2020,info,,0
updated data\weather_hourly\Weather_Data_Blast_24H_2020\Mukdahan 2020-07-01.csv,2020,latitude,16.53405769,1
updated data\weather_hourly\Weather_Data_Blast_24H_2020\Mukdahan 2020-07-01.csv,2020,longitude,104.5682885,1
updated data\weather_hourly\Weather_Data_Blast_24H_2020\Mukdahan 2020-07-01.csv,2020,name,"16.53405769,104.5682885",1
updated data\weather_hourly\Weather_Data_Blast_24H_2020\Mukdahan 2020-07-01.csv,2020,resolvedAddress,"16.53405769,104.5682885",1
updated data\weather_hourly\Weather_Data_Blast_24H_2020\Nakhon Pathom 2020-01-01.csv,2020,address,Nakhon Pathom,1
updated data\weather_hourly\Weather_Data_Blast_24H_2020\Nakhon Pathom 2020-01-01.csv,2020,info,,0
updated data\weather_hourly\Weather_Data_Blast_24H_2020\Nakhon Pathom 2020-01-01.csv,2020,latitude,13.87357143,1
updated data\weather_hourly\Weather_Data_Blast_24H_2020\Nakhon Pathom 2020-01-01.csv,2020,longitude,100.1243048,1
updated data\weather_hourly\Weather_Data_Blast_24H_2020\Nakhon Pathom 2020-01-01.csv,2020,name,"13.87357143,100.1243048",1
updated data\weather_hourly\Weather_Data_Blast_24H_2020\Nakhon Pathom 2020-01-01.csv,2020,resolvedAddress,"13.87357143,100.1243048",1
updated data\weather_hourly\Weather_Data_Blast_24H_2020\Nakhon Phanom 2020-07-01.csv,2020,address,Nakhon Phanom,1
updated data\weather_hourly\Weather_Data_Blast_24H_2020\Nakhon Phanom 2020-07-01.csv,2020,info,,0
updated data\weather_hourly\Weather_Data_Blast_24H_2020\Nakhon Phanom 2020-07-01.csv,2020,latitude,17.31057447,1
updated data\weather_hourly\Weather_Data_Blast_24H_2020\Nakhon Phanom 2020-07-01.csv,2020,longitude,104.4821915,1
updated data\weather_hourly\Weather_Data_Blast_24H_2020\Nakhon Phanom 2020-07-01.csv,2020,name,"17.31057447,104.4821915",1
updated data\weather_hourly\Weather_Data_Blast_24H_2020\Nakhon Phanom 2020-07-01.csv,2020,resolvedAddress,"17.31057447,104.4821915",1
updated data\weather_hourly\Weather_Data_Blast_24H_2020\Nakhon Sawan 2020-01-01.csv,2020,address,Nakhon Sawan,1
updated data\weather_hourly\Weather_Data_Blast_24H_2020\Nakhon Sawan 2020-01-01.csv,2020,info,,0
updated data\weather_hourly\Weather_Data_Blast_24H_2020\Nakhon Sawan 2020-01-01.csv,2020,latitude,15.67782946,1
updated data\weather_hourly\Weather_Data_Blast_24H_2020\Nakhon Sawan 2020-01-01.csv,2020,longitude,100.1931783,1
updated data\weather_hourly\Weather_Data_Blast_24H_2020\Nakhon Sawan 2020-01-01.csv,2020,name,"15.67782946,100.1931783",1
updated data\weather_hourly\Weather_Data_Blast_24H_2020\Nakhon Sawan 2020-01-01.csv,2020,resolvedAddress,"15.67782946,100.1931783",1
updated data\weather_hourly\Weather_Data_Blast_24H_2020\Nakhon Si Thammarat 2020-07-01.csv,2020,address,Nakhon Si Thammarat,1
updated data\weather_hourly\Weather_Data_Blast_24H_2020\Nakhon Si Thammarat 2020-07-01.csv,2020,info,,0
updated data\weather_hourly\Weather_Data_Blast_24H_2020\Nakhon Si Thammarat 2020-07-01.csv,2020,latitude,8.34487574,1
updated data\weather_hourly\Weather_Data_Blast_24H_2020\Nakhon Si Thammarat 2020-07-01.csv,2020,longitude,99.86193491,1
updated data\weather_hourly\Weather_Data_Blast_24H_2020\Nakhon Si Thammarat 2020-07-01.csv,2020,name,"8.34487574,99.86193491",1
updated data\weather_hourly\Weather_Data_Blast_24H_2020\Nakhon Si Thammarat 2020-07-01.csv,2020,resolvedAddress,"8.34487574,99.86193491",1
updated data\weather_hourly\Weather_Data_Blast_24H_2020\Narathiwat 2020-01-01.csv,2020,address,Narathiwat,1
updated data\weather_hourly\Weather_Data_Blast_24H_2020\Narathiwat 2020-01-01.csv,2020,info,,0
updated data\weather_hourly\Weather_Data_Blast_24H_2020\Narathiwat 2020-01-01.csv,2020,latitude,6.234092105,1
updated data\weather_hourly\Weather_Data_Blast_24H_2020\Narathiwat 2020-01-01.csv,2020,longitude,101.7531711,1
updated data\weather_hourly\Weather_Data_Blast_24H_2020\Narathiwat 2020-01-01.csv,2020,name,"6.234092105,101.7531711",1
updated data\weather_hourly\Weather_Data_Blast_24H_2020\Narathiwat 2020-01-01.csv,2020,resolvedAddress,"6.234092105,101.7531711",1
updated data\weather_hourly\Weather_Data_Blast_24H_2020\Nong Bua Lam Phu 2020-07-01.csv,2020,address,Nong Bua Lam Phu,1
updated data\weather_hourly\Weather_Data_Blast_24H_2020\Nong Bua Lam Phu 2020-07-01.csv,2020,info,,0
updated data\weather_hourly\Weather_Data_Blast_24H_2020\Nong Bua Lam Phu 2020-07-01.csv,2020,latitude,17.18251724,1
updated data\weather_hourly\Weather_Data_Blast_24H_2020\Nong Bua Lam Phu 2020-07-01.csv,2020,longitude,102.3142586,1
updated data\weather_hourly\Weather_Data_Blast_24H_2020\Nong Bua Lam Phu 2020-07-01.csv,2020,name,"17.18251724,102.3142586",1
updated data\weather_hourly\Weather_Data_Blast_24H_2020\Nong Bua Lam Phu 2020-07-01.csv,2020,resolvedAddress,"17.18251724,102.3142586",1
updated data\weather_hourly\Weather_Data_Blast_24H_2020\Nonthaburi 2020-01-01.csv,2020,address,Nonthaburi,1
updated data\weather_hourly\Weather_Data_Blast_24H_2020\Nonthaburi 2020-01-01.csv,2020,info,,0
updated data\weather_hourly\Weather_Data_Blast_24H_2020\Nonthaburi 2020-01-01.csv,2020,latitude,13.88841176,1
updated data\weather_hourly\Weather_Data_Blast_24H_2020\Nonthaburi 2020-01-01.csv,2020,longitude,100.4345882,1
updated data\weather_hourly\Weather_Data_Blast_24H_2020\Nonthaburi 2020-01-01.csv,2020,name,"13.88841176,100.4345882",1
updated data\weather_hourly\Weather_Data_Blast_24H_2020\Nonthaburi 2020-01-01.csv,2020,resolvedAddress,"13.88841176,100.4345882",1
updated data\weather_hourly\Weather_Data_Blast_24H_2020\Pathum Thani 2020-07-01.csv,2020,address,Pathum Thani,1
updated data\weather_hourly\Weather_Data_Blast_24H_2020\Pathum Thani 2020-07-01.csv,2020,info,,0
updated data\weather_hourly\Weather_Data_Blast_24H_2020\Pathum Thani 2020-07-01.csv,2020,latitude,14.04674576,1
updated data\weather_hourly\Weather_Data_Blast_24H_2020\Pathum Thani 2020-07-01.csv,2020,longitude,100.6253898,1
updated data\weather_hourly\Weather_Data_Blast_24H_2020\Pathum Thani 2020-07-01.csv,2020,name,"14.04674576,100.6253898",1
updated data\weather_hourly\Weather_Data_Blast_24H_2020\Pathum Thani 2020-07-01.csv,2020,resolvedAddress,"14.04674576,100.6253898",1
updated data\weather_hourly\Weather_Data_Blast_24H_2020\Phang-nga 2020-01-01.csv,2020,address,Phang-nga,1
updated data\weather_hourly\Weather_Data_Blast_24H_2020\Phang-nga 2020-01-01.csv,2020,info,,0
updated data\weather_hourly\Weather_Data_Blast_24H_2020\Phang-nga 2020-01-01.csv,2020,latitude,8.655536232,1
updated data\weather_hourly\Weather_Data_Blast_24H_2020\Phang-nga 2020-01-01.csv,2020,longitude,98.27214493,1
updated data\weather_hourly\Weather_Data_Blast_24H_2020\Phang-nga 2020-01-01.csv,2020,name,"8.655536232,98.27214493",1
updated data\weather_hourly\Weather_Data_Blast_24H_2020\Phang-nga 2020-01-01.csv,2020,resolvedAddress,"8.655536232,98.27214493",1
updated data\weather_hourly\Weather_Data_Blast_24H_2020\Phatthalung 2020-07-01.csv,2020,address,Phatthalung,1
updated data\weather_hourly\Weather_Data_Blast_24H_2020\Phatthalung 2020-07-01.csv,2020,info,,0
updated data\weather_hourly\Weather_Data_Blast_24H_2020\Phatthalung 2020-07-01.csv,2020,latitude,7.54880303,1
updated data\weather_hourly\Weather_Data_Blast_24H_2020\Phatthalung 2020-07-01.csv,2020,longitude,100.0667121,1
updated data\weather_hourly\Weather_Data_Blast_24H_2020\Phatthalung 2020-07-01.csv,2020,name,"7.54880303,100.0667121",1
updated data\weather_hourly\Weather_Data_Blast_24H_2020\Phatthalung 2020-07-01.csv,2020,resolvedAddress,"7.54880303,100.0667121",1
updated data\weather_hourly\Weather_Data_Blast_24H_2020\Phetchabun 2020-01-01.csv,2020,address,Phetchabun,1
updated data\weather_hourly\Weather_Data_Blast_24H_2020\Phetchabun 2020-01-01.csv,2020,info,,0
updated data\weather_hourly\Weather_Data_Blast_24H_2020\Phetchabun 2020-01-01.csv,2020,latitude,16.27352174,1
updated data\weather_hourly\Weather_Data_Blast_24H_2020\Phetchabun 2020-01-01.csv,2020,longitude,101.110113,1
updated data\weather_hourly\Weather_Data_Blast_24H_2020\Phetchabun 2020-01-01.csv,2020,name,"16.27352174,101.110113",1
updated data\weather_hourly\Weather_Data_Blast_24H_2020\Phetchabun 2020-01-01.csv,2020,resolvedAddress,"16.27352174,101.110113",1
updated data\weather_hourly\Weather_Data_Blast_24H_2020\Phetchaburi 2020-07-01.csv,2020,address,Phetchaburi,1
updated data\weather_hourly\Weather_Data_Blast_24H_2020\Phetchaburi 2020-07-01.csv,2020,info,,0
updated data\weather_hourly\Weather_Data_Blast_24H_2020\Phetchaburi 2020-07-01.csv,2020,latitude,13.04547253,1
updated data\weather_hourly\Weather_Data_Blast_24H_2020\Phetchaburi 2020-07-01.csv,2020,longitude,99.88163736,1
updated data\weather_hourly\Weather_Data_Blast_24H_2020\Phetchaburi 2020-07-01.csv,2020,name,"13.04547253,99.88163736",1
updated data\weather_hourly\Weather_Data_Blast_24H_2020\Phetchaburi 2020-07-01.csv,2020,resolvedAddress,"13.04547253,99.88163736",1
updated data\weather_hourly\Weather_Data_Blast_24H_2020\Phitsanulok 2020-01-01.csv,2020,address,Phitsanulok,1
updated data\weather_hourly\Weather_Data_Blast_24H_2020\Phitsanulok 2020-01-01.csv,2020,info,,0
updated data\weather_hourly\Weather_Data_Blast_24H_2020\Phitsanulok 2020-01-01.csv,2020,latitude,16.87664516,1
updated data\weather_hourly\Weather_Data_Blast_24H_2020\Phitsanulok 2020-01-01.csv,2020,longitude,100.3781935,1
updated data\weather_hourly\Weather_Data_Blast_24H_2020\Phitsanulok 2020-01-01.csv,2020,name,"16.87664516,100.3781935",1
updated data\weather_hourly\Weather_Data_Blast_24H_2020\Phitsanulok 2020-01-01.csv,2020,resolvedAddress,"16.87664516,100.3781935",1
updated data\weather_hourly\Weather_Data_Blast_24H_2020\Phra Nakhon Si Ayutthaya 2020-07-01.csv,2020,address,Phra Nakhon Si Ayutthaya,1
updated data\weather_hourly\Weather_Data_Blast_24H_2020\Phra Nakhon Si Ayutthaya 2020-07-01.csv,2020,info,,0
updated data\weather_hourly\Weather_Data_Blast_24H_2020\Phra Nakhon Si Ayutthaya 2020-07-01.csv,2020,latitude,14.37482039,1
updated data\weather_hourly\Weather_Data_Blast_24H_2020\Phra Nakhon Si Ayutthaya 2020-07-01.csv,2020,longitude,100.5316117,1
updated data\weather_hourly\Weather_Data_Blast_24H_2020\Phra Nakhon Si Ayutthaya 2020-07-01.csv,2020,name,"14.37482039,100.5316117",1
updated data\weather_hourly\Weather_Data_Blast_24H_2020\Phra Nakhon Si Ayutthaya 2020-07-01.csv,2020,resolvedAddress,"14.37482039,100.5316117",1
updated data\weather_hourly\Weather_Data_Blast_24H_2020\Phuket 2020-01-01.csv,2020,address,Phuket,1
updated data\weather_hourly\Weather_Data_Blast_24H_2020\Phuket 2020-01-01.csv,2020,info,,0
updated data\weather_hourly\Weather_Data_Blast_24H_2020\Phuket 2020-01-01.csv,2020,latitude,7.887342105,1
updated data\weather_hourly\Weather_Data_Blast_24H_2020\Phuket 2020-01-01.csv,2020,longitude,98.36747368,1
updated data\weather_hourly\Weather_Data_Blast_24H_2020\Phuket 2020-01-01.csv,2020,name,"7.887342105,98.36747368",1
updated data\weather_hourly\Weather_Data_Blast_24H_2020\Phuket 2020-01-01.csv,2020,resolvedAddress,"7.887342105,98.36747368",1
updated data\weather_hourly\Weather_Data_Blast_24H_2020\Prachin Buri 2020-07-01.csv,2020,address,Prachin Buri,1
updated data\weather_hourly\Weather_Data_Blast_24H_2020\Prachin Buri 2020-07-01.csv,2020,info,,0
updated data\weather_hourly\Weather_Data_Blast_24H_2020\Prachin Buri 2020-07-01.csv,2020,latitude,13.99596825,1
updated data\weather_hourly\Weather_Data_Blast_24H_2020\Prachin Buri 2020-07-01.csv,2020,longitude,101.5334444,1
updated data\weather_hourly\Weather_Data_Blast_24H_2020\Prachin Buri 2020-07-01.csv,2020,name,"13.99596825,101.5334444",1
updated data\weather_hourly\Weather_Data_Blast_24H_2020\Prachin Buri 2020-07-01.csv,2020,resolvedAddress,"13.99596825,101.5334444",1
updated data\weather_hourly\Weather_Data_Blast_24H_2020\Ranong 2020-01-01.csv,2020,address,Ranong,1
updated data\weather_hourly\Weather_Data_Blast_24H_2020\Ranong 2020-01-01.csv,2020,info,,0
updated data\weather_hourly\Weather_Data_Blast_24H_2020\Ranong 2020-01-01.csv,2020,latitude,9.84295,1
updated data\weather_hourly\Weather_Data_Blast_24H_2020\Ranong 2020-01-01.csv,2020,longitude,98.57283333,1
updated data\weather_hourly\Weather_Data_Blast_24H_2020\Ranong 2020-01-01.csv,2020,name,"9.84295,98.57283333",1
updated data\weather_hourly\Weather_Data_Blast_24H_2020\Ranong 2020-01-01.csv,2020,resolvedAddress,"9.84295,98.57283333",1
updated data\weather_hourly\Weather_Data_Blast_24H_2020\Ratchaburi 2020-07-01.csv,2020,address,Ratchaburi,1
updated data\weather_hourly\Weather_Data_Blast_24H_2020\Ratchaburi 2020-07-01.csv,2020,info,,0
updated data\weather_hourly\Weather_Data_Blast_24H_2020\Ratchaburi 2020-07-01.csv,2020,latitude,13.60378641,1
updated data\weather_hourly\Weather_Data_Blast_24H_2020\Ratchaburi 2020-07-01.csv,2020,longitude,99.80105825,1
updated data\weather_hourly\Weather_Data_Blast_24H_2020\Ratchaburi 2020-07-01.csv,2020,name,"13.60378641,99.80105825",1
updated data\weather_hourly\Weather_Data_Blast_24H_2020\Ratchaburi 2020-07-01.csv,2020,resolvedAddress,"13.60378641,99.80105825",1
updated data\weather_hourly\Weather_Data_Blast_24H_2020\Roi Et 2020-01-01.csv,2020,address,Roi Et,1
updated data\weather_hourly\Weather_Data_Blast_24H_2020\Roi Et 2020-01-01.csv,2020,info,,0
updated data\weather_hourly\Weather_Data_Blast_24H_2020\Roi Et 2020-01-01.csv,2020,latitude,15.94159686,1
updated data\weather_hourly\Weather_Data_Blast_24H_2020\Roi Et 2020-01-01.csv,2020,longitude,103.8014241,1
updated data\weather_hourly\Weather_Data_Blast_24H_2020\Roi Et 2020-01-01.csv,2020,name,"15.94159686,103.8014241",1
updated data\weather_hourly\Weather_Data_Blast_24H_2020\Roi Et 2020-01-01.csv,2020,resolvedAddress,"15.94159686,103.8014241",1
updated data\weather_hourly\Weather_Data_Blast_24H_2020\Sa kaeo 2020-07-01.csv,2020,address,Sa kaeo,1
updated data\weather_hourly\Weather_Data_Blast_24H_2020\Sa kaeo 2020-07-01.csv,2020,info,,0
updated data\weather_hourly\Weather_Data_Blast_24H_2020\Sa kaeo 2020-07-01.csv,2020,latitude,13.72012069,1
updated data\weather_hourly\Weather_Data_Blast_24H_2020\Sa kaeo 2020-07-01.csv,2020,longitude,102.3403103,1
updated data\weather_hourly\Weather_Data_Blast_24H_2020\Sa kaeo 2020-07-01.csv,2020,name,"13.72012069,102.3403103",1
updated data\weather_hourly\Weather_Data_Blast_24H_2020\Sa kaeo 2020-07-01.csv,2020,resolvedAddress,"13.72012069,102.3403103",1
updated data\weather_hourly\Weather_Data_Blast_24H_2020\Samut Prakarn 2020-01-01.csv,2020,address,Samut Prakarn,1
updated data\weather_hourly\Weather_Data_Blast_24H_2020\Samut Prakarn 2020-01-01.csv,2020,info,,0
updated data\weather_hourly\Weather_Data_Blast_24H_2020\Samut Prakarn 2020-01-01.csv,2020,latitude,13.61855102,1
updated data\weather_hourly\Weather_Data_Blast_24H_2020\Samut Prakarn 2020-01-01.csv,2020,longitude,100.655449,1
updated data\weather_hourly\Weather_Data_Blast_24H_2020\Samut Prakarn 2020-01-01.csv,2020,name,"13.61855102,100.655449",1
updated data\weather_hourly\Weather_Data_Blast_24H_2020\Samut Prakarn 2020-01-01.csv,2020,resolvedAddress,"13.61855102,100.655449",1
updated data\weather_hourly\Weather_Data_Blast_24H_2020\Samut Sakhon 2020-07-01.csv,2020,address,Samut Sakhon,1
updated data\weather_hourly\Weather_Data_Blast_24H_2020\Samut Sakhon 2020-07-01.csv,2020,info,,0
updated data\weather_hourly\Weather_Data_Blast_24H_2020\Samut Sakhon 2020-07-01.csv,2020,latitude,13.58789744,1
updated data\weather_hourly\Weather_Data_Blast_24H_2020\Samut Sakhon 2020-07-01.csv,2020,longitude,100.2134103,1
updated data\weather_hourly\Weather_Data_Blast_24H_2020\Samut Sakhon 2020-07-01.csv,2020,name,"13.58789744,100.2134103",1
updated data\weather_hourly\Weather_Data_Blast_24H_2020\Samut Sakhon 2020-07-01.csv,2020,resolvedAddress,"13.58789744,100.2134103",1
updated data\weather_hourly\Weather_Data_Blast_24H_2020\Saraburi 2020-01-01.csv,2020,address,Saraburi,1
updated data\weather_hourly\Weather_Data_Blast_24H_2020\Saraburi 2020-01-01.csv,2020,info,,0
updated data\weather_hourly\Weather_Data_Blast_24H_2020\Saraburi 2020-01-01.csv,2020,latitude,14.55531481,1
updated data\weather_hourly\Weather_Data_Blast_24H_2020\Saraburi 2020-01-01.csv,2020,longitude,100.8865463,1
updated data\weather_hourly\Weather_Data_Blast_24H_2020\Saraburi 2020-01-01.csv,2020,name,"14.55531481,100.8865463",1
updated data\weather_hourly\Weather_Data_Blast_24H_2020\Saraburi 2020-01-01.csv,2020,resolvedAddress,"14.55531481,100.8865463",1
updated data\weather_hourly\Weather_Data_Blast_24H_2020\Satun 2020-07-01.csv,2020,address,Satun,1
updated data\weather_hourly\Weather_Data_Blast_24H_2020\Satun 2020-07-01.csv,2020,info,,0
updated data\weather_hourly\Weather_Data_Blast_24H_2020\Satun 2020-07-01.csv,2020,latitude,6.695068182,1
updated data\weather_hourly\Weather_Data_Blast_24H_2020\Satun 2020-07-01.csv,2020,longitude,99.72796591,1
updated data\weather_hourly\Weather_Data_Blast_24H_2020\Satun 2020-07-01.csv,2020,name,"6.695068182,99.72796591",1
updated data\weather_hourly\Weather_Data_Blast_24H_2020\Satun 2020-07-01.csv,2020,resolvedAddress,"6.695068182,99.72796591",1
updated data\weather_hourly\Weather_Data_Blast_24H_2020\Sing Buri 2020-01-01.csv,2020,address,Sing Buri,1
updated data\weather_hourly\Weather_Data_Blast_24H_2020\Sing Buri 2020-01-01.csv,2020,info,,0
updated data\weather_hourly\Weather_Data_Blast_24H_2020\Sing Buri 2020-01-01.csv,2020,latitude,14.88357143,1
updated data\weather_hourly\Weather_Data_Blast_24H_2020\Sing Buri 2020-01-01.csv,2020,longitude,100.3582143,1
updated data\weather_hourly\Weather_Data_Blast_24H_2020\Sing Buri 2020-01-01.csv,2020,name,"14.88357143,100.3582143",1
updated data\weather_hourly\Weather_Data_Blast_24H_2020\Sing Buri 2020-01-01.csv,2020,resolvedAddress,"14.88357143,100.3582143",1
updated data\weather_hourly\Weather_Data_Blast_24H_2020\Songkhla 2020-07-01.csv,2020,address,Songkhla,1
updated data\weather_hourly\Weather_Data_Blast_24H_2020\Songkhla 2020-07-01.csv,2020,info,,0
updated data\weather_hourly\Weather_Data_Blast_24H_2020\Songkhla 2020-07-01.csv,2020,latitude,7.117804348,1
updated data\weather_hourly\Weather_Data_Blast_24H_2020\Songkhla 2020-07-01.csv,2020,longitude,100.5218768,1
updated data\weather_hourly\Weather_Data_Blast_24H_2020\Songkhla 2020-07-01.csv,2020,name,"7.117804348,100.5218768",1
updated data\weather_hourly\Weather_Data_Blast_24H_2020\Songkhla 2020-07-01.csv,2020,resolvedAddress,"7.117804348,100.5218768",1
updated data\weather_hourly\Weather_Data_Blast_24H_2020\Suphan Buri 2020-01-01.csv,2020,address,Suphan Buri,1
updated data\weather_hourly\Weather_Data_Blast_24H_2020\Suphan Buri 2020-01-01.csv,2020,info,,0
updated data\weather_hourly\Weather_Data_Blast_24H_2020\Suphan Buri 2020-01-01.csv,2020,latitude,14.53585185,1
updated data\weather_hourly\Weather_Data_Blast_24H_2020\Suphan Buri 2020-01-01.csv,2020,longitude,100.015287,1
updated data\weather_hourly\Weather_Data_Blast_24H_2020\Suphan Buri 2020-01-01.csv,2020,name,"14.53585185,100.015287",1
updated data\weather_hourly\Weather_Data_Blast_24H_2020\Suphan Buri 2020-01-01.csv,2020,resolvedAddress,"14.53585185,100.015287",1
updated data\weather_hourly\Weather_Data_Blast_24H_2020\Surat Thani 2020-07-01.csv,2020,address,Surat Thani,1
updated data\weather_hourly\Weather_Data_Blast_24H_2020\Surat Thani 2020-07-01.csv,2020,info,,0
updated data\weather_hourly\Weather_Data_Blast_24H_2020\Surat Thani 2020-07-01.csv,2020,latitude,9.228121053,1
updated data\weather_hourly\Weather_Data_Blast_24H_2020\Surat Thani 2020-07-01.csv,2020,longitude,99.40556316,1
updated data\weather_hourly\Weather_Data_Blast_24H_2020\Surat Thani 2020-07-01.csv,2020,name,"9.228121053,99.40556316",1
updated data\weather_hourly\Weather_Data_Blast_24H_2020\Surat Thani 2020-07-01.csv,2020,resolvedAddress,"9.228121053,99.40556316",1
updated data\weather_hourly\Weather_Data_Blast_24H_2020\Tak 2020-01-01.csv,2020,address,Tak,1
updated data\weather_hourly\Weather_Data_Blast_24H_2020\Tak 2020-01-01.csv,2020,info,,0
updated data\weather_hourly\Weather_Data_Blast_24H_2020\Tak 2020-01-01.csv,2020,latitude,16.84066102,1
updated data\weather_hourly\Weather_Data_Blast_24H_2020\Tak 2020-01-01.csv,2020,longitude,98.83098305,1
updated data\weather_hourly\Weather_Data_Blast_24H_2020\Tak 2020-01-01.csv,2020,name,"16.84066102,98.83098305",1
updated data\weather_hourly\Weather_Data_Blast_24H_2020\Tak 2020-01-01.csv,2020,resolvedAddress,"16.84066102,98.83098305",1
updated data\weather_hourly\Weather_Data_Blast_24H_2020\Trang 2020-07-01.csv,2020,address,Trang,1
updated data\weather_hourly\Weather_Data_Blast_24H_2020\Trang 2020-07-01.csv,2020,info,,0
updated data\weather_hourly\Weather_Data_Blast_24H_2020\Trang 2020-07-01.csv,2020,latitude,7.479578947,1
updated data\weather_hourly\Weather_Data_Blast_24H_2020\Trang 2020-07-01.csv,2020,longitude,99.55433333,1
updated data\weather_hourly\Weather_Data_Blast_24H_2020\Trang 2020-07-01.csv,2020,name,"7.479578947,99.55433333",1
updated data\weather_hourly\Weather_Data_Blast_24H_2020\Trang 2020-07-01.csv,2020,resolvedAddress,"7.479578947,99.55433333",1
updated data\weather_hourly\Weather_Data_Blast_24H_2020\Ubon Ratchathani 2020-01-01.csv,2020,address,Ubon Ratchathani,1
updated data\weather_hourly\Weather_Data_Blast_24H_2020\Ubon Ratchathani 2020-01-01.csv,2020,info,,0
updated data\weather_hourly\Weather_Data_Blast_24H_2020\Ubon Ratchathani 2020-01-01.csv,2020,latitude,15.27789498,1
updated data\weather_hourly\Weather_Data_Blast_24H_2020\Ubon Ratchathani 2020-01-01.csv,2020,longitude,105.0215845,1
updated data\weather_hourly\Weather_Data_Blast_24H_2020\Ubon Ratchathani 2020-01-01.csv,2020,name,"15.27789498,105.0215845",1
updated data\weather_hourly\Weather_Data_Blast_24H_2020\Ubon Ratchathani 2020-01-01.csv,2020,resolvedAddress,"15.27789498,105.0215845",1
updated data\weather_hourly\Weather_Data_Blast_24H_2020\Udon Thani 2020-07-01.csv,2020,address,Udon Thani,1
updated data\weather_hourly\Weather_Data_Blast_24H_2020\Udon Thani 2020-07-01.csv,2020,info,,0
updated data\weather_hourly\Weather_Data_Blast_24H_2020\Udon Thani 2020-07-01.csv,2020,latitude,17.40975974,1
updated data\weather_hourly\Weather_Data_Blast_24H_2020\Udon Thani 2020-07-01.csv,2020,longitude,102.883539,1
updated data\weather_hourly\Weather_Data_Blast_24H_2020\Udon Thani 2020-07-01.csv,2020,name,"17.40975974,102.883539",1
updated data\weather_hourly\Weather_Data_Blast_24H_2020\Udon Thani 2020-07-01.csv,2020,resolvedAddress,"17.40975974,102.883539",1
updated data\weather_hourly\Weather_Data_Blast_24H_2020\Uttaradit 2020-01-01.csv,2020,address,Uttaradit,1
updated data\weather_hourly\Weather_Data_Blast_24H_2020\Uttaradit 2020-01-01.csv,2020,info,,0
updated data\weather_hourly\Weather_Data_Blast_24H_2020\Uttaradit 2020-01-01.csv,2020,latitude,17.63522727,1
updated data\weather_hourly\Weather_Data_Blast_24H_2020\Uttaradit 2020-01-01.csv,2020,longitude,100.3226667,1
updated data\weather_hourly\Weather_Data_Blast_24H_2020\Uttaradit 2020-01-01.csv,2020,name,"17.63522727,100.3226667",1
updated data\weather_hourly\Weather_Data_Blast_24H_2020\Uttaradit 2020-01-01.csv,2020,resolvedAddress,"17.63522727,100.3226667",1
updated data\weather_hourly\Weather_Data_Blast_24H_2020\Yala 2020-07-01.csv,2020,address,Yala,1
updated data\weather_hourly\Weather_Data_Blast_24H_2020\Yala 2020-07-01.csv,2020,info,,0
updated data\weather_hourly\Weather_Data_Blast_24H_2020\Yala 2020-07-01.csv,2020,latitude,6.389631579,1
updated data\weather_hourly\Weather_Data_Blast_24H_2020\Yala 2020-07-01.csv,2020,longitude,101.2610877,1
updated data\weather_hourly\Weather_Data_Blast_24H_2020\Yala 2020-07-01.csv,2020,name,"6.389631579,101.2610877",1
updated data\weather_hourly\Weather_Data_Blast_24H_2020\Yala 2020-07-01.csv,2020,resolvedAddress,"6.389631579,101.2610877",1
updated data\weather_hourly\Weather_Data_Blast_24H_2021\Amnat Charoen 2021-01-01.csv,2021,address,Amnat Charoen,1
updated data\weather_hourly\Weather_Data_Blast_24H_2021\Amnat Charoen 2021-01-01.csv,2021,info,,0
updated data\weather_hourly\Weather_Data_Blast_24H_2021\Amnat Charoen 2021-01-01.csv,2021,latitude,15.85274545,1
updated data\weather_hourly\Weather_Data_Blast_24H_2021\Amnat Charoen 2021-01-01.csv,2021,longitude,104.7030364,1
updated data\weather_hourly\Weather_Data_Blast_24H_2021\Amnat Charoen 2021-01-01.csv,2021,name,"15.85274545,104.7030364",1
updated data\weather_hourly\Weather_Data_Blast_24H_2021\Amnat Charoen 2021-01-01.csv,2021,resolvedAddress,"15.85274545,104.7030364",1
updated data\weather_hourly\Weather_Data_Blast_24H_2021\Ang Thong 2021-07-01.csv,2021,address,Ang Thong,1
updated data\weather_hourly\Weather_Data_Blast_24H_2021\Ang Thong 2021-07-01.csv,2021,info,,0
updated data\weather_hourly\Weather_Data_Blast_24H_2021\Ang Thong 2021-07-01.csv,2021,latitude,14.61094444,1
updated data\weather_hourly\Weather_Data_Blast_24H_2021\Ang Thong 2021-07-01.csv,2021,longitude,100.3843056,1
updated data\weather_hourly\Weather_Data_Blast_24H_2021\Ang Thong 2021-07-01.csv,2021,name,"14.61094444,100.3843056",1
updated data\weather_hourly\Weather_Data_Blast_24H_2021\Ang Thong 2021-07-01.csv,2021,resolvedAddress,"14.61094444,100.3843056",1
updated data\weather_hourly\Weather_Data_Blast_24H_2021\Bueng Kan 2021-01-01.csv,2021,address,Bueng Kan,1
updated data\weather_hourly\Weather_Data_Blast_24H_2021\Bueng Kan 2021-01-01.csv,2021,info,,0
updated data\weather_hourly\Weather_Data_Blast_24H_2021\Bueng Kan 2021-01-01.csv,2021,latitude,18.15978846,1
updated data\weather_hourly\Weather_Data_Blast_24H_2021\Bueng Kan 2021-01-01.csv,2021,longitude,103.6703269,1
updated data\weather_hourly\Weather_Data_Blast_24H_2021\Bueng Kan 2021-01-01.csv,2021,name,"18.15978846,103.6703269",1
updated data\weather_hourly\Weather_Data_Blast_24H_2021\Bueng Kan 2021-01-01.csv,2021,resolvedAddress,"18.15978846,103.6703269",1
updated data\weather_hourly\Weather_Data_Blast_24H_2021\Buri Ram 2021-07-01.csv,2021,address,Buri Ram,1
updated data\weather_hourly\Weather_Data_Blast_24H_2021\Buri Ram 2021-07-01.csv,2021,info,,0
updated data\weather_hourly\Weather_Data_Blast_24H_2021\Buri Ram 2021-07-01.csv,2021,latitude,14.89489362,1
updated data\weather_hourly\Weather_Data_Blast_24H_2021\Buri Ram 2021-07-01.csv,2021,longitude,102.9742287,1
updated data\weather_hourly\Weather_Data_Blast_24H_2021\Buri Ram 2021-07-01.csv,2021,name,"14.89489362,102.9742287",1
updated data\weather_hourly\Weather_Data_Blast_24H_2021\Buri Ram 2021-07-01.csv,2021,resolvedAddress,"14.89489362,102.9742287",1
updated data\weather_hourly\Weather_Data_Blast_24H_2021\Chai Nat 2021-01-01.csv,2021,address,Chai Nat,1
updated data\weather_hourly\Weather_Data_Blast_24H_2021\Chai Nat 2021-01-01.csv,2021,info,,0
updated data\weather_hourly\Weather_Data_Blast_24H_2021\Chai Nat 2021-01-01.csv,2021,latitude,15.15194231,1
updated data\weather_hourly\Weather_Data_Blast_24H_2021\Chai Nat 2021-01-01.csv,2021,longitude,100.0815577,1
updated data\weather_hourly\Weather_Data_Blast_24H_2021\Chai Nat 2021-01-01.csv,2021,name,"15.15194231,100.0815577",1
updated data\weather_hourly\Weather_Data_Blast_24H_2021\Chai Nat 2021-01-01.csv,2021,resolvedAddress,"15.15194231,100.0815577",1
updated data\weather_hourly\Weather_Data_Blast_24H_2021\Chaiyaphum 2021-07-01.csv,2021,address,Chaiyaphum,1
updated data\weather_hourly\Weather_Data_Blast_24H_2021\Chaiyaphum 2021-07-01.csv,2021,info,,0
updated data\weather_hourly\Weather_Data_Blast_24H_2021\Chaiyaphum 2021-07-01.csv,2021,latitude,15.97104065,1
updated data\weather_hourly\Weather_Data_Blast_24H_2021\Chaiyaphum 2021-07-01.csv,2021,longitude,101.9395366,1
updated data\weather_hourly\Weather_Data_Blast_24H_2021\Chaiyaphum 2021-07-01.csv,2021,name,"15.97104065,101.9395366",1
updated data\weather_hourly\Weather_Data_Blast_24H_2021\Chaiyaphum 2021-07-01.csv,2021,resolvedAddress,"15.97104065,101.9395366",1
updated data\weather_hourly\Weather_Data_Blast_24H_2021\Chiang Mai 2021-01-01.csv,2021,address,Chiang Mai,1
updated data\weather_hourly\Weather_Data_Blast_24H_2021\Chiang Mai 2021-01-01.csv,2021,info,,0
updated data\weather_hourly\Weather_Data_Blast_24H_2021\Chiang Mai 2021-01-01.csv,2021,latitude,18.8569697,1
updated data\weather_hourly\Weather_Data_Blast_24H_2021\Chiang Mai 2021-01-01.csv,2021,longitude,98.9199899,1
updated data\weather_hourly\Weather_Data_Blast_24H_2021\Chiang Mai 2021-01-01.csv,2021,name,"18.8569697,98.9199899",1
updated data\weather_hourly\Weather_Data_Blast_24H_2021\Chiang Mai 2021-01-01.csv,2021,resolvedAddress,"18.8569697,98.9199899",1
updated data\weather_hourly\Weather_Data_Blast_24H_2021\Chiang Rai 2021-07-01.csv,2021,address,Chiang Rai,1
updated data\weather_hourly\Weather_Data_Blast_24H_2021\Chiang Rai 2021-07-01.csv,2021,info,,0
updated data\weather_hourly\Weather_Data_Blast_24H_2021\Chiang Rai 2021-07-01.csv,2021,latitude,19.88303252,1
updated data\weather_hourly\Weather_Data_Blast_24H_2021\Chiang Rai 2021-07-01.csv,2021,longitude,99.92217886,1
updated data\weather_hourly\Weather_Data_Blast_24H_2021\Chiang Rai 2021-07-01.csv,2021,name,"19.88303252,99.92217886",1
updated data\weather_hourly\Weather_Data_Blast_24H_2021\Chiang Rai 2021-07-01.csv,2021,resolvedAddress,"19.88303252,99.92217886",1
updated data\weather_hourly\Weather_Data_Blast_24H_2021\Chumphon 2021-01-01.csv,2021,address,Chumphon,1
updated data\weather_hourly\Weather_Data_Blast_24H_2021\Chumphon 2021-01-01.csv,2021,info,,0
updated data\weather_hourly\Weather_Data_Blast_24H_2021\Chumphon 2021-01-01.csv,2021,latitude,10.3336087,1
updated data\weather_hourly\Weather_Data_Blast_24H_2021\Chumphon 2021-01-01.csv,2021,longitude,99.18683478,1
updated data\weather_hourly\Weather_Data_Blast_24H_2021\Chumphon 2021-01-01.csv,2021,name,"10.3336087,99.18683478",1
updated data\weather_hourly\Weather_Data_Blast_24H_2021\Chumphon 2021-01-01.csv,2021,resolvedAddress,"10.3336087,99.18683478",1
updated data\weather_hourly\Weather_Data_Blast_24H_2021\Kalasin 2021-07-01.csv,2021,address,Kalasin,1
updated data\weather_hourly\Weather_Data_Blast_24H_2021\Kalasin 2021-07-01.csv,2021,info,,0
updated data\weather_hourly\Weather_Data_Blast_24H_2021\Kalasin 2021-07-01.csv,2021,latitude,16.58667669,1
updated data\weather_hourly\Weather_Data_Blast_24H_2021\Kalasin 2021-07-01.csv,2021,longitude,103.6133985,1
updated data\weather_hourly\Weather_Data_Blast_24H_2021\Kalasin 2021-07-01.csv,2021,name,"16.58667669,103.6133985",1
updated data\weather_hourly\Weather_Data_Blast_24H_2021\Kalasin 2021-07-01.csv,2021,resolvedAddress,"16.58667669,103.6133985",1
updated data\weather_hourly\Weather_Data_Blast_24H_2021\Kanchanaburi 2021-01-01.csv,2021,address,Kanchanaburi,1
updated data\weather_hourly\Weather_Data_Blast_24H_2021\Kanchanaburi 2021-01-01.csv,2021,info,,0
updated data\weather_hourly\Weather_Data_Blast_24H_2021\Kanchanaburi 2021-01-01.csv,2021,latitude,14.22504255,1
updated data\weather_hourly\Weather_Data_Blast_24H_2021\Kanchanaburi 2021-01-01.csv,2021,longitude,99.4401383,1
updated data\weather_hourly\Weather_Data_Blast_24H_2021\Kanchanaburi 2021-01-01.csv,2021,name,"14.22504255,99.4401383",1
updated data\weather_hourly\Weather_Data_Blast_24H_2021\Kanchanaburi 2021-01-01.csv,2021,resolvedAddress,"14.22504255,99.4401383",1
updated data\weather_hourly\Weather_Data_Blast_24H_2021\Khon Kaen 2021-07-01.csv,2021,address,Khon Kaen,1
updated data\weather_hourly\Weather_Data_Blast_24H_2021\Khon Kaen 2021-07-01.csv,2021,info,,0
updated data\weather_hourly\Weather_Data_Blast_24H_2021\Khon Kaen 2021-07-01.csv,2021,latitude,16.35285,1
updated data\weather_hourly\Weather_Data_Blast_24H_2021\Khon Kaen 2021-07-01.csv,2021,longitude,102.598805,1
updated data\weather_hourly\Weather_Data_Blast_24H_2021\Khon Kaen 2021-07-01.csv,2021,name,"16.35285,102.598805",1
updated data\weather_hourly\Weather_Data_Blast_24H_2021\Khon Kaen 2021-07-01.csv,2021,resolvedAddress,"16.35285,102.598805",1
updated data\weather_hourly\Weather_Data_Blast_24H_2021\Lampang 2021-01-01.csv,2021,address,Lampang,1
updated data\weather_hourly\Weather_Data_Blast_24H_2021\Lampang 2021-01-01.csv,2021,info,,0
updated data\weather_hourly\Weather_Data_Blast_24H_2021\Lampang 2021-01-01.csv,2021,latitude,18.34986458,1
updated data\weather_hourly\Weather_Data_Blast_24H_2021\Lampang 2021-01-01.csv,2021,longitude,99.50325,1
updated data\weather_hourly\Weather_Data_Blast_24H_2021\Lampang 2021-01-01.csv,2021,name,"18.34986458,99.50325",1
updated data\weather_hourly\Weather_Data_Blast_24H_2021\Lampang 2021-01-01.csv,2021,resolvedAddress,"18.34986458,99.50325",1
updated data\weather_hourly\Weather_Data_Blast_24H_2021\Lamphun 2021-07-01.csv,2021,address,Lamphun,1
updated data\weather_hourly\Weather_Data_Blast_24H_2021\Lamphun 2021-07-01.csv,2021,info,,0
updated data\weather_hourly\Weather_Data_Blast_24H_2021\Lamphun 2021-07-01.csv,2021,latitude,18.36132,1
updated data\weather_hourly\Weather_Data_Blast_24H_2021\Lamphun 2021-07-01.csv,2021,longitude,98.96236,1
updated data\weather_hourly\Weather_Data_Blast_24H_2021\Lamphun 2021-07-01.csv,2021,name,"18.36132,98.96236",1
updated data\weather_hourly\Weather_Data_Blast_24H_2021\Lamphun 2021-07-01.csv,2021,resolvedAddress,"18.36132,98.96236",1
updated data\weather_hourly\Weather_Data_Blast_24H_2021\Lop Buri 2021-01-01.csv,2021,address,Lop Buri,1
updated data\weather_hourly\Weather_Data_Blast_24H_2021\Lop Buri 2021-01-01.csv,2021,info,,0
updated data\weather_hourly\Weather_Data_Blast_24H_2021\Lop Buri 2021-01-01.csv,2021,latitude,15.02860833,1
updated data\weather_hourly\Weather_Data_Blast_24H_2021\Lop Buri 2021-01-01.csv,2021,longitude,100.7969417,1
updated data\weather_hourly\Weather_Data_Blast_24H_2021\Lop Buri 2021-01-01.csv,2021,name,"15.02860833,100.7969417",1
updated data\weather_hourly\Weather_Data_Blast_24H_2021\Lop Buri 2021-01-01.csv,2021,resolvedAddress,"15.02860833,100.7969417",1
updated data\weather_hourly\Weather_Data_Blast_24H_2021\Mae Hong Son 2021-07-01.csv,2021,address,Mae Hong Son,1
updated data\weather_hourly\Weather_Data_Blast_24H_2021\Mae Hong Son 2021-07-01.csv,2021,info,,0
updated data\weather_hourly\Weather_Data_Blast_24H_2021\Mae Hong Son 2021-07-01.csv,2021,latitude,18.766,1
updated data\weather_hourly\Weather_Data_Blast_24H_2021\Mae Hong Son 2021-07-01.csv,2021,longitude,98.06297674,1
updated data\weather_hourly\Weather_Data_Blast_24H_2021\Mae Hong Son 2021-07-01.csv,2021,name,"18.766,98.06297674",1
updated data\weather_hourly\Weather_Data_Blast_24H_2021\Mae Hong Son 2021-07-01.csv,2021,resolvedAddress,"18.766,98.06297674",1
updated data\weather_hourly\Weather_Data_Blast_24H_2021\Mukdahan 2021-01-01.csv,2021,address,Mukdahan,1
updated data\weather_hourly\Weather_Data_Blast_24H_2021\Mukdahan 2021-01-01.csv,2021,info,,0
updated data\weather_hourly\Weather_Data_Blast_24H_2021\Mukdahan 2021-01-01.csv,2021,latitude,16.53405769,1
updated data\weather_hourly\Weather_Data_Blast_24H_2021\Mukdahan 2021-01-01.csv,2021,longitude,104.5682885,1
updated data\weather_hourly\Weather_Data_Blast_24H_2021\Mukdahan 2021-01-01.csv,2021,name,"16.53405769,104.5682885",1
updated data\weather_hourly\Weather_Data_Blast_24H_2021\Mukdahan 2021-01-01.csv,2021,resolvedAddress,"16.53405769,104.5682885",1
updated data\weather_hourly\Weather_Data_Blast_24H_2021\Nakhon Nayok 2021-07-01.csv,2021,address,Nakhon Nayok,1
updated data\weather_hourly\Weather_Data_Blast_24H_2021\Nakhon Nayok 2021-07-01.csv,2021,info,,0
updated data\weather_hourly\Weather_Data_Blast_24H_2021\Nakhon Nayok 2021-07-01.csv,2021,latitude,14.18082927,1
updated data\weather_hourly\Weather_Data_Blast_24H_2021\Nakhon Nayok 2021-07-01.csv,2021,longitude,101.1229756,1
updated data\weather_hourly\Weather_Data_Blast_24H_2021\Nakhon Nayok 2021-07-01.csv,2021,name,"14.18082927,101.1229756",1
updated data\weather_hourly\Weather_Data_Blast_24H_2021\Nakhon Nayok 2021-07-01.csv,2021,resolvedAddress,"14.18082927,101.1229756",1
updated data\weather_hourly\Weather_Data_Blast_24H_2021\Nakhon Phanom 2021-01-01.csv,2021,address,Nakhon Phanom,1
updated data\weather_hourly\Weather_Data_Blast_24H_2021\Nakhon Phanom 2021-01-01.csv,2021,info,,0
updated data\weather_hourly\Weather_Data_Blast_24H_2021\Nakhon Phanom 2021-01-01.csv,2021,latitude,17.31057447,1
updated data\weather_hourly\Weather_Data_Blast_24H_2021\Nakhon Phanom 2021-01-01.csv,2021,longitude,104.4821915,1
updated data\weather_hourly\Weather_Data_Blast_24H_2021\Nakhon Phanom 2021-01-01.csv,2021,name,"17.31057447,104.4821915",1
updated data\weather_hourly\Weather_Data_Blast_24H_2021\Nakhon Phanom 2021-01-01.csv,2021,resolvedAddress,"17.31057447,104.4821915",1
updated data\weather_hourly\Weather_Data_Blast_24H_2021\Nakhon Ratchasima 2021-07-01.csv,2021,address,Nakhon Ratchasima,1
updated data\weather_hourly\Weather_Data_Blast_24H_2021\Nakhon Ratchasima 2021-07-01.csv,2021,info,,0
updated data\weather_hourly\Weather_Data_Blast_24H_2021\Nakhon Ratchasima 2021-07-01.csv,2021,latitude,15.08644014,1
updated data\weather_hourly\Weather_Data_Blast_24H_2021\Nakhon Ratchasima 2021-07-01.csv,2021,longitude,102.1976901,1
updated data\weather_hourly\Weather_Data_Blast_24H_2021\Nakhon Ratchasima 2021-07-01.csv,2021,name,"15.08644014,102.1976901",1
updated data\weather_hourly\Weather_Data_Blast_24H_2021\Nakhon Ratchasima 2021-07-01.csv,2021,resolvedAddress,"15.08644014,102.1976901",1
updated data\weather_hourly\Weather_Data_Blast_24H_2021\Nakhon Si Thammarat 2021-01-01.csv,2021,address,Nakhon Si Thammarat,1
updated data\weather_hourly\Weather_Data_Blast_24H_2021\Nakhon Si Thammarat 2021-01-01.csv,2021,info,,0
updated data\weather_hourly\Weather_Data_Blast_24H_2021\Nakhon Si Thammarat 2021-01-01.csv,2021,latitude,8.34487574,1
updated data\weather_hourly\Weather_Data_Blast_24H_2021\Nakhon Si Thammarat 2021-01-01.csv,2021,longitude,99.86193491,1
updated data\weather_hourly\Weather_Data_Blast_24H_2021\Nakhon Si Thammarat 2021-01-01.csv,2021,name,"8.34487574,99.86193491",1
updated data\weather_hourly\Weather_Data_Blast_24H_2021\Nakhon Si Thammarat 2021-01-01.csv,2021,resolvedAddress,"8.34487574,99.86193491",1
updated data\weather_hourly\Weather_Data_Blast_24H_2021\Nan 2021-07-01.csv,2021,address,Nan,1
updated data\weather_hourly\Weather_Data_Blast_24H_2021\Nan 2021-07-01.csv,2021,info,,0
updated data\weather_hourly\Weather_Data_Blast_24H_2021\Nan 2021-07-01.csv,2021,latitude,18.8794898,1
updated data\weather_hourly\Weather_Data_Blast_24H_2021\Nan 2021-07-01.csv,2021,longitude,100.8094286,1
updated data\weather_hourly\Weather_Data_Blast_24H_2021\Nan 2021-07-01.csv,2021,name,"18.8794898,100.8094286",1
updated data\weather_hourly\Weather_Data_Blast_24H_2021\Nan 2021-07-01.csv,2021,resolvedAddress,"18.8794898,100.8094286",1
updated data\weather_hourly\Weather_Data_Blast_24H_2021\Nong Bua Lam Phu 2021-01-01.csv,2021,address,Nong Bua Lam Phu,1
updated data\weather_hourly\Weather_Data_Blast_24H_2021\Nong Bua Lam Phu 2021-01-01.csv,2021,info,,0
updated data\weather_hourly\Weather_Data_Blast_24H_2021\Nong Bua Lam Phu 2021-01-01.csv,2021,latitude,17.18251724,1
updated data\weather_hourly\Weather_Data_Blast_24H_2021\Nong Bua Lam Phu 2021-01-01.csv,2021,longitude,102.3142586,1
updated data\weather_hourly\Weather_Data_Blast_24H_2021\Nong Bua Lam Phu 2021-01-01.csv,2021,name,"17.18251724,102.3142586",1
updated data\weather_hourly\Weather_Data_Blast_24H_2021\Nong Bua Lam Phu 2021-01-01.csv,2021,resolvedAddress,"17.18251724,102.3142586",1
updated data\weather_hourly\Weather_Data_Blast_24H_2021\Nong Khai 2021-07-01.csv,2021,address,Nong Khai,1
updated data\weather_hourly\Weather_Data_Blast_24H_2021\Nong Khai 2021-07-01.csv,2021,info,,0
updated data\weather_hourly\Weather_Data_Blast_24H_2021\Nong Khai 2021-07-01.csv,2021,latitude,17.91401639,1
updated data\weather_hourly\Weather_Data_Blast_24H_2021\Nong Khai 2021-07-01.csv,2021,longitude,102.8044262,1
updated data\weather_hourly\Weather_Data_Blast_24H_2021\Nong Khai 2021-07-01.csv,2021,name,"17.91401639,102.8044262",1
updated data\weather_hourly\Weather_Data_Blast_24H_2021\Nong Khai 2021-07-01.csv,2021,resolvedAddress,"17.91401639,102.8044262",1
updated data\weather_hourly\Weather_Data_Blast_24H_2021\Pathum Thani 2021-01-01.csv,2021,address,Pathum Thani,1
updated data\weather_hourly\Weather_Data_Blast_24H_2021\Pathum Thani 2021-01-01.csv,2021,info,,0
updated data\weather_hourly\Weather_Data_Blast_24H_2021\Pathum Thani 2021-01-01.csv,2021,latitude,14.04674576,1
updated data\weather_hourly\Weather_Data_Blast_24H_2021\Pathum Thani 2021-01-01.csv,2021,longitude,100.6253898,1
updated data\weather_hourly\Weather_Data_Blast_24H_2021\Pathum Thani 2021-01-01.csv,2021,name,"14.04674576,100.6253898",1
updated data\weather_hourly\Weather_Data_Blast_24H_2021\Pathum Thani 2021-01-01.csv,2021,resolvedAddress,"14.04674576,100.6253898",1
updated data\weather_hourly\Weather_Data_Blast_24H_2021\Pattani 2021-07-01.csv,2021,address,Pattani,1
updated data\weather_hourly\Weather_Data_Blast_24H_2021\Pattani 2021-07-01.csv,2021,info,,0
updated data\weather_hourly\Weather_Data_Blast_24H_2021\Pattani 2021-07-01.csv,2021,latitude,6.756087719,1
updated data\weather_hourly\Weather_Data_Blast_24H_2021\Pattani 2021-07-01.csv,2021,longitude,101.3607456,1
updated data\weather_hourly\Weather_Data_Blast_24H_2021\Pattani 2021-07-01.csv,2021,name,"6.756087719,101.3607456",1
updated data\weather_hourly\Weather_Data_Blast_24H_2021\Pattani 2021-07-01.csv,2021,resolvedAddress,"6.756087719,101.3607456",1
updated data\weather_hourly\Weather_Data_Blast_24H_2021\Phatthalung 2021-01-01.csv,2021,address,Phatthalung,1
updated data\weather_hourly\Weather_Data_Blast_24H_2021\Phatthalung 2021-01-01.csv,2021,info,,0
updated data\weather_hourly\Weather_Data_Blast_24H_2021\Phatthalung 2021-01-01.csv,2021,latitude,7.54880303,1
updated data\weather_hourly\Weather_Data_Blast_24H_2021\Phatthalung 2021-01-01.csv,2021,longitude,100.0667121,1
updated data\weather_hourly\Weather_Data_Blast_24H_2021\Phatthalung 2021-01-01.csv,2021,name,"7.54880303,100.0667121",1
updated data\weather_hourly\Weather_Data_Blast_24H_2021\Phatthalung 2021-01-01.csv,2021,resolvedAddress,"7.54880303,100.0667121",1
updated data\weather_hourly\Weather_Data_Blast_24H_2021\Phayao 2021-07-01.csv,2021,address,Phayao,1
updated data\weather_hourly\Weather_Data_Blast_24H_2021\Phayao 2021-07-01.csv,2021,info,,0
updated data\weather_hourly\Weather_Data_Blast_24H_2021\Phayao 2021-07-01.csv,2021,latitude,19.28419403,1
updated data\weather_hourly\Weather_Data_Blast_24H_2021\Phayao 2021-07-01.csv,2021,longitude,100.0843134,1
updated data\weather_hourly\Weather_Data_Blast_24H_2021\Phayao 2021-07-01.csv,2021,name,"19.28419403,100.0843134",1
updated data\weather_hourly\Weather_Data_Blast_24H_2021\Phayao 2021-07-01.csv,2021,resolvedAddress,"19.28419403,100.0843134",1
updated data\weather_hourly\Weather_Data_Blast_24H_2021\Phetchaburi 2021-01-01.csv,2021,address,Phetchaburi,1
updated data\weather_hourly\Weather_Data_Blast_24H_2021\Phetchaburi 2021-01-01.csv,2021,info,,0
updated data\weather_hourly\Weather_Data_Blast_24H_2021\Phetchaburi 2021-01-01.csv,2021,latitude,13.04547253,1
updated data\weather_hourly\Weather_Data_Blast_24H_2021\Phetchaburi 2021-01-01.csv,2021,longitude,99.88163736,1
updated data\weather_hourly\Weather_Data_Blast_24H_2021\Phetchaburi 2021-01-01.csv,2021,name,"13.04547253,99.88163736",1
updated data\weather_hourly\Weather_Data_Blast_24H_2021\Phetchaburi 2021-01-01.csv,2021,resolvedAddress,"13.04547253,99.88163736",1
updated data\weather_hourly\Weather_Data_Blast_24H_2021\Phichit 2021-07-01.csv,2021,address,Phichit,1
updated data\weather_hourly\Weather_Data_Blast_24H_2021\Phichit 2021-07-01.csv,2021,info,,0
updated data\weather_hourly\Weather_Data_Blast_24H_2021\Phichit 2021-07-01.csv,2021,latitude,16.25902273,1
updated data\weather_hourly\Weather_Data_Blast_24H_2021\Phichit 2021-07-01.csv,2021,longitude,100.3543182,1
updated data\weather_hourly\Weather_Data_Blast_24H_2021\Phichit 2021-07-01.csv,2021,name,"16.25902273,100.3543182",1
updated data\weather_hourly\Weather_Data_Blast_24H_2021\Phichit 2021-07-01.csv,2021,resolvedAddress,"16.25902273,100.3543182",1
updated data\weather_hourly\Weather_Data_Blast_24H_2021\Phra Nakhon Si Ayutthaya 2021-01-01.csv,2021,address,Phra Nakhon Si Ayutthaya,1
updated data\weather_hourly\Weather_Data_Blast_24H_2021\Phra Nakhon Si Ayutthaya 2021-01-01.csv,2021,info,,0
updated data\weather_hourly\Weather_Data_Blast_24H_2021\Phra Nakhon Si Ayutthaya 2021-01-01.csv,2021,latitude,14.37482039,1
updated data\weather_hourly\Weather_Data_Blast_24H_2021\Phra Nakhon Si Ayutthaya 2021-01-01.csv,2021,longitude,100.5316117,1
updated data\weather_hourly\Weather_Data_Blast_24H_2021\Phra Nakhon Si Ayutthaya 2021-01-01.csv,2021,name,"14.37482039,100.5316117",1
updated data\weather_hourly\Weather_Data_Blast_24H_2021\Phra Nakhon Si Ayutthaya 2021-01-01.csv,2021,resolvedAddress,"14.37482039,100.5316117",1
updated data\weather_hourly\Weather_Data_Blast_24H_2021\Phrae 2021-07-01.csv,2021,address,Phrae,1
updated data\weather_hourly\Weather_Data_Blast_24H_2021\Phrae 2021-07-01.csv,2021,info,,0
updated data\weather_hourly\Weather_Data_Blast_24H_2021\Phrae 2021-07-01.csv,2021,latitude,18.15474026,1
updated data\weather_hourly\Weather_Data_Blast_24H_2021\Phrae 2021-07-01.csv,2021,longitude,100.0967013,1
updated data\weather_hourly\Weather_Data_Blast_24H_2021\Phrae 2021-07-01.csv,2021,name,"18.15474026,100.0967013",1
updated data\weather_hourly\Weather_Data_Blast_24H_2021\Phrae 2021-07-01.csv,2021,resolvedAddress,"18.15474026,100.0967013",1
updated data\weather_hourly\Weather_Data_Blast_24H_2021\Prachin Buri 2021-01-01.csv,2021,address,Prachin Buri,1
updated data\weather_hourly\Weather_Data_Blast_24H_2021\Prachin Buri 2021-01-01.csv,2021,info,,0
updated data\weather_hourly\Weather_Data_Blast_24H_2021\Prachin Buri 2021-01-01.csv,2021,latitude,13.99596825,1
updated data\weather_hourly\Weather_Data_Blast_24H_2021\Prachin Buri 2021-01-01.csv,2021,longitude,101.5334444,1
updated data\weather_hourly\Weather_Data_Blast_24H_2021\Prachin Buri 2021-01-01.csv,2021,name,"13.99596825,101.5334444",1
updated data\weather_hourly\Weather_Data_Blast_24H_2021\Prachin Buri 2021-01-01.csv,2021,resolvedAddress,"13.99596825,101.5334444",1
updated data\weather_hourly\Weather_Data_Blast_24H_2021\Prachuap Khiri Khan 2021-07-01.csv,2021,address,Prachuap Khiri Khan,1
updated data\weather_hourly\Weather_Data_Blast_24H_2021\Prachuap Khiri Khan 2021-07-01.csv,2021,info,,0
updated data\weather_hourly\Weather_Data_Blast_24H_2021\Prachuap Khiri Khan 2021-07-01.csv,2021,latitude,11.87997872,1
updated data\weather_hourly\Weather_Data_Blast_24H_2021\Prachuap Khiri Khan 2021-07-01.csv,2021,longitude,99.66968085,1
updated data\weather_hourly\Weather_Data_Blast_24H_2021\Prachuap Khiri Khan 2021-07-01.csv,2021,name,"11.87997872,99.66968085",1
updated data\weather_hourly\Weather_Data_Blast_24H_2021\Prachuap Khiri Khan 2021-07-01.csv,2021,resolvedAddress,"11.87997872,99.66968085",1
updated data\weather_hourly\Weather_Data_Blast_24H_2021\Ratchaburi 2021-01-01.csv,2021,address,Ratchaburi,1
updated data\weather_hourly\Weather_Data_Blast_24H_2021\Ratchaburi 2021-01-01.csv,2021,info,,0
updated data\weather_hourly\Weather_Data_Blast_24H_2021\Ratchaburi 2021-01-01.csv,2021,latitude,13.60378641,1
updated data\weather_hourly\Weather_Data_Blast_24H_2021\Ratchaburi 2021-01-01.csv,2021,longitude,99.80105825,1
updated data\weather_hourly\Weather_Data_Blast_24H_2021\Ratchaburi 2021-01-01.csv,2021,name,"13.60378641,99.80105825",1
updated data\weather_hourly\Weather_Data_Blast_24H_2021\Ratchaburi 2021-01-01.csv,2021,resolvedAddress,"13.60378641,99.80105825",1
updated data\weather_hourly\Weather_Data_Blast_24H_2021\Rayong 2021-07-01.csv,2021,address,Rayong,1
updated data\weather_hourly\Weather_Data_Blast_24H_2021\Rayong 2021-07-01.csv,2021,info,,0
updated data\weather_hourly\Weather_Data_Blast_24H_2021\Rayong 2021-07-01.csv,2021,latitude,12.77290909,1
updated data\weather_hourly\Weather_Data_Blast_24H_2021\Rayong 2021-07-01.csv,2021,longitude,101.4139394,1
updated data\weather_hourly\Weather_Data_Blast_24H_2021\Rayong 2021-07-01.csv,2021,name,"12.77290909,101.4139394",1
updated data\weather_hourly\Weather_Data_Blast_24H_2021\Rayong 2021-07-01.csv,2021,resolvedAddress,"12.77290909,101.4139394",1
updated data\weather_hourly\Weather_Data_Blast_24H_2021\Sa kaeo 2021-01-01.csv,2021,address,Sa kaeo,1
updated data\weather_hourly\Weather_Data_Blast_24H_2021\Sa kaeo 2021-01-01.csv,2021,info,,0
updated data\weather_hourly\Weather_Data_Blast_24H_2021\Sa kaeo 2021-01-01.csv,2021,latitude,13.72012069,1
updated data\weather_hourly\Weather_Data_Blast_24H_2021\Sa kaeo 2021-01-01.csv,2021,longitude,102.3403103,1
updated data\weather_hourly\Weather_Data_Blast_24H_2021\Sa kaeo 2021-01-01.csv,2021,name,"13.72012069,102.3403103",1
updated data\weather_hourly\Weather_Data_Blast_24H_2021\Sa kaeo 2021-01-01.csv,2021,resolvedAddress,"13.72012069,102.3403103",1
updated data\weather_hourly\Weather_Data_Blast_24H_2021\Sakon Nakhon 2021-07-01.csv,2021,address,Sakon Nakhon,1
updated data\weather_hourly\Weather_Data_Blast_24H_2021\Sakon Nakhon 2021-07-01.csv,2021,info,,0
updated data\weather_hourly\Weather_Data_Blast_24H_2021\Sakon Nakhon 2021-07-01.csv,2021,latitude,17.40146774,1
updated data\weather_hourly\Weather_Data_Blast_24H_2021\Sakon Nakhon 2021-07-01.csv,2021,longitude,103.8297419,1
updated data\weather_hourly\Weather_Data_Blast_24H_2021\Sakon Nakhon 2021-07-01.csv,2021,name,"17.40146774,103.8297419",1
updated data\weather_hourly\Weather_Data_Blast_24H_2021\Sakon Nakhon 2021-07-01.csv,2021,resolvedAddress,"17.40146774,103.8297419",1
updated data\weather_hourly\Weather_Data_Blast_24H_2021\Samut Sakhon 2021-01-01.csv,2021,address,Samut Sakhon,1
updated data\weather_hourly\Weather_Data_Blast_24H_2021\Samut Sakhon 2021-01-01.csv,2021,info,,0
updated data\weather_hourly\Weather_Data_Blast_24H_2021\Samut Sakhon 2021-01-01.csv,2021,latitude,13.58789744,1
updated data\weather_hourly\Weather_Data_Blast_24H_2021\Samut Sakhon 2021-01-01.csv,2021,longitude,100.2134103,1
updated data\weather_hourly\Weather_Data_Blast_24H_2021\Samut Sakhon 2021-01-01.csv,2021,name,"13.58789744,100.2134103",1
updated data\weather_hourly\Weather_Data_Blast_24H_2021\Samut Sakhon 2021-01-01.csv,2021,resolvedAddress,"13.58789744,100.2134103",1
updated data\weather_hourly\Weather_Data_Blast_24H_2021\Samut Songkhram 2021-07-01.csv,2021,address,Samut Songkhram,1
updated data\weather_hourly\Weather_Data_Blast_24H_2021\Samut Songkhram 2021-07-01.csv,2021,info,,0
updated data\weather_hourly\Weather_Data_Blast_24H_2021\Samut Songkhram 2021-07-01.csv,2021,latitude,13.43411429,1
updated data\weather_hourly\Weather_Data_Blast_24H_2021\Samut Songkhram 2021-07-01.csv,2021,longitude,99.95694286,1
updated data\weather_hourly\Weather_Data_Blast_24H_2021\Samut Songkhram 2021-07-01.csv,2021,name,"13.43411429,99.95694286",1
updated data\weather_hourly\Weather_Data_Blast_24H_2021\Samut Songkhram 2021-07-01.csv,2021,resolvedAddress,"13.43411429,99.95694286",1
updated data\weather_hourly\Weather_Data_Blast_24H_2021\Satun 2021-01-01.csv,2021,address,Satun,1
updated data\weather_hourly\Weather_Data_Blast_24H_2021\Satun 2021-01-01.csv,2021,info,,0
updated data\weather_hourly\Weather_Data_Blast_24H_2021\Satun 2021-01-01.csv,2021,latitude,6.695068182,1
updated data\weather_hourly\Weather_Data_Blast_24H_2021\Satun 2021-01-01.csv,2021,longitude,99.72796591,1
updated data\weather_hourly\Weather_Data_Blast_24H_2021\Satun 2021-01-01.csv,2021,name,"6.695068182,99.72796591",1
updated data\weather_hourly\Weather_Data_Blast_24H_2021\Satun 2021-01-01.csv,2021,resolvedAddress,"6.695068182,99.72796591",1
updated data\weather_hourly\Weather_Data_Blast_24H_2021\Si Sa Ket 2021-07-01.csv,2021,address,Si Sa Ket,1
updated data\weather_hourly\Weather_Data_Blast_24H_2021\Si Sa Ket 2021-07-01.csv,2021,info,,0
updated data\weather_hourly\Weather_Data_Blast_24H_2021\Si Sa Ket 2021-07-01.csv,2021,latitude,14.94141872,1
updated data\weather_hourly\Weather_Data_Blast_24H_2021\Si Sa Ket 2021-07-01.csv,2021,longitude,104.3277783,1
updated data\weather_hourly\Weather_Data_Blast_24H_2021\Si Sa Ket 2021-07-01.csv,2021,name,"14.94141872,104.3277783",1
updated data\weather_hourly\Weather_Data_Blast_24H_2021\Si Sa Ket 2021-07-01.csv,2021,resolvedAddress,"14.94141872,104.3277783",1
updated data\weather_hourly\Weather_Data_Blast_24H_2021\Songkhla 2021-01-01.csv,2021,address,Songkhla,1
updated data\weather_hourly\Weather_Data_Blast_24H_2021\Songkhla 2021-01-01.csv,2021,info,,0
updated data\weather_hourly\Weather_Data_Blast_24H_2021\Songkhla 2021-01-01.csv,2021,latitude,7.117804348,1
updated data\weather_hourly\Weather_Data_Blast_24H_2021\Songkhla 2021-01-01.csv,2021,longitude,100.5218768,1
updated data\weather_hourly\Weather_Data_Blast_24H_2021\Songkhla 2021-01-01.csv,2021,name,"7.117804348,100.5218768",1
updated data\weather_hourly\Weather_Data_Blast_24H_2021\Songkhla 2021-01-01.csv,2021,resolvedAddress,"7.117804348,100.5218768",1
updated data\weather_hourly\Weather_Data_Blast_24H_2021\Sukhothai 2021-07-01.csv,2021,address,Sukhothai,1
updated data\weather_hourly\Weather_Data_Blast_24H_2021\Sukhothai 2021-07-01.csv,2021,info,,0
updated data\weather_hourly\Weather_Data_Blast_24H_2021\Sukhothai 2021-07-01.csv,2021,latitude,17.1496,1
updated data\weather_hourly\Weather_Data_Blast_24H_2021\Sukhothai 2021-07-01.csv,2021,longitude,99.79715294,1
updated data\weather_hourly\Weather_Data_Blast_24H_2021\Sukhothai 2021-07-01.csv,2021,name,"17.1496,99.79715294",1
updated data\weather_hourly\Weather_Data_Blast_24H_2021\Sukhothai 2021-07-01.csv,2021,resolvedAddress,"17.1496,99.79715294",1
updated data\weather_hourly\Weather_Data_Blast_24H_2021\Surat Thani 2021-01-01.csv,2021,address,Surat Thani,1
updated data\weather_hourly\Weather_Data_Blast_24H_2021\Surat Thani 2021-01-01.csv,2021,info,,0
updated data\weather_hourly\Weather_Data_Blast_24H_2021\Surat Thani 2021-01-01.csv,2021,latitude,9.228121053,1
updated data\weather_hourly\Weather_Data_Blast_24H_2021\Surat Thani 2021-01-01.csv,2021,longitude,99.40556316,1
updated data\weather_hourly\Weather_Data_Blast_24H_2021\Surat Thani 2021-01-01.csv,2021,name,"9.228121053,99.40556316",1
updated data\weather_hourly\Weather_Data_Blast_24H_2021\Surat Thani 2021-01-01.csv,2021,resolvedAddress,"9.228121053,99.40556316",1
updated data\weather_hourly\Weather_Data_Blast_24H_2021\Surin 2021-07-01.csv,2021,address,Surin,1
updated data\weather_hourly\Weather_Data_Blast_24H_2021\Surin 2021-07-01.csv,2021,info,,0
updated data\weather_hourly\Weather_Data_Blast_24H_2021\Surin 2021-07-01.csv,2021,latitude,14.93708228,1
updated data\weather_hourly\Weather_Data_Blast_24H_2021\Surin 2021-07-01.csv,2021,longitude,103.669962,1
updated data\weather_hourly\Weather_Data_Blast_24H_2021\Surin 2021-07-01.csv,2021,name,"14.93708228,103.669962",1
updated data\weather_hourly\Weather_Data_Blast_24H_2021\Surin 2021-07-01.csv,2021,resolvedAddress,"14.93708228,103.669962",1
updated data\weather_hourly\Weather_Data_Blast_24H_2021\Trang 2021-01-01.csv,2021,address,Trang,1
updated data\weather_hourly\Weather_Data_Blast_24H_2021\Trang 2021-01-01.csv,2021,info,,0
updated data\weather_hourly\Weather_Data_Blast_24H_2021\Trang 2021-01-01.csv,2021,latitude,7.479578947,1
updated data\weather_hourly\Weather_Data_Blast_24H_2021\Trang 2021-01-01.csv,2021,longitude,99.55433333,1
updated data\weather_hourly\Weather_Data_Blast_24H_2021\Trang 2021-01-01.csv,2021,name,"7.479578947,99.55433333",1
updated data\weather_hourly\Weather_Data_Blast_24H_2021\Trang 2021-01-01.csv,2021,resolvedAddress,"7.479578947,99.55433333",1
updated data\weather_hourly\Weather_Data_Blast_24H_2021\Trat 2021-07-01.csv,2021,address,Trat,1
updated data\weather_hourly\Weather_Data_Blast_24H_2021\Trat 2021-07-01.csv,2021,info,,0
updated data\weather_hourly\Weather_Data_Blast_24H_2021\Trat 2021-07-01.csv,2021,latitude,12.10803774,1
updated data\weather_hourly\Weather_Data_Blast_24H_2021\Trat 2021-07-01.csv,2021,longitude,102.4909057,1
updated data\weather_hourly\Weather_Data_Blast_24H_2021\Trat 2021-07-01.csv,2021,name,"12.10803774,102.4909057",1
updated data\weather_hourly\Weather_Data_Blast_24H_2021\Trat 2021-07-01.csv,2021,resolvedAddress,"12.10803774,102.4909057",1
updated data\weather_hourly\Weather_Data_Blast_24H_2021\Udon Thani 2021-01-01.csv,2021,address,Udon Thani,1
updated data\weather_hourly\Weather_Data_Blast_24H_2021\Udon Thani 2021-01-01.csv,2021,info,,0
updated data\weather_hourly\Weather_Data_Blast_24H_2021\Udon Thani 2021-01-01.csv,2021,latitude,17.40975974,1
updated data\weather_hourly\Weather_Data_Blast_24H_2021\Udon Thani 2021-01-01.csv,2021,longitude,102.883539,1
updated data\weather_hourly\Weather_Data_Blast_24H_2021\Udon Thani 2021-01-01.csv,2021,name,"17.40975974,102.883539",1
updated data\weather_hourly\Weather_Data_Blast_24H_2021\Udon Thani 2021-01-01.csv,2021,resolvedAddress,"17.40975974,102.883539",1
updated data\weather_hourly\Weather_Data_Blast_24H_2021\Uthai Thani 2021-07-01.csv,2021,address,Uthai Thani,1
updated data\weather_hourly\Weather_Data_Blast_24H_2021\Uthai Thani 2021-07-01.csv,2021,info,,0
updated data\weather_hourly\Weather_Data_Blast_24H_2021\Uthai Thani 2021-07-01.csv,2021,latitude,15.37220588,1
updated data\weather_hourly\Weather_Data_Blast_24H_2021\Uthai Thani 2021-07-01.csv,2021,longitude,99.80179412,1
updated data\weather_hourly\Weather_Data_Blast_24H_2021\Uthai Thani 2021-07-01.csv,2021,name,"15.37220588,99.80179412",1
updated data\weather_hourly\Weather_Data_Blast_24H_2021\Uthai Thani 2021-07-01.csv,2021,resolvedAddress,"15.37220588,99.80179412",1
updated data\weather_hourly\Weather_Data_Blast_24H_2021\Yala 2021-01-01.csv,2021,address,Yala,1
updated data\weather_hourly\Weather_Data_Blast_24H_2021\Yala 2021-01-01.csv,2021,info,,0
updated data\weather_hourly\Weather_Data_Blast_24H_2021\Yala 2021-01-01.csv,2021,latitude,6.389631579,1
updated data\weather_hourly\Weather_Data_Blast_24H_2021\Yala 2021-01-01.csv,2021,longitude,101.2610877,1
updated data\weather_hourly\Weather_Data_Blast_24H_2021\Yala 2021-01-01.csv,2021,name,"6.389631579,101.2610877",1
updated data\weather_hourly\Weather_Data_Blast_24H_2021\Yala 2021-01-01.csv,2021,resolvedAddress,"6.389631579,101.2610877",1
updated data\weather_hourly\Weather_Data_Blast_24H_2021\Yasothon 2021-07-01.csv,2021,address,Yasothon,1
updated data\weather_hourly\Weather_Data_Blast_24H_2021\Yasothon 2021-07-01.csv,2021,info,,0
updated data\weather_hourly\Weather_Data_Blast_24H_2021\Yasothon 2021-07-01.csv,2021,latitude,15.83362821,1
updated data\weather_hourly\Weather_Data_Blast_24H_2021\Yasothon 2021-07-01.csv,2021,longitude,104.3002051,1
updated data\weather_hourly\Weather_Data_Blast_24H_2021\Yasothon 2021-07-01.csv,2021,name,"15.83362821,104.3002051",1
updated data\weather_hourly\Weather_Data_Blast_24H_2021\Yasothon 2021-07-01.csv,2021,resolvedAddress,"15.83362821,104.3002051",1
updated data\weather_hourly\Weather_Data_Blast_24H_2022\Ang Thong 2022-01-01.csv,2022,address,Ang Thong,1
updated data\weather_hourly\Weather_Data_Blast_24H_2022\Ang Thong 2022-01-01.csv,2022,info,,0
updated data\weather_hourly\Weather_Data_Blast_24H_2022\Ang Thong 2022-01-01.csv,2022,latitude,14.61094444,1
updated data\weather_hourly\Weather_Data_Blast_24H_2022\Ang Thong 2022-01-01.csv,2022,longitude,100.3843056,1
updated data\weather_hourly\Weather_Data_Blast_24H_2022\Ang Thong 2022-01-01.csv,2022,name,"14.61094444,100.3843056",1
updated data\weather_hourly\Weather_Data_Blast_24H_2022\Ang Thong 2022-01-01.csv,2022,resolvedAddress,"14.61094444,100.3843056",1
updated data\weather_hourly\Weather_Data_Blast_24H_2022\Bangkok 2022-07-01.csv,2022,address,Bangkok,1
updated data\weather_hourly\Weather_Data_Blast_24H_2022\Bangkok 2022-07-01.csv,2022,info,,0
updated data\weather_hourly\Weather_Data_Blast_24H_2022\Bangkok 2022-07-01.csv,2022,latitude,13.75785621,1
updated data\weather_hourly\Weather_Data_Blast_24H_2022\Bangkok 2022-07-01.csv,2022,longitude,100.5558824,1
updated data\weather_hourly\Weather_Data_Blast_24H_2022\Bangkok 2022-07-01.csv,2022,name,"13.75785621,100.5558824",1
updated data\weather_hourly\Weather_Data_Blast_24H_2022\Bangkok 2022-07-01.csv,2022,resolvedAddress,"13.75785621,100.5558824",1
updated data\weather_hourly\Weather_Data_Blast_24H_2022\Buri Ram 2022-01-01.csv,2022,address,Buri Ram,1
updated data\weather_hourly\Weather_Data_Blast_24H_2022\Buri Ram 2022-01-01.csv,2022,info,,0
updated data\weather_hourly\Weather_Data_Blast_24H_2022\Buri Ram 2022-01-01.csv,2022,latitude,14.89489362,1
updated data\weather_hourly\Weather_Data_Blast_24H_2022\Buri Ram 2022-01-01.csv,2022,longitude,102.9742287,1
updated data\weather_hourly\Weather_Data_Blast_24H_2022\Buri Ram 2022-01-01.csv,2022,name,"14.89489362,102.9742287",1
updated data\weather_hourly\Weather_Data_Blast_24H_2022\Buri Ram 2022-01-01.csv,2022,resolvedAddress,"14.89489362,102.9742287",1
updated data\weather_hourly\Weather_Data_Blast_24H_2022\Chachoengsao 2022-07-01.csv,2022,address,Chachoengsao,1
updated data\weather_hourly\Weather_Data_Blast_24H_2022\Chachoengsao 2022-07-01.csv,2022,info,,0
updated data\weather_hourly\Weather_Data_Blast_24H_2022\Chachoengsao 2022-07-01.csv,2022,latitude,13.68568478,1
updated data\weather_hourly\Weather_Data_Blast_24H_2022\Chachoengsao 2022-07-01.csv,2022,longitude,101.1367174,1
updated data\weather_hourly\Weather_Data_Blast_24H_2022\Chachoengsao 2022-07-01.csv,2022,name,"13.68568478,101.1367174",1
updated data\weather_hourly\Weather_Data_Blast_24H_2022\Chachoengsao 2022-07-01.csv,2022,resolvedAddress,"13.68568478,101.1367174",1
updated data\weather_hourly\Weather_Data_Blast_24H_2022\Chaiyaphum 2022-01-01.csv,2022,address,Chaiyaphum,1
updated data\weather_hourly\Weather_Data_Blast_24H_2022\Chaiyaphum 2022-01-01.csv,2022,info,,0
updated data\weather_hourly\Weather_Data_Blast_24H_2022\Chaiyaphum 2022-01-01.csv,2022,latitude,15.97104065,1
updated data\weather_hourly\Weather_Data_Blast_24H_2022\Chaiyaphum 2022-01-01.csv,2022,longitude,101.9395366,1
updated data\weather_hourly\Weather_Data_Blast_24H_2022\Chaiyaphum 2022-01-01.csv,2022,name,"15.97104065,101.9395366",1
updated data\weather_hourly\Weather_Data_Blast_24H_2022\Chaiyaphum 2022-01-01.csv,2022,resolvedAddress,"15.97104065,101.9395366",1
updated data\weather_hourly\Weather_Data_Blast_24H_2022\Chanthaburi 2022-07-01.csv,2022,address,Chanthaburi,1
updated data\weather_hourly\Weather_Data_Blast_24H_2022\Chanthaburi 2022-07-01.csv,2022,info,,0
updated data\weather_hourly\Weather_Data_Blast_24H_2022\Chanthaburi 2022-07-01.csv,2022,latitude,12.67759036,1
updated data\weather_hourly\Weather_Data_Blast_24H_2022\Chanthaburi 2022-07-01.csv,2022,longitude,102.1161687,1
updated data\weather_hourly\Weather_Data_Blast_24H_2022\Chanthaburi 2022-07-01.csv,2022,name,"12.67759036,102.1161687",1
updated data\weather_hourly\Weather_Data_Blast_24H_2022\Chanthaburi 2022-07-01.csv,2022,resolvedAddress,"12.67759036,102.1161687",1
updated data\weather_hourly\Weather_Data_Blast_24H_2022\Chiang Rai 2022-01-01.csv,2022,address,Chiang Rai,1
updated data\weather_hourly\Weather_Data_Blast_24H_2022\Chiang Rai 2022-01-01.csv,2022,info,,0
updated data\weather_hourly\Weather_Data_Blast_24H_2022\Chiang Rai 2022-01-01.csv,2022,latitude,19.88303252,1
updated data\weather_hourly\Weather_Data_Blast_24H_2022\Chiang Rai 2022-01-01.csv,2022,longitude,99.92217886,1
updated data\weather_hourly\Weather_Data_Blast_24H_2022\Chiang Rai 2022-01-01.csv,2022,name,"19.88303252,99.92217886",1
updated data\weather_hourly\Weather_Data_Blast_24H_2022\Chiang Rai 2022-01-01.csv,2022,resolvedAddress,"19.88303252,99.92217886",1
updated data\weather_hourly\Weather_Data_Blast_24H_2022\Chon Buri 2022-07-01.csv,2022,address,Chon Buri,1
updated data\weather_hourly\Weather_Data_Blast_24H_2022\Chon Buri 2022-07-01.csv,2022,info,,0
updated data\weather_hourly\Weather_Data_Blast_24H_2022\Chon Buri 2022-07-01.csv,2022,latitude,13.15463158,1
updated data\weather_hourly\Weather_Data_Blast_24H_2022\Chon Buri 2022-07-01.csv,2022,longitude,101.0628947,1
updated data\weather_hourly\Weather_Data_Blast_24H_2022\Chon Buri 2022-07-01.csv,2022,name,"13.15463158,101.0628947",1
updated data\weather_hourly\Weather_Data_Blast_24H_2022\Chon Buri 2022-07-01.csv,2022,resolvedAddress,"13.15463158,101.0628947",1
updated data\weather_hourly\Weather_Data_Blast_24H_2022\Kalasin 2022-01-01.csv,2022,address,Kalasin,1
updated data\weather_hourly\Weather_Data_Blast_24H_2022\Kalasin 2022-01-01.csv,2022,info,,0
updated data\weather_hourly\Weather_Data_Blast_24H_2022\Kalasin 2022-01-01.csv,2022,latitude,16.58667669,1
updated data\weather_hourly\Weather_Data_Blast_24H_2022\Kalasin 2022-01-01.csv,2022,longitude,103.6133985,1
updated data\weather_hourly\Weather_Data_Blast_24H_2022\Kalasin 2022-01-01.csv,2022,name,"16.58667669,103.6133985",1
updated data\weather_hourly\Weather_Data_Blast_24H_2022\Kalasin 2022-01-01.csv,2022,resolvedAddress,"16.58667669,103.6133985",1
updated data\weather_hourly\Weather_Data_Blast_24H_2022\Kamphaeng Phet 2022-07-01.csv,2022,address,Kamphaeng Phet,1
updated data\weather_hourly\Weather_Data_Blast_24H_2022\Kamphaeng Phet 2022-07-01.csv,2022,info,,0
updated data\weather_hourly\Weather_Data_Blast_24H_2022\Kamphaeng Phet 2022-07-01.csv,2022,latitude,16.37223377,1
updated data\weather_hourly\Weather_Data_Blast_24H_2022\Kamphaeng Phet 2022-07-01.csv,2022,longitude,99.65637662,1
updated data\weather_hourly\Weather_Data_Blast_24H_2022\Kamphaeng Phet 2022-07-01.csv,2022,name,"16.37223377,99.65637662",1
updated data\weather_hourly\Weather_Data_Blast_24H_2022\Kamphaeng Phet 2022-07-01.csv,2022,resolvedAddress,"16.37223377,99.65637662",1
updated data\weather_hourly\Weather_Data_Blast_24H_2022\Khon Kaen 2022-01-01.csv,2022,address,Khon Kaen,1
updated data\weather_hourly\Weather_Data_Blast_24H_2022\Khon Kaen 2022-01-01.csv,2022,info,,0
updated data\weather_hourly\Weather_Data_Blast_24H_2022\Khon Kaen 2022-01-01.csv,2022,latitude,16.35285,1
updated data\weather_hourly\Weather_Data_Blast_24H_2022\Khon Kaen 2022-01-01.csv,2022,longitude,102.598805,1
updated data\weather_hourly\Weather_Data_Blast_24H_2022\Khon Kaen 2022-01-01.csv,2022,name,"16.35285,102.598805",1
updated data\weather_hourly\Weather_Data_Blast_24H_2022\Khon Kaen 2022-01-01.csv,2022,resolvedAddress,"16.35285,102.598805",1
updated data\weather_hourly\Weather_Data_Blast_24H_2022\Krabi 2022-07-01.csv,2022,address,Krabi,1
updated data\weather_hourly\Weather_Data_Blast_24H_2022\Krabi 2022-07-01.csv,2022,info,,0
updated data\weather_hourly\Weather_Data_Blast_24H_2022\Krabi 2022-07-01.csv,2022,latitude,8.009243243,1
updated data\weather_hourly\Weather_Data_Blast_24H_2022\Krabi 2022-07-01.csv,2022,longitude,98.93368468,1
updated data\weather_hourly\Weather_Data_Blast_24H_2022\Krabi 2022-07-01.csv,2022,name,"8.009243243,98.93368468",1
updated data\weather_hourly\Weather_Data_Blast_24H_2022\Krabi 2022-07-01.csv,2022,resolvedAddress,"8.009243243,98.93368468",1
updated data\weather_hourly\Weather_Data_Blast_24H_2022\Lamphun 2022-01-01.csv,2022,address,Lamphun,1
updated data\weather_hourly\Weather_Data_Blast_24H_2022\Lamphun 2022-01-01.csv,2022,info,,0
updated data\weather_hourly\Weather_Data_Blast_24H_2022\Lamphun 2022-01-01.csv,2022,latitude,18.36132,1
updated data\weather_hourly\Weather_Data_Blast_24H_2022\Lamphun 2022-01-01.csv,2022,longitude,98.96236,1
updated data\weather_hourly\Weather_Data_Blast_24H_2022\Lamphun 2022-01-01.csv,2022,name,"18.36132,98.96236",1
updated data\weather_hourly\Weather_Data_Blast_24H_2022\Lamphun 2022-01-01.csv,2022,resolvedAddress,"18.36132,98.96236",1
updated data\weather_hourly\Weather_Data_Blast_24H_2022\Loei 2022-07-01.csv,2022,address,Loei,1
updated data\weather_hourly\Weather_Data_Blast_24H_2022\Loei 2022-07-01.csv,2022,info,,0
updated data\weather_hourly\Weather_Data_Blast_24H_2022\Loei 2022-07-01.csv,2022,latitude,17.41748315,1
updated data\weather_hourly\Weather_Data_Blast_24H_2022\Loei 2022-07-01.csv,2022,longitude,101.6434157,1
updated data\weather_hourly\Weather_Data_Blast_24H_2022\Loei 2022-07-01.csv,2022,name,"17.41748315,101.6434157",1
updated data\weather_hourly\Weather_Data_Blast_24H_2022\Loei 2022-07-01.csv,2022,resolvedAddress,"17.41748315,101.6434157",1
updated data\weather_hourly\Weather_Data_Blast_24H_2022\Mae Hong Son 2022-01-01.csv,2022,address,Mae Hong Son,1
updated data\weather_hourly\Weather_Data_Blast_24H_2022\Mae Hong Son 2022-01-01.csv,2022,info,,0
updated data\weather_hourly\Weather_Data_Blast_24H_2022\Mae Hong Son 2022-01-01.csv,2022,latitude,18.766,1
updated data\weather_hourly\Weather_Data_Blast_24H_2022\Mae Hong Son 2022-01-01.csv,2022,longitude,98.06297674,1
updated data\weather_hourly\Weather_Data_Blast_24H_2022\Mae Hong Son 2022-01-01.csv,2022,name,"18.766,98.06297674",1
updated data\weather_hourly\Weather_Data_Blast_24H_2022\Mae Hong Son 2022-01-01.csv,2022,resolvedAddress,"18.766,98.06297674",1
updated data\weather_hourly\Weather_Data_Blast_24H_2022\Maha Sarakham 2022-07-01.csv,2022,address,Maha Sarakham,1
updated data\weather_hourly\Weather_Data_Blast_24H_2022\Maha Sarakham 2022-07-01.csv,2022,info,,0
updated data\weather_hourly\Weather_Data_Blast_24H_2022\Maha Sarakham 2022-07-01.csv,2022,latitude,15.98990226,1
updated data\weather_hourly\Weather_Data_Blast_24H_2022\Maha Sarakham 2022-07-01.csv,2022,longitude,103.1893308,1
updated data\weather_hourly\Weather_Data_Blast_24H_2022\Maha Sarakham 2022-07-01.csv,2022,name,"15.98990226,103.1893308",1
updated data\weather_hourly\Weather_Data_Blast_24H_2022\Maha Sarakham 2022-07-01.csv,2022,resolvedAddress,"15.98990226,103.1893308",1
updated data\weather_hourly\Weather_Data_Blast_24H_2022\Nakhon Nayok 2022-01-01.csv,2022,address,Nakhon Nayok,1
updated data\weather_hourly\Weather_Data_Blast_24H_2022\Nakhon Nayok 2022-01-01.csv,2022,info,,0
updated data\weather_hourly\Weather_Data_Blast_24H_2022\Nakhon Nayok 2022-01-01.csv,2022,latitude,14.18082927,1
updated data\weather_hourly\Weather_Data_Blast_24H_2022\Nakhon Nayok 2022-01-01.csv,2022,longitude,101.1229756,1
updated data\weather_hourly\Weather_Data_Blast_24H_2022\Nakhon Nayok 2022-01-01.csv,2022,name,"14.18082927,101.1229756",1
updated data\weather_hourly\Weather_Data_Blast_24H_2022\Nakhon Nayok 2022-01-01.csv,2022,resolvedAddress,"14.18082927,101.1229756",1
updated data\weather_hourly\Weather_Data_Blast_24H_2022\Nakhon Pathom 2022-07-01.csv,2022,address,Nakhon Pathom,1
updated data\weather_hourly\Weather_Data_Blast_24H_2022\Nakhon Pathom 2022-07-01.csv,2022,info,,0
updated data\weather_hourly\Weather_Data_Blast_24H_2022\Nakhon Pathom 2022-07-01.csv,2022,latitude,13.87357143,1
updated data\weather_hourly\Weather_Data_Blast_24H_2022\Nakhon Pathom 2022-07-01.csv,2022,longitude,100.1243048,1
updated data\weather_hourly\Weather_Data_Blast_24H_2022\Nakhon Pathom 2022-07-01.csv,2022,name,"13.87357143,100.1243048",1
updated data\weather_hourly\Weather_Data_Blast_24H_2022\Nakhon Pathom 2022-07-01.csv,2022,resolvedAddress,"13.87357143,100.1243048",1
updated data\weather_hourly\Weather_Data_Blast_24H_2022\Nakhon Ratchasima 2022-01-01.csv,2022,address,Nakhon Ratchasima,1
updated data\weather_hourly\Weather_Data_Blast_24H_2022\Nakhon Ratchasima 2022-01-01.csv,2022,info,,0
updated data\weather_hourly\Weather_Data_Blast_24H_2022\Nakhon Ratchasima 2022-01-01.csv,2022,latitude,15.08644014,1
updated data\weather_hourly\Weather_Data_Blast_24H_2022\Nakhon Ratchasima 2022-01-01.csv,2022,longitude,102.1976901,1
updated data\weather_hourly\Weather_Data_Blast_24H_2022\Nakhon Ratchasima 2022-01-01.csv,2022,name,"15.08644014,102.1976901",1
updated data\weather_hourly\Weather_Data_Blast_24H_2022\Nakhon Ratchasima 2022-01-01.csv,2022,resolvedAddress,"15.08644014,102.1976901",1
updated data\weather_hourly\Weather_Data_Blast_24H_2022\Nakhon Sawan 2022-07-01.csv,2022,address,Nakhon Sawan,1
updated data\weather_hourly\Weather_Data_Blast_24H_2022\Nakhon Sawan 2022-07-01.csv,2022,info,,0
updated data\weather_hourly\Weather_Data_Blast_24H_2022\Nakhon Sawan 2022-07-01.csv,2022,latitude,15.67782946,1
updated data\weather_hourly\Weather_Data_Blast_24H_2022\Nakhon Sawan 2022-07-01.csv,2022,longitude,100.1931783,1
updated data\weather_hourly\Weather_Data_Blast_24H_2022\Nakhon Sawan 2022-07-01.csv,2022,name,"15.67782946,100.1931783",1
updated data\weather_hourly\Weather_Data_Blast_24H_2022\Nakhon Sawan 2022-07-01.csv,2022,resolvedAddress,"15.67782946,100.1931783",1
updated data\weather_hourly\Weather_Data_Blast_24H_2022\Nan 2022-01-01.csv,2022,address,Nan,1
updated data\weather_hourly\Weather_Data_Blast_24H_2022\Nan 2022-01-01.csv,2022,info,,0
updated data\weather_hourly\Weather_Data_Blast_24H_2022\Nan 2022-01-01.csv,2022,latitude,18.8794898,1
updated data\weather_hourly\Weather_Data_Blast_24H_2022\Nan 2022-01-01.csv,2022,longitude,100.8094286,1
updated data\weather_hourly\Weather_Data_Blast_24H_2022\Nan 2022-01-01.csv,2022,name,"18.8794898,100.8094286",1
updated data\weather_hourly\Weather_Data_Blast_24H_2022\Nan 2022-01-01.csv,2022,resolvedAddress,"18.8794898,100.8094286",1
updated data\weather_hourly\Weather_Data_Blast_24H_2022\Narathiwat 2022-07-01.csv,2022,address,Narathiwat,1
updated data\weather_hourly\Weather_Data_Blast_24H_2022\Narathiwat 2022-07-01.csv,2022,info,,0
updated data\weather_hourly\Weather_Data_Blast_24H_2022\Narathiwat 2022-07-01.csv,2022,latitude,6.234092105,1
updated data\weather_hourly\Weather_Data_Blast_24H_2022\Narathiwat 2022-07-01.csv,2022,longitude,101.7531711,1
updated data\weather_hourly\Weather_Data_Blast_24H_2022\Narathiwat 2022-07-01.csv,2022,name,"6.234092105,101.7531711",1
updated data\weather_hourly\Weather_Data_Blast_24H_2022\Narathiwat 2022-07-01.csv,2022,resolvedAddress,"6.234092105,101.7531711",1
updated data\weather_hourly\Weather_Data_Blast_24H_2022\Nong Khai 2022-01-01.csv,2022,address,Nong Khai,1
updated data\weather_hourly\Weather_Data_Blast_24H_2022\Nong Khai 2022-01-01.csv,2022,info,,0
updated data\weather_hourly\Weather_Data_Blast_24H_2022\Nong Khai 2022-01-01.csv,2022,latitude,17.91401639,1
updated data\weather_hourly\Weather_Data_Blast_24H_2022\Nong Khai 2022-01-01.csv,2022,longitude,102.8044262,1
updated data\weather_hourly\Weather_Data_Blast_24H_2022\Nong Khai 2022-01-01.csv,2022,name,"17.91401639,102.8044262",1
updated data\weather_hourly\Weather_Data_Blast_24H_2022\Nong Khai 2022-01-01.csv,2022,resolvedAddress,"17.91401639,102.8044262",1
updated data\weather_hourly\Weather_Data_Blast_24H_2022\Nonthaburi 2022-07-01.csv,2022,address,Nonthaburi,1
updated data\weather_hourly\Weather_Data_Blast_24H_2022\Nonthaburi 2022-07-01.csv,2022,info,,0
updated data\weather_hourly\Weather_Data_Blast_24H_2022\Nonthaburi 2022-07-01.csv,2022,latitude,13.88841176,1
updated data\weather_hourly\Weather_Data_Blast_24H_2022\Nonthaburi 2022-07-01.csv,2022,longitude,100.4345882,1
updated data\weather_hourly\Weather_Data_Blast_24H_2022\Nonthaburi 2022-07-01.csv,2022,name,"13.88841176,100.4345882",1
updated data\weather_hourly\Weather_Data_Blast_24H_2022\Nonthaburi 2022-07-01.csv,2022,resolvedAddress,"13.88841176,100.4345882",1
updated data\weather_hourly\Weather_Data_Blast_24H_2022\Pattani 2022-01-01.csv,2022,address,Pattani,1
updated data\weather_hourly\Weather_Data_Blast_24H_2022\Pattani 2022-01-01.csv,2022,info,,0
updated data\weather_hourly\Weather_Data_Blast_24H_2022\Pattani 2022-01-01.csv,2022,latitude,6.756087719,1
updated data\weather_hourly\Weather_Data_Blast_24H_2022\Pattani 2022-01-01.csv,2022,longitude,101.3607456,1
updated data\weather_hourly\Weather_Data_Blast_24H_2022\Pattani 2022-01-01.csv,2022,name,"6.756087719,101.3607456",1
updated data\weather_hourly\Weather_Data_Blast_24H_2022\Pattani 2022-01-01.csv,2022,resolvedAddress,"6.756087719,101.3607456",1
updated data\weather_hourly\Weather_Data_Blast_24H_2022\Phang-nga 2022-07-01.csv,2022,address,Phang-nga,1
updated data\weather_hourly\Weather_Data_Blast_24H_2022\Phang-nga 2022-07-01.csv,2022,info,,0
updated data\weather_hourly\Weather_Data_Blast_24H_2022\Phang-nga 2022-07-01.csv,2022,latitude,8.655536232,1
updated data\weather_hourly\Weather_Data_Blast_24H_2022\Phang-nga 2022-07-01.csv,2022,longitude,98.27214493,1
updated data\weather_hourly\Weather_Data_Blast_24H_2022\Phang-nga 2022-07-01.csv,2022,name,"8.655536232,98.27214493",1
updated data\weather_hourly\Weather_Data_Blast_24H_2022\Phang-nga 2022-07-01.csv,2022,resolvedAddress,"8.655536232,98.27214493",1
updated data\weather_hourly\Weather_Data_Blast_24H_2022\Phayao 2022-01-01.csv,2022,address,Phayao,1
updated data\weather_hourly\Weather_Data_Blast_24H_2022\Phayao 2022-01-01.csv,2022,info,,0
updated data\weather_hourly\Weather_Data_Blast_24H_2022\Phayao 2022-01-01.csv,2022,latitude,19.28419403,1
updated data\weather_hourly\Weather_Data_Blast_24H_2022\Phayao 2022-01-01.csv,2022,longitude,100.0843134,1
updated data\weather_hourly\Weather_Data_Blast_24H_2022\Phayao 2022-01-01.csv,2022,name,"19.28419403,100.0843134",1
updated data\weather_hourly\Weather_Data_Blast_24H_2022\Phayao 2022-01-01.csv,2022,resolvedAddress,"19.28419403,100.0843134",1
updated data\weather_hourly\Weather_Data_Blast_24H_2022\Phetchabun 2022-07-01.csv,2022,address,Phetchabun,1
updated data\weather_hourly\Weather_Data_Blast_24H_2022\Phetchabun 2022-07-01.csv,2022,info,,0
updated data\weather_hourly\Weather_Data_Blast_24H_2022\Phetchabun 2022-07-01.csv,2022,latitude,16.27352174,1
updated data\weather_hourly\Weather_Data_Blast_24H_2022\Phetchabun 2022-07-01.csv,2022,longitude,101.110113,1
updated data\weather_hourly\Weather_Data_Blast_24H_2022\Phetchabun 2022-07-01.csv,2022,name,"16.27352174,101.110113",1
updated data\weather_hourly\Weather_Data_Blast_24H_2022\Phetchabun 2022-07-01.csv,2022,resolvedAddress,"16.27352174,101.110113",1
updated data\weather_hourly\Weather_Data_Blast_24H_2022\Phichit 2022-01-01.csv,2022,address,Phichit,1
updated data\weather_hourly\Weather_Data_Blast_24H_2022\Phichit 2022-01-01.csv,2022,info,,0
updated data\weather_hourly\Weather_Data_Blast_24H_2022\Phichit 2022-01-01.csv,2022,latitude,16.25902273,1
updated data\weather_hourly\Weather_Data_Blast_24H_2022\Phichit 2022-01-01.csv,2022,longitude,100.3543182,1
updated data\weather_hourly\Weather_Data_Blast_24H_2022\Phichit 2022-01-01.csv,2022,name,"16.25902273,100.3543182",1
updated data\weather_hourly\Weather_Data_Blast_24H_2022\Phichit 2022-01-01.csv,2022,resolvedAddress,"16.25902273,100.3543182",1
updated data\weather_hourly\Weather_Data_Blast_24H_2022\Phitsanulok 2022-07-01.csv,2022,address,Phitsanulok,1
updated data\weather_hourly\Weather_Data_Blast_24H_2022\Phitsanulok 2022-07-01.csv,2022,info,,0
updated data\weather_hourly\Weather_Data_Blast_24H_2022\Phitsanulok 2022-07-01.csv,2022,latitude,16.87664516,1
updated data\weather_hourly\Weather_Data_Blast_24H_2022\Phitsanulok 2022-07-01.csv,2022,longitude,100.3781935,1
updated data\weather_hourly\Weather_Data_Blast_24H_2022\Phitsanulok 2022-07-01.csv,2022,name,"16.87664516,100.3781935",1
updated data\weather_hourly\Weather_Data_Blast_24H_2022\Phitsanulok 2022-07-01.csv,2022,resolvedAddress,"16.87664516,100.3781935",1
updated data\weather_hourly\Weather_Data_Blast_24H_2022\Phrae 2022-01-01.csv,2022,address,Phrae,1
updated data\weather_hourly\Weather_Data_Blast_24H_2022\Phrae 2022-01-01.csv,2022,info,,0
updated data\weather_hourly\Weather_Data_Blast_24H_2022\Phrae 2022-01-01.csv,2022,latitude,18.15474026,1
updated data\weather_hourly\Weather_Data_Blast_24H_2022\Phrae 2022-01-01.csv,2022,longitude,100.0967013,1
updated data\weather_hourly\Weather_Data_Blast_24H_2022\Phrae 2022-01-01.csv,2022,name,"18.15474026,100.0967013",1
updated data\weather_hourly\Weather_Data_Blast_24H_2022\Phrae 2022-01-01.csv,2022,resolvedAddress,"18.15474026,100.0967013",1
updated data\weather_hourly\Weather_Data_Blast_24H_2022\Phuket 2022-07-01.csv,2022,address,Phuket,1
updated data\weather_hourly\Weather_Data_Blast_24H_2022\Phuket 2022-07-01.csv,2022,info,,0
updated data\weather_hourly\Weather_Data_Blast_24H_2022\Phuket 2022-07-01.csv,2022,latitude,7.887342105,1
updated data\weather_hourly\Weather_Data_Blast_24H_2022\Phuket 2022-07-01.csv,2022,longitude,98.36747368,1
updated data\weather_hourly\Weather_Data_Blast_24H_2022\Phuket 2022-07-01.csv,2022,name,"7.887342105,98.36747368",1
updated data\weather_hourly\Weather_Data_Blast_24H_2022\Phuket 2022-07-01.csv,2022,resolvedAddress,"7.887342105,98.36747368",1
updated data\weather_hourly\Weather_Data_Blast_24H_2022\Prachuap Khiri Khan 2022-01-01.csv,2022,address,Prachuap Khiri Khan,1
updated data\weather_hourly\Weather_Data_Blast_24H_2022\Prachuap Khiri Khan 2022-01-01.csv,2022,info,,0
updated data\weather_hourly\Weather_Data_Blast_24H_2022\Prachuap Khiri Khan 2022-01-01.csv,2022,latitude,11.87997872,1
updated data\weather_hourly\Weather_Data_Blast_24H_2022\Prachuap Khiri Khan 2022-01-01.csv,2022,longitude,99.66968085,1
updated data\weather_hourly\Weather_Data_Blast_24H_2022\Prachuap Khiri Khan 2022-01-01.csv,2022,name,"11.87997872,99.66968085",1
updated data\weather_hourly\Weather_Data_Blast_24H_2022\Prachuap Khiri Khan 2022-01-01.csv,2022,resolvedAddress,"11.87997872,99.66968085",1
updated data\weather_hourly\Weather_Data_Blast_24H_2022\Ranong 2022-07-01.csv,2022,address,Ranong,1
updated data\weather_hourly\Weather_Data_Blast_24H_2022\Ranong 2022-07-01.csv,2022,info,,0
updated data\weather_hourly\Weather_Data_Blast_24H_2022\Ranong 2022-07-01.csv,2022,latitude,9.84295,1
updated data\weather_hourly\Weather_Data_Blast_24H_2022\Ranong 2022-07-01.csv,2022,longitude,98.57283333,1
updated data\weather_hourly\Weather_Data_Blast_24H_2022\Ranong 2022-07-01.csv,2022,name,"9.84295,98.57283333",1
updated data\weather_hourly\Weather_Data_Blast_24H_2022\Ranong 2022-07-01.csv,2022,resolvedAddress,"9.84295,98.57283333",1
updated data\weather_hourly\Weather_Data_Blast_24H_2022\Rayong 2022-01-01.csv,2022,address,Rayong,1
updated data\weather_hourly\Weather_Data_Blast_24H_2022\Rayong 2022-01-01.csv,2022,info,,0
updated data\weather_hourly\Weather_Data_Blast_24H_2022\Rayong 2022-01-01.csv,2022,latitude,12.77290909,1
updated data\weather_hourly\Weather_Data_Blast_24H_2022\Rayong 2022-01-01.csv,2022,longitude,101.4139394,1
updated data\weather_hourly\Weather_Data_Blast_24H_2022\Rayong 2022-01-01.csv,2022,name,"12.77290909,101.4139394",1
updated data\weather_hourly\Weather_Data_Blast_24H_2022\Rayong 2022-01-01.csv,2022,resolvedAddress,"12.77290909,101.4139394",1
updated data\weather_hourly\Weather_Data_Blast_24H_2022\Roi Et 2022-07-01.csv,2022,address,Roi Et,1
updated data\weather_hourly\Weather_Data_Blast_24H_2022\Roi Et 2022-07-01.csv,2022,info,,0
updated data\weather_hourly\Weather_Data_Blast_24H_2022\Roi Et 2022-07-01.csv,2022,latitude,15.94159686,1
updated data\weather_hourly\Weather_Data_Blast_24H_2022\Roi Et 2022-07-01.csv,2022,longitude,103.8014241,1
updated data\weather_hourly\Weather_Data_Blast_24H_2022\Roi Et 2022-07-01.csv,2022,name,"15.94159686,103.8014241",1
updated data\weather_hourly\Weather_Data_Blast_24H_2022\Roi Et 2022-07-01.csv,2022,resolvedAddress,"15.94159686,103.8014241",1
updated data\weather_hourly\Weather_Data_Blast_24H_2022\Sakon Nakhon 2022-01-01.csv,2022,address,Sakon Nakhon,1
updated data\weather_hourly\Weather_Data_Blast_24H_2022\Sakon Nakhon 2022-01-01.csv,2022,info,,0
updated data\weather_hourly\Weather_Data_Blast_24H_2022\Sakon Nakhon 2022-01-01.csv,2022,latitude,17.40146774,1
updated data\weather_hourly\Weather_Data_Blast_24H_2022\Sakon Nakhon 2022-01-01.csv,2022,longitude,103.8297419,1
updated data\weather_hourly\Weather_Data_Blast_24H_2022\Sakon Nakhon 2022-01-01.csv,2022,name,"17.40146774,103.8297419",1
updated data\weather_hourly\Weather_Data_Blast_24H_2022\Sakon Nakhon 2022-01-01.csv,2022,resolvedAddress,"17.40146774,103.8297419",1
updated data\weather_hourly\Weather_Data_Blast_24H_2022\Samut Prakarn 2022-07-01.csv,2022,address,Samut Prakarn,1
updated data\weather_hourly\Weather_Data_Blast_24H_2022\Samut Prakarn 2022-07-01.csv,2022,info,,0
updated data\weather_hourly\Weather_Data_Blast_24H_2022\Samut Prakarn 2022-07-01.csv,2022,latitude,13.61855102,1
updated data\weather_hourly\Weather_Data_Blast_24H_2022\Samut Prakarn 2022-07-01.csv,2022,longitude,100.655449,1
updated data\weather_hourly\Weather_Data_Blast_24H_2022\Samut Prakarn 2022-07-01.csv,2022,name,"13.61855102,100.655449",1
updated data\weather_hourly\Weather_Data_Blast_24H_2022\Samut Prakarn 2022-07-01.csv,2022,resolvedAddress,"13.61855102,100.655449",1
updated data\weather_hourly\Weather_Data_Blast_24H_2022\Samut Songkhram 2022-01-01.csv,2022,address,Samut Songkhram,1
updated data\weather_hourly\Weather_Data_Blast_24H_2022\Samut Songkhram 2022-01-01.csv,2022,info,,0
updated data\weather_hourly\Weather_Data_Blast_24H_2022\Samut Songkhram 2022-01-01.csv,2022,latitude,13.43411429,1
updated data\weather_hourly\Weather_Data_Blast_24H_2022\Samut Songkhram 2022-01-01.csv,2022,longitude,99.95694286,1
updated data\weather_hourly\Weather_Data_Blast_24H_2022\Samut Songkhram 2022-01-01.csv,2022,name,"13.43411429,99.95694286",1
updated data\weather_hourly\Weather_Data_Blast_24H_2022\Samut Songkhram 2022-01-01.csv,2022,resolvedAddress,"13.43411429,99.95694286",1
updated data\weather_hourly\Weather_Data_Blast_24H_2022\Saraburi 2022-07-01.csv,2022,address,Saraburi,1
updated data\weather_hourly\Weather_Data_Blast_24H_2022\Saraburi 2022-07-01.csv,2022,info,,0
updated data\weather_hourly\Weather_Data_Blast_24H_2022\Saraburi 2022-07-01.csv,2022,latitude,14.55531481,1
updated data\weather_hourly\Weather_Data_Blast_24H_2022\Saraburi 2022-07-01.csv,2022,longitude,100.8865463,1
updated data\weather_hourly\Weather_Data_Blast_24H_2022\Saraburi 2022-07-01.csv,2022,name,"14.55531481,100.8865463",1
updated data\weather_hourly\Weather_Data_Blast_24H_2022\Saraburi 2022-07-01.csv,2022,resolvedAddress,"14.55531481,100.8865463",1
updated data\weather_hourly\Weather_Data_Blast_24H_2022\Si Sa Ket 2022-01-01.csv,2022,address,Si Sa Ket,1
updated data\weather_hourly\Weather_Data_Blast_24H_2022\Si Sa Ket 2022-01-01.csv,2022,info,,0
updated data\weather_hourly\Weather_Data_Blast_24H_2022\Si Sa Ket 2022-01-01.csv,2022,latitude,14.94141872,1
updated data\weather_hourly\Weather_Data_Blast_24H_2022\Si Sa Ket 2022-01-01.csv,2022,longitude,104.3277783,1
updated data\weather_hourly\Weather_Data_Blast_24H_2022\Si Sa Ket 2022-01-01.csv,2022,name,"14.94141872,104.3277783",1
updated data\weather_hourly\Weather_Data_Blast_24H_2022\Si Sa Ket 2022-01-01.csv,2022,resolvedAddress,"14.94141872,104.3277783",1
updated data\weather_hourly\Weather_Data_Blast_24H_2022\Sing Buri 2022-07-01.csv,2022,address,Sing Buri,1
updated data\weather_hourly\Weather_Data_Blast_24H_2022\Sing Buri 2022-07-01.csv,2022,info,,0
updated data\weather_hourly\Weather_Data_Blast_24H_2022\Sing Buri 2022-07-01.csv,2022,latitude,14.88357143,1
updated data\weather_hourly\Weather_Data_Blast_24H_2022\Sing Buri 2022-07-01.csv,2022,longitude,100.3582143,1
updated data\weather_hourly\Weather_Data_Blast_24H_2022\Sing Buri 2022-07-01.csv,2022,name,"14.88357143,100.3582143",1
updated data\weather_hourly\Weather_Data_Blast_24H_2022\Sing Buri 2022-07-01.csv,2022,resolvedAddress,"14.88357143,100.3582143",1
updated data\weather_hourly\Weather_Data_Blast_24H_2022\Sukhothai 2022-01-01.csv,2022,address,Sukhothai,1
updated data\weather_hourly\Weather_Data_Blast_24H_2022\Sukhothai 2022-01-01.csv,2022,info,,0
updated data\weather_hourly\Weather_Data_Blast_24H_2022\Sukhothai 2022-01-01.csv,2022,latitude,17.1496,1
updated data\weather_hourly\Weather_Data_Blast_24H_2022\Sukhothai 2022-01-01.csv,2022,longitude,99.79715294,1
updated data\weather_hourly\Weather_Data_Blast_24H_2022\Sukhothai 2022-01-01.csv,2022,name,"17.1496,99.79715294",1
updated data\weather_hourly\Weather_Data_Blast_24H_2022\Sukhothai 2022-01-01.csv,2022,resolvedAddress,"17.1496,99.79715294",1
updated data\weather_hourly\Weather_Data_Blast_24H_2022\Suphan Buri 2022-07-01.csv,2022,address,Suphan Buri,1
updated data\weather_hourly\Weather_Data_Blast_24H_2022\Suphan Buri 2022-07-01.csv,2022,info,,0
updated data\weather_hourly\Weather_Data_Blast_24H_2022\Suphan Buri 2022-07-01.csv,2022,latitude,14.53585185,1
updated data\weather_hourly\Weather_Data_Blast_24H_2022\Suphan Buri 2022-07-01.csv,2022,longitude,100.015287,1
updated data\weather_hourly\Weather_Data_Blast_24H_2022\Suphan Buri 2022-07-01.csv,2022,name,"14.53585185,100.015287",1
updated data\weather_hourly\Weather_Data_Blast_24H_2022\Suphan Buri 2022-07-01.csv,2022,resolvedAddress,"14.53585185,100.015287",1
updated data\weather_hourly\Weather_Data_Blast_24H_2022\Surin 2022-01-01.csv,2022,address,Surin,1
updated data\weather_hourly\Weather_Data_Blast_24H_2022\Surin 2022-01-01.csv,2022,info,,0
updated data\weather_hourly\Weather_Data_Blast_24H_2022\Surin 2022-01-01.csv,2022,latitude,14.93708228,1
updated data\weather_hourly\Weather_Data_Blast_24H_2022\Surin 2022-01-01.csv,2022,longitude,103.669962,1
updated data\weather_hourly\Weather_Data_Blast_24H_2022\Surin 2022-01-01.csv,2022,name,"14.93708228,103.669962",1
updated data\weather_hourly\Weather_Data_Blast_24H_2022\Surin 2022-01-01.csv,2022,resolvedAddress,"14.93708228,103.669962",1
updated data\weather_hourly\Weather_Data_Blast_24H_2022\Tak 2022-07-01.csv,2022,address,Tak,1
updated data\weather_hourly\Weather_Data_Blast_24H_2022\Tak 2022-07-01.csv,2022,info,,0
updated data\weather_hourly\Weather_Data_Blast_24H_2022\Tak 2022-07-01.csv,2022,latitude,16.84066102,1
updated data\weather_hourly\Weather_Data_Blast_24H_2022\Tak 2022-07-01.csv,2022,longitude,98.83098305,1
updated data\weather_hourly\Weather_Data_Blast_24H_2022\Tak 2022-07-01.csv,2022,name,"16.84066102,98.83098305",1
updated data\weather_hourly\Weather_Data_Blast_24H_2022\Tak 2022-07-01.csv,2022,resolvedAddress,"16.84066102,98.83098305",1
updated data\weather_hourly\Weather_Data_Blast_24H_2022\Trat 2022-01-01.csv,2022,address,Trat,1
updated data\weather_hourly\Weather_Data_Blast_24H_2022\Trat 2022-01-01.csv,2022,info,,0
updated data\weather_hourly\Weather_Data_Blast_24H_2022\Trat 2022-01-01.csv,2022,latitude,12.10803774,1
updated data\weather_hourly\Weather_Data_Blast_24H_2022\Trat 2022-01-01.csv,2022,longitude,102.4909057,1
updated data\weather_hourly\Weather_Data_Blast_24H_2022\Trat 2022-01-01.csv,2022,name,"12.10803774,102.4909057",1
updated data\weather_hourly\Weather_Data_Blast_24H_2022\Trat 2022-01-01.csv,2022,resolvedAddress,"12.10803774,102.4909057",1
updated data\weather_hourly\Weather_Data_Blast_24H_2022\Ubon Ratchathani 2022-07-01.csv,2022,address,Ubon Ratchathani,1
updated data\weather_hourly\Weather_Data_Blast_24H_2022\Ubon Ratchathani 2022-07-01.csv,2022,info,,0
updated data\weather_hourly\Weather_Data_Blast_24H_2022\Ubon Ratchathani 2022-07-01.csv,2022,latitude,15.27789498,1
updated data\weather_hourly\Weather_Data_Blast_24H_2022\Ubon Ratchathani 2022-07-01.csv,2022,longitude,105.0215845,1
updated data\weather_hourly\Weather_Data_Blast_24H_2022\Ubon Ratchathani 2022-07-01.csv,2022,name,"15.27789498,105.0215845",1
updated data\weather_hourly\Weather_Data_Blast_24H_2022\Ubon Ratchathani 2022-07-01.csv,2022,resolvedAddress,"15.27789498,105.0215845",1
updated data\weather_hourly\Weather_Data_Blast_24H_2022\Uthai Thani 2022-01-01.csv,2022,address,Uthai Thani,1
updated data\weather_hourly\Weather_Data_Blast_24H_2022\Uthai Thani 2022-01-01.csv,2022,info,,0
updated data\weather_hourly\Weather_Data_Blast_24H_2022\Uthai Thani 2022-01-01.csv,2022,latitude,15.37220588,1
updated data\weather_hourly\Weather_Data_Blast_24H_2022\Uthai Thani 2022-01-01.csv,2022,longitude,99.80179412,1
updated data\weather_hourly\Weather_Data_Blast_24H_2022\Uthai Thani 2022-01-01.csv,2022,name,"15.37220588,99.80179412",1
updated data\weather_hourly\Weather_Data_Blast_24H_2022\Uthai Thani 2022-01-01.csv,2022,resolvedAddress,"15.37220588,99.80179412",1
updated data\weather_hourly\Weather_Data_Blast_24H_2022\Uttaradit 2022-07-01.csv,2022,address,Uttaradit,1
updated data\weather_hourly\Weather_Data_Blast_24H_2022\Uttaradit 2022-07-01.csv,2022,info,,0
updated data\weather_hourly\Weather_Data_Blast_24H_2022\Uttaradit 2022-07-01.csv,2022,latitude,17.63522727,1
updated data\weather_hourly\Weather_Data_Blast_24H_2022\Uttaradit 2022-07-01.csv,2022,longitude,100.3226667,1
updated data\weather_hourly\Weather_Data_Blast_24H_2022\Uttaradit 2022-07-01.csv,2022,name,"17.63522727,100.3226667",1
updated data\weather_hourly\Weather_Data_Blast_24H_2022\Uttaradit 2022-07-01.csv,2022,resolvedAddress,"17.63522727,100.3226667",1
updated data\weather_hourly\Weather_Data_Blast_24H_2022\Yasothon 2022-01-01.csv,2022,address,Yasothon,1
updated data\weather_hourly\Weather_Data_Blast_24H_2022\Yasothon 2022-01-01.csv,2022,info,,0
updated data\weather_hourly\Weather_Data_Blast_24H_2022\Yasothon 2022-01-01.csv,2022,latitude,15.83362821,1
updated data\weather_hourly\Weather_Data_Blast_24H_2022\Yasothon 2022-01-01.csv,2022,longitude,104.3002051,1
updated data\weather_hourly\Weather_Data_Blast_24H_2022\Yasothon 2022-01-01.csv,2022,name,"15.83362821,104.3002051",1
updated data\weather_hourly\Weather_Data_Blast_24H_2022\Yasothon 2022-01-01.csv,2022,resolvedAddress,"15.83362821,104.3002051",1
